date,team1,team2,venue,toss_winner,toss_decision,match_type,season,winner,team1_won,toss_winner_is_team1,team1_historical_win_rate,team2_historical_win_rate,team1_recent_win_rate,team2_recent_win_rate,team1_h2h_win_rate,team2_h2h_win_rate,team1_venue_win_rate,team2_venue_win_rate,team1_historical_sample_size,team2_historical_sample_size,team1_h2h_sample_size,team2_h2h_sample_size,team1_venue_sample_size,team2_venue_sample_size,team1_h2h_reliability,team2_h2h_reliability,team1_venue_reliability,team2_venue_reliability
2005-02-17,New Zealand,Australia,Eden Park,Australia,bat,T20,2004/05,Australia,0,0,0.5,0.5,0.5,0.5,0.5,0.5,0.5,0.5,0,0,0,0,0,0,LOW,LOW,LOW,LOW
2005-06-13,England,Australia,The Rose Bowl,England,bat,T20,2005,England,1,1,0.5,1.0,0.5,1.0,0.5,0.5,0.5,0.5,0,1,0,0,0,0,LOW,LOW,LOW,LOW
2005-10-21,South Africa,New Zealand,New Wanderers Stadium,New Zealand,field,T20,2005/06,New Zealand,0,0,0.5,0.0,0.5,0.0,0.5,0.5,0.5,0.5,0,1,0,0,0,0,LOW,LOW,LOW,LOW
2006-01-09,Australia,South Africa,"Brisbane Cricket Ground, Woolloongabba",Australia,bat,T20,2005/06,Australia,1,1,0.5,0.0,0.5,0.0,0.5,0.5,0.5,0.5,2,1,0,0,0,0,LOW,LOW,LOW,LOW
2006-02-24,South Africa,Australia,New Wanderers Stadium,South Africa,bat,T20,2005/06,South Africa,1,1,0.0,0.6666666666666666,0.0,0.6666666666666666,0.0,1.0,0.0,0.5,2,3,1,1,1,0,LOW,LOW,LOW,LOW
2006-06-15,England,Sri Lanka,The Rose Bowl,Sri Lanka,bat,T20,2006,Sri Lanka,0,0,1.0,0.5,1.0,0.5,0.5,0.5,1.0,0.5,1,0,0,0,1,0,LOW,LOW,LOW,LOW
2006-08-28,England,Pakistan,County Ground,England,bat,T20,2006,Pakistan,0,1,0.5,0.5,0.5,0.5,0.5,0.5,0.5,0.5,2,0,0,0,0,0,LOW,LOW,LOW,LOW
2006-12-01,South Africa,India,New Wanderers Stadium,South Africa,bat,T20,2006/07,India,0,1,0.3333333333333333,0.5,0.3333333333333333,0.5,0.5,0.5,0.5,0.5,3,0,0,0,2,0,LOW,LOW,LOW,LOW
2006-12-22,New Zealand,Sri Lanka,Westpac Stadium,New Zealand,bat,T20,2006/07,Sri Lanka,0,1,0.5,1.0,0.5,1.0,0.5,0.5,0.5,0.5,2,1,0,0,0,0,LOW,LOW,LOW,LOW
2006-12-26,New Zealand,Sri Lanka,Eden Park,New Zealand,field,T20,2006/07,New Zealand,1,1,0.3333333333333333,1.0,0.3333333333333333,1.0,0.0,1.0,0.0,0.5,3,2,1,1,1,0,LOW,LOW,LOW,LOW
2007-01-09,Australia,England,Sydney Cricket Ground,Australia,bat,T20,2006/07,Australia,1,1,0.5,0.3333333333333333,0.5,0.3333333333333333,0.0,1.0,0.5,0.5,4,3,1,1,0,0,LOW,LOW,LOW,LOW
2007-06-28,England,West Indies,Kennington Oval,West Indies,bat,T20,2007,West Indies,0,0,0.25,0.5,0.25,0.5,0.5,0.5,0.5,0.5,4,0,0,0,0,0,LOW,LOW,LOW,LOW
2007-06-29,England,West Indies,Kennington Oval,West Indies,bat,T20,2007,England,1,0,0.2,1.0,0.2,1.0,0.0,1.0,0.0,1.0,5,1,1,1,1,1,LOW,LOW,LOW,LOW
2007-09-01,Kenya,Bangladesh,Gymkhana Club Ground,Bangladesh,field,T20,2007/08,Bangladesh,0,0,0.5,0.5,0.5,0.5,0.5,0.5,0.5,0.5,0,0,0,0,0,0,LOW,LOW,LOW,LOW
2007-09-02,Bangladesh,Pakistan,Gymkhana Club Ground,Bangladesh,field,T20,2007/08,Pakistan,0,1,1.0,1.0,1.0,1.0,0.5,0.5,1.0,0.5,1,1,0,0,1,0,LOW,LOW,LOW,LOW
2007-09-04,Kenya,Pakistan,Gymkhana Club Ground,Kenya,bat,T20,2007/08,Pakistan,0,1,0.0,1.0,0.0,1.0,0.5,0.5,0.0,1.0,1,2,0,0,1,1,LOW,LOW,LOW,LOW
2007-09-11,South Africa,West Indies,New Wanderers Stadium,South Africa,field,T20,2007/08,South Africa,1,1,0.25,0.5,0.25,0.5,0.5,0.5,0.3333333333333333,0.5,4,2,0,0,3,0,LOW,LOW,LOW,LOW
2007-09-12,Kenya,New Zealand,Kingsmead,New Zealand,field,T20,2007/08,New Zealand,0,0,0.0,0.5,0.0,0.5,0.5,0.5,0.5,0.5,2,4,0,0,0,0,LOW,LOW,LOW,LOW
2007-09-12,Australia,Zimbabwe,Newlands,Australia,bat,T20,2007/08,Zimbabwe,0,1,0.6,0.5,0.6,0.5,0.5,0.5,0.5,0.5,5,0,0,0,0,0,LOW,LOW,LOW,LOW
2007-09-12,Pakistan,Scotland,Kingsmead,Scotland,field,T20,2007/08,Pakistan,1,0,1.0,0.5,1.0,0.5,0.5,0.5,0.5,0.5,3,0,0,0,0,0,LOW,LOW,LOW,LOW
2007-09-13,Bangladesh,West Indies,New Wanderers Stadium,Bangladesh,field,T20,2007/08,Bangladesh,1,1,0.5,0.3333333333333333,0.5,0.3333333333333333,0.5,0.5,0.5,0.0,2,3,0,0,0,1,LOW,LOW,LOW,LOW
2007-09-13,England,Zimbabwe,Newlands,England,bat,T20,2007/08,England,1,1,0.3333333333333333,1.0,0.2,1.0,0.5,0.5,0.5,1.0,6,1,0,0,0,1,LOW,LOW,LOW,LOW
2007-09-14,Kenya,Sri Lanka,New Wanderers Stadium,Kenya,field,T20,2007/08,Sri Lanka,0,1,0.0,0.6666666666666666,0.0,0.6666666666666666,0.5,0.5,0.5,0.5,3,3,0,0,0,0,LOW,LOW,LOW,LOW
2007-09-14,Australia,England,Newlands,England,bat,T20,2007/08,Australia,1,0,0.5,0.4285714285714285,0.4,0.4,0.5,0.5,0.0,1.0,6,7,2,2,1,1,LOW,LOW,LOW,LOW
2007-09-15,South Africa,Bangladesh,Newlands,South Africa,field,T20,2007/08,South Africa,1,1,0.4,0.6666666666666666,0.4,0.6666666666666666,0.5,0.5,0.5,0.5,5,3,0,0,0,0,LOW,LOW,LOW,LOW
2007-09-15,New Zealand,Sri Lanka,New Wanderers Stadium,New Zealand,bat,T20,2007/08,Sri Lanka,0,1,0.6,0.75,0.6,0.75,0.5,0.5,1.0,1.0,5,4,2,2,1,1,LOW,LOW,LOW,LOW
2007-09-16,India,New Zealand,New Wanderers Stadium,India,field,T20,2007/08,New Zealand,0,1,1.0,0.5,1.0,0.6,0.5,0.5,1.0,0.5,1,6,0,0,1,2,LOW,LOW,LOW,LOW
2007-09-16,South Africa,England,Newlands,England,field,T20,2007/08,South Africa,1,0,0.5,0.375,0.6,0.4,0.5,0.5,1.0,0.5,6,8,0,0,1,2,LOW,LOW,LOW,LOW
2007-09-16,Australia,Bangladesh,Newlands,Australia,field,T20,2007/08,Australia,1,1,0.5714285714285714,0.5,0.6,0.5,0.5,0.5,0.5,0.0,7,4,0,0,2,1,LOW,LOW,LOW,LOW
2007-09-17,Pakistan,Sri Lanka,New Wanderers Stadium,Sri Lanka,field,T20,2007/08,Pakistan,1,0,1.0,0.8,1.0,0.8,0.5,0.5,0.5,1.0,4,5,0,0,0,2,LOW,LOW,LOW,LOW
2007-09-18,Australia,Pakistan,New Wanderers Stadium,Pakistan,field,T20,2007/08,Pakistan,0,0,0.625,1.0,0.6,1.0,0.5,0.5,0.0,1.0,8,5,0,0,1,1,LOW,LOW,LOW,LOW
2007-09-18,Bangladesh,Sri Lanka,New Wanderers Stadium,Bangladesh,field,T20,2007/08,Sri Lanka,0,1,0.4,0.6666666666666666,0.4,0.6,0.5,0.5,1.0,0.6666666666666666,5,6,0,0,1,3,LOW,LOW,LOW,LOW
2007-09-18,England,New Zealand,Kingsmead,England,field,T20,2007/08,New Zealand,0,1,0.3333333333333333,0.5714285714285714,0.4,0.6,0.5,0.5,0.5,1.0,9,7,0,0,0,1,LOW,LOW,LOW,LOW
2007-09-19,South Africa,New Zealand,Kingsmead,South Africa,field,T20,2007/08,South Africa,1,1,0.5714285714285714,0.625,0.8,0.8,0.0,1.0,0.5,1.0,7,8,1,1,0,2,LOW,LOW,LOW,LOW
2007-09-19,England,India,Kingsmead,India,bat,T20,2007/08,India,0,0,0.3,0.5,0.4,0.5,0.5,0.5,0.0,0.5,10,2,0,0,1,0,LOW,LOW,LOW,LOW
2007-09-20,Australia,Sri Lanka,Newlands,Australia,field,T20,2007/08,Australia,1,1,0.5555555555555556,0.7142857142857143,0.6,0.6,0.5,0.5,0.6666666666666666,0.5,9,7,0,0,3,0,LOW,LOW,LOW,LOW
2007-09-20,South Africa,India,Kingsmead,India,bat,T20,2007/08,India,0,0,0.625,0.6666666666666666,0.8,0.6666666666666666,0.0,1.0,1.0,1.0,8,3,1,1,1,1,LOW,LOW,LOW,LOW
2007-09-20,Bangladesh,Pakistan,Newlands,Pakistan,field,T20,2007/08,Pakistan,0,0,0.3333333333333333,1.0,0.2,1.0,0.0,1.0,0.0,0.5,6,6,1,1,2,0,LOW,LOW,LOW,LOW
2007-09-22,New Zealand,Pakistan,Newlands,New Zealand,bat,T20,2007/08,Pakistan,0,1,0.5555555555555556,1.0,0.6,1.0,0.5,0.5,0.5,1.0,9,7,0,0,0,1,LOW,LOW,LOW,LOW
2007-09-22,Australia,India,Kingsmead,India,bat,T20,2007/08,India,0,0,0.6,0.75,0.6,0.75,0.5,0.5,0.5,1.0,10,4,0,0,0,2,LOW,LOW,LOW,LOW
2007-09-24,India,Pakistan,New Wanderers Stadium,India,bat,T20,2007/08,India,1,1,0.8,1.0,0.8,1.0,0.5,0.5,0.5,1.0,5,8,0,0,2,2,LOW,LOW,LOW,LOW
2007-10-20,India,Australia,Brabourne Stadium,Australia,bat,T20,2007/08,India,1,0,0.8333333333333334,0.5454545454545454,0.8,0.6,1.0,0.0,0.5,0.5,6,11,1,1,0,0,LOW,LOW,LOW,LOW
2007-11-23,South Africa,New Zealand,New Wanderers Stadium,South Africa,field,T20,2007/08,South Africa,1,1,0.5555555555555556,0.5,0.8,0.4,0.5,0.5,0.5,0.6666666666666666,9,10,2,2,4,3,LOW,LOW,LOW,LOW
2007-12-11,Australia,New Zealand,Western Australia Cricket Association Ground,Australia,bat,T20,2007/08,Australia,1,1,0.5,0.4545454545454545,0.4,0.4,1.0,0.0,0.5,0.5,12,11,1,1,0,0,LOW,LOW,LOW,LOW
2007-12-16,South Africa,West Indies,St George's Park,West Indies,field,T20,2007/08,West Indies,0,0,0.6,0.25,0.8,0.25,1.0,0.0,0.5,0.5,10,4,1,1,0,0,LOW,LOW,LOW,LOW
2008-01-18,South Africa,West Indies,New Wanderers Stadium,South Africa,field,T20,2007/08,South Africa,1,1,0.5454545454545454,0.4,0.6,0.4,0.5,0.5,0.6,0.0,11,5,2,2,5,2,LOW,LOW,MEDIUM,LOW
2008-02-01,Australia,India,Melbourne Cricket Ground,India,bat,T20,2007/08,Australia,1,0,0.5384615384615384,0.8571428571428571,0.4,1.0,0.0,1.0,0.5,0.5,13,7,2,2,0,0,LOW,LOW,LOW,LOW
2008-02-05,New Zealand,England,Eden Park,New Zealand,field,T20,2007/08,England,0,1,0.4166666666666667,0.2727272727272727,0.2,0.2,1.0,0.0,0.5,0.5,12,11,1,1,2,0,LOW,LOW,LOW,LOW
2008-02-07,New Zealand,England,Jade Stadium,England,bat,T20,2007/08,England,0,0,0.3846153846153846,0.3333333333333333,0.0,0.2,0.5,0.5,0.5,0.5,13,12,2,2,0,0,LOW,LOW,LOW,LOW
2008-04-20,Pakistan,Bangladesh,National Stadium,Pakistan,bat,T20,2007/08,Pakistan,1,1,0.8888888888888888,0.2857142857142857,0.8,0.2,1.0,0.0,0.5,0.5,9,7,2,2,0,0,LOW,LOW,LOW,LOW
2008-06-13,England,New Zealand,Old Trafford,England,field,T20,2008,England,1,1,0.3846153846153846,0.3571428571428571,0.4,0.0,0.6666666666666666,0.3333333333333333,0.5,0.5,13,14,3,3,0,0,LOW,LOW,LOW,LOW
2008-06-20,West Indies,Australia,"Kensington Oval, Bridgetown",West Indies,field,T20,2008,West Indies,1,1,0.3333333333333333,0.5714285714285714,0.2,0.6,0.5,0.5,0.5,0.5,6,14,0,0,0,0,LOW,LOW,LOW,LOW
2008-08-03,Bermuda,Scotland,"Civil Service Cricket Club, Stormont",Scotland,field,T20,2008,Scotland,0,0,0.5,0.0,0.5,0.0,0.5,0.5,0.5,0.5,0,1,0,0,0,0,LOW,LOW,LOW,LOW
2008-08-04,Ireland,Kenya,"Civil Service Cricket Club, Stormont",Ireland,field,T20,2008,Ireland,1,1,0.5,0.0,0.5,0.0,0.5,0.5,0.5,0.5,0,4,0,0,0,0,LOW,LOW,LOW,LOW
2008-08-04,Netherlands,Scotland,"Civil Service Cricket Club, Stormont",Netherlands,field,T20,2008,Netherlands,1,1,0.5,0.5,0.5,0.5,0.5,0.5,0.5,1.0,0,2,0,0,0,1,LOW,LOW,LOW,LOW
2008-10-11,Pakistan,Sri Lanka,Maple Leaf North-West Ground,Pakistan,field,T20,2008/09,Pakistan,1,1,0.9,0.625,0.8,0.6,1.0,0.0,0.5,0.5,10,8,1,1,0,0,LOW,LOW,LOW,LOW
2008-10-13,Pakistan,Sri Lanka,Maple Leaf North-West Ground,Sri Lanka,field,T20,2008/09,Sri Lanka,0,0,0.9090909090909092,0.5555555555555556,0.8,0.4,1.0,0.0,1.0,0.0,11,9,2,2,1,1,LOW,LOW,LOW,LOW
2008-11-05,South Africa,Bangladesh,New Wanderers Stadium,Bangladesh,field,T20,2008/09,South Africa,1,0,0.5833333333333334,0.25,0.6,0.0,1.0,0.0,0.6666666666666666,0.5,12,8,1,1,6,2,LOW,LOW,MEDIUM,LOW
2008-12-28,New Zealand,West Indies,Seddon Park,New Zealand,bat,T20,2008/09,New Zealand,1,1,0.3333333333333333,0.4285714285714285,0.0,0.4,0.5,0.5,0.5,0.5,15,7,0,0,0,0,LOW,LOW,LOW,LOW
2009-01-11,Australia,South Africa,Melbourne Cricket Ground,Australia,bat,T20,2008/09,Australia,1,1,0.5333333333333333,0.6153846153846154,0.4,0.6,0.5,0.5,1.0,0.5,15,13,2,2,1,0,LOW,LOW,LOW,LOW
2009-01-13,Australia,South Africa,"Brisbane Cricket Ground, Woolloongabba",South Africa,bat,T20,2008/09,Australia,1,0,0.5625,0.5714285714285714,0.6,0.6,0.6666666666666666,0.3333333333333333,1.0,0.0,16,14,3,3,1,1,LOW,LOW,LOW,LOW
2009-02-10,Sri Lanka,India,R Premadasa Stadium,Sri Lanka,bat,T20,2008/09,India,0,1,0.6,0.75,0.4,0.8,0.5,0.5,0.5,0.5,10,8,0,0,0,0,LOW,LOW,LOW,LOW
2009-02-15,Australia,New Zealand,Sydney Cricket Ground,Australia,bat,T20,2008/09,Australia,1,1,0.5882352941176471,0.375,0.8,0.2,1.0,0.0,1.0,0.5,17,16,2,2,1,0,LOW,LOW,LOW,LOW
2009-02-25,New Zealand,India,AMI Stadium,New Zealand,field,T20,2008/09,New Zealand,1,1,0.3529411764705882,0.7777777777777778,0.2,0.8,1.0,0.0,0.5,0.5,17,9,1,1,0,0,LOW,LOW,LOW,LOW
2009-02-27,New Zealand,India,Westpac Stadium,New Zealand,field,T20,2008/09,New Zealand,1,1,0.3888888888888889,0.7,0.4,0.6,1.0,0.0,0.0,0.5,18,10,2,2,1,0,LOW,LOW,LOW,LOW
2009-03-15,West Indies,England,"Queen's Park Oval, Port of Spain",West Indies,field,T20,2008/09,West Indies,1,1,0.375,0.4285714285714285,0.4,0.6,0.5,0.5,0.5,0.5,8,14,2,2,0,0,LOW,LOW,LOW,LOW
2009-03-27,South Africa,Australia,New Wanderers Stadium,South Africa,field,T20,2008/09,South Africa,1,1,0.5333333333333333,0.6111111111111112,0.4,0.8,0.25,0.75,0.7142857142857143,0.0,15,18,4,4,7,2,LOW,LOW,MEDIUM,LOW
2009-03-29,South Africa,Australia,SuperSport Park,Australia,field,T20,2008/09,South Africa,1,0,0.5625,0.5789473684210527,0.6,0.6,0.4,0.6,0.5,0.5,16,19,5,5,0,0,MEDIUM,MEDIUM,LOW,LOW
2009-05-07,Australia,Pakistan,Dubai International Cricket Stadium,Pakistan,field,T20,2009,Pakistan,0,0,0.55,0.8333333333333334,0.6,0.6,0.0,1.0,0.5,0.5,20,12,1,1,0,0,LOW,LOW,LOW,LOW
2009-06-05,England,Netherlands,Lord's,Netherlands,field,T20,2009,Netherlands,0,0,0.4,1.0,0.6,1.0,0.5,0.5,0.5,0.5,15,1,0,0,0,0,LOW,LOW,LOW,LOW
2009-06-06,New Zealand,Scotland,Kennington Oval,New Zealand,field,T20,2009,New Zealand,1,1,0.4210526315789473,0.3333333333333333,0.6,0.3333333333333333,0.5,0.5,0.5,0.5,19,3,0,0,0,0,LOW,LOW,LOW,LOW
2009-06-06,Australia,West Indies,Kennington Oval,Australia,bat,T20,2009,West Indies,0,1,0.5238095238095238,0.4444444444444444,0.4,0.6,0.0,1.0,0.5,0.5,21,9,1,1,0,2,LOW,LOW,LOW,LOW
2009-06-06,Bangladesh,India,Trent Bridge,India,bat,T20,2009,India,0,0,0.2222222222222222,0.6363636363636364,0.0,0.4,0.5,0.5,0.5,0.5,9,11,0,0,0,0,LOW,LOW,LOW,LOW
2009-06-07,Scotland,South Africa,Kennington Oval,Scotland,field,T20,2009,South Africa,0,1,0.25,0.5882352941176471,0.25,0.6,0.5,0.5,0.0,0.5,4,17,0,0,1,0,LOW,LOW,LOW,LOW
2009-06-07,England,Pakistan,Kennington Oval,Pakistan,field,T20,2009,England,1,0,0.375,0.8461538461538461,0.6,0.6,0.0,1.0,0.5,0.5,16,13,1,1,2,0,LOW,LOW,LOW,LOW
2009-06-08,Bangladesh,Ireland,Trent Bridge,Ireland,field,T20,2009,Ireland,0,0,0.2,1.0,0.0,1.0,0.5,0.5,0.0,0.5,10,1,0,0,1,0,LOW,LOW,LOW,LOW
2009-06-08,Australia,Sri Lanka,Trent Bridge,Sri Lanka,field,T20,2009,Sri Lanka,0,0,0.5,0.5454545454545454,0.2,0.4,1.0,0.0,0.5,0.5,22,11,1,1,0,0,LOW,LOW,LOW,LOW
2009-06-09,New Zealand,South Africa,Lord's,New Zealand,field,T20,2009,South Africa,0,1,0.45,0.6111111111111112,0.8,0.6,0.3333333333333333,0.6666666666666666,0.5,0.5,20,18,3,3,0,0,LOW,LOW,LOW,LOW
2009-06-09,Netherlands,Pakistan,Lord's,Pakistan,bat,T20,2009,Pakistan,0,0,1.0,0.7857142857142857,1.0,0.6,0.5,0.5,1.0,0.5,2,14,0,0,1,0,LOW,LOW,LOW,LOW
2009-06-10,India,Ireland,Trent Bridge,India,field,T20,2009,India,1,1,0.6666666666666666,1.0,0.4,1.0,0.5,0.5,1.0,1.0,12,2,0,0,1,1,LOW,LOW,LOW,LOW
2009-06-10,Sri Lanka,West Indies,Trent Bridge,West Indies,field,T20,2009,Sri Lanka,1,0,0.5833333333333334,0.5,0.4,0.6,0.5,0.5,1.0,0.5,12,10,0,0,1,0,LOW,LOW,LOW,LOW
2009-06-11,Ireland,New Zealand,Trent Bridge,Ireland,field,T20,2009,New Zealand,0,1,0.6666666666666666,0.4285714285714285,0.6666666666666666,0.6,0.5,0.5,0.5,0.5,3,21,0,0,2,0,LOW,LOW,LOW,LOW
2009-06-11,England,South Africa,Trent Bridge,England,bat,T20,2009,South Africa,0,1,0.4117647058823529,0.631578947368421,0.6,0.8,0.0,1.0,0.5,0.5,17,19,1,1,0,0,LOW,LOW,LOW,LOW
2009-06-12,India,West Indies,Lord's,India,bat,T20,2009,West Indies,0,1,0.6923076923076923,0.4545454545454545,0.6,0.6,0.5,0.5,0.5,0.5,13,11,0,0,0,0,LOW,LOW,LOW,LOW
2009-06-12,Pakistan,Sri Lanka,Lord's,Sri Lanka,bat,T20,2009,Sri Lanka,0,0,0.8,0.6153846153846154,0.6,0.6,0.6666666666666666,0.3333333333333333,1.0,0.5,15,13,3,3,1,0,LOW,LOW,LOW,LOW
2009-06-13,New Zealand,Pakistan,Kennington Oval,New Zealand,bat,T20,2009,Pakistan,0,1,0.4545454545454545,0.75,0.8,0.4,0.0,1.0,1.0,0.0,22,16,1,1,1,1,LOW,LOW,LOW,LOW
2009-06-13,South Africa,West Indies,Kennington Oval,West Indies,field,T20,2009,South Africa,1,0,0.65,0.5,1.0,0.6,0.6666666666666666,0.3333333333333333,1.0,0.6666666666666666,20,12,3,3,1,3,LOW,LOW,LOW,LOW
2009-06-14,Ireland,Sri Lanka,Lord's,Sri Lanka,bat,T20,2009,Sri Lanka,0,0,0.5,0.6428571428571429,0.5,0.8,0.5,0.5,0.5,1.0,4,14,0,0,0,1,LOW,LOW,LOW,LOW
2009-06-14,England,India,Lord's,India,field,T20,2009,England,1,0,0.3888888888888889,0.6428571428571429,0.4,0.4,0.0,1.0,0.0,0.0,18,14,1,1,1,1,LOW,LOW,LOW,LOW
2009-06-15,England,West Indies,Kennington Oval,England,bat,T20,2009,West Indies,0,1,0.4210526315789473,0.4615384615384615,0.4,0.6,0.3333333333333333,0.6666666666666666,0.6666666666666666,0.5,19,13,3,3,3,4,LOW,LOW,LOW,LOW
2009-06-15,Ireland,Pakistan,Kennington Oval,Pakistan,bat,T20,2009,Pakistan,0,0,0.4,0.7647058823529411,0.4,0.6,0.5,0.5,0.5,0.5,5,17,0,0,0,2,LOW,LOW,LOW,LOW
2009-06-16,New Zealand,Sri Lanka,Trent Bridge,Sri Lanka,bat,T20,2009,Sri Lanka,0,0,0.4347826086956521,0.6666666666666666,0.6,0.8,0.3333333333333333,0.6666666666666666,1.0,1.0,23,15,3,3,1,2,LOW,LOW,LOW,LOW
2009-06-16,India,South Africa,Trent Bridge,South Africa,bat,T20,2009,South Africa,0,0,0.6,0.6666666666666666,0.4,1.0,1.0,0.0,1.0,1.0,15,21,2,2,2,1,LOW,LOW,LOW,LOW
2009-06-18,Pakistan,South Africa,Trent Bridge,Pakistan,bat,T20,2009,Pakistan,1,1,0.7777777777777778,0.6818181818181818,0.6,1.0,0.5,0.5,0.5,1.0,18,22,0,0,0,2,LOW,LOW,LOW,LOW
2009-06-19,Sri Lanka,West Indies,Kennington Oval,West Indies,field,T20,2009,Sri Lanka,1,0,0.6875,0.5,1.0,0.6,1.0,0.0,0.5,0.6,16,14,1,1,0,5,LOW,LOW,LOW,MEDIUM
2009-06-21,Pakistan,Sri Lanka,Lord's,Sri Lanka,bat,T20,2009,Pakistan,1,0,0.7894736842105263,0.7058823529411765,0.8,1.0,0.5,0.5,0.5,1.0,19,17,4,4,2,2,LOW,LOW,LOW,LOW
2009-08-02,West Indies,Bangladesh,"Warner Park, Basseterre",Bangladesh,bat,T20,2009,West Indies,1,0,0.4666666666666667,0.1818181818181818,0.4,0.0,0.0,1.0,0.5,0.5,15,11,1,1,0,0,LOW,LOW,LOW,LOW
2009-08-12,Sri Lanka,Pakistan,R Premadasa Stadium,Pakistan,bat,T20,2009,Pakistan,0,0,0.6666666666666666,0.8,0.8,0.8,0.4,0.6,0.0,0.5,18,20,5,5,1,0,MEDIUM,MEDIUM,LOW,LOW
2009-09-02,Sri Lanka,New Zealand,R Premadasa Stadium,New Zealand,bat,T20,2009,New Zealand,0,0,0.631578947368421,0.4166666666666667,0.6,0.4,0.75,0.25,0.0,0.5,19,24,4,4,2,0,LOW,LOW,LOW,LOW
2009-09-04,Sri Lanka,New Zealand,R Premadasa Stadium,New Zealand,bat,T20,2009,New Zealand,0,0,0.6,0.44,0.4,0.4,0.6,0.4,0.0,1.0,20,25,5,5,3,1,MEDIUM,MEDIUM,LOW,LOW
2009-11-12,New Zealand,Pakistan,Dubai International Cricket Stadium,New Zealand,field,T20,2009/10,Pakistan,0,1,0.4615384615384615,0.8095238095238095,0.6,1.0,0.0,1.0,0.5,1.0,26,21,2,2,0,1,LOW,LOW,LOW,LOW
2009-11-13,New Zealand,Pakistan,Dubai International Cricket Stadium,Pakistan,bat,T20,2009/10,Pakistan,0,0,0.4444444444444444,0.8181818181818182,0.4,1.0,0.0,1.0,0.0,1.0,27,22,3,3,1,2,LOW,LOW,LOW,LOW
2009-11-13,South Africa,England,New Wanderers Stadium,South Africa,field,T20,2009/10,England,0,1,0.6521739130434783,0.4,0.8,0.4,1.0,0.0,0.75,0.5,23,20,2,2,8,0,LOW,LOW,MEDIUM,LOW
2009-11-15,South Africa,England,SuperSport Park,South Africa,bat,T20,2009/10,South Africa,1,1,0.625,0.4285714285714285,0.6,0.6,0.6666666666666666,0.3333333333333333,1.0,0.5,24,21,3,3,1,0,LOW,LOW,LOW,LOW
2009-12-09,India,Sri Lanka,"Vidarbha Cricket Association Stadium, Jamtha",India,field,T20,2009/10,Sri Lanka,0,1,0.5625,0.5714285714285714,0.4,0.2,1.0,0.0,0.5,0.5,16,21,1,1,0,0,LOW,LOW,LOW,LOW
2009-12-12,India,Sri Lanka,"Punjab Cricket Association Stadium, Mohali",Sri Lanka,bat,T20,2009/10,India,1,0,0.5294117647058824,0.5909090909090909,0.2,0.2,0.5,0.5,0.5,0.5,17,22,2,2,0,0,LOW,LOW,LOW,LOW
2010-02-03,New Zealand,Bangladesh,Seddon Park,Bangladesh,bat,T20,2009/10,New Zealand,1,0,0.4285714285714285,0.1666666666666666,0.4,0.0,0.5,0.5,1.0,0.5,28,12,0,0,1,0,LOW,LOW,LOW,LOW
2010-02-05,Australia,Pakistan,Melbourne Cricket Ground,Australia,bat,T20,2009/10,Australia,1,1,0.4782608695652174,0.8260869565217391,0.0,1.0,0.0,1.0,1.0,0.5,23,23,2,2,2,0,LOW,LOW,LOW,LOW
2010-02-09,Canada,Netherlands,Dubai International Cricket Stadium,Canada,bat,T20,2009/10,Netherlands,0,1,0.5,0.6666666666666666,0.5,0.6666666666666666,0.5,0.5,0.5,0.5,0,3,0,0,0,0,LOW,LOW,LOW,LOW
2010-02-10,Canada,Kenya,Dubai International Cricket Stadium,Kenya,field,T20,2009/10,Kenya,0,0,0.0,0.0,0.0,0.0,0.5,0.5,0.0,0.5,1,5,0,0,1,0,LOW,LOW,LOW,LOW
2010-02-11,Ireland,Scotland,Dubai International Cricket Stadium,Ireland,bat,T20,2009/10,Ireland,1,1,0.3333333333333333,0.2,0.2,0.2,0.5,0.5,0.5,0.5,6,5,0,0,0,0,LOW,LOW,LOW,LOW
2010-02-13,Ireland,Netherlands,Dubai International Cricket Stadium,Ireland,bat,T20,2009/10,Ireland,1,1,0.4285714285714285,0.75,0.2,0.75,0.5,0.5,1.0,1.0,7,4,0,0,1,1,LOW,LOW,LOW,LOW
2010-02-19,England,Pakistan,Dubai International Cricket Stadium,Pakistan,bat,T20,2009/10,England,1,0,0.4090909090909091,0.7916666666666666,0.4,0.8,0.5,0.5,0.5,1.0,22,24,2,2,0,3,LOW,LOW,LOW,LOW
2010-02-20,England,Pakistan,Dubai International Cricket Stadium,Pakistan,field,T20,2009/10,Pakistan,0,0,0.4347826086956521,0.76,0.6,0.6,0.6666666666666666,0.3333333333333333,1.0,0.75,23,25,3,3,1,4,LOW,LOW,LOW,LOW
2010-02-21,Australia,West Indies,Bellerive Oval,Australia,bat,T20,2009/10,Australia,1,1,0.5,0.5,0.2,0.6,0.0,1.0,0.5,0.5,24,16,2,2,0,0,LOW,LOW,LOW,LOW
2010-02-23,Australia,West Indies,Sydney Cricket Ground,West Indies,bat,T20,2009/10,Australia,1,0,0.52,0.4705882352941176,0.4,0.4,0.3333333333333333,0.6666666666666666,1.0,0.5,25,17,3,3,2,0,LOW,LOW,LOW,LOW
2010-02-26,New Zealand,Australia,Westpac Stadium,New Zealand,bat,T20,2009/10,Australia,0,1,0.4482758620689655,0.5384615384615384,0.6,0.6,0.0,1.0,0.5,0.5,29,26,3,3,2,0,LOW,LOW,LOW,LOW
2010-02-28,West Indies,Zimbabwe,"Queen's Park Oval, Port of Spain",Zimbabwe,bat,T20,2009/10,Zimbabwe,0,0,0.4444444444444444,0.5,0.4,0.5,0.5,0.5,1.0,0.5,18,2,0,0,1,0,LOW,LOW,LOW,LOW
2010-04-30,West Indies,Ireland,Providence Stadium,West Indies,bat,T20,2010,West Indies,1,1,0.4210526315789473,0.5,0.2,0.4,0.5,0.5,0.5,0.5,19,8,0,0,0,0,LOW,LOW,LOW,LOW
2010-04-30,New Zealand,Sri Lanka,Providence Stadium,Sri Lanka,bat,T20,2010,New Zealand,1,0,0.4333333333333333,0.5652173913043478,0.4,0.2,0.5,0.5,0.5,0.5,30,23,6,6,0,0,MEDIUM,MEDIUM,LOW,LOW
2010-05-01,Bangladesh,Pakistan,"Beausejour Stadium, Gros Islet",Pakistan,bat,T20,2010,Pakistan,0,0,0.1538461538461538,0.7692307692307693,0.0,0.6,0.0,1.0,0.5,0.5,13,26,3,3,0,0,LOW,LOW,LOW,LOW
2010-05-02,India,South Africa,"Beausejour Stadium, Gros Islet",South Africa,field,T20,2010,India,1,0,0.5555555555555556,0.64,0.2,0.6,0.6666666666666666,0.3333333333333333,0.5,0.5,18,25,3,3,0,0,LOW,LOW,LOW,LOW
2010-05-02,Australia,Pakistan,"Beausejour Stadium, Gros Islet",Australia,bat,T20,2010,Australia,1,1,0.5555555555555556,0.7777777777777778,0.8,0.6,0.3333333333333333,0.6666666666666666,0.5,1.0,27,27,3,3,0,1,LOW,LOW,LOW,LOW
2010-05-03,West Indies,England,Providence Stadium,West Indies,field,T20,2010,West Indies,1,1,0.45,0.4166666666666667,0.4,0.4,0.75,0.25,1.0,0.5,20,24,4,4,1,0,LOW,LOW,LOW,LOW
2010-05-03,Sri Lanka,Zimbabwe,Providence Stadium,Sri Lanka,bat,T20,2010,Sri Lanka,1,1,0.5416666666666666,0.6666666666666666,0.2,0.6666666666666666,0.5,0.5,0.0,0.5,24,3,0,0,1,0,LOW,LOW,LOW,LOW
2010-05-04,New Zealand,Zimbabwe,Providence Stadium,New Zealand,field,T20,2010,New Zealand,1,1,0.4516129032258064,0.5,0.4,0.5,0.5,0.5,1.0,0.0,31,4,0,0,1,1,LOW,LOW,LOW,LOW
2010-05-05,Australia,Bangladesh,"Kensington Oval, Bridgetown",Australia,bat,T20,2010,Australia,1,1,0.5714285714285714,0.1428571428571428,1.0,0.0,1.0,0.0,0.0,0.5,28,14,1,1,1,0,LOW,LOW,LOW,LOW
2010-05-06,England,Pakistan,"Kensington Oval, Bridgetown",England,field,T20,2010,England,1,1,0.4,0.75,0.4,0.4,0.5,0.5,0.5,0.5,25,28,4,4,0,0,LOW,LOW,LOW,LOW
2010-05-06,New Zealand,South Africa,"Kensington Oval, Bridgetown",South Africa,bat,T20,2010,South Africa,0,0,0.46875,0.6153846153846154,0.6,0.4,0.25,0.75,0.5,0.5,32,26,4,4,0,0,LOW,LOW,LOW,LOW
2010-05-07,West Indies,Sri Lanka,"Kensington Oval, Bridgetown",Sri Lanka,bat,T20,2010,Sri Lanka,0,0,0.4761904761904761,0.56,0.4,0.4,0.0,1.0,1.0,0.5,21,25,2,2,1,0,LOW,LOW,LOW,LOW
2010-05-07,Australia,India,"Kensington Oval, Bridgetown",India,field,T20,2010,Australia,1,0,0.5862068965517241,0.5789473684210527,1.0,0.4,0.3333333333333333,0.6666666666666666,0.5,0.5,29,19,3,3,2,0,LOW,LOW,LOW,LOW
2010-05-08,New Zealand,Pakistan,"Kensington Oval, Bridgetown",Pakistan,field,T20,2010,New Zealand,1,0,0.4545454545454545,0.7241379310344828,0.6,0.4,0.0,1.0,0.0,0.0,33,29,4,4,1,1,LOW,LOW,LOW,LOW
2010-05-08,England,South Africa,"Kensington Oval, Bridgetown",England,bat,T20,2010,England,1,1,0.4230769230769231,0.6296296296296297,0.4,0.4,0.25,0.75,1.0,1.0,26,27,4,4,1,1,LOW,LOW,LOW,LOW
2010-05-09,Australia,Sri Lanka,"Kensington Oval, Bridgetown",Australia,bat,T20,2010,Australia,1,1,0.6,0.5769230769230769,1.0,0.6,0.5,0.5,0.6666666666666666,1.0,30,26,2,2,3,1,LOW,LOW,LOW,LOW
2010-05-09,West Indies,India,"Kensington Oval, Bridgetown",India,field,T20,2010,West Indies,1,0,0.4545454545454545,0.55,0.4,0.4,1.0,0.0,0.5,0.0,22,20,1,1,2,1,LOW,LOW,LOW,LOW
2010-05-10,England,New Zealand,"Beausejour Stadium, Gros Islet",New Zealand,bat,T20,2010,England,1,0,0.4444444444444444,0.4705882352941176,0.6,0.6,0.75,0.25,0.5,0.5,27,34,4,4,0,0,LOW,LOW,LOW,LOW
2010-05-10,Pakistan,South Africa,"Beausejour Stadium, Gros Islet",Pakistan,bat,T20,2010,Pakistan,1,1,0.7,0.6071428571428571,0.4,0.4,1.0,0.0,0.5,0.0,30,28,1,1,2,1,LOW,LOW,LOW,LOW
2010-05-11,West Indies,Australia,"Beausejour Stadium, Gros Islet",West Indies,bat,T20,2010,Australia,0,1,0.4782608695652174,0.6129032258064516,0.6,1.0,0.5,0.5,0.5,1.0,23,31,4,4,0,1,LOW,LOW,LOW,LOW
2010-05-11,India,Sri Lanka,"Beausejour Stadium, Gros Islet",India,bat,T20,2010,Sri Lanka,0,1,0.5238095238095238,0.5555555555555556,0.4,0.4,0.6666666666666666,0.3333333333333333,1.0,0.5,21,27,3,3,1,0,LOW,LOW,LOW,LOW
2010-05-13,England,Sri Lanka,"Beausejour Stadium, Gros Islet",Sri Lanka,bat,T20,2010,England,1,0,0.4642857142857143,0.5714285714285714,0.6,0.6,0.0,1.0,1.0,1.0,28,28,1,1,1,1,LOW,LOW,LOW,LOW
2010-05-14,Australia,Pakistan,"Beausejour Stadium, Gros Islet",Australia,field,T20,2010,Australia,1,1,0.625,0.7096774193548387,1.0,0.4,0.5,0.5,1.0,0.6666666666666666,32,31,4,4,2,3,LOW,LOW,LOW,LOW
2010-05-16,Australia,England,"Kensington Oval, Bridgetown",England,field,T20,2010,England,0,0,0.6363636363636364,0.4827586206896552,1.0,0.8,0.6666666666666666,0.3333333333333333,0.75,1.0,33,29,3,3,4,2,LOW,LOW,LOW,LOW
2010-05-19,West Indies,South Africa,"Sir Vivian Richards Stadium, North Sound",West Indies,field,T20,2010,South Africa,0,1,0.4583333333333333,0.5862068965517241,0.6,0.4,0.25,0.75,0.5,0.5,24,29,4,4,0,0,LOW,LOW,LOW,LOW
2010-05-20,West Indies,South Africa,"Sir Vivian Richards Stadium, North Sound",West Indies,field,T20,2010,South Africa,0,1,0.44,0.6,0.4,0.4,0.2,0.8,0.0,1.0,25,30,5,5,1,1,MEDIUM,MEDIUM,LOW,LOW
2010-05-22,New Zealand,Sri Lanka,Central Broward Regional Park Stadium Turf Ground,New Zealand,bat,T20,2010,New Zealand,1,1,0.4571428571428571,0.5517241379310345,0.6,0.6,0.5714285714285714,0.4285714285714285,0.5,0.5,35,29,7,7,0,0,MEDIUM,MEDIUM,LOW,LOW
2010-05-23,New Zealand,Sri Lanka,Central Broward Regional Park Stadium Turf Ground,New Zealand,bat,T20,2010,Sri Lanka,0,1,0.4722222222222222,0.5333333333333333,0.6,0.4,0.625,0.375,1.0,0.0,36,30,8,8,1,1,MEDIUM,MEDIUM,LOW,LOW
2010-06-12,Zimbabwe,India,Harare Sports Club,India,field,T20,2010,India,0,0,0.4,0.5,0.4,0.4,0.5,0.5,0.5,0.5,5,22,0,0,0,0,LOW,LOW,LOW,LOW
2010-06-13,Zimbabwe,India,Harare Sports Club,India,field,T20,2010,India,0,0,0.3333333333333333,0.5217391304347826,0.2,0.4,0.0,1.0,0.0,1.0,6,23,1,1,1,1,LOW,LOW,LOW,LOW
2010-07-05,Australia,Pakistan,Edgbaston,Pakistan,bat,T20,2010,Pakistan,0,0,0.6176470588235294,0.6875,0.8,0.2,0.6,0.4,0.5,0.5,34,32,5,5,0,0,MEDIUM,MEDIUM,LOW,LOW
2010-07-06,Australia,Pakistan,Edgbaston,Pakistan,bat,T20,2010,Pakistan,0,0,0.6,0.696969696969697,0.6,0.4,0.5,0.5,0.0,1.0,35,33,6,6,1,1,MEDIUM,MEDIUM,LOW,LOW
2010-09-05,England,Pakistan,Sophia Gardens,England,field,T20,2010,England,1,1,0.5,0.7058823529411765,1.0,0.6,0.6,0.4,0.5,0.5,30,34,5,5,0,0,MEDIUM,MEDIUM,LOW,LOW
2010-09-07,England,Pakistan,Sophia Gardens,Pakistan,bat,T20,2010,England,1,0,0.5161290322580645,0.6857142857142857,1.0,0.6,0.6666666666666666,0.3333333333333333,1.0,0.0,31,35,6,6,1,1,MEDIUM,MEDIUM,LOW,LOW
2010-10-08,South Africa,Zimbabwe,OUTsurance Oval,Zimbabwe,bat,T20,2010/11,South Africa,1,0,0.6129032258064516,0.2857142857142857,0.6,0.2,0.5,0.5,0.5,0.5,31,7,0,0,0,0,LOW,LOW,LOW,LOW
2010-10-10,South Africa,Zimbabwe,De Beers Diamond Oval,South Africa,bat,T20,2010/11,South Africa,1,1,0.625,0.25,0.6,0.0,1.0,0.0,0.5,0.5,32,8,1,1,0,0,LOW,LOW,LOW,LOW
2010-10-26,Pakistan,South Africa,Sheikh Zayed Stadium,Pakistan,bat,T20,2010/11,South Africa,0,1,0.6666666666666666,0.6363636363636364,0.4,0.8,1.0,0.0,0.5,0.5,36,33,2,2,0,0,LOW,LOW,LOW,LOW
2010-10-27,Pakistan,South Africa,Sheikh Zayed Stadium,Pakistan,bat,T20,2010/11,South Africa,0,1,0.6486486486486487,0.6470588235294118,0.4,1.0,0.6666666666666666,0.3333333333333333,0.0,1.0,37,34,3,3,1,1,LOW,LOW,LOW,LOW
2010-10-31,Australia,Sri Lanka,Western Australia Cricket Association Ground,Australia,bat,T20,2010/11,Sri Lanka,0,1,0.5833333333333334,0.5483870967741935,0.4,0.4,0.6666666666666666,0.3333333333333333,1.0,0.5,36,31,3,3,1,0,LOW,LOW,LOW,LOW
2010-12-26,New Zealand,Pakistan,Eden Park,New Zealand,field,T20,2010/11,New Zealand,1,1,0.4594594594594595,0.631578947368421,0.4,0.2,0.2,0.8,0.3333333333333333,0.5,37,38,5,5,3,0,MEDIUM,MEDIUM,LOW,LOW
2010-12-28,New Zealand,Pakistan,Seddon Park,Pakistan,field,T20,2010/11,New Zealand,1,0,0.4736842105263157,0.6153846153846154,0.6,0.0,0.3333333333333333,0.6666666666666666,1.0,0.5,38,39,6,6,2,0,MEDIUM,MEDIUM,LOW,LOW
2010-12-30,New Zealand,Pakistan,AMI Stadium,Pakistan,bat,T20,2010/11,Pakistan,0,0,0.4871794871794871,0.6,0.6,0.0,0.4285714285714285,0.5714285714285714,1.0,0.5,39,40,7,7,1,0,MEDIUM,MEDIUM,LOW,LOW
2011-01-09,South Africa,India,Moses Mabhida Stadium,India,bat,T20,2010/11,India,0,0,0.6571428571428571,0.5416666666666666,1.0,0.4,0.25,0.75,0.5,0.5,35,24,4,4,0,0,LOW,LOW,LOW,LOW
2011-01-12,Australia,England,Adelaide Oval,Australia,bat,T20,2010/11,England,0,1,0.5675675675675675,0.53125,0.2,1.0,0.5,0.5,0.5,0.5,37,32,4,4,0,0,LOW,LOW,LOW,LOW
2011-01-14,Australia,England,Melbourne Cricket Ground,Australia,bat,T20,2010/11,Australia,1,1,0.5526315789473685,0.5454545454545454,0.0,1.0,0.4,0.6,1.0,0.5,38,33,5,5,3,0,MEDIUM,MEDIUM,LOW,LOW
2011-04-21,West Indies,Pakistan,"Beausejour Stadium, Gros Islet",West Indies,bat,T20,2011,West Indies,1,1,0.4230769230769231,0.6097560975609756,0.2,0.2,0.5,0.5,0.0,0.5,26,41,0,0,1,4,LOW,LOW,LOW,LOW
2011-06-04,West Indies,India,"Queen's Park Oval, Port of Spain",West Indies,field,T20,2011,India,0,1,0.4444444444444444,0.56,0.4,0.6,1.0,0.0,0.5,0.5,27,25,2,2,2,0,LOW,LOW,LOW,LOW
2011-06-25,England,Sri Lanka,County Ground,Sri Lanka,field,T20,2011,Sri Lanka,0,0,0.5294117647058824,0.5625,0.8,0.6,0.5,0.5,0.0,0.5,34,32,2,2,1,0,LOW,LOW,LOW,LOW
2011-08-06,Sri Lanka,Australia,Pallekele International Cricket Stadium,Australia,field,T20,2011,Sri Lanka,1,0,0.5757575757575758,0.5641025641025641,0.6,0.2,0.5,0.5,0.5,0.5,33,39,4,4,0,0,LOW,LOW,LOW,LOW
2011-08-08,Sri Lanka,Australia,Pallekele International Cricket Stadium,Sri Lanka,bat,T20,2011,Sri Lanka,1,1,0.5882352941176471,0.55,0.8,0.2,0.6,0.4,1.0,0.0,34,40,5,5,1,1,MEDIUM,MEDIUM,LOW,LOW
2011-08-31,England,India,Old Trafford,India,bat,T20,2011,England,1,0,0.5142857142857142,0.5769230769230769,0.6,0.8,0.5,0.5,1.0,0.5,35,26,2,2,1,0,LOW,LOW,LOW,LOW
2011-09-16,Zimbabwe,Pakistan,Harare Sports Club,Zimbabwe,field,T20,2011,Pakistan,0,1,0.2222222222222222,0.5952380952380952,0.0,0.2,0.5,0.5,0.0,0.5,9,42,0,0,2,0,LOW,LOW,LOW,LOW
2011-09-18,Zimbabwe,Pakistan,Harare Sports Club,Pakistan,bat,T20,2011,Pakistan,0,0,0.2,0.6046511627906976,0.0,0.4,0.0,1.0,0.0,1.0,10,43,1,1,3,1,LOW,LOW,LOW,LOW
2011-09-23,England,West Indies,Kennington Oval,England,field,T20,2011,England,1,1,0.5277777777777778,0.4285714285714285,0.6,0.2,0.2,0.8,0.5,0.5,36,28,5,5,4,6,MEDIUM,MEDIUM,LOW,MEDIUM
2011-09-25,England,West Indies,Kennington Oval,England,field,T20,2011,West Indies,0,1,0.5405405405405406,0.4137931034482758,0.6,0.2,0.3333333333333333,0.6666666666666666,0.6,0.4285714285714285,37,29,6,6,5,7,MEDIUM,MEDIUM,MEDIUM,MEDIUM
2011-10-11,Bangladesh,West Indies,Shere Bangla National Stadium,Bangladesh,field,T20,2011/12,Bangladesh,1,1,0.1333333333333333,0.4333333333333333,0.0,0.4,0.5,0.5,0.5,0.5,15,30,2,2,0,0,LOW,LOW,LOW,LOW
2011-10-13,South Africa,Australia,Newlands,South Africa,bat,T20,2011/12,Australia,0,1,0.6388888888888888,0.5365853658536586,0.8,0.2,0.5,0.5,1.0,0.75,36,41,6,6,2,4,MEDIUM,MEDIUM,LOW,LOW
2011-10-15,Zimbabwe,New Zealand,Harare Sports Club,New Zealand,field,T20,2011/12,New Zealand,0,0,0.1818181818181818,0.475,0.0,0.6,0.0,1.0,0.0,0.5,11,40,1,1,4,0,LOW,LOW,LOW,LOW
2011-10-16,South Africa,Australia,New Wanderers Stadium,Australia,bat,T20,2011/12,South Africa,1,0,0.6216216216216216,0.5476190476190477,0.6,0.4,0.4285714285714285,0.5714285714285714,0.6666666666666666,0.0,37,42,7,7,9,3,MEDIUM,MEDIUM,MEDIUM,LOW
2011-10-17,Zimbabwe,New Zealand,Harare Sports Club,Zimbabwe,field,T20,2011/12,New Zealand,0,1,0.1666666666666666,0.4878048780487805,0.0,0.6,0.0,1.0,0.0,1.0,12,41,2,2,5,1,LOW,LOW,MEDIUM,LOW
2011-10-29,India,England,Eden Gardens,India,bat,T20,2011/12,England,0,1,0.5555555555555556,0.5263157894736842,0.8,0.4,0.3333333333333333,0.6666666666666666,0.5,0.5,27,38,3,3,0,0,LOW,LOW,LOW,LOW
2011-11-25,Pakistan,Sri Lanka,Sheikh Zayed Stadium,Sri Lanka,bat,T20,2011/12,Pakistan,1,0,0.6136363636363636,0.6,0.6,1.0,0.6666666666666666,0.3333333333333333,0.0,0.5,44,35,6,6,2,0,MEDIUM,MEDIUM,LOW,LOW
2011-11-29,Bangladesh,Pakistan,Shere Bangla National Stadium,Pakistan,bat,T20,2011/12,Pakistan,0,0,0.1875,0.6222222222222222,0.2,0.8,0.0,1.0,1.0,0.5,16,45,4,4,1,0,LOW,LOW,LOW,LOW
2012-02-01,Australia,India,Stadium Australia,India,field,T20,2011/12,Australia,1,0,0.5348837209302325,0.5357142857142857,0.4,0.6,0.5,0.5,0.5,0.5,43,28,4,4,0,0,LOW,LOW,LOW,LOW
2012-02-03,Australia,India,Melbourne Cricket Ground,Australia,bat,T20,2011/12,India,0,1,0.5454545454545454,0.5172413793103449,0.4,0.4,0.6,0.4,1.0,0.0,44,29,5,5,4,1,MEDIUM,MEDIUM,LOW,LOW
2012-02-11,New Zealand,Zimbabwe,Eden Park,Zimbabwe,bat,T20,2011/12,New Zealand,1,0,0.5,0.1538461538461538,0.8,0.0,1.0,0.0,0.5,0.5,42,13,3,3,4,0,LOW,LOW,LOW,LOW
2012-02-14,New Zealand,Zimbabwe,Seddon Park,Zimbabwe,bat,T20,2011/12,New Zealand,1,0,0.5116279069767442,0.1428571428571428,0.8,0.0,1.0,0.0,1.0,0.5,43,14,4,4,3,0,LOW,LOW,LOW,LOW
2012-02-17,New Zealand,South Africa,Westpac Stadium,New Zealand,field,T20,2011/12,New Zealand,1,1,0.5227272727272727,0.631578947368421,0.8,0.6,0.2,0.8,0.3333333333333333,0.5,44,38,5,5,3,0,MEDIUM,MEDIUM,LOW,LOW
2012-02-19,New Zealand,South Africa,Seddon Park,South Africa,field,T20,2011/12,South Africa,0,0,0.5333333333333333,0.6153846153846154,1.0,0.4,0.3333333333333333,0.6666666666666666,1.0,0.5,45,39,6,6,4,0,MEDIUM,MEDIUM,LOW,LOW
2012-02-22,New Zealand,South Africa,Eden Park,New Zealand,field,T20,2011/12,South Africa,0,1,0.5217391304347826,0.625,0.8,0.4,0.2857142857142857,0.7142857142857143,0.6,0.5,46,40,7,7,5,0,MEDIUM,MEDIUM,MEDIUM,LOW
2012-02-22,Kenya,Ireland,Mombasa Sports Club Ground,Ireland,field,T20,2011/12,Ireland,0,0,0.1666666666666666,0.4444444444444444,0.2,0.4,0.0,1.0,0.5,0.5,6,9,1,1,0,0,LOW,LOW,LOW,LOW
2012-02-23,England,Pakistan,Dubai International Cricket Stadium,England,field,T20,2011/12,Pakistan,0,1,0.5384615384615384,0.6304347826086957,0.6,0.8,0.7142857142857143,0.2857142857142857,0.5,0.8,39,46,7,7,2,5,MEDIUM,MEDIUM,LOW,MEDIUM
2012-02-23,Kenya,Ireland,Mombasa Sports Club Ground,Kenya,bat,T20,2011/12,Ireland,0,1,0.1428571428571428,0.5,0.2,0.6,0.0,1.0,0.0,1.0,7,10,2,2,1,1,LOW,LOW,LOW,LOW
2012-02-24,Kenya,Ireland,Mombasa Sports Club Ground,Ireland,bat,T20,2011/12,Ireland,0,0,0.125,0.5454545454545454,0.2,0.8,0.0,1.0,0.0,1.0,8,11,3,3,2,2,LOW,LOW,LOW,LOW
2012-02-25,England,Pakistan,Dubai International Cricket Stadium,England,bat,T20,2011/12,England,1,1,0.525,0.6382978723404256,0.6,1.0,0.625,0.375,0.3333333333333333,0.8333333333333334,40,47,8,8,3,6,MEDIUM,MEDIUM,LOW,MEDIUM
2012-02-27,England,Pakistan,Sheikh Zayed Stadium,England,bat,T20,2011/12,England,1,1,0.5365853658536586,0.625,0.6,0.8,0.6666666666666666,0.3333333333333333,0.5,0.3333333333333333,41,48,9,9,0,3,MEDIUM,MEDIUM,LOW,LOW
2012-03-13,Canada,Netherlands,Dubai International Cricket Stadium,Netherlands,bat,T20,2011/12,Netherlands,0,0,0.0,0.6,0.0,0.6,0.0,1.0,0.0,0.5,2,5,1,1,2,2,LOW,LOW,LOW,LOW
2012-03-14,Ireland,Kenya,Dubai International Cricket Stadium,Kenya,bat,T20,2011/12,Ireland,1,0,0.5833333333333334,0.1111111111111111,0.8,0.2,1.0,0.0,1.0,1.0,12,9,4,4,2,1,LOW,LOW,LOW,LOW
2012-03-18,Ireland,Scotland,Dubai International Cricket Stadium,Ireland,bat,T20,2011/12,Ireland,1,1,0.6153846153846154,0.1666666666666666,0.8,0.2,1.0,0.0,1.0,0.0,13,6,1,1,3,1,LOW,LOW,LOW,LOW
2012-03-22,Canada,Ireland,Dubai International Cricket Stadium,Canada,bat,T20,2011/12,Ireland,0,1,0.0,0.6428571428571429,0.0,1.0,0.5,0.5,0.0,1.0,3,14,0,0,3,4,LOW,LOW,LOW,LOW
2012-03-23,Canada,Scotland,Dubai International Cricket Stadium,Canada,bat,T20,2011/12,Scotland,0,1,0.0,0.1428571428571428,0.0,0.0,0.5,0.5,0.0,0.0,4,7,0,0,4,2,LOW,LOW,LOW,LOW
2012-03-23,Ireland,Netherlands,Dubai International Cricket Stadium,Ireland,field,T20,2011/12,Ireland,1,1,0.6666666666666666,0.6666666666666666,1.0,0.6,1.0,0.0,1.0,0.6666666666666666,15,6,1,1,5,3,LOW,LOW,MEDIUM,LOW
2012-03-27,West Indies,Australia,"Beausejour Stadium, Gros Islet",West Indies,bat,T20,2011/12,Australia,0,1,0.4193548387096774,0.5333333333333333,0.4,0.4,0.4,0.6,0.5,1.0,31,45,5,5,2,3,MEDIUM,MEDIUM,LOW,LOW
2012-03-30,South Africa,India,New Wanderers Stadium,India,field,T20,2011/12,South Africa,1,0,0.6341463414634146,0.5333333333333333,0.6,0.4,0.2,0.8,0.7,0.6666666666666666,41,30,5,5,10,3,MEDIUM,MEDIUM,MEDIUM,LOW
2012-03-30,West Indies,Australia,"Kensington Oval, Bridgetown",West Indies,bat,T20,2011/12,West Indies,1,1,0.40625,0.5434782608695652,0.2,0.6,0.3333333333333333,0.6666666666666666,0.6666666666666666,0.6,32,46,6,6,3,5,MEDIUM,MEDIUM,LOW,MEDIUM
2012-06-01,Sri Lanka,Pakistan,"Mahinda Rajapaksa International Cricket Stadium, Sooriyawewa",Sri Lanka,bat,T20,2012,Sri Lanka,1,1,0.5833333333333334,0.6122448979591837,0.8,0.6,0.2857142857142857,0.7142857142857143,0.5,0.5,36,49,7,7,0,0,MEDIUM,MEDIUM,LOW,LOW
2012-06-03,Sri Lanka,Pakistan,"Mahinda Rajapaksa International Cricket Stadium, Sooriyawewa",Pakistan,bat,T20,2012,Pakistan,0,0,0.5945945945945946,0.6,0.8,0.4,0.375,0.625,1.0,0.0,37,50,8,8,1,1,MEDIUM,MEDIUM,LOW,LOW
2012-06-24,England,West Indies,Trent Bridge,West Indies,bat,T20,2012,England,1,0,0.5476190476190477,0.4242424242424242,0.6,0.4,0.2857142857142857,0.7142857142857143,0.0,0.0,42,33,7,7,1,1,MEDIUM,MEDIUM,LOW,LOW
2012-06-30,New Zealand,West Indies,Central Broward Regional Park Stadium Turf Ground,New Zealand,field,T20,2012,West Indies,0,1,0.5106382978723404,0.4117647058823529,0.6,0.4,1.0,0.0,0.5,0.5,47,34,1,1,2,0,LOW,LOW,LOW,LOW
2012-07-01,New Zealand,West Indies,Central Broward Regional Park Stadium Turf Ground,West Indies,bat,T20,2012,West Indies,0,0,0.5,0.4285714285714285,0.4,0.4,0.5,0.5,0.3333333333333333,1.0,48,35,2,2,3,1,LOW,LOW,LOW,LOW
2012-07-18,Ireland,Bangladesh,"Civil Service Cricket Club, Stormont",Ireland,field,T20,2012,Bangladesh,0,1,0.6875,0.1764705882352941,1.0,0.2,1.0,0.0,1.0,0.5,16,17,1,1,1,0,LOW,LOW,LOW,LOW
2012-07-25,Netherlands,Bangladesh,Sportpark Westvliet,Netherlands,bat,T20,2012,Bangladesh,0,1,0.5714285714285714,0.2222222222222222,0.4,0.4,0.5,0.5,0.5,0.5,7,18,0,0,0,0,LOW,LOW,LOW,LOW
2012-07-26,Netherlands,Bangladesh,Sportpark Westvliet,Bangladesh,bat,T20,2012,Netherlands,1,0,0.5,0.2631578947368421,0.4,0.6,0.0,1.0,0.0,1.0,8,19,1,1,1,1,LOW,LOW,LOW,LOW
2012-08-07,Sri Lanka,India,Pallekele International Cricket Stadium,Sri Lanka,field,T20,2012,India,0,1,0.5789473684210527,0.5161290322580645,0.6,0.2,0.5,0.5,1.0,0.5,38,31,4,4,2,0,LOW,LOW,LOW,LOW
2012-09-05,Australia,Pakistan,Dubai International Cricket Stadium,Pakistan,field,T20,2012,Pakistan,0,0,0.5319148936170213,0.6078431372549019,0.4,0.4,0.4285714285714285,0.5714285714285714,0.0,0.7142857142857143,47,51,7,7,1,7,MEDIUM,MEDIUM,LOW,MEDIUM
2012-09-08,England,South Africa,Riverside Ground,South Africa,field,T20,2012,South Africa,0,0,0.5581395348837209,0.6428571428571429,0.8,0.8,0.4,0.6,0.5,0.5,43,42,5,5,0,0,MEDIUM,MEDIUM,LOW,LOW
2012-09-10,Australia,Pakistan,Dubai International Cricket Stadium,Pakistan,field,T20,2012,Australia,1,0,0.5208333333333334,0.6153846153846154,0.4,0.4,0.375,0.625,0.0,0.75,48,52,8,8,2,8,MEDIUM,MEDIUM,LOW,MEDIUM
2012-09-11,India,New Zealand,"MA Chidambaram Stadium, Chepauk",India,field,T20,2012,New Zealand,0,1,0.53125,0.4897959183673469,0.4,0.2,0.0,1.0,0.5,0.5,32,49,3,3,0,0,LOW,LOW,LOW,LOW
2012-09-12,England,South Africa,Edgbaston,South Africa,field,T20,2012,England,1,0,0.5454545454545454,0.6511627906976745,0.6,0.8,0.3333333333333333,0.6666666666666666,0.5,0.5,44,43,6,6,0,0,MEDIUM,MEDIUM,LOW,LOW
2012-09-18,Sri Lanka,Zimbabwe,"Mahinda Rajapaksa International Cricket Stadium, Sooriyawewa",Zimbabwe,field,T20,2012/13,Sri Lanka,1,0,0.5641025641025641,0.1333333333333333,0.4,0.0,1.0,0.0,0.5,0.5,39,15,1,1,2,0,LOW,LOW,LOW,LOW
2012-09-19,Australia,Ireland,R Premadasa Stadium,Ireland,bat,T20,2012/13,Australia,1,0,0.5306122448979592,0.6470588235294118,0.4,0.8,0.5,0.5,0.5,0.5,49,17,0,0,0,0,LOW,LOW,LOW,LOW
2012-09-20,South Africa,Zimbabwe,"Mahinda Rajapaksa International Cricket Stadium, Sooriyawewa",South Africa,field,T20,2012/13,South Africa,1,1,0.6363636363636364,0.125,0.8,0.0,1.0,0.0,0.5,0.0,44,16,2,2,0,1,LOW,LOW,LOW,LOW
2012-09-21,Bangladesh,New Zealand,Pallekele International Cricket Stadium,Bangladesh,field,T20,2012/13,New Zealand,0,1,0.25,0.5,0.6,0.2,0.0,1.0,0.5,0.5,20,50,1,1,0,0,LOW,LOW,LOW,LOW
2012-09-22,Australia,West Indies,R Premadasa Stadium,West Indies,bat,T20,2012/13,Australia,1,0,0.54,0.4444444444444444,0.6,0.6,0.5714285714285714,0.4285714285714285,1.0,0.5,50,36,7,7,1,0,MEDIUM,MEDIUM,LOW,LOW
2012-09-22,Sri Lanka,South Africa,"Mahinda Rajapaksa International Cricket Stadium, Sooriyawewa",Sri Lanka,field,T20,2012/13,South Africa,0,1,0.575,0.6444444444444445,0.4,0.8,0.5,0.5,0.6666666666666666,1.0,40,45,0,0,3,1,LOW,LOW,LOW,LOW
2012-09-23,New Zealand,Pakistan,Pallekele International Cricket Stadium,Pakistan,bat,T20,2012/13,Pakistan,0,0,0.5098039215686274,0.6037735849056604,0.4,0.4,0.375,0.625,1.0,0.5,51,53,8,8,1,0,MEDIUM,MEDIUM,LOW,LOW
2012-09-23,England,India,R Premadasa Stadium,England,field,T20,2012/13,India,0,1,0.5555555555555556,0.5151515151515151,0.8,0.4,0.75,0.25,0.5,1.0,45,33,4,4,0,1,LOW,LOW,LOW,LOW
2012-09-25,Bangladesh,Pakistan,Pallekele International Cricket Stadium,Bangladesh,bat,T20,2012/13,Pakistan,0,1,0.238095238095238,0.6111111111111112,0.4,0.6,0.0,1.0,0.0,1.0,21,54,5,5,1,1,MEDIUM,MEDIUM,LOW,LOW
2012-09-27,England,West Indies,Pallekele International Cricket Stadium,West Indies,bat,T20,2012/13,West Indies,0,0,0.5434782608695652,0.4324324324324324,0.6,0.6,0.375,0.625,0.5,0.5,46,37,8,8,0,0,MEDIUM,MEDIUM,LOW,LOW
2012-09-28,Australia,India,R Premadasa Stadium,India,bat,T20,2012/13,Australia,1,0,0.5490196078431373,0.5294117647058824,0.6,0.6,0.5,0.5,1.0,1.0,51,34,6,6,2,2,MEDIUM,MEDIUM,LOW,LOW
2012-09-28,Pakistan,South Africa,R Premadasa Stadium,South Africa,bat,T20,2012/13,Pakistan,1,0,0.6181818181818182,0.6521739130434783,0.8,0.8,0.5,0.5,1.0,0.5,55,46,4,4,1,0,LOW,LOW,LOW,LOW
2012-09-29,England,New Zealand,Pallekele International Cricket Stadium,New Zealand,bat,T20,2012/13,England,1,0,0.5319148936170213,0.5,0.4,0.4,0.8,0.2,0.0,0.5,47,52,5,5,1,2,MEDIUM,MEDIUM,LOW,LOW
2012-09-29,Sri Lanka,West Indies,Pallekele International Cricket Stadium,West Indies,bat,T20,2012/13,Sri Lanka,1,0,0.5609756097560976,0.4473684210526316,0.4,0.6,1.0,0.0,0.6666666666666666,1.0,41,38,3,3,3,1,LOW,LOW,LOW,LOW
2012-09-30,India,Pakistan,R Premadasa Stadium,Pakistan,bat,T20,2012/13,India,1,0,0.5142857142857142,0.625,0.4,0.8,1.0,0.0,0.6666666666666666,1.0,35,56,1,1,3,2,LOW,LOW,LOW,LOW
2012-09-30,Australia,South Africa,R Premadasa Stadium,Australia,field,T20,2012/13,Australia,1,1,0.5576923076923077,0.6382978723404256,0.8,0.6,0.5,0.5,1.0,0.0,52,47,8,8,3,1,MEDIUM,MEDIUM,LOW,LOW
2012-10-01,Sri Lanka,England,Pallekele International Cricket Stadium,England,field,T20,2012/13,Sri Lanka,1,0,0.5714285714285714,0.5416666666666666,0.4,0.4,0.6666666666666666,0.3333333333333333,0.75,0.5,42,48,3,3,4,2,LOW,LOW,LOW,LOW
2012-10-02,Australia,Pakistan,R Premadasa Stadium,Australia,field,T20,2012/13,Pakistan,0,1,0.5660377358490566,0.6140350877192983,1.0,0.6,0.4444444444444444,0.5555555555555556,1.0,0.6666666666666666,53,57,9,9,4,3,MEDIUM,MEDIUM,LOW,LOW
2012-10-02,India,South Africa,R Premadasa Stadium,South Africa,field,T20,2012/13,India,1,0,0.5277777777777778,0.625,0.6,0.4,0.6666666666666666,0.3333333333333333,0.75,0.0,36,48,6,6,4,2,MEDIUM,MEDIUM,LOW,LOW
2012-10-04,Sri Lanka,Pakistan,R Premadasa Stadium,Sri Lanka,bat,T20,2012/13,Sri Lanka,1,1,0.5813953488372093,0.6206896551724138,0.6,0.8,0.3333333333333333,0.6666666666666666,0.0,0.75,43,58,9,9,4,4,MEDIUM,MEDIUM,LOW,LOW
2012-10-05,Australia,West Indies,R Premadasa Stadium,West Indies,bat,T20,2012/13,West Indies,0,0,0.5555555555555556,0.4358974358974359,0.8,0.6,0.625,0.375,0.8,0.0,54,39,8,8,5,1,MEDIUM,MEDIUM,MEDIUM,LOW
2012-10-07,Sri Lanka,West Indies,R Premadasa Stadium,West Indies,bat,T20,2012/13,West Indies,0,0,0.5909090909090909,0.45,0.8,0.6,1.0,0.0,0.2,0.5,44,40,4,4,5,2,LOW,LOW,MEDIUM,LOW
2012-12-10,Bangladesh,West Indies,Shere Bangla National Stadium,West Indies,bat,T20,2012/13,West Indies,0,0,0.2272727272727272,0.4634146341463415,0.4,0.6,0.6666666666666666,0.3333333333333333,0.5,0.0,22,41,3,3,2,1,LOW,LOW,LOW,LOW
2012-12-20,India,England,Subrata Roy Sahara Stadium,India,field,T20,2012/13,India,1,1,0.5405405405405406,0.5306122448979592,0.6,0.4,0.4,0.6,0.5,0.5,37,49,5,5,0,0,MEDIUM,MEDIUM,LOW,LOW
2012-12-21,South Africa,New Zealand,Kingsmead,New Zealand,bat,T20,2012/13,South Africa,1,0,0.6122448979591837,0.490566037735849,0.4,0.4,0.75,0.25,0.5,0.6666666666666666,49,53,8,8,2,3,MEDIUM,MEDIUM,LOW,LOW
2012-12-22,India,England,Wankhede Stadium,England,field,T20,2012/13,England,0,0,0.5526315789473685,0.52,0.8,0.2,0.5,0.5,0.5,0.5,38,50,6,6,0,0,MEDIUM,MEDIUM,LOW,LOW
2012-12-23,South Africa,New Zealand,Buffalo Park,New Zealand,field,T20,2012/13,New Zealand,0,0,0.62,0.4814814814814814,0.4,0.4,0.7777777777777778,0.2222222222222222,0.5,0.5,50,54,9,9,0,0,MEDIUM,MEDIUM,LOW,LOW
2012-12-25,India,Pakistan,M Chinnaswamy Stadium,Pakistan,field,T20,2012/13,Pakistan,0,0,0.5384615384615384,0.6101694915254238,0.6,0.6,1.0,0.0,0.5,0.5,39,59,2,2,0,0,LOW,LOW,LOW,LOW
2012-12-26,South Africa,New Zealand,St George's Park,South Africa,bat,T20,2012/13,South Africa,1,1,0.6078431372549019,0.4909090909090909,0.2,0.4,0.7,0.3,0.0,0.5,51,55,10,10,1,0,MEDIUM,MEDIUM,LOW,LOW
2012-12-28,India,Pakistan,"Sardar Patel Stadium, Motera",Pakistan,field,T20,2012/13,India,1,0,0.525,0.6166666666666667,0.6,0.6,0.6666666666666666,0.3333333333333333,0.5,0.5,40,60,3,3,0,0,LOW,LOW,LOW,LOW
2013-01-26,Australia,Sri Lanka,Stadium Australia,Australia,bat,T20,2012/13,Sri Lanka,0,1,0.5454545454545454,0.5777777777777777,0.6,0.6,0.3333333333333333,0.6666666666666666,1.0,0.5,55,45,6,6,1,0,MEDIUM,MEDIUM,LOW,LOW
2013-01-28,Australia,Sri Lanka,Melbourne Cricket Ground,Australia,field,T20,2012/13,Sri Lanka,0,1,0.5357142857142857,0.5869565217391305,0.4,0.8,0.2857142857142857,0.7142857142857143,0.8,0.5,56,46,7,7,5,0,MEDIUM,MEDIUM,MEDIUM,LOW
2013-02-09,New Zealand,England,Eden Park,New Zealand,field,T20,2012/13,England,0,1,0.4821428571428571,0.5294117647058824,0.2,0.4,0.1666666666666666,0.8333333333333334,0.5,1.0,56,51,6,6,6,1,MEDIUM,MEDIUM,MEDIUM,LOW
2013-02-12,New Zealand,England,Seddon Park,England,field,T20,2012/13,New Zealand,1,0,0.4736842105263157,0.5384615384615384,0.2,0.6,0.1428571428571428,0.8571428571428571,0.8,0.5,57,52,7,7,5,0,MEDIUM,MEDIUM,MEDIUM,LOW
2013-02-13,Australia,West Indies,"Brisbane Cricket Ground, Woolloongabba",West Indies,bat,T20,2012/13,West Indies,0,0,0.5263157894736842,0.4761904761904761,0.2,0.8,0.5555555555555556,0.4444444444444444,1.0,0.5,57,42,9,9,2,0,MEDIUM,MEDIUM,LOW,LOW
2013-02-15,New Zealand,England,Westpac Stadium,England,field,T20,2012/13,England,0,0,0.4827586206896552,0.5283018867924528,0.4,0.4,0.25,0.75,0.5,0.5,58,53,8,8,4,0,MEDIUM,MEDIUM,LOW,LOW
2013-03-02,West Indies,Zimbabwe,"Sir Vivian Richards Stadium, North Sound",Zimbabwe,bat,T20,2012/13,West Indies,1,0,0.4883720930232558,0.1176470588235294,0.8,0.0,0.0,1.0,0.0,0.5,43,17,1,1,2,0,LOW,LOW,LOW,LOW
2013-03-03,South Africa,Pakistan,SuperSport Park,Pakistan,bat,T20,2012/13,Pakistan,0,0,0.6153846153846154,0.6065573770491803,0.4,0.4,0.4,0.6,1.0,0.5,52,61,5,5,2,0,MEDIUM,MEDIUM,LOW,LOW
2013-03-03,West Indies,Zimbabwe,"Sir Vivian Richards Stadium, North Sound",West Indies,bat,T20,2012/13,West Indies,1,1,0.5,0.1111111111111111,1.0,0.0,0.5,0.5,0.3333333333333333,0.0,44,18,2,2,3,1,LOW,LOW,LOW,LOW
2013-03-15,Canada,Kenya,ICC Global Cricket Academy,Kenya,bat,T20,2012/13,Canada,1,0,0.0,0.1,0.0,0.2,0.0,1.0,0.5,0.5,5,10,1,1,0,0,LOW,LOW,LOW,LOW
2013-03-16,Canada,Kenya,ICC Global Cricket Academy,Kenya,bat,T20,2012/13,Kenya,0,0,0.1666666666666666,0.0909090909090909,0.2,0.0,0.5,0.5,1.0,0.0,6,11,2,2,1,1,LOW,LOW,LOW,LOW
2013-03-31,Sri Lanka,Bangladesh,Pallekele International Cricket Stadium,Bangladesh,field,T20,2012/13,Sri Lanka,1,0,0.5957446808510638,0.217391304347826,0.8,0.2,1.0,0.0,0.8,0.0,47,23,1,1,5,2,LOW,LOW,MEDIUM,LOW
2013-04-19,Kenya,Netherlands,Wanderers Cricket Ground,Netherlands,bat,T20,2013,Kenya,1,0,0.1666666666666666,0.5555555555555556,0.2,0.4,0.5,0.5,0.5,0.5,12,9,0,0,0,0,LOW,LOW,LOW,LOW
2013-04-20,Kenya,Netherlands,Wanderers Cricket Ground,Kenya,field,T20,2013,Kenya,1,1,0.2307692307692307,0.5,0.4,0.4,1.0,0.0,1.0,0.0,13,10,1,1,1,1,LOW,LOW,LOW,LOW
2013-05-11,Zimbabwe,Bangladesh,Queens Sports Club,Zimbabwe,bat,T20,2013,Zimbabwe,1,1,0.1052631578947368,0.2083333333333333,0.0,0.0,0.5,0.5,0.5,0.5,19,24,0,0,0,0,LOW,LOW,LOW,LOW
2013-05-12,Zimbabwe,Bangladesh,Queens Sports Club,Bangladesh,bat,T20,2013,Bangladesh,0,0,0.15,0.2,0.2,0.0,1.0,0.0,1.0,0.0,20,25,1,1,1,1,LOW,LOW,LOW,LOW
2013-06-25,England,New Zealand,Kennington Oval,England,field,T20,2013,New Zealand,0,1,0.5370370370370371,0.4745762711864407,0.6,0.4,0.7777777777777778,0.2222222222222222,0.5,0.5,54,59,9,9,6,2,MEDIUM,MEDIUM,MEDIUM,LOW
2013-07-27,West Indies,Pakistan,"Arnos Vale Ground, Kingstown",West Indies,bat,T20,2013,Pakistan,0,1,0.5111111111111111,0.6129032258064516,1.0,0.6,1.0,0.0,0.5,0.5,45,62,1,1,0,0,LOW,LOW,LOW,LOW
2013-07-28,West Indies,Pakistan,"Arnos Vale Ground, Kingstown",Pakistan,bat,T20,2013,Pakistan,0,0,0.5,0.6190476190476191,0.8,0.6,0.5,0.5,0.0,1.0,46,63,2,2,1,1,LOW,LOW,LOW,LOW
2013-08-02,Sri Lanka,South Africa,R Premadasa Stadium,South Africa,bat,T20,2013,South Africa,0,0,0.6041666666666666,0.6037735849056604,0.8,0.4,0.0,1.0,0.1666666666666666,0.0,48,53,1,1,6,3,LOW,LOW,MEDIUM,LOW
2013-08-04,Sri Lanka,South Africa,"Mahinda Rajapaksa International Cricket Stadium, Sooriyawewa",South Africa,bat,T20,2013,South Africa,0,0,0.5918367346938775,0.6111111111111112,0.6,0.6,0.0,1.0,0.5,1.0,49,54,2,2,4,2,LOW,LOW,LOW,LOW
2013-08-06,Sri Lanka,South Africa,"Mahinda Rajapaksa International Cricket Stadium, Sooriyawewa",South Africa,bat,T20,2013,Sri Lanka,1,0,0.58,0.6181818181818182,0.6,0.6,0.0,1.0,0.4,1.0,50,55,3,3,5,3,LOW,LOW,MEDIUM,LOW
2013-08-23,Zimbabwe,Pakistan,Harare Sports Club,Zimbabwe,field,T20,2013,Pakistan,0,1,0.1428571428571428,0.625,0.2,0.8,0.0,1.0,0.0,1.0,21,64,2,2,6,2,LOW,LOW,MEDIUM,LOW
2013-08-24,Zimbabwe,Pakistan,Harare Sports Club,Zimbabwe,field,T20,2013,Pakistan,0,1,0.1363636363636363,0.6307692307692307,0.2,0.8,0.0,1.0,0.0,1.0,22,65,3,3,7,3,LOW,LOW,MEDIUM,LOW
2013-08-29,England,Australia,The Rose Bowl,England,field,T20,2013,Australia,0,1,0.5272727272727272,0.5172413793103449,0.6,0.0,0.5,0.5,0.5,0.0,55,58,6,6,2,1,MEDIUM,MEDIUM,LOW,LOW
2013-08-31,England,Australia,Riverside Ground,Australia,field,T20,2013,England,1,0,0.5178571428571429,0.5254237288135594,0.4,0.2,0.4285714285714285,0.5714285714285714,0.0,0.5,56,59,7,7,1,0,MEDIUM,MEDIUM,LOW,LOW
2013-10-10,India,Australia,Saurashtra Cricket Association Stadium,India,field,T20,2013/14,India,1,1,0.5365853658536586,0.5166666666666667,0.6,0.2,0.4285714285714285,0.5714285714285714,0.5,0.5,41,60,7,7,0,0,MEDIUM,MEDIUM,LOW,LOW
2013-11-06,Bangladesh,New Zealand,Shere Bangla National Stadium,New Zealand,bat,T20,2013/14,New Zealand,0,0,0.2307692307692307,0.4833333333333333,0.2,0.4,0.0,1.0,0.3333333333333333,0.5,26,60,2,2,3,0,LOW,LOW,LOW,LOW
2013-11-13,Pakistan,South Africa,Dubai International Cricket Stadium,Pakistan,bat,T20,2013/14,South Africa,0,1,0.6363636363636364,0.6071428571428571,1.0,0.6,0.6666666666666666,0.3333333333333333,0.6666666666666666,0.5,66,56,6,6,9,0,MEDIUM,MEDIUM,MEDIUM,LOW
2013-11-15,Pakistan,South Africa,Dubai International Cricket Stadium,South Africa,bat,T20,2013/14,South Africa,0,0,0.6268656716417911,0.6140350877192983,0.8,0.6,0.5714285714285714,0.4285714285714285,0.6,1.0,67,57,7,7,10,1,MEDIUM,MEDIUM,MEDIUM,LOW
2013-11-16,Canada,Ireland,Sheikh Zayed Stadium,Canada,field,T20,2013/14,Ireland,0,1,0.1428571428571428,0.6111111111111112,0.2,0.6,0.0,1.0,0.5,0.5,7,18,1,1,0,0,LOW,LOW,LOW,LOW
2013-11-19,Kenya,Scotland,ICC Academy,Kenya,bat,T20,2013/14,Kenya,1,1,0.2857142857142857,0.25,0.6,0.2,0.5,0.5,0.5,0.5,14,8,0,0,0,0,LOW,LOW,LOW,LOW
2013-11-20,South Africa,Pakistan,New Wanderers Stadium,Pakistan,field,T20,2013/14,South Africa,1,0,0.6206896551724138,0.6176470588235294,0.8,0.6,0.5,0.5,0.7272727272727273,0.6666666666666666,58,68,8,8,11,3,MEDIUM,MEDIUM,MEDIUM,LOW
2013-11-21,Sri Lanka,New Zealand,Pallekele International Cricket Stadium,Sri Lanka,field,T20,2013/14,Sri Lanka,1,1,0.5882352941176471,0.4918032786885246,0.6,0.6,0.4444444444444444,0.5555555555555556,0.8333333333333334,0.3333333333333333,51,61,9,9,6,3,MEDIUM,MEDIUM,MEDIUM,LOW
2013-11-22,South Africa,Pakistan,Newlands,Pakistan,bat,T20,2013/14,Pakistan,0,0,0.6271186440677966,0.6086956521739131,0.8,0.4,0.5555555555555556,0.4444444444444444,0.6666666666666666,1.0,59,69,9,9,3,2,MEDIUM,MEDIUM,LOW,LOW
2013-11-22,Netherlands,Scotland,ICC Academy,Netherlands,field,T20,2013/14,Scotland,0,1,0.4545454545454545,0.2222222222222222,0.2,0.2,1.0,0.0,0.5,0.0,11,9,1,1,0,1,LOW,LOW,LOW,LOW
2013-11-23,Kenya,Netherlands,ICC Academy,Netherlands,bat,T20,2013/14,Netherlands,0,0,0.3333333333333333,0.4166666666666667,0.8,0.2,1.0,0.0,1.0,0.0,15,12,2,2,1,1,LOW,LOW,LOW,LOW
2013-11-26,Canada,Kenya,Sharjah Cricket Stadium,Kenya,bat,T20,2013/14,Kenya,0,0,0.125,0.3125,0.2,0.8,0.3333333333333333,0.6666666666666666,0.5,0.5,8,16,3,3,0,0,LOW,LOW,LOW,LOW
2013-11-28,Netherlands,Scotland,Sheikh Zayed Stadium,Scotland,bat,T20,2013/14,Netherlands,1,0,0.4615384615384615,0.3,0.4,0.4,0.5,0.5,0.5,0.5,13,10,2,2,0,0,LOW,LOW,LOW,LOW
2013-12-11,Pakistan,Sri Lanka,Dubai International Cricket Stadium,Pakistan,field,T20,2013/14,Pakistan,1,1,0.6142857142857143,0.5961538461538461,0.4,0.6,0.6,0.4,0.5454545454545454,0.5,70,52,10,10,11,0,MEDIUM,MEDIUM,MEDIUM,LOW
2013-12-13,Pakistan,Sri Lanka,Dubai International Cricket Stadium,Pakistan,field,T20,2013/14,Sri Lanka,0,1,0.6197183098591549,0.5849056603773585,0.4,0.4,0.6363636363636364,0.3636363636363636,0.5833333333333334,0.0,71,53,11,11,12,1,MEDIUM,MEDIUM,MEDIUM,LOW
2014-01-11,New Zealand,West Indies,Eden Park,New Zealand,bat,T20,2013/14,New Zealand,1,1,0.4838709677419355,0.4893617021276595,0.6,0.6,0.3333333333333333,0.6666666666666666,0.4285714285714285,0.5,62,47,3,3,7,0,LOW,LOW,MEDIUM,LOW
2014-01-15,New Zealand,West Indies,Westpac Stadium,West Indies,bat,T20,2013/14,New Zealand,1,0,0.492063492063492,0.4791666666666667,0.6,0.4,0.5,0.5,0.4,0.5,63,48,4,4,5,0,LOW,LOW,MEDIUM,LOW
2014-01-29,Australia,England,Bellerive Oval,Australia,bat,T20,2013/14,Australia,1,1,0.5081967213114754,0.5263157894736842,0.2,0.4,0.5,0.5,1.0,0.5,61,57,8,8,1,0,MEDIUM,MEDIUM,LOW,LOW
2014-01-31,Australia,England,Melbourne Cricket Ground,England,bat,T20,2013/14,Australia,1,0,0.5161290322580645,0.5172413793103449,0.4,0.4,0.5555555555555556,0.4444444444444444,0.6666666666666666,0.0,62,58,9,9,6,1,MEDIUM,MEDIUM,MEDIUM,LOW
2014-02-02,Australia,England,Stadium Australia,Australia,bat,T20,2013/14,Australia,1,1,0.5238095238095238,0.5084745762711864,0.6,0.2,0.6,0.4,0.5,0.5,63,59,10,10,2,0,MEDIUM,MEDIUM,LOW,LOW
2014-02-12,Bangladesh,Sri Lanka,Zahur Ahmed Chowdhury Stadium,Bangladesh,field,T20,2013/14,Sri Lanka,0,1,0.2222222222222222,0.5925925925925926,0.2,0.6,0.0,1.0,0.5,0.5,27,54,2,2,0,0,LOW,LOW,LOW,LOW
2014-02-14,Bangladesh,Sri Lanka,Zahur Ahmed Chowdhury Stadium,Bangladesh,bat,T20,2013/14,Sri Lanka,0,1,0.2142857142857142,0.6,0.2,0.8,0.0,1.0,0.0,1.0,28,55,3,3,1,1,LOW,LOW,LOW,LOW
2014-02-19,West Indies,Ireland,"Sabina Park, Kingston",West Indies,bat,T20,2013/14,Ireland,0,1,0.4693877551020408,0.631578947368421,0.2,0.6,1.0,0.0,0.5,0.5,49,19,1,1,0,0,LOW,LOW,LOW,LOW
2014-02-21,West Indies,Ireland,"Sabina Park, Kingston",Ireland,field,T20,2013/14,West Indies,1,0,0.46,0.65,0.0,0.6,0.5,0.5,0.0,1.0,50,20,2,2,1,1,LOW,LOW,LOW,LOW
2014-03-09,West Indies,England,"Kensington Oval, Bridgetown",West Indies,bat,T20,2013/14,West Indies,1,1,0.4705882352941176,0.5,0.2,0.2,0.6666666666666666,0.3333333333333333,0.75,1.0,51,60,9,9,4,3,MEDIUM,MEDIUM,LOW,LOW
2014-03-11,West Indies,England,"Kensington Oval, Bridgetown",England,bat,T20,2013/14,West Indies,1,0,0.4807692307692308,0.4918032786885246,0.4,0.2,0.7,0.3,0.8,0.75,52,61,10,10,5,4,MEDIUM,MEDIUM,MEDIUM,LOW
2014-03-12,South Africa,Australia,Kingsmead,Australia,field,T20,2013/14,Australia,0,0,0.6166666666666667,0.53125,0.6,0.6,0.4444444444444444,0.5555555555555556,0.6666666666666666,0.0,60,64,9,9,3,1,MEDIUM,MEDIUM,LOW,LOW
2014-03-13,West Indies,England,"Kensington Oval, Bridgetown",England,bat,T20,2013/14,England,0,0,0.490566037735849,0.4838709677419355,0.6,0.0,0.7272727272727273,0.2727272727272727,0.8333333333333334,0.6,53,62,11,11,6,5,MEDIUM,MEDIUM,MEDIUM,MEDIUM
2014-03-14,South Africa,Australia,SuperSport Park,Australia,field,T20,2013/14,Australia,0,0,0.6065573770491803,0.5384615384615384,0.6,0.8,0.4,0.6,0.6666666666666666,0.0,61,65,10,10,3,1,MEDIUM,MEDIUM,LOW,LOW
2014-03-16,Hong Kong,Nepal,Zahur Ahmed Chowdhury Stadium,Hong Kong,field,T20,2013/14,Nepal,0,1,0.5,0.5,0.5,0.5,0.5,0.5,0.5,0.5,0,0,0,0,0,0,LOW,LOW,LOW,LOW
2014-03-17,Ireland,Zimbabwe,Sylhet Stadium,Ireland,field,T20,2013/14,Ireland,1,1,0.6190476190476191,0.1304347826086956,0.4,0.2,0.5,0.5,0.5,0.5,21,23,0,0,0,0,LOW,LOW,LOW,LOW
2014-03-17,Netherlands,United Arab Emirates,Sylhet Stadium,United Arab Emirates,bat,T20,2013/14,Netherlands,1,0,0.5,0.5,0.4,0.5,0.5,0.5,0.5,0.5,14,0,0,0,0,0,LOW,LOW,LOW,LOW
2014-03-18,Bangladesh,Nepal,Zahur Ahmed Chowdhury Stadium,Bangladesh,field,T20,2013/14,Bangladesh,1,1,0.2068965517241379,1.0,0.2,1.0,0.5,0.5,0.0,1.0,29,1,0,0,2,1,LOW,LOW,LOW,LOW
2014-03-19,Ireland,United Arab Emirates,Sylhet Stadium,Ireland,field,T20,2013/14,Ireland,1,1,0.6363636363636364,0.0,0.6,0.0,0.5,0.5,1.0,0.0,22,1,0,0,1,1,LOW,LOW,LOW,LOW
2014-03-19,Netherlands,Zimbabwe,Sylhet Stadium,Netherlands,bat,T20,2013/14,Zimbabwe,0,1,0.5333333333333333,0.125,0.6,0.2,0.5,0.5,1.0,0.0,15,24,0,0,1,1,LOW,LOW,LOW,LOW
2014-03-20,Bangladesh,Hong Kong,Zahur Ahmed Chowdhury Stadium,Hong Kong,field,T20,2013/14,Hong Kong,0,0,0.2333333333333333,0.0,0.4,0.0,0.5,0.5,0.3333333333333333,0.0,30,1,0,0,3,1,LOW,LOW,LOW,LOW
2014-03-21,Ireland,Netherlands,Sylhet Stadium,Netherlands,field,T20,2013/14,Netherlands,0,0,0.6521739130434783,0.5,0.8,0.6,1.0,0.0,1.0,0.5,23,16,2,2,2,2,LOW,LOW,LOW,LOW
2014-03-21,India,Pakistan,Shere Bangla National Stadium,India,field,T20,2013/14,India,1,1,0.5476190476190477,0.6111111111111112,0.6,0.4,0.75,0.25,0.5,1.0,42,72,4,4,0,1,LOW,LOW,LOW,LOW
2014-03-21,United Arab Emirates,Zimbabwe,Sylhet Stadium,Zimbabwe,field,T20,2013/14,Zimbabwe,0,0,0.0,0.16,0.0,0.2,0.5,0.5,0.0,0.5,2,25,0,0,2,2,LOW,LOW,LOW,LOW
2014-03-22,South Africa,Sri Lanka,Zahur Ahmed Chowdhury Stadium,Sri Lanka,bat,T20,2013/14,Sri Lanka,0,0,0.5967741935483871,0.6071428571428571,0.4,0.8,0.75,0.25,0.5,1.0,62,56,4,4,0,2,LOW,LOW,LOW,LOW
2014-03-22,England,New Zealand,Zahur Ahmed Chowdhury Stadium,New Zealand,field,T20,2013/14,New Zealand,0,0,0.492063492063492,0.5,0.2,0.8,0.7,0.3,0.5,0.5,63,64,10,10,0,0,MEDIUM,MEDIUM,LOW,LOW
2014-03-23,Australia,Pakistan,Shere Bangla National Stadium,Australia,field,T20,2013/14,Pakistan,0,1,0.5454545454545454,0.6027397260273972,1.0,0.4,0.4,0.6,0.5,0.5,66,73,10,10,0,2,MEDIUM,MEDIUM,LOW,LOW
2014-03-23,India,West Indies,Shere Bangla National Stadium,India,field,T20,2013/14,India,1,1,0.5581395348837209,0.4814814814814814,0.6,0.6,0.3333333333333333,0.6666666666666666,1.0,0.5,43,54,3,3,1,2,LOW,LOW,LOW,LOW
2014-03-24,New Zealand,South Africa,Zahur Ahmed Chowdhury Stadium,New Zealand,field,T20,2013/14,South Africa,0,1,0.5076923076923077,0.5873015873015873,0.8,0.2,0.2727272727272727,0.7272727272727273,1.0,0.0,65,63,11,11,1,1,MEDIUM,MEDIUM,LOW,LOW
2014-03-24,Netherlands,Sri Lanka,Zahur Ahmed Chowdhury Stadium,Sri Lanka,field,T20,2013/14,Sri Lanka,0,0,0.5294117647058824,0.6140350877192983,0.8,0.8,0.5,0.5,0.5,1.0,17,57,0,0,0,3,LOW,LOW,LOW,LOW
2014-03-25,Bangladesh,West Indies,Shere Bangla National Stadium,Bangladesh,field,T20,2013/14,West Indies,0,1,0.2258064516129032,0.4727272727272727,0.2,0.6,0.5,0.5,0.25,0.3333333333333333,31,55,4,4,4,3,LOW,LOW,LOW,LOW
2014-03-27,England,Sri Lanka,Zahur Ahmed Chowdhury Stadium,England,field,T20,2013/14,England,1,1,0.484375,0.6206896551724138,0.2,1.0,0.25,0.75,0.0,1.0,64,58,4,4,1,4,LOW,LOW,LOW,LOW
2014-03-27,Netherlands,South Africa,Zahur Ahmed Chowdhury Stadium,Netherlands,field,T20,2013/14,South Africa,0,1,0.5,0.59375,0.6,0.2,0.5,0.5,0.0,0.5,18,64,0,0,1,2,LOW,LOW,LOW,LOW
2014-03-28,Australia,West Indies,Shere Bangla National Stadium,Australia,bat,T20,2013/14,West Indies,0,1,0.5373134328358209,0.4821428571428571,0.8,0.6,0.5,0.5,0.0,0.5,67,56,10,10,1,4,MEDIUM,MEDIUM,LOW,LOW
2014-03-28,Bangladesh,India,Shere Bangla National Stadium,India,field,T20,2013/14,India,0,0,0.21875,0.5681818181818182,0.2,0.8,0.0,1.0,0.2,1.0,32,44,1,1,5,2,LOW,LOW,MEDIUM,LOW
2014-03-29,England,South Africa,Zahur Ahmed Chowdhury Stadium,England,field,T20,2013/14,South Africa,0,1,0.4923076923076923,0.6,0.4,0.4,0.4285714285714285,0.5714285714285714,0.5,0.6666666666666666,65,65,7,7,2,3,MEDIUM,MEDIUM,LOW,LOW
2014-03-29,Netherlands,New Zealand,Zahur Ahmed Chowdhury Stadium,New Zealand,field,T20,2013/14,New Zealand,0,0,0.4736842105263157,0.5,0.4,0.6,0.5,0.5,0.0,0.5,19,66,0,0,2,2,LOW,LOW,LOW,LOW
2014-03-30,Australia,India,Shere Bangla National Stadium,Australia,field,T20,2013/14,India,0,1,0.5294117647058824,0.5777777777777777,0.6,1.0,0.5,0.5,0.0,1.0,68,45,8,8,2,3,MEDIUM,MEDIUM,LOW,LOW
2014-03-30,Bangladesh,Pakistan,Shere Bangla National Stadium,Pakistan,bat,T20,2013/14,Pakistan,0,0,0.2121212121212121,0.6081081081081081,0.2,0.6,0.0,1.0,0.1666666666666666,0.6666666666666666,33,74,6,6,6,3,MEDIUM,MEDIUM,MEDIUM,LOW
2014-03-31,New Zealand,Sri Lanka,Zahur Ahmed Chowdhury Stadium,New Zealand,field,T20,2013/14,Sri Lanka,0,1,0.5074626865671642,0.6101694915254238,0.8,0.8,0.5,0.5,0.6666666666666666,0.8,67,59,10,10,3,5,MEDIUM,MEDIUM,LOW,MEDIUM
2014-03-31,England,Netherlands,Zahur Ahmed Chowdhury Stadium,England,field,T20,2013/14,Netherlands,0,1,0.4848484848484848,0.45,0.4,0.2,0.0,1.0,0.3333333333333333,0.0,66,20,1,1,3,3,LOW,LOW,LOW,LOW
2014-04-01,Pakistan,West Indies,Shere Bangla National Stadium,West Indies,bat,T20,2013/14,West Indies,0,0,0.6133333333333333,0.4912280701754385,0.6,0.6,0.6666666666666666,0.3333333333333333,0.75,0.6,75,57,3,3,4,5,LOW,LOW,LOW,MEDIUM
2014-04-01,Bangladesh,Australia,Shere Bangla National Stadium,Bangladesh,bat,T20,2013/14,Australia,0,1,0.2058823529411764,0.5217391304347826,0.2,0.4,0.0,1.0,0.1428571428571428,0.0,34,69,2,2,7,3,LOW,LOW,MEDIUM,LOW
2014-04-03,Sri Lanka,West Indies,Shere Bangla National Stadium,Sri Lanka,bat,T20,2013/14,Sri Lanka,1,1,0.6166666666666667,0.5,0.8,0.6,0.8,0.2,0.5,0.6666666666666666,60,58,5,5,0,6,MEDIUM,MEDIUM,LOW,MEDIUM
2014-04-04,India,South Africa,Shere Bangla National Stadium,South Africa,bat,T20,2013/14,India,1,0,0.5869565217391305,0.6060606060606061,1.0,0.6,0.7142857142857143,0.2857142857142857,1.0,0.5,46,66,7,7,4,0,MEDIUM,MEDIUM,LOW,LOW
2014-04-06,India,Sri Lanka,Shere Bangla National Stadium,Sri Lanka,field,T20,2013/14,Sri Lanka,0,0,0.5957446808510638,0.6229508196721312,1.0,0.8,0.6,0.4,1.0,1.0,47,61,5,5,5,1,MEDIUM,MEDIUM,MEDIUM,LOW
2014-05-20,England,Sri Lanka,Kennington Oval,England,field,T20,2014,Sri Lanka,0,1,0.4776119402985074,0.6290322580645161,0.4,0.8,0.4,0.6,0.4285714285714285,1.0,67,62,5,5,7,1,MEDIUM,MEDIUM,MEDIUM,LOW
2014-07-05,West Indies,New Zealand,"Windsor Park, Roseau",New Zealand,field,T20,2014,New Zealand,0,0,0.4915254237288136,0.5,0.6,0.6,0.4,0.6,0.5,0.5,59,68,5,5,0,0,MEDIUM,MEDIUM,LOW,LOW
2014-07-06,West Indies,New Zealand,"Windsor Park, Roseau",New Zealand,field,T20,2014,West Indies,1,0,0.4833333333333333,0.5072463768115942,0.6,0.6,0.3333333333333333,0.6666666666666666,0.0,1.0,60,69,6,6,1,1,MEDIUM,MEDIUM,LOW,LOW
2014-09-07,England,India,Edgbaston,England,bat,T20,2014,England,1,1,0.4705882352941176,0.5833333333333334,0.2,0.8,0.5714285714285714,0.4285714285714285,1.0,0.5,68,48,7,7,1,0,MEDIUM,MEDIUM,LOW,LOW
2014-10-05,Australia,Pakistan,Dubai International Cricket Stadium,Pakistan,bat,T20,2014/15,Australia,1,0,0.5285714285714286,0.6052631578947368,0.4,0.4,0.3636363636363636,0.6363636363636364,0.3333333333333333,0.5384615384615384,70,76,11,11,3,13,MEDIUM,MEDIUM,LOW,MEDIUM
2014-11-05,Australia,South Africa,Adelaide Oval,Australia,bat,T20,2014/15,South Africa,0,1,0.5352112676056338,0.5970149253731343,0.4,0.6,0.6363636363636364,0.3636363636363636,0.0,0.5,71,67,11,11,1,0,MEDIUM,MEDIUM,LOW,LOW
2014-11-07,Australia,South Africa,Melbourne Cricket Ground,South Africa,bat,T20,2014/15,Australia,1,0,0.5277777777777778,0.6029411764705882,0.4,0.8,0.5833333333333334,0.4166666666666667,0.7142857142857143,0.0,72,68,12,12,7,1,MEDIUM,MEDIUM,MEDIUM,LOW
2014-11-09,Australia,South Africa,Stadium Australia,Australia,field,T20,2014/15,Australia,1,1,0.5342465753424658,0.5942028985507246,0.6,0.6,0.6153846153846154,0.3846153846153846,0.6666666666666666,0.5,73,69,13,13,3,0,MEDIUM,MEDIUM,LOW,LOW
2014-11-24,Hong Kong,Nepal,P Sara Oval,Hong Kong,field,T20,2014/15,Hong Kong,1,1,0.5,0.5,0.5,0.5,0.0,1.0,0.5,0.5,2,2,1,1,0,0,LOW,LOW,LOW,LOW
2014-12-04,New Zealand,Pakistan,Dubai International Cricket Stadium,Pakistan,field,T20,2014/15,Pakistan,0,0,0.5,0.5974025974025974,0.4,0.4,0.3333333333333333,0.6666666666666666,0.0,0.5,70,77,9,9,2,14,MEDIUM,MEDIUM,LOW,MEDIUM
2014-12-05,New Zealand,Pakistan,Dubai International Cricket Stadium,Pakistan,field,T20,2014/15,New Zealand,1,0,0.4929577464788732,0.6025641025641025,0.4,0.6,0.3,0.7,0.0,0.5333333333333333,71,78,10,10,3,15,MEDIUM,MEDIUM,LOW,MEDIUM
2015-01-09,South Africa,West Indies,Newlands,South Africa,bat,T20,2014/15,West Indies,0,1,0.5857142857142857,0.4918032786885246,0.4,0.6,0.8333333333333334,0.1666666666666666,0.5,0.5,70,61,6,6,4,0,MEDIUM,MEDIUM,LOW,LOW
2015-01-11,South Africa,West Indies,New Wanderers Stadium,West Indies,field,T20,2014/15,West Indies,0,0,0.5774647887323944,0.5,0.2,0.6,0.7142857142857143,0.2857142857142857,0.75,0.0,71,62,7,7,12,3,MEDIUM,MEDIUM,MEDIUM,LOW
2015-01-14,South Africa,West Indies,Kingsmead,West Indies,field,T20,2014/15,South Africa,1,0,0.5694444444444444,0.5079365079365079,0.2,0.6,0.625,0.375,0.5,0.5,72,63,8,8,4,0,MEDIUM,MEDIUM,LOW,LOW
2015-04-24,Bangladesh,Pakistan,Shere Bangla National Stadium,Pakistan,bat,T20,2015,Bangladesh,1,0,0.2,0.5949367088607594,0.0,0.4,0.0,1.0,0.125,0.6,35,79,7,7,8,5,MEDIUM,MEDIUM,MEDIUM,MEDIUM
2015-05-22,Pakistan,Zimbabwe,Gaddafi Stadium,Zimbabwe,bat,T20,2015,Pakistan,1,0,0.5875,0.1923076923076923,0.2,0.4,1.0,0.0,0.5,0.5,80,26,4,4,0,0,LOW,LOW,LOW,LOW
2015-05-24,Pakistan,Zimbabwe,Gaddafi Stadium,Zimbabwe,bat,T20,2015,Pakistan,1,0,0.5925925925925926,0.1851851851851851,0.4,0.4,1.0,0.0,1.0,0.0,81,27,5,5,1,1,MEDIUM,MEDIUM,LOW,LOW
2015-06-20,Ireland,Scotland,"Bready Cricket Club, Magheramason",Scotland,field,T20,2015,Scotland,0,0,0.625,0.2727272727272727,0.6,0.4,1.0,0.0,0.5,0.5,24,11,2,2,0,0,LOW,LOW,LOW,LOW
2015-06-23,England,New Zealand,Old Trafford,England,bat,T20,2015,England,1,1,0.4782608695652174,0.5,0.4,0.4,0.6363636363636364,0.3636363636363636,1.0,0.0,69,72,11,11,2,1,MEDIUM,MEDIUM,LOW,LOW
2015-07-01,Netherlands,Nepal,VRA Ground,Nepal,field,T20,2015,Netherlands,1,0,0.4761904761904761,0.3333333333333333,0.4,0.3333333333333333,0.5,0.5,0.5,0.5,21,3,0,0,0,0,LOW,LOW,LOW,LOW
2015-07-02,Netherlands,Nepal,Hazelaarweg,Netherlands,bat,T20,2015,Netherlands,1,1,0.5,0.25,0.4,0.25,1.0,0.0,0.5,0.5,22,4,1,1,0,0,LOW,LOW,LOW,LOW
2015-07-05,Bangladesh,South Africa,Shere Bangla National Stadium,South Africa,bat,T20,2015,South Africa,0,0,0.2222222222222222,0.5753424657534246,0.2,0.2,0.0,1.0,0.2222222222222222,0.0,36,73,2,2,9,1,LOW,LOW,MEDIUM,LOW
2015-07-07,Bangladesh,South Africa,Shere Bangla National Stadium,South Africa,bat,T20,2015,South Africa,0,0,0.2162162162162162,0.581081081081081,0.2,0.4,0.0,1.0,0.2,0.5,37,74,3,3,10,2,LOW,LOW,MEDIUM,LOW
2015-07-09,Scotland,United Arab Emirates,"Grange Cricket Club Ground, Raeburn Place",Scotland,field,T20,2015,Scotland,1,1,0.3333333333333333,0.0,0.6,0.0,0.5,0.5,0.5,0.5,12,3,0,0,0,0,LOW,LOW,LOW,LOW
2015-07-11,Scotland,Netherlands,"Grange Cricket Club Ground, Raeburn Place",Netherlands,bat,T20,2015,Netherlands,0,0,0.3846153846153846,0.5217391304347826,0.6,0.6,0.3333333333333333,0.6666666666666666,1.0,0.5,13,23,3,3,1,0,LOW,LOW,LOW,LOW
2015-07-12,Netherlands,United Arab Emirates,"Grange Cricket Club Ground, Raeburn Place",Netherlands,field,T20,2015,Netherlands,1,1,0.5416666666666666,0.0,0.8,0.0,1.0,0.0,1.0,0.0,24,4,1,1,1,1,LOW,LOW,LOW,LOW
2015-07-13,Nepal,Ireland,"Civil Service Cricket Club, Stormont",Ireland,field,T20,2015,Ireland,0,0,0.2,0.6,0.2,0.4,0.5,0.5,0.5,0.5,5,25,0,0,0,2,LOW,LOW,LOW,LOW
2015-07-15,Ireland,Papua New Guinea,"Civil Service Cricket Club, Stormont",Ireland,bat,T20,2015,Papua New Guinea,0,1,0.6153846153846154,0.5,0.6,0.5,0.5,0.5,0.6666666666666666,0.5,26,0,0,0,3,0,LOW,LOW,LOW,LOW
2015-07-15,Hong Kong,Nepal,"Civil Service Cricket Club, Stormont",Hong Kong,field,T20,2015,Hong Kong,1,1,0.6666666666666666,0.1666666666666666,0.6666666666666666,0.0,0.5,0.5,0.5,0.0,3,6,2,2,0,1,LOW,LOW,LOW,LOW
2015-07-17,Zimbabwe,India,Harare Sports Club,India,bat,T20,2015,India,0,0,0.1785714285714285,0.5714285714285714,0.4,0.6,0.0,1.0,0.0,1.0,28,49,2,2,8,2,LOW,LOW,MEDIUM,LOW
2015-07-17,Nepal,Papua New Guinea,"The Village, Malahide",Papua New Guinea,field,T20,2015,Papua New Guinea,0,0,0.1428571428571428,1.0,0.0,1.0,0.5,0.5,0.5,0.5,7,1,0,0,0,0,LOW,LOW,LOW,LOW
2015-07-17,Ireland,Hong Kong,"The Village, Malahide",Ireland,field,T20,2015,Hong Kong,0,1,0.5925925925925926,0.75,0.4,0.75,0.5,0.5,0.5,0.5,27,4,0,0,0,0,LOW,LOW,LOW,LOW
2015-07-19,Zimbabwe,India,Harare Sports Club,Zimbabwe,bat,T20,2015,Zimbabwe,1,1,0.1724137931034483,0.58,0.4,0.6,0.0,1.0,0.0,1.0,29,50,3,3,9,3,LOW,LOW,MEDIUM,LOW
2015-07-25,Hong Kong,Scotland,"The Village, Malahide",Scotland,field,T20,2015,Scotland,0,0,0.8,0.3571428571428571,0.8,0.6,0.5,0.5,1.0,0.5,5,14,0,0,1,0,LOW,LOW,LOW,LOW
2015-07-25,Ireland,Netherlands,"The Village, Malahide",Netherlands,field,T20,2015,Netherlands,0,0,0.5714285714285714,0.56,0.2,1.0,0.6666666666666666,0.3333333333333333,0.0,0.5,28,25,3,3,1,0,LOW,LOW,LOW,LOW
2015-07-30,Sri Lanka,Pakistan,R Premadasa Stadium,Pakistan,bat,T20,2015,Pakistan,0,0,0.6349206349206349,0.5975609756097561,0.8,0.6,0.4166666666666667,0.5833333333333334,0.1428571428571428,0.6,63,82,12,12,7,5,MEDIUM,MEDIUM,MEDIUM,MEDIUM
2015-08-01,Sri Lanka,Pakistan,R Premadasa Stadium,Sri Lanka,bat,T20,2015,Pakistan,0,1,0.625,0.6024096385542169,0.8,0.6,0.3846153846153846,0.6153846153846154,0.125,0.6666666666666666,64,83,13,13,8,6,MEDIUM,MEDIUM,MEDIUM,MEDIUM
2015-08-09,Zimbabwe,New Zealand,Harare Sports Club,Zimbabwe,field,T20,2015,New Zealand,0,1,0.2,0.4931506849315068,0.4,0.4,0.0,1.0,0.1,1.0,30,73,5,5,10,2,MEDIUM,MEDIUM,MEDIUM,LOW
2015-08-14,South Africa,New Zealand,Kingsmead,South Africa,field,T20,2015,South Africa,1,1,0.5866666666666667,0.5,0.6,0.4,0.75,0.25,0.6,0.5,75,74,12,12,5,4,MEDIUM,MEDIUM,MEDIUM,LOW
2015-08-16,South Africa,New Zealand,SuperSport Park,New Zealand,bat,T20,2015,New Zealand,0,0,0.5921052631578947,0.4933333333333333,0.8,0.4,0.7692307692307693,0.2307692307692307,0.5,0.5,76,75,13,13,4,0,MEDIUM,MEDIUM,LOW,LOW
2015-08-31,England,Australia,Sophia Gardens,Australia,field,T20,2015,England,1,0,0.4857142857142857,0.5405405405405406,0.4,0.8,0.3636363636363636,0.6363636363636364,1.0,0.5,70,74,11,11,2,0,MEDIUM,MEDIUM,LOW,LOW
2015-09-27,Zimbabwe,Pakistan,Harare Sports Club,Pakistan,bat,T20,2015/16,Pakistan,0,0,0.1935483870967742,0.6071428571428571,0.2,0.8,0.0,1.0,0.0909090909090909,1.0,31,84,6,6,11,4,MEDIUM,MEDIUM,MEDIUM,LOW
2015-09-29,Zimbabwe,Pakistan,Harare Sports Club,Pakistan,bat,T20,2015/16,Pakistan,0,0,0.1875,0.611764705882353,0.2,1.0,0.0,1.0,0.0833333333333333,1.0,32,85,7,7,12,5,MEDIUM,MEDIUM,MEDIUM,MEDIUM
2015-10-02,India,South Africa,Himachal Pradesh Cricket Association Stadium,South Africa,field,T20,2015/16,South Africa,0,0,0.5686274509803921,0.5844155844155844,0.4,0.8,0.75,0.25,0.5,0.5,51,77,8,8,0,0,MEDIUM,MEDIUM,LOW,LOW
2015-10-05,India,South Africa,Barabati Stadium,South Africa,field,T20,2015/16,South Africa,0,0,0.5576923076923077,0.5897435897435898,0.2,0.8,0.6666666666666666,0.3333333333333333,0.5,0.5,52,78,9,9,0,0,MEDIUM,MEDIUM,LOW,LOW
2015-11-09,Sri Lanka,West Indies,Pallekele International Cricket Stadium,West Indies,field,T20,2015/16,Sri Lanka,1,0,0.6153846153846154,0.5,0.6,0.6,0.8333333333333334,0.1666666666666666,0.8571428571428571,0.5,65,64,6,6,7,2,MEDIUM,MEDIUM,MEDIUM,LOW
2015-11-11,Sri Lanka,West Indies,R Premadasa Stadium,West Indies,bat,T20,2015/16,West Indies,0,0,0.6212121212121212,0.4923076923076923,0.6,0.6,0.8571428571428571,0.1428571428571428,0.1111111111111111,0.6666666666666666,66,65,7,7,9,3,MEDIUM,MEDIUM,MEDIUM,LOW
2015-11-13,Bangladesh,Zimbabwe,Shere Bangla National Stadium,Bangladesh,field,T20,2015/16,Bangladesh,1,1,0.2105263157894736,0.1818181818181818,0.2,0.2,0.5,0.5,0.1818181818181818,0.5,38,33,2,2,11,0,LOW,LOW,MEDIUM,LOW
2015-11-15,Bangladesh,Zimbabwe,Shere Bangla National Stadium,Bangladesh,bat,T20,2015/16,Zimbabwe,0,1,0.2307692307692307,0.1764705882352941,0.4,0.2,0.6666666666666666,0.3333333333333333,0.25,0.0,39,34,3,3,12,1,LOW,LOW,MEDIUM,LOW
2015-11-21,Hong Kong,Oman,Sheikh Zayed Stadium,Oman,field,T20,2015/16,Oman,0,0,0.6666666666666666,0.5,0.8,0.5,0.5,0.5,0.5,0.5,6,0,0,0,0,0,LOW,LOW,LOW,LOW
2015-11-22,United Arab Emirates,Oman,Sheikh Zayed Stadium,United Arab Emirates,field,T20,2015/16,United Arab Emirates,1,1,0.0,1.0,0.0,1.0,0.5,0.5,0.5,1.0,5,1,0,0,0,1,LOW,LOW,LOW,LOW
2015-11-25,Hong Kong,Oman,Sheikh Zayed Stadium,Hong Kong,field,T20,2015/16,Oman,0,1,0.5714285714285714,0.5,0.6,0.5,0.0,1.0,0.0,0.5,7,2,1,1,1,2,LOW,LOW,LOW,LOW
2015-11-26,Hong Kong,Oman,Sheikh Zayed Stadium,Hong Kong,field,T20,2015/16,Hong Kong,1,1,0.5,0.6666666666666666,0.4,0.6666666666666666,0.0,1.0,0.0,0.6666666666666666,8,3,2,2,2,3,LOW,LOW,LOW,LOW
2015-11-26,England,Pakistan,Dubai International Cricket Stadium,England,bat,T20,2015/16,England,1,1,0.4929577464788732,0.6162790697674418,0.6,1.0,0.7,0.3,0.5,0.5,71,86,10,10,4,16,MEDIUM,MEDIUM,LOW,MEDIUM
2015-11-27,England,Pakistan,Dubai International Cricket Stadium,England,bat,T20,2015/16,England,1,1,0.5,0.6091954022988506,0.8,0.8,0.7272727272727273,0.2727272727272727,0.6,0.4705882352941176,72,87,11,11,5,17,MEDIUM,MEDIUM,MEDIUM,MEDIUM
2016-01-07,New Zealand,Sri Lanka,Bay Oval,Sri Lanka,field,T20,2015/16,New Zealand,1,0,0.5,0.6119402985074627,0.6,0.4,0.4545454545454545,0.5454545454545454,0.5,0.5,76,67,11,11,0,0,MEDIUM,MEDIUM,LOW,LOW
2016-01-10,New Zealand,Sri Lanka,Eden Park,New Zealand,field,T20,2015/16,New Zealand,1,1,0.5064935064935064,0.6029411764705882,0.6,0.2,0.5,0.5,0.5,0.0,77,68,12,12,8,1,MEDIUM,MEDIUM,MEDIUM,LOW
2016-01-15,Bangladesh,Zimbabwe,Sheikh Abu Naser Stadium,Zimbabwe,bat,T20,2015/16,Bangladesh,1,0,0.225,0.2,0.4,0.2,0.5,0.5,0.5,0.5,40,35,4,4,0,0,LOW,LOW,LOW,LOW
2016-01-15,New Zealand,Pakistan,Eden Park,New Zealand,field,T20,2015/16,Pakistan,0,1,0.5128205128205128,0.6022727272727273,0.8,0.6,0.3636363636363636,0.6363636363636364,0.5555555555555556,0.0,78,88,11,11,9,1,MEDIUM,MEDIUM,MEDIUM,LOW
2016-01-17,New Zealand,Pakistan,Seddon Park,Pakistan,bat,T20,2015/16,New Zealand,1,0,0.5063291139240507,0.6067415730337079,0.6,0.6,0.3333333333333333,0.6666666666666666,0.8333333333333334,0.0,79,89,12,12,6,1,MEDIUM,MEDIUM,MEDIUM,LOW
2016-01-17,Bangladesh,Zimbabwe,Sheikh Abu Naser Stadium,Bangladesh,bat,T20,2015/16,Bangladesh,1,1,0.2439024390243902,0.1944444444444444,0.4,0.2,0.6,0.4,1.0,0.0,41,36,5,5,1,1,MEDIUM,MEDIUM,LOW,LOW
2016-01-20,Bangladesh,Zimbabwe,Sheikh Abu Naser Stadium,Zimbabwe,bat,T20,2015/16,Zimbabwe,0,0,0.2619047619047619,0.1891891891891892,0.6,0.2,0.6666666666666666,0.3333333333333333,1.0,0.0,42,37,6,6,2,2,MEDIUM,MEDIUM,LOW,LOW
2016-01-22,New Zealand,Pakistan,Westpac Stadium,Pakistan,field,T20,2015/16,New Zealand,1,0,0.5125,0.6,0.8,0.4,0.3846153846153846,0.6153846153846154,0.5,0.5,80,90,13,13,6,0,MEDIUM,MEDIUM,MEDIUM,LOW
2016-01-22,Bangladesh,Zimbabwe,Sheikh Abu Naser Stadium,Zimbabwe,bat,T20,2015/16,Zimbabwe,0,0,0.2558139534883721,0.2105263157894736,0.6,0.4,0.5714285714285714,0.4285714285714285,0.6666666666666666,0.3333333333333333,43,38,7,7,3,3,MEDIUM,MEDIUM,LOW,LOW
2016-01-26,Australia,India,Adelaide Oval,Australia,field,T20,2015/16,India,0,1,0.5333333333333333,0.5471698113207547,0.6,0.2,0.4444444444444444,0.5555555555555556,0.0,0.5,75,53,9,9,2,0,MEDIUM,MEDIUM,LOW,LOW
2016-01-29,Australia,India,Melbourne Cricket Ground,Australia,field,T20,2015/16,India,0,1,0.5263157894736842,0.5555555555555556,0.4,0.4,0.4,0.6,0.75,0.5,76,54,10,10,8,2,MEDIUM,MEDIUM,MEDIUM,LOW
2016-01-30,Hong Kong,Scotland,"Mission Road Ground, Mong Kok",Hong Kong,field,T20,2015/16,Hong Kong,1,1,0.5555555555555556,0.4,0.4,0.6,0.0,1.0,0.5,0.5,9,15,1,1,0,0,LOW,LOW,LOW,LOW
2016-01-31,Hong Kong,Scotland,"Mission Road Ground, Mong Kok",Hong Kong,field,T20,2015/16,Scotland,0,1,0.6,0.375,0.4,0.6,0.5,0.5,1.0,0.0,10,16,2,2,1,1,LOW,LOW,LOW,LOW
2016-01-31,Australia,India,Sydney Cricket Ground,Australia,bat,T20,2015/16,India,0,1,0.5194805194805194,0.5636363636363636,0.4,0.4,0.3636363636363636,0.6363636363636364,1.0,0.5,77,55,11,11,3,0,MEDIUM,MEDIUM,LOW,LOW
2016-02-03,United Arab Emirates,Netherlands,ICC Academy,United Arab Emirates,field,T20,2015/16,Netherlands,0,1,0.1666666666666666,0.5769230769230769,0.2,1.0,0.0,1.0,0.5,0.5,6,26,2,2,0,2,LOW,LOW,LOW,LOW
2016-02-04,United Arab Emirates,Scotland,ICC Academy,United Arab Emirates,bat,T20,2015/16,United Arab Emirates,1,1,0.1428571428571428,0.4117647058823529,0.2,0.6,0.0,1.0,0.0,0.5,7,17,1,1,1,2,LOW,LOW,LOW,LOW
2016-02-07,Ireland,Papua New Guinea,Tony Ireland Stadium,Papua New Guinea,field,T20,2015/16,Ireland,1,0,0.5517241379310345,1.0,0.2,1.0,0.0,1.0,0.5,0.5,29,2,1,1,0,0,LOW,LOW,LOW,LOW
2016-02-09,India,Sri Lanka,Maharashtra Cricket Association Stadium,Sri Lanka,field,T20,2015/16,Sri Lanka,0,0,0.5714285714285714,0.5942028985507246,0.6,0.2,0.5,0.5,0.5,0.5,56,69,6,6,0,0,MEDIUM,MEDIUM,LOW,LOW
2016-02-09,Ireland,Papua New Guinea,Tony Ireland Stadium,Papua New Guinea,bat,T20,2015/16,Papua New Guinea,0,0,0.5666666666666667,0.6666666666666666,0.4,0.6666666666666666,0.5,0.5,1.0,0.0,30,3,2,2,1,1,LOW,LOW,LOW,LOW
2016-02-12,India,Sri Lanka,JSCA International Stadium Complex,Sri Lanka,field,T20,2015/16,India,1,0,0.5614035087719298,0.6,0.6,0.4,0.4285714285714285,0.5714285714285714,0.5,0.5,57,70,7,7,0,0,MEDIUM,MEDIUM,LOW,LOW
2016-02-14,United Arab Emirates,Ireland,Sheikh Zayed Stadium,United Arab Emirates,field,T20,2015/16,Ireland,0,1,0.25,0.5483870967741935,0.4,0.2,0.0,1.0,1.0,1.0,8,31,1,1,1,1,LOW,LOW,LOW,LOW
2016-02-14,India,Sri Lanka,Dr. Y.S. Rajasekhara Reddy ACA-VDCA Cricket Stadium,India,field,T20,2015/16,India,1,1,0.5689655172413793,0.5915492957746479,0.8,0.2,0.5,0.5,0.5,0.5,58,71,8,8,0,0,MEDIUM,MEDIUM,LOW,LOW
2016-02-16,United Arab Emirates,Ireland,Sheikh Zayed Stadium,United Arab Emirates,bat,T20,2015/16,United Arab Emirates,1,1,0.2222222222222222,0.5625,0.4,0.4,0.0,1.0,0.5,1.0,9,32,2,2,2,2,LOW,LOW,LOW,LOW
2016-02-19,South Africa,England,Newlands,South Africa,field,T20,2015/16,South Africa,1,1,0.5949367088607594,0.5068493150684932,0.8,1.0,0.625,0.375,0.4,0.3333333333333333,79,73,8,8,5,3,MEDIUM,MEDIUM,MEDIUM,LOW
2016-02-19,Hong Kong,Oman,Khan Shaheb Osman Ali Stadium,Oman,bat,T20,2015/16,Oman,0,0,0.5454545454545454,0.5,0.4,0.5,0.3333333333333333,0.6666666666666666,0.5,0.5,11,4,3,3,0,0,LOW,LOW,LOW,LOW
2016-02-21,Hong Kong,United Arab Emirates,Khan Shaheb Osman Ali Stadium,Hong Kong,bat,T20,2015/16,United Arab Emirates,0,1,0.5,0.3,0.4,0.6,0.5,0.5,0.0,0.5,12,10,0,0,1,0,LOW,LOW,LOW,LOW
2016-02-21,South Africa,England,New Wanderers Stadium,South Africa,field,T20,2015/16,South Africa,1,1,0.6,0.5,0.8,0.8,0.6666666666666666,0.3333333333333333,0.6923076923076923,1.0,80,74,9,9,13,1,MEDIUM,MEDIUM,MEDIUM,LOW
2016-02-22,Oman,United Arab Emirates,Shere Bangla National Stadium,Oman,field,T20,2015/16,United Arab Emirates,0,1,0.6,0.3636363636363636,0.6,0.6,0.0,1.0,0.5,0.5,5,11,1,1,0,0,LOW,LOW,LOW,LOW
2016-02-24,India,Bangladesh,Shere Bangla National Stadium,Bangladesh,field,T20,2015/16,India,1,0,0.576271186440678,0.25,0.8,0.4,1.0,0.0,0.8333333333333334,0.2307692307692307,59,44,2,2,6,13,LOW,LOW,MEDIUM,MEDIUM
2016-02-25,Sri Lanka,United Arab Emirates,Shere Bangla National Stadium,United Arab Emirates,field,T20,2015/16,Sri Lanka,1,0,0.5833333333333334,0.4166666666666667,0.2,0.8,0.5,0.5,1.0,1.0,72,12,0,0,2,1,LOW,LOW,LOW,LOW
2016-02-26,Bangladesh,United Arab Emirates,Shere Bangla National Stadium,United Arab Emirates,field,T20,2015/16,Bangladesh,1,0,0.2444444444444444,0.3846153846153846,0.4,0.6,0.5,0.5,0.2142857142857142,0.5,45,13,0,0,14,2,LOW,LOW,MEDIUM,LOW
2016-02-27,India,Pakistan,Shere Bangla National Stadium,India,field,T20,2015/16,India,1,1,0.5833333333333334,0.5934065934065934,0.8,0.2,0.8,0.2,0.8571428571428571,0.5,60,91,5,5,7,6,MEDIUM,MEDIUM,MEDIUM,MEDIUM
2016-02-28,Bangladesh,Sri Lanka,Shere Bangla National Stadium,Bangladesh,bat,T20,2015/16,Bangladesh,1,1,0.2608695652173913,0.589041095890411,0.4,0.4,0.0,1.0,0.2666666666666666,1.0,46,73,4,4,15,3,LOW,LOW,MEDIUM,LOW
2016-02-29,Pakistan,United Arab Emirates,Shere Bangla National Stadium,United Arab Emirates,bat,T20,2015/16,Pakistan,1,0,0.5869565217391305,0.3571428571428571,0.2,0.6,0.5,0.5,0.4285714285714285,0.3333333333333333,92,14,0,0,7,3,LOW,LOW,MEDIUM,LOW
2016-03-01,India,Sri Lanka,Shere Bangla National Stadium,India,field,T20,2015/16,India,1,1,0.5901639344262295,0.581081081081081,0.8,0.4,0.5555555555555556,0.4444444444444444,0.875,0.75,61,74,9,9,8,4,MEDIUM,MEDIUM,MEDIUM,LOW
2016-03-02,Bangladesh,Pakistan,Shere Bangla National Stadium,Pakistan,bat,T20,2015/16,Bangladesh,1,0,0.2765957446808511,0.5913978494623656,0.4,0.4,0.125,0.875,0.3125,0.5,47,93,8,8,16,8,MEDIUM,MEDIUM,MEDIUM,MEDIUM
2016-03-03,India,United Arab Emirates,Shere Bangla National Stadium,United Arab Emirates,bat,T20,2015/16,India,1,0,0.5967741935483871,0.3333333333333333,1.0,0.4,0.5,0.5,0.8888888888888888,0.25,62,15,0,0,9,4,LOW,LOW,MEDIUM,LOW
2016-03-04,South Africa,Australia,Kingsmead,Australia,bat,T20,2015/16,South Africa,1,0,0.6049382716049383,0.5128205128205128,0.8,0.2,0.3571428571428571,0.6428571428571429,0.6666666666666666,0.5,81,78,14,14,6,2,MEDIUM,MEDIUM,MEDIUM,LOW
2016-03-04,Pakistan,Sri Lanka,Shere Bangla National Stadium,Pakistan,field,T20,2015/16,Pakistan,1,1,0.5851063829787234,0.5733333333333334,0.2,0.2,0.6428571428571429,0.3571428571428571,0.4444444444444444,0.6,94,75,14,14,9,5,MEDIUM,MEDIUM,MEDIUM,MEDIUM
2016-03-06,South Africa,Australia,New Wanderers Stadium,Australia,field,T20,2015/16,Australia,0,0,0.6097560975609756,0.5063291139240507,1.0,0.0,0.4,0.6,0.7142857142857143,0.0,82,79,15,15,14,4,MEDIUM,MEDIUM,MEDIUM,LOW
2016-03-06,Bangladesh,India,Shere Bangla National Stadium,India,field,T20,2015/16,India,0,0,0.2916666666666667,0.6031746031746031,0.6,1.0,0.0,1.0,0.3529411764705882,0.9,48,63,3,3,17,10,LOW,LOW,MEDIUM,MEDIUM
2016-03-08,Hong Kong,Zimbabwe,"Vidarbha Cricket Association Stadium, Jamtha",Hong Kong,field,T20,2015/16,Zimbabwe,0,1,0.4615384615384615,0.2307692307692307,0.4,0.6,0.5,0.5,0.5,0.5,13,39,0,0,0,0,LOW,LOW,LOW,LOW
2016-03-09,South Africa,Australia,Newlands,South Africa,bat,T20,2015/16,Australia,0,1,0.6024096385542169,0.5125,0.8,0.2,0.375,0.625,0.5,0.8,83,80,16,16,6,5,MEDIUM,MEDIUM,MEDIUM,MEDIUM
2016-03-09,Ireland,Oman,Himachal Pradesh Cricket Association Stadium,Ireland,bat,T20,2015/16,Oman,0,1,0.5454545454545454,0.5,0.4,0.4,0.5,0.5,0.5,0.5,33,6,0,0,0,0,LOW,LOW,LOW,LOW
2016-03-09,Bangladesh,Netherlands,Himachal Pradesh Cricket Association Stadium,Netherlands,field,T20,2015/16,Bangladesh,1,0,0.2857142857142857,0.5925925925925926,0.6,1.0,0.5,0.5,0.5,0.5,49,27,2,2,0,0,LOW,LOW,LOW,LOW
2016-03-10,Scotland,Zimbabwe,"Vidarbha Cricket Association Stadium, Jamtha",Zimbabwe,bat,T20,2015/16,Zimbabwe,0,0,0.3888888888888889,0.25,0.4,0.6,0.5,0.5,0.5,1.0,18,40,0,0,0,1,LOW,LOW,LOW,LOW
2016-03-12,Hong Kong,Scotland,"Vidarbha Cricket Association Stadium, Jamtha",Hong Kong,bat,T20,2015/16,Scotland,0,1,0.4285714285714285,0.3684210526315789,0.2,0.4,0.3333333333333333,0.6666666666666666,0.0,0.0,14,19,3,3,1,1,LOW,LOW,LOW,LOW
2016-03-13,Ireland,Netherlands,Himachal Pradesh Cricket Association Stadium,Ireland,field,T20,2015/16,Netherlands,0,1,0.5294117647058824,0.5714285714285714,0.4,0.8,0.5,0.5,0.0,0.0,34,28,4,4,1,1,LOW,LOW,LOW,LOW
2016-03-13,Bangladesh,Oman,Himachal Pradesh Cricket Association Stadium,Oman,field,T20,2015/16,Bangladesh,1,0,0.3,0.5714285714285714,0.8,0.6,0.5,0.5,1.0,1.0,50,7,0,0,1,1,LOW,LOW,LOW,LOW
2016-03-15,India,New Zealand,"Vidarbha Cricket Association Stadium, Jamtha",New Zealand,bat,T20,2015/16,New Zealand,0,0,0.609375,0.5185185185185185,1.0,0.8,0.0,1.0,0.0,0.5,64,81,4,4,1,0,LOW,LOW,LOW,LOW
2016-03-16,Bangladesh,Pakistan,Eden Gardens,Pakistan,bat,T20,2015/16,Pakistan,0,0,0.3137254901960784,0.5894736842105263,0.8,0.4,0.2222222222222222,0.7777777777777778,0.5,0.5,51,95,9,9,0,0,MEDIUM,MEDIUM,LOW,LOW
2016-03-16,England,West Indies,Wankhede Stadium,West Indies,field,T20,2015/16,West Indies,0,0,0.4933333333333333,0.5,0.6,0.6,0.3333333333333333,0.6666666666666666,1.0,0.5,75,66,12,12,1,0,MEDIUM,MEDIUM,LOW,LOW
2016-03-18,Australia,New Zealand,Himachal Pradesh Cricket Association Stadium,New Zealand,bat,T20,2015/16,New Zealand,0,0,0.5185185185185185,0.524390243902439,0.4,0.8,1.0,0.0,0.5,0.5,81,82,4,4,0,0,LOW,LOW,LOW,LOW
2016-03-18,England,South Africa,Wankhede Stadium,England,field,T20,2015/16,England,1,1,0.4868421052631579,0.5952380952380952,0.4,0.6,0.3,0.7,0.5,0.5,76,84,10,10,2,0,MEDIUM,MEDIUM,LOW,LOW
2016-03-19,India,Pakistan,Eden Gardens,India,field,T20,2015/16,India,1,1,0.6,0.59375,0.8,0.6,0.8333333333333334,0.1666666666666666,0.0,1.0,65,96,6,6,1,1,MEDIUM,MEDIUM,LOW,LOW
2016-03-20,Sri Lanka,West Indies,M Chinnaswamy Stadium,West Indies,field,T20,2015/16,West Indies,0,0,0.5657894736842105,0.5074626865671642,0.2,0.6,0.75,0.25,0.5,0.5,76,67,8,8,0,0,MEDIUM,MEDIUM,LOW,LOW
2016-03-21,Australia,Bangladesh,M Chinnaswamy Stadium,Australia,field,T20,2015/16,Australia,1,1,0.5121951219512195,0.3076923076923077,0.4,0.6,1.0,0.0,0.5,0.5,82,52,3,3,0,0,LOW,LOW,LOW,LOW
2016-03-22,New Zealand,Pakistan,"Punjab Cricket Association IS Bindra Stadium, Mohali",New Zealand,bat,T20,2015/16,New Zealand,1,1,0.5301204819277109,0.5876288659793815,0.8,0.6,0.4285714285714285,0.5714285714285714,0.5,0.5,83,97,14,14,0,0,MEDIUM,MEDIUM,LOW,LOW
2016-03-23,India,Bangladesh,M Chinnaswamy Stadium,Bangladesh,field,T20,2015/16,India,1,0,0.6060606060606061,0.3018867924528302,0.8,0.4,1.0,0.0,0.0,0.0,66,53,4,4,1,1,LOW,LOW,LOW,LOW
2016-03-25,South Africa,West Indies,"Vidarbha Cricket Association Stadium, Jamtha",West Indies,field,T20,2015/16,West Indies,0,0,0.5882352941176471,0.5147058823529411,0.4,0.6,0.6666666666666666,0.3333333333333333,0.5,0.5,85,68,9,9,0,0,MEDIUM,MEDIUM,LOW,LOW
2016-03-25,Australia,Pakistan,"Punjab Cricket Association IS Bindra Stadium, Mohali",Australia,bat,T20,2015/16,Australia,1,1,0.5180722891566265,0.5816326530612245,0.6,0.4,0.4166666666666667,0.5833333333333334,0.5,0.0,83,98,12,12,0,1,MEDIUM,MEDIUM,LOW,LOW
2016-03-26,Bangladesh,New Zealand,Eden Gardens,New Zealand,bat,T20,2015/16,New Zealand,0,0,0.2962962962962963,0.5357142857142857,0.4,1.0,0.0,1.0,0.0,0.5,54,84,3,3,1,0,LOW,LOW,LOW,LOW
2016-03-26,England,Sri Lanka,Feroz Shah Kotla,Sri Lanka,field,T20,2015/16,England,1,0,0.4935064935064935,0.5584415584415584,0.4,0.2,0.3333333333333333,0.6666666666666666,0.5,0.5,77,77,6,6,0,0,MEDIUM,MEDIUM,LOW,LOW
2016-03-27,India,Australia,"Punjab Cricket Association IS Bindra Stadium, Mohali",Australia,bat,T20,2015/16,India,1,0,0.6119402985074627,0.5238095238095238,0.8,0.8,0.6666666666666666,0.3333333333333333,0.5,1.0,67,84,12,12,0,1,MEDIUM,MEDIUM,LOW,LOW
2016-03-28,South Africa,Sri Lanka,Feroz Shah Kotla,South Africa,field,T20,2015/16,South Africa,1,1,0.5813953488372093,0.5512820512820513,0.2,0.0,0.6,0.4,0.5,0.0,86,78,5,5,0,1,MEDIUM,MEDIUM,LOW,LOW
2016-03-30,England,New Zealand,Feroz Shah Kotla,England,field,T20,2015/16,England,1,1,0.5,0.5411764705882353,0.4,1.0,0.6666666666666666,0.3333333333333333,1.0,0.5,78,85,12,12,1,0,MEDIUM,MEDIUM,LOW,LOW
2016-03-31,India,West Indies,Wankhede Stadium,West Indies,field,T20,2015/16,West Indies,0,0,0.6176470588235294,0.5217391304347826,0.8,0.8,0.5,0.5,0.0,1.0,68,69,4,4,1,1,LOW,LOW,LOW,LOW
2016-04-03,England,West Indies,Eden Gardens,West Indies,field,T20,2015/16,West Indies,0,0,0.5063291139240507,0.5285714285714286,0.6,1.0,0.3076923076923077,0.6923076923076923,1.0,0.5,79,70,13,13,1,0,MEDIUM,MEDIUM,LOW,LOW
2016-06-18,Zimbabwe,India,Harare Sports Club,India,field,T20,2016,Zimbabwe,1,0,0.2682926829268293,0.6086956521739131,0.8,0.6,0.25,0.75,0.0769230769230769,0.75,41,69,4,4,13,4,LOW,LOW,MEDIUM,LOW
2016-06-20,Zimbabwe,India,Harare Sports Club,Zimbabwe,bat,T20,2016,India,0,1,0.2857142857142857,0.6,1.0,0.6,0.4,0.6,0.1428571428571428,0.6,42,70,5,5,14,5,MEDIUM,MEDIUM,MEDIUM,MEDIUM
2016-06-22,Zimbabwe,India,Harare Sports Club,Zimbabwe,field,T20,2016,India,0,1,0.2790697674418604,0.6056338028169014,0.8,0.6,0.3333333333333333,0.6666666666666666,0.1333333333333333,0.6666666666666666,43,71,6,6,15,6,MEDIUM,MEDIUM,MEDIUM,MEDIUM
2016-07-05,England,Sri Lanka,The Rose Bowl,Sri Lanka,bat,T20,2016,England,1,0,0.5,0.5443037974683544,0.6,0.0,0.4285714285714285,0.5714285714285714,0.3333333333333333,1.0,80,79,7,7,3,1,MEDIUM,MEDIUM,LOW,LOW
2016-08-27,India,West Indies,Central Broward Regional Park Stadium Turf Ground,India,field,T20,2016,West Indies,0,1,0.6111111111111112,0.5352112676056338,0.6,1.0,0.4,0.6,0.5,1.0,72,71,5,5,0,2,MEDIUM,MEDIUM,LOW,LOW
2016-09-05,Ireland,Hong Kong,"Bready Cricket Club, Magheramason",Hong Kong,bat,T20,2016,Hong Kong,0,0,0.5142857142857142,0.4,0.2,0.0,0.0,1.0,0.0,0.5,35,15,1,1,1,0,LOW,LOW,LOW,LOW
2016-09-06,Sri Lanka,Australia,Pallekele International Cricket Stadium,Sri Lanka,field,T20,2016,Australia,0,1,0.5375,0.5176470588235295,0.0,0.6,0.75,0.25,0.875,0.0,80,85,8,8,8,2,MEDIUM,MEDIUM,MEDIUM,LOW
2016-09-07,England,Pakistan,Old Trafford,England,bat,T20,2016,Pakistan,0,1,0.5061728395061729,0.5757575757575758,0.8,0.4,0.75,0.25,1.0,0.5,81,99,12,12,3,0,MEDIUM,MEDIUM,LOW,LOW
2016-09-09,Sri Lanka,Australia,R Premadasa Stadium,Sri Lanka,bat,T20,2016,Australia,0,1,0.5308641975308642,0.5232558139534884,0.0,0.6,0.6666666666666666,0.3333333333333333,0.1,0.6666666666666666,81,86,9,9,10,6,MEDIUM,MEDIUM,MEDIUM,MEDIUM
2016-09-23,Pakistan,West Indies,Dubai International Cricket Stadium,Pakistan,field,T20,2016/17,Pakistan,1,1,0.58,0.5416666666666666,0.4,1.0,0.5,0.5,0.4444444444444444,0.5,100,72,4,4,18,0,LOW,LOW,MEDIUM,LOW
2016-09-24,Pakistan,West Indies,Dubai International Cricket Stadium,West Indies,field,T20,2016/17,Pakistan,1,0,0.5841584158415841,0.5342465753424658,0.4,0.8,0.6,0.4,0.4736842105263157,0.0,101,73,5,5,19,1,MEDIUM,MEDIUM,MEDIUM,LOW
2016-09-27,Pakistan,West Indies,Sheikh Zayed Stadium,Pakistan,field,T20,2016/17,Pakistan,1,1,0.5882352941176471,0.527027027027027,0.6,0.6,0.6666666666666666,0.3333333333333333,0.25,0.5,102,74,6,6,4,0,MEDIUM,MEDIUM,LOW,LOW
2017-01-03,New Zealand,Bangladesh,McLean Park,Bangladesh,bat,T20,2016/17,New Zealand,1,0,0.5348837209302325,0.2909090909090909,0.8,0.2,1.0,0.0,0.5,0.5,86,55,4,4,0,0,LOW,LOW,LOW,LOW
2017-01-06,New Zealand,Bangladesh,Bay Oval,Bangladesh,field,T20,2016/17,New Zealand,1,0,0.5402298850574713,0.2857142857142857,0.8,0.0,1.0,0.0,1.0,0.5,87,56,5,5,1,0,MEDIUM,MEDIUM,LOW,LOW
2017-01-08,New Zealand,Bangladesh,Bay Oval,Bangladesh,field,T20,2016/17,New Zealand,1,0,0.5454545454545454,0.2807017543859649,0.8,0.0,1.0,0.0,1.0,0.0,88,57,6,6,2,1,MEDIUM,MEDIUM,LOW,LOW
2017-01-14,Hong Kong,Scotland,Sheikh Zayed Stadium,Scotland,bat,T20,2016/17,Scotland,0,0,0.4375,0.4,0.2,0.4,0.25,0.75,0.3333333333333333,0.0,16,20,4,4,3,1,LOW,LOW,LOW,LOW
2017-01-15,Netherlands,Oman,Sheikh Zayed Stadium,Oman,bat,T20,2016/17,Netherlands,1,0,0.5862068965517241,0.5,0.8,0.4,0.5,0.5,1.0,0.5,29,8,0,0,1,4,LOW,LOW,LOW,LOW
2017-01-16,Hong Kong,Oman,Sheikh Zayed Stadium,Oman,field,T20,2016/17,Oman,0,0,0.4117647058823529,0.4444444444444444,0.2,0.4,0.25,0.75,0.25,0.4,17,9,4,4,4,5,LOW,LOW,LOW,MEDIUM
2017-01-17,Netherlands,Scotland,Sheikh Zayed Stadium,Netherlands,field,T20,2016/17,Scotland,0,1,0.6,0.4285714285714285,0.8,0.6,0.75,0.25,1.0,0.5,30,21,4,4,2,2,LOW,LOW,LOW,LOW
2017-01-18,United Arab Emirates,Ireland,Dubai International Cricket Stadium,Ireland,bat,T20,2016/17,Ireland,0,0,0.3125,0.5,0.2,0.2,0.3333333333333333,0.6666666666666666,0.5,1.0,16,36,3,3,0,6,LOW,LOW,LOW,MEDIUM
2017-01-18,Hong Kong,Netherlands,Dubai International Cricket Stadium,Hong Kong,bat,T20,2016/17,Hong Kong,1,1,0.3888888888888889,0.5806451612903226,0.2,0.6,0.5,0.5,0.5,0.5,18,31,0,0,0,4,LOW,LOW,LOW,LOW
2017-01-19,Oman,Scotland,Dubai International Cricket Stadium,Oman,bat,T20,2016/17,Scotland,0,1,0.5,0.4545454545454545,0.4,0.6,0.5,0.5,0.5,0.3333333333333333,10,22,0,0,0,3,LOW,LOW,LOW,LOW
2017-01-20,South Africa,Sri Lanka,SuperSport Park,Sri Lanka,field,T20,2016/17,South Africa,1,0,0.5862068965517241,0.524390243902439,0.2,0.0,0.6666666666666666,0.3333333333333333,0.4,0.5,87,82,6,6,5,0,MEDIUM,MEDIUM,MEDIUM,LOW
2017-01-20,Ireland,Scotland,Dubai International Cricket Stadium,Scotland,field,T20,2016/17,Ireland,1,0,0.5135135135135135,0.4782608695652174,0.2,0.8,0.6666666666666666,0.3333333333333333,1.0,0.5,37,23,3,3,7,4,LOW,LOW,MEDIUM,LOW
2017-01-22,South Africa,Sri Lanka,New Wanderers Stadium,South Africa,bat,T20,2016/17,Sri Lanka,0,1,0.5909090909090909,0.5180722891566265,0.4,0.0,0.7142857142857143,0.2857142857142857,0.6666666666666666,0.75,88,83,7,7,15,4,MEDIUM,MEDIUM,MEDIUM,LOW
2017-01-25,South Africa,Sri Lanka,Newlands,South Africa,bat,T20,2016/17,Sri Lanka,0,1,0.5842696629213483,0.5238095238095238,0.4,0.2,0.625,0.375,0.4285714285714285,0.0,89,84,8,8,7,1,MEDIUM,MEDIUM,MEDIUM,LOW
2017-01-26,India,England,Green Park,England,field,T20,2016/17,England,0,0,0.6027397260273972,0.5,0.4,0.6,0.375,0.625,0.5,0.5,73,82,8,8,0,0,MEDIUM,MEDIUM,LOW,LOW
2017-01-29,India,England,"Vidarbha Cricket Association Stadium, Jamtha",England,field,T20,2016/17,India,1,0,0.5945945945945946,0.5060240963855421,0.4,0.6,0.3333333333333333,0.6666666666666666,0.0,0.5,74,83,9,9,2,0,MEDIUM,MEDIUM,LOW,LOW
2017-02-01,India,England,M Chinnaswamy Stadium,England,field,T20,2016/17,India,1,0,0.6,0.5,0.6,0.4,0.4,0.6,0.5,0.5,75,84,10,10,2,0,MEDIUM,MEDIUM,LOW,LOW
2017-02-17,Australia,Sri Lanka,Melbourne Cricket Ground,Sri Lanka,field,T20,2016/17,Sri Lanka,0,0,0.5287356321839081,0.5294117647058824,0.8,0.4,0.4,0.6,0.6666666666666666,1.0,87,85,10,10,9,1,MEDIUM,MEDIUM,MEDIUM,LOW
2017-02-17,New Zealand,South Africa,Eden Park,New Zealand,field,T20,2016/17,South Africa,0,1,0.550561797752809,0.5777777777777777,0.8,0.4,0.2857142857142857,0.7142857142857143,0.5,1.0,89,90,14,14,10,1,MEDIUM,MEDIUM,MEDIUM,LOW
2017-02-19,Australia,Sri Lanka,"Simonds Stadium, South Geelong",Sri Lanka,field,T20,2016/17,Sri Lanka,0,0,0.5227272727272727,0.5348837209302325,0.6,0.6,0.3636363636363636,0.6363636363636364,0.5,0.5,88,86,11,11,0,0,MEDIUM,MEDIUM,LOW,LOW
2017-02-22,Australia,Sri Lanka,Adelaide Oval,Sri Lanka,field,T20,2016/17,Australia,1,0,0.5168539325842697,0.5402298850574713,0.4,0.8,0.3333333333333333,0.6666666666666666,0.0,0.5,89,87,12,12,3,0,MEDIUM,MEDIUM,LOW,LOW
2017-03-26,West Indies,Pakistan,"Kensington Oval, Bridgetown",Pakistan,field,T20,2017,Pakistan,0,0,0.52,0.5922330097087378,0.4,0.8,0.2857142857142857,0.7142857142857143,0.7142857142857143,0.0,75,103,7,7,7,2,MEDIUM,MEDIUM,MEDIUM,LOW
2017-03-30,West Indies,Pakistan,"Queen's Park Oval, Port of Spain",West Indies,field,T20,2017,Pakistan,0,1,0.5131578947368421,0.5961538461538461,0.2,1.0,0.25,0.75,0.3333333333333333,0.5,76,104,8,8,3,0,MEDIUM,MEDIUM,LOW,LOW
2017-04-01,West Indies,Pakistan,"Queen's Park Oval, Port of Spain",Pakistan,bat,T20,2017,West Indies,1,0,0.5064935064935064,0.6,0.0,1.0,0.2222222222222222,0.7777777777777778,0.25,1.0,77,105,9,9,4,1,MEDIUM,MEDIUM,LOW,LOW
2017-04-02,West Indies,Pakistan,"Queen's Park Oval, Port of Spain",Pakistan,field,T20,2017,Pakistan,0,0,0.5128205128205128,0.5943396226415094,0.2,0.8,0.3,0.7,0.4,0.5,78,106,10,10,5,2,MEDIUM,MEDIUM,MEDIUM,LOW
2017-04-04,Sri Lanka,Bangladesh,R Premadasa Stadium,Bangladesh,bat,T20,2016/17,Sri Lanka,1,0,0.5340909090909091,0.2758620689655172,0.8,0.0,0.8,0.2,0.0909090909090909,0.5,88,58,5,5,11,0,MEDIUM,MEDIUM,MEDIUM,LOW
2017-04-06,Sri Lanka,Bangladesh,R Premadasa Stadium,Bangladesh,bat,T20,2016/17,Bangladesh,0,0,0.5393258426966292,0.2711864406779661,0.8,0.0,0.8333333333333334,0.1666666666666666,0.1666666666666666,0.0,89,59,6,6,12,1,MEDIUM,MEDIUM,MEDIUM,LOW
2017-04-12,United Arab Emirates,Papua New Guinea,Sheikh Zayed Stadium,United Arab Emirates,field,T20,2017,United Arab Emirates,1,1,0.2941176470588235,0.75,0.0,0.75,0.5,0.5,0.6666666666666666,0.5,17,4,0,0,3,0,LOW,LOW,LOW,LOW
2017-04-14,United Arab Emirates,Papua New Guinea,Sheikh Zayed Stadium,Papua New Guinea,bat,T20,2017,United Arab Emirates,1,0,0.3333333333333333,0.6,0.2,0.6,1.0,0.0,0.75,0.0,18,5,1,1,4,1,LOW,LOW,LOW,LOW
2017-04-14,United Arab Emirates,Papua New Guinea,Sheikh Zayed Stadium,Papua New Guinea,field,T20,2017,United Arab Emirates,1,0,0.3684210526315789,0.5,0.4,0.4,1.0,0.0,0.8,0.0,19,6,2,2,5,2,LOW,LOW,MEDIUM,LOW
2017-06-21,England,South Africa,The Rose Bowl,South Africa,bat,T20,2017,England,1,0,0.4941176470588235,0.5824175824175825,0.4,0.6,0.3636363636363636,0.6363636363636364,0.5,0.5,85,91,11,11,4,0,MEDIUM,MEDIUM,LOW,LOW
2017-06-23,England,South Africa,County Ground,England,field,T20,2017,South Africa,0,1,0.5,0.5760869565217391,0.4,0.4,0.4166666666666667,0.5833333333333334,0.0,0.5,86,92,12,12,2,0,MEDIUM,MEDIUM,LOW,LOW
2017-06-25,England,South Africa,Sophia Gardens,South Africa,field,T20,2017,England,1,0,0.4942528735632184,0.5806451612903226,0.4,0.4,0.3846153846153846,0.6153846153846154,1.0,0.5,87,93,13,13,3,0,MEDIUM,MEDIUM,LOW,LOW
2017-07-09,West Indies,India,"Sabina Park, Kingston",West Indies,field,T20,2017,West Indies,1,1,0.5063291139240507,0.6052631578947368,0.2,0.6,0.6666666666666666,0.3333333333333333,0.5,0.5,79,76,6,6,2,0,MEDIUM,MEDIUM,LOW,LOW
2017-09-06,Sri Lanka,India,"R.Premadasa Stadium, Khettarama",India,field,T20,2017,India,0,0,0.5333333333333333,0.5974025974025974,0.6,0.4,0.4,0.6,0.5,0.5,90,77,10,10,0,0,MEDIUM,MEDIUM,LOW,LOW
2017-09-12,Pakistan,ICC World XI,Gaddafi Stadium,ICC World XI,field,T20,2017/18,Pakistan,1,0,0.5981308411214953,0.5,0.8,0.5,0.5,0.5,1.0,0.5,107,0,0,0,2,0,LOW,LOW,LOW,LOW
2017-09-13,Pakistan,ICC World XI,Gaddafi Stadium,Pakistan,bat,T20,2017/18,ICC World XI,0,1,0.6018518518518519,0.0,0.8,0.0,1.0,0.0,1.0,0.0,108,1,1,1,3,1,LOW,LOW,LOW,LOW
2017-09-15,Pakistan,ICC World XI,Gaddafi Stadium,ICC World XI,field,T20,2017/18,Pakistan,1,0,0.5963302752293578,0.5,0.6,0.5,0.5,0.5,0.75,0.5,109,2,2,2,4,2,LOW,LOW,LOW,LOW
2017-09-16,West Indies,England,Riverside Ground,England,field,T20,2017,West Indies,1,0,0.5125,0.5,0.4,0.4,0.7142857142857143,0.2857142857142857,0.5,0.5,80,88,14,14,0,2,MEDIUM,MEDIUM,LOW,LOW
2017-10-07,Australia,India,JSCA International Stadium Complex,India,field,T20,2017/18,India,0,0,0.5222222222222223,0.6025641025641025,0.6,0.6,0.3076923076923077,0.6923076923076923,0.5,1.0,90,78,13,13,0,1,MEDIUM,MEDIUM,LOW,LOW
2017-10-10,India,Australia,Barsapara Cricket Stadium,Australia,field,T20,2017/18,Australia,0,0,0.6075949367088608,0.5164835164835165,0.8,0.4,0.7142857142857143,0.2857142857142857,0.5,0.5,79,91,14,14,0,0,MEDIUM,MEDIUM,LOW,LOW
2017-10-26,Sri Lanka,Pakistan,Sheikh Zayed Stadium,Pakistan,field,T20,2017/18,Pakistan,0,0,0.5274725274725275,0.6,0.4,0.6,0.3333333333333333,0.6666666666666666,0.0,0.4,91,110,15,15,1,5,MEDIUM,MEDIUM,LOW,MEDIUM
2017-10-26,South Africa,Bangladesh,Mangaung Oval,South Africa,bat,T20,2017/18,South Africa,1,1,0.574468085106383,0.2833333333333333,0.4,0.2,1.0,0.0,0.5,0.5,94,60,4,4,0,0,LOW,LOW,LOW,LOW
2017-10-27,Sri Lanka,Pakistan,Sheikh Zayed Stadium,Pakistan,field,T20,2017/18,Pakistan,0,0,0.5217391304347826,0.6036036036036037,0.2,0.8,0.3125,0.6875,0.0,0.5,92,111,16,16,2,6,MEDIUM,MEDIUM,LOW,MEDIUM
2017-10-29,Pakistan,Sri Lanka,Gaddafi Stadium,Sri Lanka,field,T20,2017/18,Pakistan,1,0,0.6071428571428571,0.5161290322580645,0.8,0.2,0.7058823529411765,0.2941176470588235,0.8,0.5,112,93,17,17,5,0,MEDIUM,MEDIUM,MEDIUM,LOW
2017-10-29,South Africa,Bangladesh,Senwes Park,Bangladesh,field,T20,2017/18,South Africa,1,0,0.5789473684210527,0.2786885245901639,0.6,0.2,1.0,0.0,0.5,0.5,95,61,5,5,0,0,MEDIUM,MEDIUM,LOW,LOW
2017-11-01,India,New Zealand,Arun Jaitley Stadium,New Zealand,field,T20,2017/18,India,1,0,0.6,0.5444444444444444,0.6,0.6,0.0,1.0,0.5,0.5,80,90,5,5,0,0,MEDIUM,MEDIUM,LOW,LOW
2017-11-04,New Zealand,India,Saurashtra Cricket Association Stadium,New Zealand,bat,T20,2017/18,New Zealand,1,1,0.5384615384615384,0.6049382716049383,0.6,0.6,0.8333333333333334,0.1666666666666666,0.5,1.0,91,81,6,6,0,1,MEDIUM,MEDIUM,LOW,LOW
2017-11-07,India,New Zealand,Greenfield International Stadium,New Zealand,field,T20,2017/18,India,1,0,0.5975609756097561,0.5434782608695652,0.6,0.6,0.1428571428571428,0.8571428571428571,0.5,0.5,82,92,7,7,0,0,MEDIUM,MEDIUM,LOW,LOW
2017-12-20,India,Sri Lanka,Barabati Stadium,Sri Lanka,field,T20,2017/18,India,1,0,0.6024096385542169,0.5106382978723404,0.6,0.0,0.6363636363636364,0.3636363636363636,0.0,0.5,83,94,11,11,1,0,MEDIUM,MEDIUM,LOW,LOW
2017-12-22,India,Sri Lanka,Holkar Cricket Stadium,Sri Lanka,field,T20,2017/18,India,1,0,0.6071428571428571,0.5052631578947369,0.6,0.0,0.6666666666666666,0.3333333333333333,0.5,0.5,84,95,12,12,0,0,MEDIUM,MEDIUM,LOW,LOW
2017-12-24,Sri Lanka,India,Wankhede Stadium,India,field,T20,2017/18,India,0,0,0.5,0.611764705882353,0.0,0.8,0.3076923076923077,0.6923076923076923,0.5,0.0,96,85,13,13,0,2,MEDIUM,MEDIUM,LOW,LOW
2017-12-29,New Zealand,West Indies,Saxton Oval,West Indies,field,T20,2017/18,New Zealand,1,0,0.5376344086021505,0.5185185185185185,0.4,0.6,0.5714285714285714,0.4285714285714285,0.5,0.5,93,81,7,7,0,0,MEDIUM,MEDIUM,LOW,LOW
2018-01-03,New Zealand,West Indies,Bay Oval,New Zealand,bat,T20,2017/18,New Zealand,1,1,0.5425531914893617,0.5121951219512195,0.4,0.6,0.625,0.375,1.0,0.5,94,82,8,8,3,0,MEDIUM,MEDIUM,LOW,LOW
2018-01-22,Pakistan,New Zealand,Westpac Stadium,New Zealand,field,T20,2017/18,New Zealand,0,0,0.6106194690265486,0.5473684210526316,0.8,0.6,0.5333333333333333,0.4666666666666667,0.0,0.5714285714285714,113,95,15,15,1,7,MEDIUM,MEDIUM,LOW,MEDIUM
2018-01-25,Pakistan,New Zealand,Eden Park,Pakistan,bat,T20,2017/18,Pakistan,1,1,0.6052631578947368,0.5520833333333334,0.8,0.8,0.5,0.5,0.5,0.4545454545454545,114,96,16,16,2,11,MEDIUM,MEDIUM,LOW,MEDIUM
2018-01-28,Pakistan,New Zealand,Bay Oval,Pakistan,bat,T20,2017/18,Pakistan,1,1,0.6086956521739131,0.5463917525773195,0.8,0.6,0.5294117647058824,0.4705882352941176,0.5,1.0,115,97,17,17,0,4,MEDIUM,MEDIUM,LOW,LOW
2018-02-03,New Zealand,Australia,Sydney Cricket Ground,Australia,field,T20,2017/18,Australia,0,0,0.5408163265306123,0.5217391304347826,0.6,0.4,0.2,0.8,0.0,0.75,98,92,5,5,1,4,MEDIUM,MEDIUM,LOW,LOW
2018-02-07,England,Australia,Bellerive Oval,Australia,field,T20,2017/18,Australia,0,0,0.4943820224719101,0.5268817204301075,0.4,0.6,0.4166666666666667,0.5833333333333334,0.0,1.0,89,93,12,12,1,2,MEDIUM,MEDIUM,LOW,LOW
2018-02-10,England,Australia,Melbourne Cricket Ground,Australia,field,T20,2017/18,Australia,0,0,0.4888888888888889,0.5319148936170213,0.4,0.8,0.3846153846153846,0.6153846153846154,0.0,0.6,90,94,13,13,2,10,MEDIUM,MEDIUM,LOW,MEDIUM
2018-02-13,New Zealand,England,Westpac Stadium,England,field,T20,2017/18,New Zealand,1,0,0.5353535353535354,0.4835164835164835,0.4,0.2,0.3076923076923077,0.6923076923076923,0.625,1.0,99,91,13,13,8,1,MEDIUM,MEDIUM,MEDIUM,LOW
2018-02-15,Bangladesh,Sri Lanka,"Shere Bangla National Stadium, Mirpur",Bangladesh,bat,T20,2017/18,Sri Lanka,0,1,0.2741935483870967,0.4948453608247423,0.2,0.0,0.2857142857142857,0.7142857142857143,0.5,0.5,62,97,7,7,0,0,MEDIUM,MEDIUM,LOW,LOW
2018-02-16,New Zealand,Australia,Eden Park,New Zealand,bat,T20,2017/18,Australia,0,1,0.54,0.5368421052631579,0.4,0.8,0.1666666666666666,0.8333333333333334,0.4166666666666667,1.0,100,95,6,6,12,1,MEDIUM,MEDIUM,MEDIUM,LOW
2018-02-18,Sri Lanka,Bangladesh,Sylhet International Cricket Stadium,Bangladesh,field,T20,2017/18,Sri Lanka,1,0,0.5,0.2698412698412698,0.2,0.2,0.75,0.25,0.5,0.5,98,63,8,8,0,0,MEDIUM,MEDIUM,LOW,LOW
2018-02-18,India,South Africa,The Wanderers Stadium,South Africa,field,T20,2017/18,India,1,0,0.6162790697674418,0.5833333333333334,0.8,0.6,0.6,0.4,0.5,0.5,86,96,10,10,0,0,MEDIUM,MEDIUM,LOW,LOW
2018-02-18,England,New Zealand,Seddon Park,New Zealand,field,T20,2017/18,England,1,0,0.4782608695652174,0.5346534653465347,0.2,0.2,0.6428571428571429,0.3571428571428571,0.0,0.8571428571428571,92,101,14,14,1,7,MEDIUM,MEDIUM,LOW,MEDIUM
2018-02-21,India,South Africa,SuperSport Park,South Africa,field,T20,2017/18,South Africa,0,0,0.6206896551724138,0.5773195876288659,1.0,0.6,0.6363636363636364,0.3636363636363636,0.5,0.5,87,97,11,11,0,6,MEDIUM,MEDIUM,LOW,MEDIUM
2018-02-21,New Zealand,Australia,Eden Park,New Zealand,bat,T20,2017/18,Australia,0,1,0.5294117647058824,0.5416666666666666,0.2,1.0,0.1428571428571428,0.8571428571428571,0.3846153846153846,1.0,102,96,7,7,13,2,MEDIUM,MEDIUM,MEDIUM,LOW
2018-02-24,India,South Africa,Newlands,South Africa,field,T20,2017/18,India,1,0,0.6136363636363636,0.5816326530612245,0.8,0.6,0.5833333333333334,0.4166666666666667,0.5,0.375,88,98,12,12,0,8,MEDIUM,MEDIUM,LOW,MEDIUM
2018-03-06,India,Sri Lanka,"R.Premadasa Stadium, Khettarama",Sri Lanka,field,T20,2017/18,Sri Lanka,0,0,0.6179775280898876,0.5050505050505051,0.8,0.4,0.7142857142857143,0.2857142857142857,1.0,0.0,89,99,14,14,1,1,MEDIUM,MEDIUM,LOW,LOW
2018-03-08,Bangladesh,India,"R.Premadasa Stadium, Khettarama",India,field,T20,2017/18,India,0,0,0.265625,0.6111111111111112,0.2,0.6,0.0,1.0,0.5,0.5,64,90,5,5,0,2,MEDIUM,MEDIUM,LOW,LOW
2018-03-10,Sri Lanka,Bangladesh,"R.Premadasa Stadium, Khettarama",Bangladesh,field,T20,2017/18,Bangladesh,0,0,0.51,0.2615384615384615,0.6,0.0,0.7777777777777778,0.2222222222222222,0.5,0.0,100,65,9,9,2,1,MEDIUM,MEDIUM,LOW,LOW
2018-03-12,Sri Lanka,India,"R.Premadasa Stadium, Khettarama",India,field,T20,2017/18,India,0,0,0.504950495049505,0.6153846153846154,0.6,0.6,0.3333333333333333,0.6666666666666666,0.3333333333333333,0.6666666666666666,101,91,15,15,3,3,MEDIUM,MEDIUM,LOW,LOW
2018-03-14,India,Bangladesh,"R.Premadasa Stadium, Khettarama",Bangladesh,field,T20,2017/18,India,1,0,0.6195652173913043,0.2727272727272727,0.6,0.2,1.0,0.0,0.75,0.5,92,66,6,6,4,2,MEDIUM,MEDIUM,LOW,LOW
2018-03-16,Sri Lanka,Bangladesh,"R.Premadasa Stadium, Khettarama",Bangladesh,field,T20,2017/18,Bangladesh,0,0,0.5,0.2686567164179104,0.6,0.2,0.7,0.3,0.25,0.3333333333333333,102,67,10,10,4,3,MEDIUM,MEDIUM,LOW,LOW
2018-03-18,Bangladesh,India,"R.Premadasa Stadium, Khettarama",India,field,T20,2017/18,India,0,0,0.2794117647058823,0.6236559139784946,0.4,0.8,0.0,1.0,0.5,0.8,68,93,7,7,4,5,MEDIUM,MEDIUM,LOW,MEDIUM
2018-04-01,Pakistan,West Indies,National Stadium,West Indies,field,T20,2018,Pakistan,1,0,0.6120689655172413,0.5060240963855421,0.8,0.4,0.7272727272727273,0.2727272727272727,1.0,0.5,116,83,11,11,1,0,MEDIUM,MEDIUM,LOW,LOW
2018-04-02,Pakistan,West Indies,National Stadium,Pakistan,bat,T20,2018,Pakistan,1,1,0.6153846153846154,0.5,0.8,0.4,0.75,0.25,1.0,0.0,117,84,12,12,2,1,MEDIUM,MEDIUM,LOW,LOW
2018-04-03,West Indies,Pakistan,National Stadium,West Indies,bat,T20,2018,Pakistan,0,1,0.4941176470588235,0.6186440677966102,0.2,0.8,0.2307692307692307,0.7692307692307693,0.0,1.0,85,118,13,13,2,3,MEDIUM,MEDIUM,LOW,LOW
2018-05-31,West Indies,ICC World XI,Lord's,ICC World XI,field,T20,2018,West Indies,1,0,0.4883720930232558,0.3333333333333333,0.0,0.3333333333333333,0.5,0.5,1.0,0.5,86,3,0,0,1,0,LOW,LOW,LOW,LOW
2018-06-12,Netherlands,Ireland,Hazelaarweg,Ireland,field,T20,2018,Netherlands,1,0,0.5625,0.5263157894736842,0.4,0.4,0.6,0.4,1.0,0.5,32,38,5,5,1,0,MEDIUM,MEDIUM,LOW,LOW
2018-06-12,Pakistan,Scotland,"Grange Cricket Club, Raeburn Place",Pakistan,bat,T20,2018,Pakistan,1,1,0.6218487394957983,0.4583333333333333,1.0,0.8,1.0,0.0,0.5,0.5,119,24,1,1,0,0,LOW,LOW,LOW,LOW
2018-06-13,Pakistan,Scotland,"Grange Cricket Club, Raeburn Place",Pakistan,bat,T20,2018,Pakistan,1,1,0.625,0.44,1.0,0.6,1.0,0.0,1.0,0.0,120,25,2,2,1,1,LOW,LOW,LOW,LOW
2018-06-13,Ireland,Netherlands,Hazelaarweg,Ireland,bat,T20,2018,Netherlands,0,1,0.5128205128205128,0.5757575757575758,0.4,0.6,0.3333333333333333,0.6666666666666666,0.0,1.0,39,33,6,6,1,2,MEDIUM,MEDIUM,LOW,LOW
2018-06-16,Ireland,Scotland,Sportpark Het Schootsveld,Ireland,bat,T20,2018,Ireland,1,1,0.5,0.4230769230769231,0.4,0.4,0.75,0.25,0.5,0.5,40,26,4,4,0,0,LOW,LOW,LOW,LOW
2018-06-19,Netherlands,Scotland,VRA Ground,Netherlands,bat,T20,2018,Scotland,0,1,0.5882352941176471,0.4074074074074074,0.6,0.2,0.6,0.4,1.0,0.5,34,27,5,5,1,0,MEDIUM,MEDIUM,LOW,LOW
2018-06-20,Scotland,Netherlands,VRA Ground,Scotland,bat,T20,2018,Scotland,1,1,0.4285714285714285,0.5714285714285714,0.2,0.4,0.5,0.5,1.0,0.5,28,35,6,6,1,2,MEDIUM,MEDIUM,LOW,LOW
2018-06-27,India,Ireland,"The Village, Malahide",Ireland,field,T20,2018,India,1,0,0.6276595744680851,0.5121951219512195,0.8,0.6,1.0,0.0,0.5,0.0,94,41,1,1,0,2,LOW,LOW,LOW,LOW
2018-06-27,England,Australia,Edgbaston,Australia,field,T20,2018,England,1,0,0.4838709677419355,0.5463917525773195,0.2,1.0,0.3571428571428571,0.6428571428571429,1.0,0.0,93,97,14,14,2,2,MEDIUM,MEDIUM,LOW,LOW
2018-06-29,India,Ireland,"The Village, Malahide",Ireland,field,T20,2018,India,1,0,0.631578947368421,0.5,1.0,0.4,1.0,0.0,1.0,0.0,95,42,2,2,1,3,LOW,LOW,LOW,LOW
2018-07-01,Pakistan,Zimbabwe,Harare Sports Club,Zimbabwe,field,T20,2018,Pakistan,1,0,0.628099173553719,0.2727272727272727,1.0,0.6,1.0,0.0,1.0,0.125,121,44,8,8,6,16,MEDIUM,MEDIUM,MEDIUM,MEDIUM
2018-07-02,Pakistan,Australia,Harare Sports Club,Australia,field,T20,2018,Australia,0,0,0.6311475409836066,0.5408163265306123,1.0,0.8,0.5384615384615384,0.4615384615384615,1.0,0.5,122,98,13,13,7,0,MEDIUM,MEDIUM,MEDIUM,LOW
2018-07-03,Australia,Zimbabwe,Harare Sports Club,Zimbabwe,field,T20,2018,Australia,1,0,0.5454545454545454,0.2666666666666666,0.8,0.4,0.0,1.0,1.0,0.1176470588235294,99,45,1,1,1,17,LOW,LOW,LOW,MEDIUM
2018-07-03,England,India,Old Trafford,India,field,T20,2018,India,0,0,0.4893617021276595,0.6354166666666666,0.4,1.0,0.5454545454545454,0.4545454545454545,0.75,0.0,94,96,11,11,4,1,MEDIUM,MEDIUM,LOW,LOW
2018-07-04,Zimbabwe,Pakistan,Harare Sports Club,Pakistan,field,T20,2018,Pakistan,0,0,0.2608695652173913,0.6260162601626016,0.2,0.8,0.0,1.0,0.1111111111111111,0.875,46,123,9,9,18,8,MEDIUM,MEDIUM,MEDIUM,MEDIUM
2018-07-05,Pakistan,Australia,Harare Sports Club,Australia,field,T20,2018,Pakistan,1,0,0.6290322580645161,0.55,0.8,0.8,0.5,0.5,0.8888888888888888,1.0,124,100,14,14,9,2,MEDIUM,MEDIUM,MEDIUM,LOW
2018-07-06,India,England,Sophia Gardens,England,field,T20,2018,England,0,0,0.6391752577319587,0.4842105263157895,1.0,0.4,0.5,0.5,0.5,1.0,97,95,12,12,0,4,MEDIUM,MEDIUM,LOW,LOW
2018-07-06,Zimbabwe,Australia,Harare Sports Club,Zimbabwe,bat,T20,2018,Australia,0,1,0.2553191489361702,0.5445544554455446,0.0,0.6,0.5,0.5,0.1052631578947368,0.6666666666666666,47,101,2,2,19,3,LOW,LOW,MEDIUM,LOW
2018-07-08,England,India,County Ground,India,field,T20,2018,India,0,0,0.4895833333333333,0.6326530612244898,0.6,0.8,0.5384615384615384,0.4615384615384615,0.0,0.5,96,98,13,13,3,0,MEDIUM,MEDIUM,LOW,LOW
2018-07-08,Australia,Pakistan,Harare Sports Club,Australia,bat,T20,2018,Pakistan,0,1,0.5490196078431373,0.632,0.6,0.8,0.4666666666666667,0.5333333333333333,0.75,0.9,102,125,15,15,4,10,MEDIUM,MEDIUM,LOW,MEDIUM
2018-07-31,Bangladesh,West Indies,"Warner Park, Basseterre",West Indies,field,T20,2018,West Indies,0,0,0.2753623188405797,0.4942528735632184,0.4,0.2,0.4,0.6,0.0,1.0,69,87,5,5,1,1,MEDIUM,MEDIUM,LOW,LOW
2018-08-04,Bangladesh,West Indies,Central Broward Regional Park Stadium Turf Ground,West Indies,field,T20,2018,Bangladesh,1,0,0.2714285714285714,0.5,0.4,0.4,0.3333333333333333,0.6666666666666666,0.5,1.0,70,88,6,6,0,3,MEDIUM,MEDIUM,LOW,LOW
2018-08-05,Bangladesh,West Indies,Central Broward Regional Park Stadium Turf Ground,Bangladesh,bat,T20,2018,Bangladesh,1,1,0.2816901408450704,0.4943820224719101,0.4,0.4,0.4285714285714285,0.5714285714285714,1.0,0.75,71,89,7,7,1,4,MEDIUM,MEDIUM,LOW,LOW
2018-08-14,South Africa,Sri Lanka,"R.Premadasa Stadium, Khettarama",South Africa,bat,T20,2018,Sri Lanka,0,1,0.5757575757575758,0.4951456310679611,0.6,0.4,0.5555555555555556,0.4444444444444444,0.5,0.2,99,103,9,9,0,5,MEDIUM,MEDIUM,LOW,MEDIUM
2018-10-09,South Africa,Zimbabwe,Buffalo Park,South Africa,bat,T20,2018/19,South Africa,1,1,0.57,0.25,0.4,0.0,1.0,0.0,0.0,0.5,100,48,3,3,1,0,LOW,LOW,LOW,LOW
2018-10-12,Zimbabwe,South Africa,Senwes Park,Zimbabwe,bat,T20,2018/19,South Africa,0,1,0.2448979591836734,0.5742574257425742,0.0,0.4,0.0,1.0,0.5,1.0,49,101,4,4,0,1,LOW,LOW,LOW,LOW
2018-10-22,United Arab Emirates,Australia,Tolerance Oval,United Arab Emirates,bat,T20,2018/19,Australia,0,1,0.4,0.5436893203883495,0.6,0.6,0.5,0.5,0.5,0.5,20,103,0,0,0,0,LOW,LOW,LOW,LOW
2018-10-24,Pakistan,Australia,Sheikh Zayed Stadium,Australia,field,T20,2018/19,Pakistan,1,0,0.6349206349206349,0.5480769230769231,0.8,0.6,0.5625,0.4375,0.5714285714285714,0.5,126,104,16,16,7,0,MEDIUM,MEDIUM,MEDIUM,LOW
2018-10-26,Pakistan,Australia,Dubai International Cricket Stadium,Pakistan,bat,T20,2018/19,Pakistan,1,1,0.6377952755905512,0.5428571428571428,0.8,0.4,0.5882352941176471,0.4117647058823529,0.5,0.5,127,105,17,17,20,4,MEDIUM,MEDIUM,HIGH,LOW
2018-10-27,England,Sri Lanka,"R.Premadasa Stadium, Khettarama",Sri Lanka,field,T20,2018/19,England,1,0,0.4845360824742268,0.5,0.6,0.4,0.5,0.5,0.5,0.3333333333333333,97,104,8,8,0,6,MEDIUM,MEDIUM,LOW,MEDIUM
2018-10-28,Pakistan,Australia,Dubai International Cricket Stadium,Pakistan,bat,T20,2018/19,Pakistan,1,1,0.640625,0.5377358490566038,1.0,0.4,0.6111111111111112,0.3888888888888889,0.5238095238095238,0.4,128,106,18,18,21,5,MEDIUM,MEDIUM,HIGH,MEDIUM
2018-10-31,Pakistan,New Zealand,Sheikh Zayed Stadium,Pakistan,bat,T20,2018/19,Pakistan,1,1,0.6434108527131783,0.5242718446601942,1.0,0.2,0.5555555555555556,0.4444444444444444,0.625,0.5,129,103,18,18,8,0,MEDIUM,MEDIUM,MEDIUM,LOW
2018-11-02,New Zealand,Pakistan,Dubai International Cricket Stadium,New Zealand,bat,T20,2018/19,Pakistan,0,1,0.5192307692307693,0.6461538461538462,0.2,1.0,0.4210526315789473,0.5789473684210527,0.25,0.5454545454545454,104,130,19,19,4,22,MEDIUM,MEDIUM,LOW,HIGH
2018-11-04,West Indies,India,Eden Gardens,India,field,T20,2018/19,India,0,0,0.4888888888888889,0.6363636363636364,0.4,0.8,0.7142857142857143,0.2857142857142857,1.0,0.5,90,99,7,7,1,2,MEDIUM,MEDIUM,LOW,LOW
2018-11-04,Pakistan,New Zealand,Dubai International Cricket Stadium,Pakistan,bat,T20,2018/19,Pakistan,1,1,0.648854961832061,0.5142857142857142,1.0,0.0,0.6,0.4,0.5652173913043478,0.2,131,105,20,20,23,5,HIGH,HIGH,HIGH,MEDIUM
2018-11-06,India,West Indies,Bharat Ratna Shri Atal Bihari Vajpayee Ekana Cricket Stadium,West Indies,field,T20,2018/19,India,1,0,0.64,0.4835164835164835,0.8,0.4,0.375,0.625,0.5,0.5,100,91,8,8,0,0,MEDIUM,MEDIUM,LOW,LOW
2018-11-11,West Indies,India,"MA Chidambaram Stadium, Chepauk",West Indies,bat,T20,2018/19,India,0,1,0.4782608695652174,0.6435643564356436,0.2,0.8,0.5555555555555556,0.4444444444444444,0.5,0.0,92,101,9,9,0,1,MEDIUM,MEDIUM,LOW,LOW
2018-11-17,South Africa,Australia,Carrara Oval,Australia,field,T20,2018/19,South Africa,1,0,0.5784313725490197,0.5327102803738317,0.6,0.2,0.3529411764705882,0.6470588235294118,0.5,0.5,102,107,17,17,0,0,MEDIUM,MEDIUM,LOW,LOW
2018-11-21,Australia,India,"Brisbane Cricket Ground, Woolloongabba",India,field,T20,2018/19,Australia,1,0,0.5277777777777778,0.6470588235294118,0.2,0.8,0.3333333333333333,0.6666666666666666,0.6666666666666666,0.5,108,102,15,15,3,0,MEDIUM,MEDIUM,LOW,LOW
2018-11-25,Australia,India,Sydney Cricket Ground,Australia,bat,T20,2018/19,India,0,1,0.5321100917431193,0.6407766990291263,0.2,0.8,0.375,0.625,0.8,1.0,109,103,16,16,5,1,MEDIUM,MEDIUM,MEDIUM,LOW
2018-12-17,Bangladesh,West Indies,Sylhet International Cricket Stadium,Bangladesh,bat,T20,2018/19,West Indies,0,1,0.2916666666666667,0.4731182795698925,0.6,0.0,0.5,0.5,0.0,0.5,72,93,8,8,1,0,MEDIUM,MEDIUM,LOW,LOW
2018-12-20,Bangladesh,West Indies,"Shere Bangla National Stadium, Mirpur",West Indies,field,T20,2018/19,Bangladesh,1,0,0.2876712328767123,0.4787234042553192,0.4,0.2,0.4444444444444444,0.5555555555555556,0.0,0.5,73,94,9,9,1,0,MEDIUM,MEDIUM,LOW,LOW
2018-12-22,Bangladesh,West Indies,"Shere Bangla National Stadium, Mirpur",Bangladesh,field,T20,2018/19,West Indies,0,1,0.2972972972972973,0.4736842105263157,0.6,0.2,0.5,0.5,0.5,0.0,74,95,10,10,2,1,MEDIUM,MEDIUM,LOW,LOW
2019-01-11,New Zealand,Sri Lanka,Eden Park,Sri Lanka,field,T20,2018/19,New Zealand,1,0,0.5094339622641509,0.4952380952380952,0.0,0.2,0.5384615384615384,0.4615384615384615,0.3571428571428571,0.0,106,105,13,13,14,2,MEDIUM,MEDIUM,MEDIUM,LOW
2019-01-31,United Arab Emirates,Nepal,ICC Academy,Nepal,field,T20,2018/19,United Arab Emirates,1,0,0.3809523809523809,0.125,0.6,0.0,0.5,0.5,0.5,0.5,21,8,0,0,2,0,LOW,LOW,LOW,LOW
2019-02-01,United Arab Emirates,Nepal,ICC Academy,United Arab Emirates,bat,T20,2018/19,Nepal,0,1,0.4090909090909091,0.1111111111111111,0.8,0.0,1.0,0.0,0.6666666666666666,0.0,22,9,1,1,3,1,LOW,LOW,LOW,LOW
2019-02-01,South Africa,Pakistan,Newlands,Pakistan,field,T20,2018/19,South Africa,1,0,0.5825242718446602,0.6515151515151515,0.6,1.0,0.5,0.5,0.3333333333333333,1.0,103,132,10,10,9,3,MEDIUM,MEDIUM,MEDIUM,LOW
2019-02-03,South Africa,Pakistan,The Wanderers Stadium,Pakistan,field,T20,2018/19,South Africa,1,0,0.5865384615384616,0.6466165413533834,0.8,0.8,0.5454545454545454,0.4545454545454545,0.0,0.5,104,133,11,11,1,0,MEDIUM,MEDIUM,LOW,LOW
2019-02-03,United Arab Emirates,Nepal,ICC Academy,United Arab Emirates,field,T20,2018/19,Nepal,0,1,0.391304347826087,0.2,0.6,0.2,0.5,0.5,0.5,0.5,23,10,2,2,4,2,LOW,LOW,LOW,LOW
2019-02-06,South Africa,Pakistan,SuperSport Park,South Africa,field,T20,2018/19,Pakistan,0,1,0.5904761904761905,0.6417910447761194,1.0,0.6,0.5833333333333334,0.4166666666666667,0.5714285714285714,1.0,105,134,12,12,7,1,MEDIUM,MEDIUM,MEDIUM,LOW
2019-02-06,New Zealand,India,Westpac Stadium,India,field,T20,2018/19,New Zealand,1,0,0.514018691588785,0.6442307692307693,0.2,0.8,0.75,0.25,0.6666666666666666,0.0,107,104,8,8,9,1,MEDIUM,MEDIUM,MEDIUM,LOW
2019-02-08,New Zealand,India,Eden Park,New Zealand,bat,T20,2018/19,India,0,1,0.5185185185185185,0.638095238095238,0.4,0.6,0.7777777777777778,0.2222222222222222,0.4,0.5,108,105,9,9,15,0,MEDIUM,MEDIUM,MEDIUM,LOW
2019-02-10,New Zealand,India,Seddon Park,India,field,T20,2018/19,New Zealand,1,0,0.5137614678899083,0.6415094339622641,0.4,0.6,0.7,0.3,0.75,0.5,109,106,10,10,8,0,MEDIUM,MEDIUM,MEDIUM,LOW
2019-02-13,Oman,Ireland,Al Amerat Cricket Ground Oman Cricket (Ministry Turf 1),Oman,field,T20,2018/19,Ireland,0,1,0.4545454545454545,0.4883720930232558,0.4,0.2,1.0,0.0,0.5,0.5,11,43,1,1,0,0,LOW,LOW,LOW,LOW
2019-02-13,Netherlands,Scotland,Al Amerat Cricket Ground Oman Cricket (Ministry Turf 1),Netherlands,field,T20,2018/19,Netherlands,1,1,0.5555555555555556,0.4482758620689655,0.4,0.4,0.4285714285714285,0.5714285714285714,0.5,0.5,36,29,7,7,0,0,MEDIUM,MEDIUM,LOW,LOW
2019-02-15,Oman,Netherlands,Al Amerat Cricket Ground Oman Cricket (Ministry Turf 1),Netherlands,field,T20,2018/19,Netherlands,0,0,0.4166666666666667,0.5675675675675675,0.2,0.6,0.0,1.0,0.0,1.0,12,37,1,1,1,1,LOW,LOW,LOW,LOW
2019-02-15,Ireland,Scotland,Al Amerat Cricket Ground Oman Cricket (Ministry Turf 1),Scotland,field,T20,2018/19,Scotland,0,0,0.5,0.4333333333333333,0.4,0.4,0.8,0.2,1.0,0.0,44,30,5,5,1,1,MEDIUM,MEDIUM,LOW,LOW
2019-02-17,Oman,Scotland,Al Amerat Cricket Ground Oman Cricket (Ministry Turf 1),Scotland,field,T20,2018/19,Scotland,0,0,0.3846153846153846,0.4516129032258064,0.2,0.6,0.0,1.0,0.0,0.5,13,31,1,1,2,2,LOW,LOW,LOW,LOW
2019-02-17,Ireland,Netherlands,Al Amerat Cricket Ground Oman Cricket (Ministry Turf 1),Ireland,field,T20,2018/19,Ireland,1,1,0.4888888888888889,0.5789473684210527,0.4,0.6,0.2857142857142857,0.7142857142857143,0.5,1.0,45,38,7,7,2,2,MEDIUM,MEDIUM,LOW,LOW
2019-02-24,India,Australia,Dr. Y.S. Rajasekhara Reddy ACA-VDCA Cricket Stadium,Australia,field,T20,2018/19,Australia,0,0,0.6355140186915887,0.5272727272727272,0.4,0.2,0.6470588235294118,0.3529411764705882,1.0,0.5,107,110,17,17,1,0,MEDIUM,MEDIUM,LOW,LOW
2019-02-27,India,Australia,M.Chinnaswamy Stadium,Australia,field,T20,2018/19,Australia,0,0,0.6296296296296297,0.5315315315315315,0.4,0.4,0.6111111111111112,0.3888888888888889,0.5,0.5,108,111,18,18,0,0,MEDIUM,MEDIUM,LOW,LOW
2019-03-05,West Indies,England,"Darren Sammy National Cricket Stadium, St Lucia",England,field,T20,2018/19,England,0,0,0.4791666666666667,0.4897959183673469,0.4,0.6,0.7333333333333333,0.2666666666666666,0.5,0.5,96,98,15,15,0,0,MEDIUM,MEDIUM,LOW,LOW
2019-03-08,West Indies,England,"Warner Park, St Kitts",West Indies,field,T20,2018/19,England,0,1,0.4742268041237113,0.494949494949495,0.4,0.6,0.6875,0.3125,0.5,0.5,97,99,16,16,0,0,MEDIUM,MEDIUM,LOW,LOW
2019-03-10,West Indies,England,"Warner Park, St Kitts",West Indies,bat,T20,2018/19,England,0,1,0.4693877551020408,0.5,0.4,0.8,0.6470588235294118,0.3529411764705882,0.0,1.0,98,100,17,17,1,1,MEDIUM,MEDIUM,LOW,LOW
2019-03-16,United Arab Emirates,United States of America,ICC Academy,United Arab Emirates,bat,T20,2018/19,United Arab Emirates,1,1,0.375,0.5,0.4,0.5,0.5,0.5,0.4,0.5,24,0,0,0,5,0,LOW,LOW,MEDIUM,LOW
2019-03-22,South Africa,Sri Lanka,SuperSport Park,Sri Lanka,field,T20,2018/19,South Africa,1,0,0.5849056603773585,0.490566037735849,0.8,0.2,0.5,0.5,0.5,0.0,106,106,10,10,8,1,MEDIUM,MEDIUM,MEDIUM,LOW
2019-03-22,Papua New Guinea,Philippines,Amini Park,Philippines,field,T20,2018/19,Papua New Guinea,1,0,0.4285714285714285,0.5,0.2,0.5,0.5,0.5,0.5,0.5,7,0,0,0,0,0,LOW,LOW,LOW,LOW
2019-03-22,Papua New Guinea,Vanuatu,Amini Park,Vanuatu,bat,T20,2018/19,Papua New Guinea,1,0,0.5,0.5,0.4,0.5,0.5,0.5,1.0,0.5,8,0,0,0,1,0,LOW,LOW,LOW,LOW
2019-03-23,Philippines,Vanuatu,Amini Park,Vanuatu,bat,T20,2018/19,Vanuatu,0,0,0.0,0.0,0.0,0.0,0.5,0.5,0.0,0.0,1,1,0,0,1,1,LOW,LOW,LOW,LOW
2019-03-24,Philippines,Vanuatu,Amini Park,Vanuatu,field,T20,2018/19,Philippines,1,0,0.0,0.5,0.0,0.5,0.0,1.0,0.0,0.5,2,2,1,1,2,2,LOW,LOW,LOW,LOW
2019-03-24,Papua New Guinea,Vanuatu,Amini Park,Vanuatu,bat,T20,2018/19,Papua New Guinea,1,0,0.5555555555555556,0.3333333333333333,0.4,0.3333333333333333,1.0,0.0,1.0,0.3333333333333333,9,3,1,1,2,3,LOW,LOW,LOW,LOW
2019-03-24,South Africa,Sri Lanka,The Wanderers Stadium,Sri Lanka,field,T20,2018/19,South Africa,1,0,0.5887850467289719,0.4859813084112149,0.8,0.2,0.5454545454545454,0.4545454545454545,0.5,0.5,107,107,11,11,2,0,MEDIUM,MEDIUM,LOW,LOW
2019-05-05,England,Pakistan,Sophia Gardens,Pakistan,bat,T20,2019,England,1,0,0.504950495049505,0.6444444444444445,0.8,0.6,0.6923076923076923,0.3076923076923077,1.0,0.0,101,135,13,13,5,2,MEDIUM,MEDIUM,MEDIUM,LOW
2019-05-20,Uganda,Botswana,Lugogo Cricket Oval,Botswana,field,T20,2019,Uganda,1,0,0.5,0.5,0.5,0.5,0.5,0.5,0.5,0.5,0,0,0,0,0,0,LOW,LOW,LOW,LOW
2019-05-20,Ghana,Namibia,Kyambogo Cricket Oval,Namibia,field,T20,2019,Namibia,0,0,0.5,0.5,0.5,0.5,0.5,0.5,0.5,0.5,0,0,0,0,0,0,LOW,LOW,LOW,LOW
2019-05-21,Botswana,Nigeria,Lugogo Cricket Oval,Nigeria,bat,T20,2019,Nigeria,0,0,0.0,0.5,0.0,0.5,0.5,0.5,0.0,0.5,1,0,0,0,1,0,LOW,LOW,LOW,LOW
2019-05-21,Uganda,Namibia,Kyambogo Cricket Oval,Namibia,bat,T20,2019,Namibia,0,0,1.0,1.0,1.0,1.0,0.5,0.5,0.5,1.0,1,1,0,0,0,1,LOW,LOW,LOW,LOW
2019-05-21,Ghana,Kenya,Kyambogo Cricket Oval,Ghana,field,T20,2019,Kenya,0,1,0.0,0.3529411764705882,0.0,0.8,0.5,0.5,0.0,0.5,1,17,0,0,1,0,LOW,LOW,LOW,LOW
2019-05-22,Uganda,Kenya,Lugogo Cricket Oval,Kenya,bat,T20,2019,Kenya,0,0,0.5,0.3888888888888889,0.5,0.8,0.5,0.5,1.0,0.5,2,18,0,0,1,0,LOW,LOW,LOW,LOW
2019-05-22,Botswana,Namibia,Kyambogo Cricket Oval,Botswana,bat,T20,2019,Namibia,0,1,0.0,1.0,0.0,1.0,0.5,0.5,0.5,1.0,2,2,0,0,0,2,LOW,LOW,LOW,LOW
2019-05-22,Ghana,Nigeria,Kyambogo Cricket Oval,Ghana,field,T20,2019,Nigeria,0,1,0.0,1.0,0.0,1.0,0.5,0.5,0.0,0.5,2,1,0,0,2,0,LOW,LOW,LOW,LOW
2019-05-23,Uganda,Ghana,Kyambogo Cricket Oval,Ghana,bat,T20,2019,Uganda,1,0,0.3333333333333333,0.0,0.3333333333333333,0.0,0.5,0.5,0.0,0.0,3,3,0,0,1,3,LOW,LOW,LOW,LOW
2019-05-25,Germany,Italy,Sportpark Maarschalkerweerd,Italy,field,T20,2019,Italy,0,0,0.5,0.5,0.5,0.5,0.5,0.5,0.5,0.5,0,0,0,0,0,0,LOW,LOW,LOW,LOW
2019-06-15,Guernsey,Germany,King George V Sports Ground,Germany,field,T20,2019,Germany,0,0,0.5,0.0,0.5,0.0,0.5,0.5,0.5,0.5,0,1,0,0,0,0,LOW,LOW,LOW,LOW
2019-06-16,Guernsey,Italy,College Field,Guernsey,field,T20,2019,Italy,0,1,0.0,1.0,0.0,1.0,0.5,0.5,0.5,0.5,1,1,0,0,0,0,LOW,LOW,LOW,LOW
2019-06-16,Jersey,Norway,King George V Sports Ground,Jersey,bat,T20,2019,Jersey,1,1,0.5,0.5,0.5,0.5,0.5,0.5,0.5,0.5,0,0,0,0,0,0,LOW,LOW,LOW,LOW
2019-06-16,Denmark,Jersey,King George V Sports Ground,Denmark,field,T20,2019,Jersey,0,1,0.5,1.0,0.5,1.0,0.5,0.5,0.5,1.0,0,1,0,0,0,1,LOW,LOW,LOW,LOW
2019-06-17,Denmark,Norway,King George V Sports Ground,Denmark,bat,T20,2019,Denmark,1,1,0.0,0.0,0.0,0.0,0.5,0.5,0.0,0.0,1,1,0,0,1,1,LOW,LOW,LOW,LOW
2019-06-19,Guernsey,Norway,King George V Sports Ground,Guernsey,field,T20,2019,Guernsey,1,1,0.0,0.0,0.0,0.0,0.5,0.5,0.0,0.0,2,2,0,0,1,2,LOW,LOW,LOW,LOW
2019-06-19,Italy,Jersey,College Field,Italy,field,T20,2019,Jersey,0,1,1.0,1.0,1.0,1.0,0.5,0.5,1.0,0.5,2,2,0,0,1,0,LOW,LOW,LOW,LOW
2019-06-19,Denmark,Germany,King George V Sports Ground,Germany,field,T20,2019,Germany,0,0,0.5,0.5,0.5,0.5,0.5,0.5,0.5,1.0,2,2,0,0,2,1,LOW,LOW,LOW,LOW
2019-06-20,Germany,Jersey,College Field,Germany,field,T20,2019,Germany,1,1,0.75,1.0,0.75,1.0,0.5,0.5,1.0,1.0,3,3,0,0,0,1,LOW,LOW,LOW,LOW
2019-06-20,Germany,Norway,College Field,Germany,field,T20,2019,Germany,1,1,0.6666666666666666,0.0,0.6666666666666666,0.0,0.5,0.5,0.5,0.5,4,3,0,0,1,0,LOW,LOW,LOW,LOW
2019-06-20,Denmark,Italy,King George V Sports Ground,Denmark,bat,T20,2019,Denmark,1,1,0.3333333333333333,0.6666666666666666,0.3333333333333333,0.6666666666666666,0.5,0.5,0.3333333333333333,0.5,3,3,0,0,3,0,LOW,LOW,LOW,LOW
2019-06-20,Guernsey,Denmark,King George V Sports Ground,Denmark,field,T20,2019,Guernsey,1,0,0.3333333333333333,0.5,0.3333333333333333,0.5,0.5,0.5,0.5,0.5,3,4,0,0,2,4,LOW,LOW,LOW,LOW
2019-06-23,Netherlands,Zimbabwe,Hazelaarweg,Zimbabwe,field,T20,2019,Netherlands,1,0,0.5641025641025641,0.24,0.4,0.0,0.0,1.0,1.0,0.5,39,50,1,1,3,0,LOW,LOW,LOW,LOW
2019-06-24,Malaysia,Thailand,Kinrara Academy Oval,Malaysia,field,T20,2019,Malaysia,1,1,0.5,0.5,0.5,0.5,0.5,0.5,0.5,0.5,0,0,0,0,0,0,LOW,LOW,LOW,LOW
2019-06-26,Maldives,Thailand,Kinrara Academy Oval,Thailand,bat,T20,2019,Maldives,1,0,0.5,0.0,0.5,0.0,0.5,0.5,0.5,0.0,0,1,0,0,0,1,LOW,LOW,LOW,LOW
2019-06-27,Malaysia,Thailand,Kinrara Academy Oval,Thailand,bat,T20,2019,Malaysia,1,0,1.0,0.0,1.0,0.0,1.0,0.0,1.0,0.0,1,2,1,1,1,2,LOW,LOW,LOW,LOW
2019-06-29,Maldives,Thailand,Kinrara Academy Oval,Thailand,field,T20,2019,Thailand,0,0,1.0,0.0,1.0,0.0,1.0,0.0,1.0,0.0,1,3,1,1,1,3,LOW,LOW,LOW,LOW
2019-07-12,Ireland,Zimbabwe,"Bready Cricket Club, Magheramason",Ireland,field,T20,2019,Ireland,1,1,0.5,0.2352941176470588,0.4,0.0,1.0,0.0,0.0,0.5,46,51,1,1,2,0,LOW,LOW,LOW,LOW
2019-07-13,Malaysia,Nepal,Kinrara Academy Oval,Malaysia,bat,T20,2019,Nepal,0,1,1.0,0.2727272727272727,1.0,0.4,0.5,0.5,1.0,0.5,2,11,0,0,2,0,LOW,LOW,LOW,LOW
2019-07-14,Malaysia,Nepal,Kinrara Academy Oval,Nepal,bat,T20,2019,Nepal,0,0,0.6666666666666666,0.3333333333333333,0.6666666666666666,0.6,0.0,1.0,0.6666666666666666,1.0,3,12,1,1,3,1,LOW,LOW,LOW,LOW
2019-07-14,Ireland,Zimbabwe,Bready,Zimbabwe,field,T20,2019,Zimbabwe,0,0,0.5106382978723404,0.2307692307692307,0.6,0.0,1.0,0.0,0.5,0.5,47,52,2,2,0,0,LOW,LOW,LOW,LOW
2019-07-22,Singapore,Qatar,Indian Association Ground,Singapore,bat,T20,2019,Singapore,1,1,0.5,0.5,0.5,0.5,0.5,0.5,0.5,0.5,0,0,0,0,0,0,LOW,LOW,LOW,LOW
2019-07-22,Kuwait,Malaysia,Indian Association Ground,Malaysia,bat,T20,2019,Malaysia,0,0,0.5,0.5,0.5,0.5,0.5,0.5,0.5,0.5,0,4,0,0,0,0,LOW,LOW,LOW,LOW
2019-07-23,Nepal,Qatar,Indian Association Ground,Nepal,bat,T20,2019,Qatar,0,1,0.3846153846153846,0.0,0.8,0.0,0.5,0.5,0.5,0.0,13,1,0,0,0,1,LOW,LOW,LOW,LOW
2019-07-24,Malaysia,Nepal,Indian Association Ground,Nepal,field,T20,2019,Nepal,0,0,0.6,0.3571428571428571,0.6,0.8,0.0,1.0,1.0,0.0,5,14,2,2,1,1,LOW,LOW,LOW,LOW
2019-07-26,Kuwait,Qatar,Indian Association Ground,Qatar,field,T20,2019,Kuwait,1,0,0.0,0.5,0.0,0.5,0.5,0.5,0.0,0.5,1,2,0,0,1,2,LOW,LOW,LOW,LOW
2019-07-26,Singapore,Malaysia,Indian Association Ground,Malaysia,bat,T20,2019,Singapore,1,0,1.0,0.5,1.0,0.4,0.5,0.5,1.0,0.5,1,6,0,0,1,2,LOW,LOW,LOW,LOW
2019-07-27,Malaysia,Qatar,Indian Association Ground,Malaysia,bat,T20,2019,Qatar,0,1,0.4285714285714285,0.3333333333333333,0.2,0.3333333333333333,0.5,0.5,0.3333333333333333,0.3333333333333333,7,3,0,0,3,3,LOW,LOW,LOW,LOW
2019-07-27,Kuwait,Nepal,Indian Association Ground,Nepal,field,T20,2019,Nepal,0,0,0.5,0.4,0.5,0.8,0.5,0.5,0.5,0.5,2,15,0,0,2,2,LOW,LOW,LOW,LOW
2019-07-28,Singapore,Nepal,Indian Association Ground,Singapore,bat,T20,2019,Singapore,1,1,1.0,0.4375,1.0,0.8,0.5,0.5,1.0,0.6666666666666666,2,16,0,0,2,3,LOW,LOW,LOW,LOW
2019-08-03,India,West Indies,Central Broward Regional Park Stadium Turf Ground,India,field,T20,2019,India,1,1,0.6238532110091743,0.4646464646464646,0.2,0.2,0.5,0.5,0.0,0.6,109,99,10,10,1,5,MEDIUM,MEDIUM,LOW,MEDIUM
2019-08-04,India,West Indies,Central Broward Regional Park Stadium Turf Ground,India,bat,T20,2019,India,1,1,0.6272727272727273,0.46,0.4,0.2,0.5454545454545454,0.4545454545454545,0.5,0.5,110,100,11,11,2,6,MEDIUM,MEDIUM,LOW,MEDIUM
2019-08-05,Netherlands,United Arab Emirates,VRA Ground,United Arab Emirates,field,T20,2019,United Arab Emirates,0,0,0.575,0.4,0.6,0.4,1.0,0.0,0.3333333333333333,0.5,40,25,3,3,3,0,LOW,LOW,LOW,LOW
2019-08-06,West Indies,India,"Providence Stadium, Guyana",India,field,T20,2019,India,0,0,0.4554455445544554,0.6306306306306306,0.0,0.4,0.4166666666666667,0.5833333333333334,0.5,0.5,101,111,12,12,0,0,MEDIUM,MEDIUM,LOW,LOW
2019-08-08,Netherlands,United Arab Emirates,Sportpark Westvliet,Netherlands,bat,T20,2019,United Arab Emirates,0,1,0.5609756097560976,0.4230769230769231,0.6,0.6,0.75,0.25,0.5,0.5,41,26,4,4,2,0,LOW,LOW,LOW,LOW
2019-08-18,Canada,Cayman Islands,"White Hill Field, Sandys Parish",Canada,bat,T20,2019,Canada,1,1,0.1111111111111111,0.5,0.2,0.5,0.5,0.5,0.5,0.5,9,0,0,0,0,0,LOW,LOW,LOW,LOW
2019-08-18,Bermuda,United States of America,"White Hill Field, Sandys Parish",Bermuda,bat,T20,2019,Bermuda,1,1,0.0,0.0,0.0,0.0,0.5,0.5,0.5,0.5,1,1,0,0,0,0,LOW,LOW,LOW,LOW
2019-08-19,Cayman Islands,United States of America,National Stadium,United States of America,field,T20,2019,United States of America,0,0,0.0,0.0,0.0,0.0,0.5,0.5,0.5,0.5,1,2,0,0,0,0,LOW,LOW,LOW,LOW
2019-08-19,Namibia,Botswana,United Cricket Club Ground,Botswana,field,T20,2019,Namibia,1,0,1.0,0.0,1.0,0.0,1.0,0.0,0.5,0.5,3,3,1,1,0,0,LOW,LOW,LOW,LOW
2019-08-20,Namibia,Botswana,United Cricket Club Ground,Botswana,field,T20,2019,Namibia,1,0,1.0,0.0,1.0,0.0,1.0,0.0,1.0,0.0,4,4,2,2,1,1,LOW,LOW,LOW,LOW
2019-08-21,Bermuda,Cayman Islands,"White Hill Field, Sandys Parish",Cayman Islands,bat,T20,2019,Bermuda,1,0,0.5,0.0,0.5,0.0,0.5,0.5,1.0,0.0,2,2,0,0,1,1,LOW,LOW,LOW,LOW
2019-08-21,Canada,United States of America,"White Hill Field, Sandys Parish",United States of America,bat,T20,2019,Canada,1,0,0.2,0.3333333333333333,0.4,0.3333333333333333,0.5,0.5,1.0,0.0,10,3,0,0,1,1,LOW,LOW,LOW,LOW
2019-08-22,Namibia,Botswana,United Cricket Club Ground,Namibia,bat,T20,2019,Namibia,1,1,1.0,0.0,1.0,0.0,1.0,0.0,1.0,0.0,5,5,3,3,2,2,LOW,LOW,LOW,LOW
2019-08-22,Canada,Cayman Islands,"White Hill Field, Sandys Parish",Canada,field,T20,2019,Canada,1,1,0.2727272727272727,0.0,0.4,0.0,1.0,0.0,1.0,0.0,11,3,1,1,2,2,LOW,LOW,LOW,LOW
2019-08-22,United States of America,Bermuda,Bermuda National Stadium,Bermuda,field,T20,2019,Bermuda,0,0,0.25,0.6666666666666666,0.25,0.6666666666666666,0.0,1.0,0.5,0.5,4,3,1,1,0,0,LOW,LOW,LOW,LOW
2019-08-23,Namibia,Botswana,United Cricket Club Ground,Botswana,bat,T20,2019,Namibia,1,0,1.0,0.0,1.0,0.0,1.0,0.0,1.0,0.0,6,6,4,4,3,3,LOW,LOW,LOW,LOW
2019-08-24,Cayman Islands,United States of America,"White Hill Field, Sandys Parish",Cayman Islands,bat,T20,2019,United States of America,0,1,0.0,0.2,0.0,0.2,0.0,1.0,0.0,0.0,4,5,1,1,3,2,LOW,LOW,LOW,LOW
2019-08-25,Bermuda,Cayman Islands,"White Hill Field, Sandys Parish",Cayman Islands,bat,T20,2019,Bermuda,1,0,0.75,0.0,0.75,0.0,1.0,0.0,1.0,0.0,4,5,1,1,2,4,LOW,LOW,LOW,LOW
2019-08-25,Canada,United States of America,"White Hill Field, Sandys Parish",United States of America,field,T20,2019,Canada,1,0,0.3333333333333333,0.3333333333333333,0.6,0.4,1.0,0.0,1.0,0.3333333333333333,12,6,1,1,3,3,LOW,LOW,LOW,LOW
2019-09-01,Sri Lanka,New Zealand,Pallekele International Cricket Stadium,Sri Lanka,bat,T20,2019,New Zealand,0,1,0.4814814814814814,0.5181818181818182,0.2,0.6,0.4285714285714285,0.5714285714285714,0.7777777777777778,0.25,108,110,14,14,9,4,MEDIUM,MEDIUM,MEDIUM,LOW
2019-09-03,Sri Lanka,New Zealand,Pallekele International Cricket Stadium,Sri Lanka,bat,T20,2019,New Zealand,0,1,0.4770642201834862,0.5225225225225225,0.0,0.8,0.4,0.6,0.7,0.4,109,111,15,15,10,5,MEDIUM,MEDIUM,MEDIUM,MEDIUM
2019-09-06,Sri Lanka,New Zealand,Pallekele International Cricket Stadium,Sri Lanka,bat,T20,2019,Sri Lanka,1,1,0.4727272727272727,0.5267857142857143,0.0,0.8,0.375,0.625,0.6363636363636364,0.5,110,112,16,16,11,6,MEDIUM,MEDIUM,MEDIUM,MEDIUM
2019-09-13,Bangladesh,Zimbabwe,"Shere Bangla National Stadium, Mirpur",Bangladesh,field,T20,2019,Bangladesh,1,1,0.2933333333333333,0.2452830188679245,0.6,0.2,0.5,0.5,0.3333333333333333,0.5,75,53,8,8,3,0,MEDIUM,MEDIUM,LOW,LOW
2019-09-16,Netherlands,Scotland,"The Village, Malahide",Netherlands,field,T20,2019,Scotland,0,1,0.5476190476190477,0.46875,0.4,0.8,0.5,0.5,1.0,1.0,42,32,8,8,1,1,MEDIUM,MEDIUM,LOW,LOW
2019-09-17,Ireland,Scotland,"The Village, Malahide",Scotland,bat,T20,2019,Ireland,1,0,0.5,0.4848484848484848,0.6,0.8,0.6666666666666666,0.3333333333333333,0.0,1.0,48,33,6,6,4,2,MEDIUM,MEDIUM,LOW,LOW
2019-09-18,Bangladesh,Zimbabwe,Zahur Ahmed Chowdhury Stadium,Zimbabwe,field,T20,2019,Bangladesh,1,0,0.3026315789473684,0.2407407407407407,0.6,0.2,0.5555555555555556,0.4444444444444444,0.25,0.5,76,54,9,9,4,0,MEDIUM,MEDIUM,LOW,LOW
2019-09-18,India,South Africa,"Punjab Cricket Association IS Bindra Stadium, Mohali",India,field,T20,2019/20,India,1,1,0.6339285714285714,0.5925925925925926,0.6,0.8,0.6153846153846154,0.3846153846153846,1.0,0.5,112,108,13,13,1,0,MEDIUM,MEDIUM,LOW,LOW
2019-09-18,Ireland,Netherlands,"The Village, Malahide",Ireland,bat,T20,2019,Netherlands,0,1,0.5102040816326531,0.5348837209302325,0.6,0.2,0.375,0.625,0.2,0.5,49,43,8,8,5,2,MEDIUM,MEDIUM,MEDIUM,LOW
2019-09-19,Netherlands,Scotland,"The Village, Malahide",Netherlands,bat,T20,2019,Scotland,0,1,0.5454545454545454,0.4705882352941176,0.4,0.6,0.4444444444444444,0.5555555555555556,0.6666666666666666,0.6666666666666666,44,34,9,9,3,3,MEDIUM,MEDIUM,LOW,LOW
2019-09-22,India,South Africa,M.Chinnaswamy Stadium,India,bat,T20,2019/20,South Africa,0,1,0.6371681415929203,0.5871559633027523,0.8,0.6,0.6428571428571429,0.3571428571428571,0.0,0.5,113,109,14,14,1,0,MEDIUM,MEDIUM,LOW,LOW
2019-09-27,Nepal,Zimbabwe,Indian Association Ground,Nepal,bat,T20,2019/20,Zimbabwe,0,1,0.4117647058823529,0.2363636363636363,0.6,0.2,0.5,0.5,0.5,0.5,17,55,0,0,4,0,LOW,LOW,LOW,LOW
2019-09-28,Singapore,Nepal,Indian Association Ground,Singapore,bat,T20,2019/20,Nepal,0,1,1.0,0.3888888888888889,1.0,0.4,1.0,0.0,1.0,0.4,3,18,1,1,3,5,LOW,LOW,LOW,MEDIUM
2019-09-29,Malaysia,Vanuatu,Kinrara Academy Oval,Vanuatu,bat,T20,2019/20,Vanuatu,0,0,0.375,0.25,0.2,0.25,0.5,0.5,0.5,0.5,8,4,0,0,4,0,LOW,LOW,LOW,LOW
2019-09-29,Singapore,Zimbabwe,Indian Association Ground,Singapore,bat,T20,2019/20,Singapore,1,1,0.75,0.25,0.75,0.4,0.5,0.5,0.75,1.0,4,56,0,0,4,1,LOW,LOW,LOW,LOW
2019-10-01,Nepal,Zimbabwe,Indian Association Ground,Nepal,field,T20,2019/20,Zimbabwe,0,1,0.4210526315789473,0.2456140350877192,0.6,0.4,0.0,1.0,0.5,0.5,19,57,1,1,6,2,LOW,LOW,MEDIUM,LOW
2019-10-01,Malaysia,Vanuatu,Kinrara Academy Oval,Vanuatu,bat,T20,2019/20,Vanuatu,0,0,0.3333333333333333,0.4,0.2,0.4,0.0,1.0,0.4,1.0,9,5,1,1,5,1,LOW,LOW,MEDIUM,LOW
2019-10-02,Malaysia,Vanuatu,Kinrara Academy Oval,Malaysia,bat,T20,2019/20,Malaysia,1,1,0.3,0.5,0.0,0.6,0.0,1.0,0.3333333333333333,1.0,10,6,2,2,6,2,LOW,LOW,MEDIUM,LOW
2019-10-03,Singapore,Zimbabwe,Indian Association Ground,Zimbabwe,field,T20,2019/20,Zimbabwe,0,0,0.8,0.2586206896551724,0.8,0.4,1.0,0.0,0.8,0.6666666666666666,5,58,1,1,5,3,LOW,LOW,MEDIUM,LOW
2019-10-03,Malaysia,Vanuatu,Kinrara Academy Oval,Malaysia,bat,T20,2019/20,Vanuatu,0,1,0.3636363636363636,0.4285714285714285,0.2,0.4,0.3333333333333333,0.6666666666666666,0.4285714285714285,0.6666666666666666,11,7,3,3,7,3,LOW,LOW,MEDIUM,LOW
2019-10-04,Malaysia,Vanuatu,Kinrara Academy Oval,Malaysia,bat,T20,2019/20,Malaysia,1,1,0.3333333333333333,0.5,0.2,0.6,0.25,0.75,0.375,0.75,12,8,4,4,8,4,LOW,LOW,MEDIUM,LOW
2019-10-05,Ireland,Netherlands,Al Amerat Cricket Ground Oman Cricket (Ministry Turf 1),Ireland,field,T20,2019/20,Ireland,1,1,0.5,0.5333333333333333,0.6,0.2,0.3333333333333333,0.6666666666666666,0.6666666666666666,0.6666666666666666,50,45,9,9,3,3,MEDIUM,MEDIUM,LOW,LOW
2019-10-05,Pakistan,Sri Lanka,Gaddafi Stadium,Pakistan,field,T20,2019/20,Sri Lanka,0,1,0.6397058823529411,0.4774774774774775,0.4,0.2,0.7222222222222222,0.2777777777777778,0.8333333333333334,0.0,136,111,18,18,6,1,MEDIUM,MEDIUM,MEDIUM,LOW
2019-10-06,Hong Kong,Nepal,Al Amerat Cricket Ground Oman Cricket (Ministry Turf 1),Nepal,field,T20,2019/20,Nepal,0,0,0.4210526315789473,0.4,0.4,0.4,0.6666666666666666,0.3333333333333333,0.5,0.5,19,20,3,3,0,0,LOW,LOW,LOW,LOW
2019-10-06,Oman,Ireland,Al Amerat Cricket Ground Oman Cricket (Ministry Turf 1),Ireland,field,T20,2019/20,Oman,1,0,0.3571428571428571,0.5098039215686274,0.2,0.6,0.5,0.5,0.0,0.75,14,51,2,2,3,4,LOW,LOW,LOW,LOW
2019-10-07,Pakistan,Sri Lanka,Gaddafi Stadium,Sri Lanka,bat,T20,2019/20,Sri Lanka,0,0,0.635036496350365,0.4821428571428571,0.2,0.4,0.6842105263157895,0.3157894736842105,0.7142857142857143,0.5,137,112,19,19,7,2,MEDIUM,MEDIUM,MEDIUM,LOW
2019-10-07,Nepal,Netherlands,Al Amerat Cricket Ground Oman Cricket (Ministry Turf 1),Nepal,field,T20,2019/20,Nepal,1,1,0.4285714285714285,0.5217391304347826,0.4,0.2,0.0,1.0,1.0,0.5,21,46,2,2,1,4,LOW,LOW,LOW,LOW
2019-10-07,Hong Kong,Ireland,Al Amerat Cricket Ground Oman Cricket (Ministry Turf 1),Ireland,bat,T20,2019/20,Ireland,0,0,0.4,0.5,0.4,0.4,1.0,0.0,0.0,0.6,20,52,2,2,1,5,LOW,LOW,LOW,MEDIUM
2019-10-09,Pakistan,Sri Lanka,Gaddafi Stadium,Sri Lanka,bat,T20,2019/20,Sri Lanka,0,0,0.6304347826086957,0.4867256637168141,0.2,0.6,0.65,0.35,0.625,0.6666666666666666,138,113,20,20,8,3,HIGH,HIGH,MEDIUM,LOW
2019-10-09,Oman,Netherlands,Al Amerat Cricket Ground Oman Cricket (Ministry Turf 1),Netherlands,bat,T20,2019/20,Oman,1,0,0.4,0.5106382978723404,0.2,0.2,0.0,1.0,0.25,0.4,15,47,2,2,4,5,LOW,LOW,LOW,MEDIUM
2019-10-09,Ireland,Nepal,Al Amerat Cricket Ground Oman Cricket (Ministry Turf 1),Ireland,bat,T20,2019/20,Ireland,1,1,0.5094339622641509,0.4545454545454545,0.6,0.6,1.0,0.0,0.6666666666666666,1.0,53,22,1,1,6,2,LOW,LOW,MEDIUM,LOW
2019-10-10,Oman,Nepal,Al Amerat Cricket Ground Oman Cricket (Ministry Turf 1),Oman,field,T20,2019/20,Oman,1,1,0.4375,0.4347826086956521,0.4,0.6,0.5,0.5,0.4,0.6666666666666666,16,23,0,0,5,3,LOW,LOW,MEDIUM,LOW
2019-10-10,Hong Kong,Netherlands,Al Amerat Cricket Ground Oman Cricket (Ministry Turf 1),Hong Kong,field,T20,2019/20,Netherlands,0,1,0.3809523809523809,0.5,0.2,0.2,1.0,0.0,0.0,0.3333333333333333,21,48,1,1,2,6,LOW,LOW,LOW,MEDIUM
2019-10-18,Kenya,Netherlands,ICC Academy,Netherlands,bat,T20,2019/20,Netherlands,0,0,0.4210526315789473,0.5102040816326531,0.8,0.2,0.6666666666666666,0.3333333333333333,0.5,0.6666666666666666,19,49,3,3,2,3,LOW,LOW,LOW,LOW
2019-10-18,Scotland,Singapore,ICC Academy,Scotland,field,T20,2019/20,Singapore,0,1,0.4857142857142857,0.6666666666666666,0.8,0.6,0.5,0.5,0.3333333333333333,0.5,35,6,0,0,3,0,LOW,LOW,LOW,LOW
2019-10-18,United Arab Emirates,Oman,Sheikh Zayed Stadium,Oman,field,T20,2019/20,Oman,0,0,0.4444444444444444,0.4705882352941176,0.6,0.6,1.0,0.0,0.8333333333333334,0.5,27,17,2,2,6,6,LOW,LOW,MEDIUM,MEDIUM
2019-10-18,Hong Kong,Ireland,Sheikh Zayed Stadium,Hong Kong,bat,T20,2019/20,Ireland,0,1,0.3636363636363636,0.5185185185185185,0.2,0.6,0.6666666666666666,0.3333333333333333,0.2,0.6666666666666666,22,54,3,3,5,3,LOW,LOW,MEDIUM,LOW
2019-10-19,United Arab Emirates,Ireland,Sheikh Zayed Stadium,United Arab Emirates,field,T20,2019/20,United Arab Emirates,1,1,0.4285714285714285,0.5272727272727272,0.6,0.8,0.25,0.75,0.7142857142857143,0.75,28,55,4,4,7,4,LOW,LOW,MEDIUM,LOW
2019-10-19,Namibia,Netherlands,ICC Academy,Netherlands,bat,T20,2019/20,Netherlands,0,0,1.0,0.52,1.0,0.4,0.5,0.5,0.5,0.75,7,50,0,0,0,4,LOW,LOW,LOW,LOW
2019-10-19,Kenya,Scotland,ICC Academy Ground No 2,Scotland,bat,T20,2019/20,Scotland,0,0,0.4,0.4722222222222222,0.6,0.6,1.0,0.0,0.5,0.5,20,36,1,1,0,0,LOW,LOW,LOW,LOW
2019-10-19,Jersey,Nigeria,Sheikh Zayed Stadium,Jersey,bat,T20,2019/20,Jersey,1,1,0.75,1.0,0.75,1.0,0.5,0.5,0.5,0.5,4,2,0,0,0,0,LOW,LOW,LOW,LOW
2019-10-19,Bermuda,Papua New Guinea,ICC Academy,Papua New Guinea,field,T20,2019/20,Papua New Guinea,0,0,0.8,0.6,0.8,0.6,0.5,0.5,0.5,0.5,5,10,0,0,0,0,LOW,LOW,LOW,LOW
2019-10-20,Canada,Jersey,Tolerance Oval,Jersey,field,T20,2019/20,Canada,1,0,0.3846153846153846,0.8,0.8,0.8,0.5,0.5,0.5,0.5,13,5,0,0,0,0,LOW,LOW,LOW,LOW
2019-10-20,Hong Kong,Oman,Sheikh Zayed Stadium,Oman,field,T20,2019/20,Oman,0,0,0.3478260869565217,0.5,0.2,0.8,0.2,0.8,0.1666666666666666,0.5714285714285714,23,18,5,5,6,7,MEDIUM,MEDIUM,MEDIUM,MEDIUM
2019-10-20,Namibia,Papua New Guinea,ICC Academy Ground No 2,Papua New Guinea,bat,T20,2019/20,Papua New Guinea,0,0,0.875,0.6363636363636364,0.8,0.8,0.5,0.5,0.5,0.5,8,11,0,0,0,0,LOW,LOW,LOW,LOW
2019-10-20,Bermuda,Singapore,ICC Academy Ground No 2,Bermuda,bat,T20,2019/20,Singapore,0,1,0.6666666666666666,0.7142857142857143,0.8,0.6,0.5,0.5,0.5,0.5,6,7,0,0,0,0,LOW,LOW,LOW,LOW
2019-10-21,Papua New Guinea,Scotland,ICC Academy,Scotland,bat,T20,2019/20,Scotland,0,0,0.6666666666666666,0.4864864864864865,1.0,0.6,0.5,0.5,1.0,0.25,12,37,0,0,1,4,LOW,LOW,LOW,LOW
2019-10-21,United Arab Emirates,Hong Kong,Sheikh Zayed Stadium,Hong Kong,bat,T20,2019/20,United Arab Emirates,1,0,0.4482758620689655,0.3333333333333333,0.8,0.0,1.0,0.0,0.75,0.1428571428571428,29,24,1,1,8,7,LOW,LOW,MEDIUM,MEDIUM
2019-10-21,Ireland,Oman,Tolerance Oval,Oman,field,T20,2019/20,Ireland,1,0,0.5178571428571429,0.5263157894736842,0.6,1.0,0.3333333333333333,0.6666666666666666,0.5,0.5,56,19,3,3,0,0,LOW,LOW,LOW,LOW
2019-10-21,Bermuda,Kenya,ICC Academy,Kenya,bat,T20,2019/20,Kenya,0,0,0.5714285714285714,0.3809523809523809,0.6,0.6,0.5,0.5,0.0,0.3333333333333333,7,21,0,0,1,3,LOW,LOW,LOW,LOW
2019-10-21,Canada,Nigeria,Sheikh Zayed Stadium,Canada,bat,T20,2019/20,Canada,1,1,0.4285714285714285,0.6666666666666666,1.0,0.6666666666666666,0.5,0.5,0.0,0.0,14,3,0,0,1,1,LOW,LOW,LOW,LOW
2019-10-22,United Arab Emirates,Jersey,Tolerance Oval,Jersey,bat,T20,2019/20,Jersey,0,0,0.4666666666666667,0.6666666666666666,0.8,0.6,0.5,0.5,0.0,0.0,30,6,0,0,1,1,LOW,LOW,LOW,LOW
2019-10-22,Netherlands,Singapore,ICC Academy,Singapore,bat,T20,2019/20,Netherlands,1,0,0.5294117647058824,0.75,0.6,0.6,0.5,0.5,0.8,1.0,51,8,0,0,5,1,LOW,LOW,MEDIUM,LOW
2019-10-22,Namibia,Scotland,ICC Academy,Namibia,bat,T20,2019/20,Namibia,1,1,0.7777777777777778,0.5,0.6,0.6,0.5,0.5,0.0,0.4,9,38,0,0,1,5,LOW,LOW,LOW,MEDIUM
2019-10-23,Kenya,Singapore,ICC Academy Ground No 2,Singapore,bat,T20,2019/20,Kenya,1,0,0.4090909090909091,0.6666666666666666,0.6,0.6,0.5,0.5,0.0,1.0,22,9,0,0,1,1,LOW,LOW,LOW,LOW
2019-10-23,Canada,Ireland,Sheikh Zayed Stadium,Canada,bat,T20,2019/20,Canada,1,1,0.4666666666666667,0.5263157894736842,1.0,0.8,0.0,1.0,0.5,0.6,15,57,2,2,2,5,LOW,LOW,LOW,MEDIUM
2019-10-23,Nigeria,Oman,Tolerance Oval,Nigeria,bat,T20,2019/20,Oman,0,1,0.5,0.5,0.5,0.8,0.5,0.5,0.5,0.0,4,20,0,0,0,1,LOW,LOW,LOW,LOW
2019-10-23,Hong Kong,Jersey,Sheikh Zayed Stadium,Hong Kong,bat,T20,2019/20,Hong Kong,1,1,0.32,0.7142857142857143,0.0,0.6,0.5,0.5,0.125,1.0,25,7,0,0,8,1,LOW,LOW,MEDIUM,LOW
2019-10-23,Bermuda,Namibia,ICC Academy Ground No 2,Namibia,field,T20,2019/20,Namibia,0,0,0.5,0.8,0.4,0.6,0.5,0.5,0.0,0.0,8,10,0,0,1,1,LOW,LOW,LOW,LOW
2019-10-24,Netherlands,Papua New Guinea,ICC Academy,Netherlands,bat,T20,2019/20,Papua New Guinea,0,1,0.5384615384615384,0.6153846153846154,0.8,0.8,0.5,0.5,0.8333333333333334,0.5,52,13,0,0,6,2,LOW,LOW,MEDIUM,LOW
2019-10-24,United Arab Emirates,Nigeria,Tolerance Oval,United Arab Emirates,field,T20,2019/20,United Arab Emirates,1,1,0.4516129032258064,0.4,0.6,0.4,0.5,0.5,0.0,0.0,31,5,0,0,2,1,LOW,LOW,LOW,LOW
2019-10-24,Canada,Hong Kong,Tolerance Oval,Hong Kong,bat,T20,2019/20,Hong Kong,0,0,0.5,0.3461538461538461,1.0,0.2,0.5,0.5,1.0,0.5,16,26,0,0,1,0,LOW,LOW,LOW,LOW
2019-10-24,Bermuda,Scotland,Dubai International Cricket Stadium,Bermuda,field,T20,2019/20,Scotland,0,1,0.4444444444444444,0.4871794871794871,0.2,0.6,0.0,1.0,0.5,0.4,9,39,1,1,0,5,LOW,LOW,LOW,MEDIUM
2019-10-25,Kenya,Namibia,Dubai International Cricket Stadium,Namibia,bat,T20,2019/20,Namibia,0,0,0.4347826086956521,0.8181818181818182,0.6,0.6,0.5,0.5,0.5,0.5,23,11,0,0,2,0,LOW,LOW,LOW,LOW
2019-10-25,Ireland,Jersey,Tolerance Oval,Ireland,field,T20,2019/20,Ireland,1,1,0.5172413793103449,0.625,0.6,0.4,0.5,0.5,1.0,0.5,58,8,0,0,1,2,LOW,LOW,LOW,LOW
2019-10-25,Canada,Oman,Sheikh Zayed Stadium,Canada,bat,T20,2019/20,Oman,0,1,0.4705882352941176,0.5238095238095238,0.8,0.8,0.5,0.5,0.6666666666666666,0.625,17,21,0,0,3,8,LOW,LOW,LOW,MEDIUM
2019-10-25,Spain,Portugal,La Manga Club Bottom Ground,Spain,field,T20,2019/20,Spain,1,1,0.5,0.5,0.5,0.5,0.5,0.5,0.5,0.5,0,0,0,0,0,0,LOW,LOW,LOW,LOW
2019-10-25,Papua New Guinea,Singapore,Dubai International Cricket Stadium,Singapore,field,T20,2019/20,Papua New Guinea,1,0,0.6428571428571429,0.6,0.8,0.4,0.5,0.5,0.5,0.5,14,10,0,0,0,0,LOW,LOW,LOW,LOW
2019-10-26,Spain,Portugal,La Manga Club Bottom Ground,Portugal,field,T20,2019/20,Spain,1,0,1.0,0.0,1.0,0.0,1.0,0.0,1.0,0.0,1,1,1,1,1,1,LOW,LOW,LOW,LOW
2019-10-26,Ireland,Nigeria,Sheikh Zayed Stadium,Nigeria,bat,T20,2019/20,Ireland,1,0,0.5254237288135594,0.3333333333333333,0.6,0.2,0.5,0.5,0.5,0.0,59,6,0,0,6,2,LOW,LOW,MEDIUM,LOW
2019-10-26,Spain,Gibraltar,La Manga Club Bottom Ground,Spain,field,T20,2019/20,Spain,1,1,1.0,0.5,1.0,0.5,0.5,0.5,1.0,0.5,2,0,0,0,2,0,LOW,LOW,LOW,LOW
2019-10-26,Namibia,Singapore,Dubai International Cricket Stadium,Singapore,field,T20,2019/20,Namibia,1,0,0.8333333333333334,0.5454545454545454,0.6,0.4,0.5,0.5,1.0,0.0,12,11,0,0,1,1,LOW,LOW,LOW,LOW
2019-10-26,Bermuda,Netherlands,Dubai International Cricket Stadium,Netherlands,bat,T20,2019/20,Netherlands,0,0,0.4,0.5283018867924528,0.0,0.8,0.5,0.5,0.0,0.4,10,53,0,0,1,5,LOW,LOW,LOW,MEDIUM
2019-10-26,Gibraltar,Portugal,La Manga Club Bottom Ground,Gibraltar,bat,T20,2019/20,Portugal,0,1,0.0,0.0,0.0,0.0,0.5,0.5,0.0,0.0,1,2,0,0,1,2,LOW,LOW,LOW,LOW
2019-10-27,Spain,Gibraltar,La Manga Club Bottom Ground,Spain,field,T20,2019/20,Spain,1,1,1.0,0.0,1.0,0.0,1.0,0.0,1.0,0.0,3,2,1,1,3,2,LOW,LOW,LOW,LOW
2019-10-27,Jersey,Oman,Sheikh Zayed Stadium,Oman,field,T20,2019/20,Jersey,1,0,0.5555555555555556,0.5454545454545454,0.4,0.8,0.5,0.5,0.5,0.6666666666666666,9,22,0,0,2,9,LOW,LOW,LOW,MEDIUM
2019-10-27,Netherlands,Scotland,Dubai International Cricket Stadium,Netherlands,field,T20,2019/20,Netherlands,1,1,0.5370370370370371,0.5,0.8,0.6,0.4,0.6,0.5,0.5,54,40,10,10,6,6,MEDIUM,MEDIUM,MEDIUM,MEDIUM
2019-10-27,Australia,Sri Lanka,Adelaide Oval,Sri Lanka,field,T20,2019/20,Australia,1,0,0.5357142857142857,0.4912280701754385,0.6,0.8,0.3846153846153846,0.6153846153846154,0.25,0.0,112,114,13,13,4,1,MEDIUM,MEDIUM,LOW,LOW
2019-10-27,Hong Kong,Nigeria,Tolerance Oval,Nigeria,bat,T20,2019/20,Hong Kong,1,0,0.3703703703703703,0.2857142857142857,0.4,0.0,0.5,0.5,1.0,0.0,27,7,0,0,1,2,LOW,LOW,LOW,LOW
2019-10-27,United Arab Emirates,Canada,Sheikh Zayed Stadium,Canada,field,T20,2019/20,United Arab Emirates,1,0,0.46875,0.4444444444444444,0.6,0.6,0.5,0.5,0.7777777777777778,0.5,32,18,0,0,9,4,LOW,LOW,MEDIUM,LOW
2019-10-27,Kenya,Papua New Guinea,Dubai International Cricket Stadium,Kenya,field,T20,2019/20,Papua New Guinea,0,1,0.4166666666666667,0.6666666666666666,0.4,0.8,0.5,0.5,0.3333333333333333,1.0,24,15,0,0,3,1,LOW,LOW,LOW,LOW
2019-10-29,Namibia,Oman,Dubai International Cricket Stadium,Namibia,bat,T20,2019/20,Namibia,1,1,0.8461538461538461,0.5217391304347826,0.8,0.6,0.5,0.5,1.0,0.0,13,23,0,0,2,1,LOW,LOW,LOW,LOW
2019-10-29,United Arab Emirates,Netherlands,Dubai International Cricket Stadium,United Arab Emirates,bat,T20,2019/20,Netherlands,0,1,0.4848484848484848,0.5454545454545454,0.8,0.8,0.4,0.6,0.0,0.5714285714285714,33,55,5,5,1,7,MEDIUM,MEDIUM,LOW,MEDIUM
2019-10-30,Hong Kong,Oman,Dubai International Cricket Stadium,Oman,bat,T20,2019/20,Oman,0,0,0.3928571428571428,0.5,0.6,0.4,0.1666666666666666,0.8333333333333334,1.0,0.0,28,24,6,6,1,2,MEDIUM,MEDIUM,LOW,LOW
2019-10-30,Australia,Sri Lanka,"Brisbane Cricket Ground, Woolloongabba",Sri Lanka,bat,T20,2019/20,Australia,1,0,0.5398230088495575,0.4869565217391304,0.8,0.8,0.4285714285714285,0.5714285714285714,0.75,0.5,113,115,14,14,4,0,MEDIUM,MEDIUM,LOW,LOW
2019-10-30,United Arab Emirates,Scotland,Dubai International Cricket Stadium,Scotland,bat,T20,2019/20,Scotland,0,0,0.4705882352941176,0.4878048780487805,0.6,0.6,0.5,0.5,0.0,0.4285714285714285,34,41,2,2,2,7,LOW,LOW,LOW,MEDIUM
2019-10-31,Oman,Scotland,ICC Academy,Oman,bat,T20,2019/20,Scotland,0,1,0.52,0.5,0.6,0.6,0.0,1.0,0.5,0.3333333333333333,25,42,2,2,0,6,LOW,LOW,LOW,MEDIUM
2019-11-01,New Zealand,England,Hagley Oval,England,field,T20,2019/20,England,0,0,0.5221238938053098,0.5098039215686274,0.6,1.0,0.3333333333333333,0.6666666666666666,0.5,0.5,113,102,15,15,0,0,MEDIUM,MEDIUM,LOW,LOW
2019-11-01,Namibia,Papua New Guinea,Dubai International Cricket Stadium,Papua New Guinea,bat,T20,2019/20,Papua New Guinea,0,0,0.8571428571428571,0.6875,1.0,0.8,0.0,1.0,1.0,1.0,14,16,1,1,3,2,LOW,LOW,LOW,LOW
2019-11-01,Ireland,Netherlands,Dubai International Cricket Stadium,Ireland,field,T20,2019/20,Netherlands,0,1,0.5333333333333333,0.5535714285714286,0.6,0.8,0.4,0.6,1.0,0.625,60,56,10,10,8,8,MEDIUM,MEDIUM,MEDIUM,MEDIUM
2019-11-01,Australia,Sri Lanka,Melbourne Cricket Ground,Australia,field,T20,2019/20,Australia,1,1,0.543859649122807,0.4827586206896552,0.8,0.6,0.4666666666666667,0.5333333333333333,0.6363636363636364,1.0,114,116,15,15,11,2,MEDIUM,MEDIUM,MEDIUM,LOW
2019-11-02,Netherlands,Papua New Guinea,Dubai International Cricket Stadium,Papua New Guinea,bat,T20,2019/20,Netherlands,1,0,0.5614035087719298,0.7058823529411765,0.8,0.8,0.0,1.0,0.6666666666666666,1.0,57,17,1,1,9,3,LOW,LOW,MEDIUM,LOW
2019-11-02,Ireland,Namibia,Dubai International Cricket Stadium,Ireland,bat,T20,2019/20,Ireland,1,1,0.5245901639344263,0.8,0.6,0.8,0.5,0.5,0.8888888888888888,0.75,61,15,0,0,9,4,LOW,LOW,MEDIUM,LOW
2019-11-03,India,Bangladesh,Arun Jaitley Stadium,Bangladesh,field,T20,2019/20,Bangladesh,0,0,0.631578947368421,0.3116883116883117,0.8,0.6,1.0,0.0,1.0,0.5,114,77,8,8,1,0,MEDIUM,MEDIUM,LOW,LOW
2019-11-03,New Zealand,England,Westpac Stadium,England,field,T20,2019/20,New Zealand,1,0,0.5175438596491229,0.5145631067961165,0.6,1.0,0.3125,0.6875,0.7,0.5,114,103,16,16,10,2,MEDIUM,MEDIUM,MEDIUM,LOW
2019-11-05,Australia,Pakistan,Manuka Oval,Pakistan,bat,T20,2019/20,Australia,1,0,0.5478260869565217,0.6258992805755396,1.0,0.2,0.3684210526315789,0.631578947368421,0.5,0.5,115,139,19,19,0,0,MEDIUM,MEDIUM,LOW,LOW
2019-11-05,New Zealand,England,Saxton Oval,New Zealand,bat,T20,2019/20,New Zealand,1,1,0.5217391304347826,0.5096153846153846,0.6,0.8,0.3529411764705882,0.6470588235294118,1.0,0.5,115,104,17,17,1,0,MEDIUM,MEDIUM,LOW,LOW
2019-11-07,India,Bangladesh,Saurashtra Cricket Association Stadium,India,field,T20,2019/20,India,1,1,0.6260869565217392,0.3205128205128205,0.6,0.8,0.8888888888888888,0.1111111111111111,0.5,0.5,115,78,9,9,2,0,MEDIUM,MEDIUM,LOW,LOW
2019-11-08,Australia,Pakistan,Perth Stadium,Australia,field,T20,2019/20,Australia,1,1,0.5517241379310345,0.6214285714285714,1.0,0.0,0.4,0.6,0.5,0.5,116,140,20,20,0,0,HIGH,HIGH,LOW,LOW
2019-11-08,New Zealand,England,McLean Park,New Zealand,field,T20,2019/20,England,0,1,0.5258620689655172,0.5047619047619047,0.6,0.6,0.3888888888888889,0.6111111111111112,1.0,0.5,116,105,18,18,1,0,MEDIUM,MEDIUM,LOW,LOW
2019-11-10,India,Bangladesh,"Vidarbha Cricket Association Stadium, Jamtha",Bangladesh,field,T20,2019/20,India,1,0,0.6293103448275862,0.3164556962025316,0.6,0.6,0.9,0.1,0.3333333333333333,0.5,116,79,10,10,3,0,MEDIUM,MEDIUM,LOW,LOW
2019-12-05,Nepal,Bhutan,Tribhuvan University International Cricket Ground,Bhutan,field,T20,2019/20,Nepal,1,0,0.4166666666666667,0.5,0.4,0.5,0.5,0.5,0.5,0.5,24,0,0,0,0,0,LOW,LOW,LOW,LOW
2019-12-06,Nepal,Maldives,Tribhuvan University International Cricket Ground,Nepal,bat,T20,2019/20,Nepal,1,1,0.44,0.5,0.6,0.5,0.5,0.5,1.0,0.5,25,2,0,0,1,0,LOW,LOW,LOW,LOW
2019-12-06,India,West Indies,"Rajiv Gandhi International Stadium, Uppal",India,field,T20,2019/20,India,1,1,0.6324786324786325,0.4509803921568627,0.6,0.0,0.6153846153846154,0.3846153846153846,0.5,0.5,117,102,13,13,0,0,MEDIUM,MEDIUM,LOW,LOW
2019-12-07,Bhutan,Maldives,Tribhuvan University International Cricket Ground,Maldives,field,T20,2019/20,Maldives,0,0,0.0,0.3333333333333333,0.0,0.3333333333333333,0.5,0.5,0.0,0.0,1,3,0,0,1,1,LOW,LOW,LOW,LOW
2019-12-08,India,West Indies,Greenfield International Stadium,West Indies,field,T20,2019/20,West Indies,0,0,0.635593220338983,0.4466019417475728,0.6,0.0,0.6428571428571429,0.3571428571428571,1.0,0.5,118,103,14,14,1,0,MEDIUM,MEDIUM,LOW,LOW
2019-12-09,Nepal,Maldives,Tribhuvan University International Cricket Ground,Nepal,field,T20,2019/20,Nepal,1,1,0.4615384615384615,0.5,0.6,0.5,1.0,0.0,1.0,0.5,26,4,1,1,2,2,LOW,LOW,LOW,LOW
2019-12-11,India,West Indies,Wankhede Stadium,West Indies,field,T20,2019/20,India,1,0,0.6302521008403361,0.4519230769230769,0.6,0.2,0.6,0.4,0.3333333333333333,1.0,119,104,15,15,3,2,MEDIUM,MEDIUM,LOW,LOW
2020-01-07,India,Sri Lanka,Holkar Cricket Stadium,India,field,T20,2019/20,India,1,1,0.6333333333333333,0.4786324786324786,0.8,0.4,0.6875,0.3125,1.0,0.0,120,117,16,16,1,1,MEDIUM,MEDIUM,LOW,LOW
2020-01-10,India,Sri Lanka,Maharashtra Cricket Association Stadium,Sri Lanka,field,T20,2019/20,India,1,0,0.6363636363636364,0.4745762711864407,0.8,0.2,0.7058823529411765,0.2941176470588235,0.0,1.0,121,118,17,17,1,1,MEDIUM,MEDIUM,LOW,LOW
2020-01-15,West Indies,Ireland,"National Cricket Stadium, Grenada",Ireland,bat,T20,2019/20,Ireland,0,0,0.4476190476190476,0.532258064516129,0.2,0.6,0.6666666666666666,0.3333333333333333,0.5,0.5,105,62,3,3,0,0,LOW,LOW,LOW,LOW
2020-01-19,West Indies,Ireland,"Warner Park, St Kitts",West Indies,field,T20,2019/20,West Indies,1,1,0.4433962264150943,0.5396825396825397,0.2,0.8,0.5,0.5,0.0,0.5,106,63,4,4,2,0,LOW,LOW,LOW,LOW
2020-01-24,New Zealand,India,Eden Park,India,field,T20,2019/20,India,0,0,0.5213675213675214,0.639344262295082,0.4,0.8,0.7272727272727273,0.2727272727272727,0.375,1.0,117,122,11,11,16,1,MEDIUM,MEDIUM,MEDIUM,LOW
2020-01-24,Pakistan,Bangladesh,Gaddafi Stadium,Bangladesh,bat,T20,2019/20,Pakistan,1,0,0.6170212765957447,0.3125,0.0,0.6,0.8,0.2,0.5555555555555556,0.5,141,80,10,10,9,0,MEDIUM,MEDIUM,MEDIUM,LOW
2020-01-25,Pakistan,Bangladesh,Gaddafi Stadium,Bangladesh,bat,T20,2019/20,Pakistan,1,0,0.6197183098591549,0.3086419753086419,0.2,0.4,0.8181818181818182,0.1818181818181818,0.6,0.0,142,81,11,11,10,1,MEDIUM,MEDIUM,MEDIUM,LOW
2020-01-26,New Zealand,India,Eden Park,New Zealand,bat,T20,2019/20,India,0,1,0.5169491525423728,0.6422764227642277,0.4,0.8,0.6666666666666666,0.3333333333333333,0.3529411764705882,1.0,118,123,12,12,17,2,MEDIUM,MEDIUM,MEDIUM,LOW
2020-02-02,New Zealand,India,Bay Oval,India,bat,T20,2019/20,India,0,0,0.5126050420168067,0.6451612903225806,0.4,1.0,0.6153846153846154,0.3846153846153846,0.8,0.5,119,124,13,13,5,0,MEDIUM,MEDIUM,MEDIUM,LOW
2020-02-12,South Africa,England,Buffalo Park,England,field,T20,2019/20,South Africa,1,0,0.5909090909090909,0.5094339622641509,0.6,0.6,0.5714285714285714,0.4285714285714285,0.5,0.5,110,106,14,14,2,0,MEDIUM,MEDIUM,LOW,LOW
2020-02-14,South Africa,England,Kingsmead,South Africa,field,T20,2019/20,England,0,1,0.5945945945945946,0.5046728971962616,0.8,0.4,0.6,0.4,0.7142857142857143,0.0,111,107,15,15,7,2,MEDIUM,MEDIUM,MEDIUM,LOW
2020-02-16,South Africa,England,SuperSport Park,South Africa,bat,T20,2019/20,England,0,1,0.5892857142857143,0.5092592592592593,0.6,0.4,0.5625,0.4375,0.5555555555555556,0.0,112,108,16,16,9,1,MEDIUM,MEDIUM,MEDIUM,LOW
2020-02-20,Malaysia,Hong Kong,Kinrara Academy Oval,Malaysia,bat,T20,2019/20,Malaysia,1,1,0.3846153846153846,0.3793103448275862,0.4,0.6,0.5,0.5,0.4444444444444444,0.5,13,29,0,0,9,0,LOW,LOW,MEDIUM,LOW
2020-02-21,Malaysia,Hong Kong,Kinrara Academy Oval,Malaysia,bat,T20,2019/20,Malaysia,1,1,0.4285714285714285,0.3666666666666666,0.6,0.6,1.0,0.0,0.5,0.0,14,30,1,1,10,1,LOW,LOW,MEDIUM,LOW
2020-02-21,South Africa,Australia,The Wanderers Stadium,South Africa,field,T20,2019/20,Australia,0,1,0.584070796460177,0.5555555555555556,0.4,1.0,0.3888888888888889,0.6111111111111112,0.6666666666666666,0.5,113,117,18,18,3,0,MEDIUM,MEDIUM,LOW,LOW
2020-02-23,Malaysia,Hong Kong,Kinrara Academy Oval,Malaysia,bat,T20,2019/20,Malaysia,1,1,0.4666666666666667,0.3548387096774194,0.8,0.4,1.0,0.0,0.5454545454545454,0.0,15,31,2,2,11,2,LOW,LOW,MEDIUM,LOW
2020-02-23,South Africa,Australia,St George's Park,South Africa,bat,T20,2019/20,South Africa,1,1,0.5789473684210527,0.559322033898305,0.4,1.0,0.3684210526315789,0.631578947368421,0.5,0.5,114,118,19,19,2,0,MEDIUM,MEDIUM,LOW,LOW
2020-02-24,Malaysia,Hong Kong,Kinrara Academy Oval,Malaysia,bat,T20,2019/20,Malaysia,1,1,0.5,0.34375,0.8,0.2,1.0,0.0,0.5833333333333334,0.0,16,32,3,3,12,3,LOW,LOW,MEDIUM,LOW
2020-02-25,Oman,Maldives,Al Amerat Cricket Ground Oman Cricket (Ministry Turf 1),Oman,field,T20,2019/20,Oman,1,1,0.5,0.4,0.4,0.4,0.5,0.5,0.5,0.5,26,5,0,0,6,0,LOW,LOW,MEDIUM,LOW
2020-02-25,Bahrain,Qatar,Al Amerat Cricket Ground Oman Cricket (Ministry Turf 1),Qatar,bat,T20,2019/20,Bahrain,1,0,0.5,0.5,0.5,0.5,0.5,0.5,0.5,0.5,0,4,0,0,0,0,LOW,LOW,LOW,LOW
2020-02-25,Iran,Kuwait,Al Amerat Cricket Ground Oman Cricket (Ministry Turf 2),Kuwait,field,T20,2019/20,Kuwait,0,0,0.5,0.3333333333333333,0.5,0.3333333333333333,0.5,0.5,0.5,0.5,0,3,0,0,0,0,LOW,LOW,LOW,LOW
2020-02-25,Saudi Arabia,United Arab Emirates,Al Amerat Cricket Ground Oman Cricket (Ministry Turf 2),United Arab Emirates,bat,T20,2019/20,United Arab Emirates,0,0,0.5,0.4571428571428571,0.5,0.4,0.5,0.5,0.5,0.5,0,35,0,0,0,0,LOW,LOW,LOW,LOW
2020-02-26,Malaysia,Hong Kong,Kinrara Academy Oval,Hong Kong,bat,T20,2019/20,Malaysia,1,0,0.5294117647058824,0.3333333333333333,1.0,0.0,1.0,0.0,0.6153846153846154,0.0,17,33,4,4,13,4,LOW,LOW,MEDIUM,LOW
2020-02-26,Kuwait,Bahrain,Al Amerat Cricket Ground Oman Cricket (Ministry Turf 1),Bahrain,field,T20,2019/20,Kuwait,1,0,0.5,1.0,0.5,1.0,0.5,0.5,0.5,1.0,4,1,0,0,0,1,LOW,LOW,LOW,LOW
2020-02-26,Qatar,United Arab Emirates,Al Amerat Cricket Ground Oman Cricket (Ministry Turf 2),United Arab Emirates,bat,T20,2019/20,United Arab Emirates,0,0,0.4,0.4722222222222222,0.4,0.6,0.5,0.5,0.5,1.0,5,36,0,0,0,1,LOW,LOW,LOW,LOW
2020-02-26,South Africa,Australia,Newlands,South Africa,field,T20,2019/20,Australia,0,1,0.5826086956521739,0.5546218487394958,0.4,0.8,0.4,0.6,0.4,0.8333333333333334,115,119,20,20,10,6,HIGH,HIGH,MEDIUM,MEDIUM
2020-02-27,Kuwait,United Arab Emirates,Al Amerat Cricket Ground Oman Cricket (Ministry Turf 1),Kuwait,field,T20,2019/20,United Arab Emirates,0,1,0.6,0.4864864864864865,0.6,0.6,0.5,0.5,1.0,0.5,5,37,0,0,1,0,LOW,LOW,LOW,LOW
2020-02-29,Thailand,Singapore,Terdthai Cricket Ground,Thailand,field,T20,2019/20,Singapore,0,1,0.25,0.5,0.25,0.2,0.5,0.5,0.5,0.5,4,12,0,0,0,0,LOW,LOW,LOW,LOW
2020-03-01,Hong Kong,Nepal,Terdthai Cricket Ground,Nepal,field,T20,2019/20,Hong Kong,1,0,0.3235294117647059,0.4814814814814814,0.0,0.6,0.5,0.5,0.5,0.5,34,27,4,4,0,0,LOW,LOW,LOW,LOW
2020-03-01,Thailand,Malaysia,Terdthai Cricket Ground,Thailand,bat,T20,2019/20,Malaysia,0,1,0.2,0.5555555555555556,0.2,1.0,0.0,1.0,0.0,0.5,5,18,2,2,1,0,LOW,LOW,LOW,LOW
2020-03-03,Malaysia,Singapore,Terdthai Cricket Ground,Singapore,bat,T20,2019/20,Singapore,0,0,0.5789473684210527,0.5384615384615384,1.0,0.2,0.0,1.0,1.0,1.0,19,13,1,1,1,1,LOW,LOW,LOW,LOW
2020-03-03,Thailand,Hong Kong,Terdthai Cricket Ground,Thailand,bat,T20,2019/20,Hong Kong,0,1,0.1666666666666666,0.3428571428571428,0.2,0.2,0.5,0.5,0.0,1.0,6,35,0,0,2,1,LOW,LOW,LOW,LOW
2020-03-04,Hong Kong,Singapore,Terdthai Cricket Ground,Singapore,bat,T20,2019/20,Singapore,0,0,0.3611111111111111,0.5714285714285714,0.4,0.4,0.5,0.5,1.0,1.0,36,14,0,0,2,2,LOW,LOW,LOW,LOW
2020-03-04,Sri Lanka,West Indies,Pallekele International Cricket Stadium,West Indies,bat,T20,2019/20,West Indies,0,0,0.4705882352941176,0.4485981308411215,0.0,0.4,0.6666666666666666,0.3333333333333333,0.6666666666666666,0.3333333333333333,119,107,9,9,12,3,MEDIUM,MEDIUM,MEDIUM,LOW
2020-03-04,Thailand,Nepal,Terdthai Cricket Ground,Thailand,bat,T20,2019/20,Nepal,0,1,0.1428571428571428,0.4642857142857143,0.2,0.6,0.5,0.5,0.0,0.0,7,28,0,0,3,1,LOW,LOW,LOW,LOW
2020-03-06,Sri Lanka,West Indies,Pallekele International Cricket Stadium,West Indies,field,T20,2019/20,West Indies,0,0,0.4666666666666667,0.4537037037037037,0.0,0.6,0.6,0.4,0.6153846153846154,0.5,120,108,10,10,13,4,MEDIUM,MEDIUM,MEDIUM,LOW
2020-03-06,Hong Kong,Malaysia,Terdthai Cricket Ground,Malaysia,bat,T20,2019/20,Hong Kong,1,0,0.3513513513513513,0.55,0.4,0.8,0.0,1.0,0.6666666666666666,0.5,37,20,5,5,3,2,MEDIUM,MEDIUM,LOW,LOW
2020-03-08,Spain,Germany,Desert Springs Cricket Ground,Spain,field,T20,2019/20,Germany,0,1,1.0,0.8,1.0,0.8,0.5,0.5,0.5,0.5,4,5,0,0,0,0,LOW,LOW,LOW,LOW
2020-03-08,Spain,Germany,Desert Springs Cricket Ground,Spain,field,T20,2019/20,Spain,1,1,0.8,0.8333333333333334,0.8,1.0,0.0,1.0,0.0,1.0,5,6,1,1,1,1,LOW,LOW,LOW,LOW
2020-03-09,Bangladesh,Zimbabwe,"Shere Bangla National Stadium, Mirpur",Zimbabwe,field,T20,2019/20,Bangladesh,1,0,0.3048780487804878,0.2711864406779661,0.2,0.6,0.6,0.4,0.5,0.0,82,59,10,10,4,1,MEDIUM,MEDIUM,LOW,LOW
2020-03-11,Bangladesh,Zimbabwe,"Shere Bangla National Stadium, Mirpur",Bangladesh,field,T20,2019/20,Bangladesh,1,1,0.3132530120481928,0.2666666666666666,0.2,0.6,0.6363636363636364,0.3636363636363636,0.6,0.0,83,60,11,11,5,2,MEDIUM,MEDIUM,MEDIUM,LOW
2020-08-21,Isle of Man,Guernsey,College Field,Isle of Man,bat,T20,2020,Guernsey,0,1,0.5,0.5,0.5,0.5,0.5,0.5,0.5,0.0,0,4,0,0,0,1,LOW,LOW,LOW,LOW
2020-08-29,Belgium,Luxembourg,Pierre Werner Cricket Ground,Belgium,bat,T20,2020,Belgium,1,1,0.5,0.5,0.5,0.5,0.5,0.5,0.5,0.5,0,0,0,0,0,0,LOW,LOW,LOW,LOW
2020-08-30,Belgium,Luxembourg,Pierre Werner Cricket Ground,Belgium,bat,T20,2020,Belgium,1,1,1.0,0.0,1.0,0.0,1.0,0.0,1.0,0.0,1,1,1,1,1,1,LOW,LOW,LOW,LOW
2020-08-30,Belgium,Czech Republic,Pierre Werner Cricket Ground,Belgium,bat,T20,2020,Belgium,1,1,1.0,0.5,1.0,0.5,0.5,0.5,1.0,0.5,2,0,0,0,2,0,LOW,LOW,LOW,LOW
2020-08-30,Pakistan,England,Old Trafford,England,field,T20,2020,England,0,0,0.6223776223776224,0.5137614678899083,0.4,0.6,0.2857142857142857,0.7142857142857143,1.0,0.6,143,109,14,14,1,5,MEDIUM,MEDIUM,LOW,MEDIUM
2020-09-01,Pakistan,England,Old Trafford,England,field,T20,2020,Pakistan,1,0,0.6180555555555556,0.5181818181818182,0.4,0.8,0.2666666666666666,0.7333333333333333,0.5,0.6666666666666666,144,110,15,15,2,6,MEDIUM,MEDIUM,LOW,MEDIUM
2020-09-04,England,Australia,The Rose Bowl,Australia,field,T20,2020,England,1,0,0.5135135135135135,0.5583333333333333,0.6,0.8,0.4,0.6,0.6,0.5,111,120,15,15,5,2,MEDIUM,MEDIUM,MEDIUM,LOW
2020-09-06,Australia,England,The Rose Bowl,Australia,bat,T20,2020,England,0,1,0.5537190082644629,0.5178571428571429,0.6,0.8,0.5625,0.4375,0.3333333333333333,0.6666666666666666,121,112,16,16,3,6,MEDIUM,MEDIUM,LOW,MEDIUM
2020-09-08,England,Australia,The Rose Bowl,Australia,field,T20,2020,Australia,0,0,0.5221238938053098,0.5491803278688525,0.8,0.4,0.4705882352941176,0.5294117647058824,0.7142857142857143,0.25,113,122,17,17,7,4,MEDIUM,MEDIUM,MEDIUM,LOW
2020-10-16,Bulgaria,Romania,Moara Vlasiei Cricket Ground,Bulgaria,bat,T20,2020/21,Bulgaria,1,1,0.5,0.5,0.5,0.5,0.5,0.5,0.5,0.5,0,0,0,0,0,0,LOW,LOW,LOW,LOW
2020-10-17,Romania,Bulgaria,Moara Vlasiei Cricket Ground,Romania,bat,T20,2020/21,Romania,1,1,0.0,1.0,0.0,1.0,0.0,1.0,0.0,1.0,1,1,1,1,1,1,LOW,LOW,LOW,LOW
2020-10-18,Bulgaria,Romania,Moara Vlasiei Cricket Ground,Bulgaria,bat,T20,2020/21,Romania,0,1,0.5,0.5,0.5,0.5,0.5,0.5,0.5,0.5,2,2,2,2,2,2,LOW,LOW,LOW,LOW
2020-11-07,Zimbabwe,Pakistan,Rawalpindi Cricket Stadium,Zimbabwe,bat,T20,2020/21,Pakistan,0,1,0.2622950819672131,0.6206896551724138,0.4,0.6,0.0,1.0,0.5,0.5,61,145,10,10,0,0,MEDIUM,MEDIUM,LOW,LOW
2020-11-08,Zimbabwe,Pakistan,Rawalpindi Cricket Stadium,Pakistan,field,T20,2020/21,Pakistan,0,0,0.2580645161290322,0.6232876712328768,0.4,0.8,0.0,1.0,0.0,1.0,62,146,11,11,1,1,MEDIUM,MEDIUM,LOW,LOW
2020-11-10,Zimbabwe,Pakistan,Rawalpindi Cricket Stadium,Zimbabwe,bat,T20,2020/21,Pakistan,0,1,0.2539682539682539,0.6258503401360545,0.2,0.8,0.0,1.0,0.0,1.0,63,147,12,12,2,2,MEDIUM,MEDIUM,LOW,LOW
2020-11-27,West Indies,New Zealand,Eden Park,New Zealand,field,T20,2020/21,New Zealand,0,0,0.4587155963302752,0.5083333333333333,0.6,0.2,0.3333333333333333,0.6666666666666666,0.0,0.3333333333333333,109,120,9,9,1,18,MEDIUM,MEDIUM,LOW,MEDIUM
2020-11-27,South Africa,England,Newlands,England,field,T20,2020/21,England,0,0,0.5775862068965517,0.5175438596491229,0.2,0.6,0.5294117647058824,0.4705882352941176,0.3636363636363636,0.25,116,114,17,17,11,4,MEDIUM,MEDIUM,MEDIUM,LOW
2020-11-29,South Africa,England,Boland Park,England,field,T20,2020/21,England,0,0,0.5726495726495726,0.5217391304347826,0.2,0.6,0.5,0.5,0.5,0.5,117,115,18,18,0,0,MEDIUM,MEDIUM,LOW,LOW
2020-11-29,New Zealand,West Indies,Bay Oval,West Indies,field,T20,2020/21,New Zealand,1,0,0.512396694214876,0.4545454545454545,0.2,0.6,0.7,0.3,0.6666666666666666,0.0,121,110,10,10,6,1,MEDIUM,MEDIUM,MEDIUM,LOW
2020-12-01,South Africa,England,Newlands,South Africa,bat,T20,2020/21,England,0,1,0.5677966101694916,0.5258620689655172,0.2,0.8,0.4736842105263157,0.5263157894736842,0.3333333333333333,0.4,118,116,19,19,12,5,MEDIUM,MEDIUM,MEDIUM,MEDIUM
2020-12-04,India,Australia,Manuka Oval,Australia,field,T20,2020/21,India,1,0,0.648,0.5528455284552846,1.0,0.4,0.5789473684210527,0.4210526315789473,0.5,1.0,125,123,19,19,0,1,MEDIUM,MEDIUM,LOW,LOW
2020-12-06,Australia,India,Sydney Cricket Ground,India,field,T20,2020/21,India,0,0,0.5483870967741935,0.6507936507936508,0.4,1.0,0.4,0.6,0.6666666666666666,1.0,124,126,20,20,6,2,HIGH,HIGH,MEDIUM,LOW
2020-12-08,Australia,India,Sydney Cricket Ground,India,field,T20,2020/21,Australia,1,0,0.544,0.6535433070866141,0.2,1.0,0.3809523809523809,0.6190476190476191,0.5714285714285714,1.0,125,127,21,21,7,3,HIGH,HIGH,MEDIUM,LOW
2020-12-18,Pakistan,New Zealand,Eden Park,Pakistan,bat,T20,2020/21,New Zealand,0,1,0.6283783783783784,0.5163934426229508,0.8,0.4,0.6190476190476191,0.3809523809523809,0.6666666666666666,0.3684210526315789,148,122,21,21,3,19,HIGH,HIGH,LOW,MEDIUM
2020-12-20,Pakistan,New Zealand,Seddon Park,Pakistan,bat,T20,2020/21,New Zealand,0,1,0.6241610738255033,0.5203252032520326,0.8,0.6,0.5909090909090909,0.4090909090909091,0.0,0.7777777777777778,149,123,22,22,2,9,HIGH,HIGH,LOW,MEDIUM
2020-12-22,New Zealand,Pakistan,McLean Park,Pakistan,field,T20,2020/21,Pakistan,0,0,0.5241935483870968,0.62,0.8,0.6,0.4347826086956521,0.5652173913043478,0.5,0.5,124,150,23,23,2,0,HIGH,HIGH,LOW,LOW
2021-02-11,Pakistan,South Africa,Gaddafi Stadium,South Africa,field,T20,2020/21,Pakistan,1,0,0.6225165562913907,0.5630252100840336,0.6,0.2,0.4615384615384615,0.5384615384615384,0.6363636363636364,0.5,151,119,13,13,11,0,MEDIUM,MEDIUM,MEDIUM,LOW
2021-02-13,Pakistan,South Africa,Gaddafi Stadium,South Africa,field,T20,2020/21,South Africa,0,0,0.625,0.5583333333333333,0.6,0.0,0.5,0.5,0.6666666666666666,0.0,152,120,14,14,12,1,MEDIUM,MEDIUM,MEDIUM,LOW
2021-02-14,South Africa,Pakistan,Gaddafi Stadium,Pakistan,field,T20,2020/21,Pakistan,0,0,0.5619834710743802,0.6209150326797386,0.2,0.4,0.5333333333333333,0.4666666666666667,0.5,0.6153846153846154,121,153,15,15,2,13,MEDIUM,MEDIUM,LOW,MEDIUM
2021-02-22,New Zealand,Australia,Hagley Oval,Australia,field,T20,2020/21,New Zealand,1,0,0.52,0.5476190476190477,0.8,0.4,0.125,0.875,0.0,0.5,125,126,8,8,1,0,MEDIUM,MEDIUM,LOW,LOW
2021-02-25,New Zealand,Australia,University Oval,Australia,field,T20,2020/21,New Zealand,1,0,0.5238095238095238,0.5433070866141733,0.8,0.4,0.2222222222222222,0.7777777777777778,0.5,0.5,126,127,9,9,0,0,MEDIUM,MEDIUM,LOW,LOW
2021-03-03,Sri Lanka,West Indies,"Coolidge Cricket Ground, Antigua",West Indies,field,T20,2020/21,West Indies,0,0,0.4628099173553719,0.4504504504504504,0.0,0.6,0.5454545454545454,0.4545454545454545,0.5,0.5,121,111,11,11,0,0,MEDIUM,MEDIUM,LOW,LOW
2021-03-03,Australia,New Zealand,Westpac Stadium,New Zealand,field,T20,2020/21,Australia,1,0,0.5390625,0.5275590551181102,0.2,0.8,0.7,0.3,1.0,0.7272727272727273,128,127,10,10,1,11,MEDIUM,MEDIUM,LOW,MEDIUM
2021-03-05,Australia,New Zealand,Westpac Stadium,Australia,bat,T20,2020/21,Australia,1,1,0.5426356589147286,0.5234375,0.4,0.6,0.7272727272727273,0.2727272727272727,1.0,0.6666666666666666,129,128,11,11,2,12,MEDIUM,MEDIUM,LOW,MEDIUM
2021-03-05,Sri Lanka,West Indies,"Coolidge Cricket Ground, Antigua",Sri Lanka,bat,T20,2020/21,Sri Lanka,1,1,0.4590163934426229,0.4553571428571428,0.0,0.6,0.5,0.5,0.0,1.0,122,112,12,12,1,1,MEDIUM,MEDIUM,LOW,LOW
2021-03-07,Sri Lanka,West Indies,"Coolidge Cricket Ground, Antigua",Sri Lanka,bat,T20,2020/21,West Indies,0,1,0.4634146341463415,0.4513274336283185,0.2,0.4,0.5384615384615384,0.4615384615384615,0.5,0.5,123,113,13,13,2,2,MEDIUM,MEDIUM,LOW,LOW
2021-03-07,Australia,New Zealand,Sky Stadium,Australia,bat,T20,2020/21,New Zealand,0,1,0.5461538461538461,0.5193798449612403,0.6,0.4,0.75,0.25,0.5,0.5,130,129,12,12,0,0,MEDIUM,MEDIUM,LOW,LOW
2021-03-12,India,England,Narendra Modi Stadium,England,field,T20,2020/21,England,0,0,0.6484375,0.5299145299145299,0.8,0.8,0.5,0.5,0.5,0.5,128,117,14,14,0,0,MEDIUM,MEDIUM,LOW,LOW
2021-03-14,England,India,Narendra Modi Stadium,India,field,T20,2020/21,India,0,0,0.5338983050847458,0.6434108527131783,0.8,0.6,0.5333333333333333,0.4666666666666667,1.0,0.0,118,129,15,15,1,1,MEDIUM,MEDIUM,LOW,LOW
2021-03-16,India,England,Narendra Modi Stadium,England,field,T20,2020/21,England,0,0,0.6461538461538462,0.5294117647058824,0.6,0.8,0.5,0.5,0.5,0.5,130,119,16,16,2,2,MEDIUM,MEDIUM,LOW,LOW
2021-03-18,India,England,Narendra Modi Stadium,England,field,T20,2020/21,India,1,0,0.6412213740458015,0.5333333333333333,0.4,0.8,0.4705882352941176,0.5294117647058824,0.3333333333333333,0.6666666666666666,131,120,17,17,3,3,MEDIUM,MEDIUM,LOW,LOW
2021-03-20,India,England,Narendra Modi Stadium,England,field,T20,2020/21,India,1,0,0.6439393939393939,0.5289256198347108,0.4,0.6,0.5,0.5,0.5,0.5,132,121,18,18,4,4,MEDIUM,MEDIUM,LOW,LOW
2021-03-28,New Zealand,Bangladesh,Seddon Park,New Zealand,bat,T20,2020/21,New Zealand,1,1,0.5230769230769231,0.3214285714285714,0.6,0.4,1.0,0.0,0.8,0.0,130,84,7,7,10,1,MEDIUM,MEDIUM,MEDIUM,LOW
2021-03-30,New Zealand,Bangladesh,McLean Park,Bangladesh,field,T20,2020/21,New Zealand,1,0,0.5267175572519084,0.3176470588235294,0.6,0.4,1.0,0.0,0.3333333333333333,0.0,131,85,8,8,3,1,MEDIUM,MEDIUM,LOW,LOW
2021-04-01,New Zealand,Bangladesh,Eden Park,Bangladesh,field,T20,2020/21,New Zealand,1,0,0.5303030303030303,0.313953488372093,0.6,0.4,1.0,0.0,0.4,0.5,132,86,9,9,20,0,MEDIUM,MEDIUM,HIGH,LOW
2021-04-03,Uganda,Namibia,Wanderers,Uganda,bat,T20,2021,Namibia,0,1,0.5,0.75,0.5,0.6,0.0,1.0,0.5,0.5,4,16,1,1,0,0,LOW,LOW,LOW,LOW
2021-04-05,Namibia,Uganda,"Wanderers Cricket Ground, Windhoek",Namibia,bat,T20,2021,Namibia,1,1,0.7647058823529411,0.4,0.6,0.4,1.0,0.0,0.5,0.5,17,5,2,2,0,0,LOW,LOW,LOW,LOW
2021-04-05,Namibia,Uganda,"Wanderers Cricket Ground, Windhoek",Namibia,bat,T20,2021,Namibia,1,1,0.7777777777777778,0.3333333333333333,0.6,0.2,1.0,0.0,1.0,0.0,18,6,3,3,1,1,LOW,LOW,LOW,LOW
2021-04-10,South Africa,Pakistan,"The Wanderers Stadium, Johannesburg",South Africa,bat,T20,2021,Pakistan,0,1,0.5573770491803278,0.6233766233766234,0.2,0.6,0.5,0.5,0.5,0.5,122,154,16,16,0,0,MEDIUM,MEDIUM,LOW,LOW
2021-04-12,Pakistan,South Africa,"The Wanderers Stadium, Johannesburg",Pakistan,bat,T20,2021,South Africa,0,1,0.6258064516129033,0.5528455284552846,0.8,0.2,0.5294117647058824,0.4705882352941176,1.0,0.0,155,123,17,17,1,1,MEDIUM,MEDIUM,LOW,LOW
2021-04-14,South Africa,Pakistan,"SuperSport Park, Centurion",Pakistan,field,T20,2021,Pakistan,0,0,0.5564516129032258,0.6217948717948718,0.4,0.6,0.5,0.5,0.5,0.5,124,156,18,18,0,0,MEDIUM,MEDIUM,LOW,LOW
2021-04-16,South Africa,Pakistan,"SuperSport Park, Centurion",Pakistan,field,T20,2021,Pakistan,0,0,0.552,0.6242038216560509,0.4,0.6,0.4736842105263157,0.5263157894736842,0.0,1.0,125,157,19,19,1,1,MEDIUM,MEDIUM,LOW,LOW
2021-04-17,Netherlands,Nepal,"Tribhuvan University International Cricket Ground, Kirtipur",Nepal,field,T20,2021,Nepal,0,0,0.5689655172413793,0.4827586206896552,1.0,0.8,0.6666666666666666,0.3333333333333333,0.5,0.5,58,29,3,3,0,0,LOW,LOW,LOW,LOW
2021-04-18,Netherlands,Malaysia,"Tribhuvan University International Cricket Ground, Kirtipur",Netherlands,bat,T20,2021,Netherlands,1,1,0.559322033898305,0.5238095238095238,0.8,0.6,0.5,0.5,0.0,0.5,59,21,0,0,1,0,LOW,LOW,LOW,LOW
2021-04-19,Malaysia,Nepal,"Tribhuvan University International Cricket Ground, Kirtipur",Nepal,field,T20,2021,Nepal,0,0,0.5,0.5,0.4,0.8,0.0,1.0,0.0,1.0,22,30,3,3,1,1,LOW,LOW,LOW,LOW
2021-04-20,Nepal,Netherlands,"Tribhuvan University International Cricket Ground, Kirtipur",Nepal,bat,T20,2021,Netherlands,0,1,0.5161290322580645,0.5666666666666667,0.8,0.8,0.5,0.5,1.0,0.5,31,60,4,4,2,2,LOW,LOW,LOW,LOW
2021-04-21,Pakistan,Zimbabwe,Harare Sports Club,Zimbabwe,field,T20,2021,Pakistan,1,0,0.6265822784810127,0.25,0.8,0.0,1.0,0.0,0.9090909090909092,0.1,158,64,13,13,11,20,MEDIUM,MEDIUM,MEDIUM,HIGH
2021-04-22,Nepal,Malaysia,"Tribhuvan University International Cricket Ground, Kirtipur",Malaysia,field,T20,2021,Nepal,1,0,0.5,0.4782608695652174,0.6,0.2,1.0,0.0,0.6666666666666666,0.0,32,23,4,4,3,2,LOW,LOW,LOW,LOW
2021-04-23,Zimbabwe,Pakistan,Harare Sports Club,Pakistan,field,T20,2021,Zimbabwe,1,0,0.2461538461538461,0.6289308176100629,0.0,0.8,0.0,1.0,0.0952380952380952,0.9166666666666666,65,159,14,14,21,12,MEDIUM,MEDIUM,HIGH,MEDIUM
2021-04-24,Nepal,Netherlands,"Tribhuvan University International Cricket Ground, Kirtipur",Netherlands,field,T20,2021,Nepal,1,0,0.5151515151515151,0.5737704918032787,0.8,0.8,0.4,0.6,0.75,0.6666666666666666,33,61,5,5,4,3,MEDIUM,MEDIUM,LOW,LOW
2021-04-25,Pakistan,Zimbabwe,Harare Sports Club,Pakistan,bat,T20,2021,Pakistan,1,1,0.625,0.2575757575757575,0.6,0.2,0.9333333333333332,0.0666666666666666,0.8461538461538461,0.1363636363636363,160,66,15,15,13,22,MEDIUM,MEDIUM,MEDIUM,HIGH
2021-05-21,Luxembourg,Czech Republic,"Scott Page Field, Vinor",Czech Republic,field,T20,2021,Czech Republic,0,0,0.0,0.0,0.0,0.0,0.5,0.5,0.5,0.5,2,1,0,0,0,0,LOW,LOW,LOW,LOW
2021-05-22,Czech Republic,Luxembourg,"Scott Page Field, Vinor",Luxembourg,field,T20,2021,Luxembourg,0,0,0.5,0.0,0.5,0.0,1.0,0.0,1.0,0.0,2,3,1,1,1,1,LOW,LOW,LOW,LOW
2021-05-22,Austria,Czech Republic,"Scott Page Field, Vinor",Czech Republic,field,T20,2021,Austria,1,0,0.5,0.3333333333333333,0.5,0.3333333333333333,0.5,0.5,0.5,0.5,0,3,0,0,0,2,LOW,LOW,LOW,LOW
2021-05-23,Czech Republic,Austria,"Scott Page Field, Vinor",Czech Republic,bat,T20,2021,Austria,0,1,0.25,0.5,0.25,0.5,0.0,1.0,0.3333333333333333,0.5,4,1,1,1,3,1,LOW,LOW,LOW,LOW
2021-05-23,Austria,Luxembourg,"Scott Page Field, Vinor",Austria,bat,T20,2021,Luxembourg,0,1,1.0,0.25,1.0,0.25,0.5,0.5,1.0,0.5,2,4,0,0,2,2,LOW,LOW,LOW,LOW
2021-06-23,Sri Lanka,England,"Sophia Gardens, Cardiff",Sri Lanka,bat,T20,2021,England,0,1,0.4596774193548387,0.5245901639344263,0.2,0.4,0.4444444444444444,0.5555555555555556,0.5,0.5,124,122,9,9,0,0,MEDIUM,MEDIUM,LOW,LOW
2021-06-24,Greece,Romania,"National Sports Academy, Sofia",Greece,bat,T20,2021,Romania,0,1,0.5,0.6666666666666666,0.5,0.6666666666666666,0.5,0.5,0.5,0.5,0,3,0,0,0,0,LOW,LOW,LOW,LOW
2021-06-24,Sri Lanka,England,"Sophia Gardens, Cardiff",Sri Lanka,bat,T20,2021,England,0,1,0.456,0.5284552845528455,0.2,0.4,0.4,0.6,0.0,1.0,125,123,10,10,1,1,MEDIUM,MEDIUM,LOW,LOW
2021-06-25,Serbia,Greece,"National Sports Academy, Sofia",Greece,field,T20,2021,Greece,0,0,0.5,0.0,0.5,0.0,0.5,0.5,0.5,0.0,0,1,0,0,0,1,LOW,LOW,LOW,LOW
2021-06-25,Romania,Serbia,"National Sports Academy, Sofia",Romania,bat,T20,2021,Romania,1,1,0.75,0.0,0.75,0.0,0.5,0.5,1.0,0.0,4,1,0,0,1,1,LOW,LOW,LOW,LOW
2021-06-25,Bulgaria,Romania,"National Sports Academy, Sofia",Bulgaria,bat,T20,2021,Romania,0,1,0.3333333333333333,0.8,0.3333333333333333,0.8,0.3333333333333333,0.6666666666666666,0.5,1.0,3,5,3,3,0,2,LOW,LOW,LOW,LOW
2021-06-26,Serbia,Romania,"National Sports Academy, Sofia",Serbia,bat,T20,2021,Romania,0,1,0.0,0.8333333333333334,0.0,1.0,0.0,1.0,0.0,1.0,2,6,1,1,2,3,LOW,LOW,LOW,LOW
2021-06-26,England,Sri Lanka,"The Rose Bowl, Southampton",Sri Lanka,field,T20,2021,England,1,0,0.532258064516129,0.4523809523809524,0.6,0.2,0.6363636363636364,0.3636363636363636,0.5,0.5,124,126,11,11,0,0,MEDIUM,MEDIUM,LOW,LOW
2021-06-26,South Africa,West Indies,"National Cricket Stadium, St George's, Grenada",West Indies,field,T20,2021,West Indies,0,0,0.5476190476190477,0.4561403508771929,0.2,0.4,0.6,0.4,0.5,0.5,126,114,10,10,0,0,MEDIUM,MEDIUM,LOW,LOW
2021-06-27,South Africa,West Indies,"National Cricket Stadium, St George's, Grenada",West Indies,field,T20,2021,South Africa,1,0,0.5433070866141733,0.4608695652173913,0.2,0.6,0.5454545454545454,0.4545454545454545,0.0,1.0,127,115,11,11,1,1,MEDIUM,MEDIUM,LOW,LOW
2021-06-29,South Africa,West Indies,"National Cricket Stadium, St George's, Grenada",West Indies,field,T20,2021,South Africa,1,0,0.546875,0.4568965517241379,0.4,0.6,0.5833333333333334,0.4166666666666667,0.5,0.5,128,116,12,12,2,2,MEDIUM,MEDIUM,LOW,LOW
2021-07-01,West Indies,South Africa,"National Cricket Stadium, St George's, Grenada",South Africa,field,T20,2021,West Indies,1,0,0.452991452991453,0.5503875968992248,0.4,0.4,0.3846153846153846,0.6153846153846154,0.3333333333333333,0.6666666666666666,117,129,13,13,3,3,MEDIUM,MEDIUM,LOW,LOW
2021-07-03,South Africa,West Indies,"National Cricket Stadium, St George's, Grenada",South Africa,bat,T20,2021,South Africa,1,1,0.5461538461538461,0.4576271186440678,0.4,0.6,0.5714285714285714,0.4285714285714285,0.5,0.5,130,118,14,14,4,4,MEDIUM,MEDIUM,LOW,LOW
2021-07-08,Belgium,Malta,Marsa Sports Club,Belgium,bat,T20,2021,Malta,0,1,1.0,0.5,1.0,0.5,0.5,0.5,0.5,0.5,3,0,0,0,0,0,LOW,LOW,LOW,LOW
2021-07-08,Malta,Belgium,Marsa Sports Club,Malta,bat,T20,2021,Belgium,0,1,1.0,0.75,1.0,0.75,1.0,0.0,1.0,0.0,1,4,1,1,1,1,LOW,LOW,LOW,LOW
2021-07-09,West Indies,Australia,"Daren Sammy National Cricket Stadium, Gros Islet, St Lucia",Australia,field,T20,2021,West Indies,1,0,0.453781512605042,0.5419847328244275,0.4,0.4,0.5454545454545454,0.4545454545454545,0.5,0.5,119,131,11,11,0,0,MEDIUM,MEDIUM,LOW,LOW
2021-07-09,Malta,Belgium,Marsa Sports Club,Belgium,field,T20,2021,Belgium,0,0,0.5,0.8,0.5,0.8,0.5,0.5,0.5,0.5,2,5,2,2,2,2,LOW,LOW,LOW,LOW
2021-07-10,Belgium,Malta,Marsa Sports Club,Belgium,bat,T20,2021,Belgium,1,1,0.8333333333333334,0.3333333333333333,0.8,0.3333333333333333,0.6666666666666666,0.3333333333333333,0.6666666666666666,0.3333333333333333,6,3,3,3,3,3,LOW,LOW,LOW,LOW
2021-07-10,West Indies,Australia,"Daren Sammy National Cricket Stadium, Gros Islet, St Lucia",Australia,field,T20,2021,West Indies,1,0,0.4583333333333333,0.5378787878787878,0.4,0.4,0.5833333333333334,0.4166666666666667,1.0,0.0,120,132,12,12,1,1,MEDIUM,MEDIUM,LOW,LOW
2021-07-10,Belgium,Malta,Marsa Sports Club,Belgium,bat,T20,2021,Malta,0,1,0.8571428571428571,0.25,0.8,0.25,0.75,0.25,0.75,0.25,7,4,4,4,4,4,LOW,LOW,LOW,LOW
2021-07-12,Australia,West Indies,"Daren Sammy National Cricket Stadium, Gros Islet, St Lucia",Australia,bat,T20,2021,West Indies,0,1,0.5338345864661654,0.4628099173553719,0.4,0.6,0.3846153846153846,0.6153846153846154,0.0,1.0,133,121,13,13,2,2,MEDIUM,MEDIUM,LOW,LOW
2021-07-14,Australia,West Indies,"Daren Sammy National Cricket Stadium, Gros Islet, St Lucia",Australia,bat,T20,2021,Australia,1,1,0.5298507462686567,0.4672131147540984,0.2,0.8,0.3571428571428571,0.6428571428571429,0.0,1.0,134,122,14,14,3,3,MEDIUM,MEDIUM,LOW,LOW
2021-07-16,Pakistan,England,"Trent Bridge, Nottingham",England,field,T20,2021,Pakistan,1,0,0.6273291925465838,0.536,0.8,0.6,0.3125,0.6875,0.5,0.5,161,125,16,16,0,0,MEDIUM,MEDIUM,LOW,LOW
2021-07-16,West Indies,Australia,"Daren Sammy National Cricket Stadium, Gros Islet, St Lucia",West Indies,bat,T20,2021,West Indies,1,1,0.4634146341463415,0.5333333333333333,0.6,0.2,0.6,0.4,0.75,0.25,123,135,15,15,4,4,MEDIUM,MEDIUM,LOW,LOW
2021-07-18,England,Pakistan,"Headingley, Leeds",Pakistan,field,T20,2021,England,1,0,0.5317460317460317,0.6296296296296297,0.6,0.8,0.6470588235294118,0.3529411764705882,0.5,0.5,126,162,17,17,0,0,MEDIUM,MEDIUM,LOW,LOW
2021-07-19,South Africa,Ireland,"The Village, Malahide, Dublin",Ireland,field,T20,2021,South Africa,1,0,0.549618320610687,0.53125,0.6,0.6,0.5,0.5,0.5,0.5,131,64,0,0,0,0,LOW,LOW,LOW,LOW
2021-07-20,Pakistan,England,"Old Trafford, Manchester",Pakistan,bat,T20,2021,England,0,1,0.6257668711656442,0.5354330708661418,0.6,0.8,0.3333333333333333,0.6666666666666666,0.5,0.5,163,127,18,18,0,0,MEDIUM,MEDIUM,LOW,LOW
2021-07-22,Zimbabwe,Bangladesh,Harare Sports Club,Zimbabwe,bat,T20,2021,Bangladesh,0,1,0.2537313432835821,0.3103448275862069,0.2,0.4,0.3333333333333333,0.6666666666666666,0.1304347826086956,0.5,67,87,12,12,23,0,MEDIUM,MEDIUM,HIGH,LOW
2021-07-22,South Africa,Ireland,"Civil Service Cricket Club, Stormont, Belfast",South Africa,bat,T20,2021,South Africa,1,1,0.553030303030303,0.5230769230769231,0.8,0.4,1.0,0.0,0.5,0.5,132,65,1,1,0,0,LOW,LOW,LOW,LOW
2021-07-23,Zimbabwe,Bangladesh,Harare Sports Club,Zimbabwe,bat,T20,2021,Zimbabwe,1,1,0.25,0.3181818181818182,0.2,0.4,0.3076923076923077,0.6923076923076923,0.125,1.0,68,88,13,13,24,1,MEDIUM,MEDIUM,HIGH,LOW
2021-07-24,South Africa,Ireland,"Civil Service Cricket Club, Stormont, Belfast",South Africa,bat,T20,2021,South Africa,1,1,0.556390977443609,0.5151515151515151,0.8,0.4,1.0,0.0,1.0,0.0,133,66,2,2,1,1,LOW,LOW,LOW,LOW
2021-07-25,India,Sri Lanka,"R Premadasa Stadium, Colombo",Sri Lanka,field,T20,2021,India,1,0,0.6466165413533834,0.4488188976377952,0.6,0.2,0.7222222222222222,0.2777777777777778,0.5,0.5,133,127,18,18,0,0,MEDIUM,MEDIUM,LOW,LOW
2021-07-25,Zimbabwe,Bangladesh,Harare Sports Club,Zimbabwe,bat,T20,2021,Bangladesh,0,1,0.2608695652173913,0.3146067415730337,0.4,0.2,0.3571428571428571,0.6428571428571429,0.16,0.5,69,89,14,14,25,2,MEDIUM,MEDIUM,HIGH,LOW
2021-07-28,India,Sri Lanka,"R Premadasa Stadium, Colombo",Sri Lanka,field,T20,2021,Sri Lanka,0,0,0.6492537313432836,0.4453125,0.8,0.0,0.7368421052631579,0.2631578947368421,1.0,0.0,134,128,19,19,1,1,MEDIUM,MEDIUM,LOW,LOW
2021-07-29,India,Sri Lanka,"R Premadasa Stadium, Colombo",India,bat,T20,2021,Sri Lanka,0,1,0.6444444444444445,0.4496124031007752,0.6,0.2,0.7,0.3,0.5,0.5,135,129,20,20,2,2,HIGH,HIGH,LOW,LOW
2021-07-31,Pakistan,West Indies,"Providence Stadium, Guyana",West Indies,field,T20,2021,Pakistan,1,0,0.6219512195121951,0.4677419354838709,0.4,0.8,0.7857142857142857,0.2142857142857142,0.5,0.0,164,124,14,14,0,1,MEDIUM,MEDIUM,LOW,LOW
2021-08-03,Bangladesh,Australia,"Shere Bangla National Stadium, Mirpur",Australia,field,T20,2021,Bangladesh,1,0,0.3222222222222222,0.5294117647058824,0.4,0.2,0.0,1.0,0.6666666666666666,0.5,90,136,4,4,6,0,LOW,LOW,MEDIUM,LOW
2021-08-04,Australia,Bangladesh,"Shere Bangla National Stadium, Mirpur",Australia,bat,T20,2021,Bangladesh,0,1,0.5255474452554745,0.3296703296703296,0.2,0.6,0.8,0.2,0.0,0.7142857142857143,137,91,5,5,1,7,MEDIUM,MEDIUM,LOW,MEDIUM
2021-08-05,Norway,France,Bayer Uerdingen Cricket Ground,France,field,T20,2021,France,0,0,0.0,0.5,0.0,0.5,0.5,0.5,0.0,0.5,4,0,0,0,0,0,LOW,LOW,LOW,LOW
2021-08-05,Norway,Germany,Bayer Uerdingen Cricket Ground,Germany,field,T20,2021,Germany,0,0,0.0,0.7142857142857143,0.0,0.8,0.0,1.0,0.5,0.5,5,7,1,1,1,0,LOW,LOW,LOW,LOW
2021-08-06,Bangladesh,Australia,"Shere Bangla National Stadium, Mirpur",Bangladesh,bat,T20,2021,Bangladesh,1,1,0.3369565217391304,0.5217391304347826,0.8,0.2,0.3333333333333333,0.6666666666666666,0.75,0.0,92,138,6,6,8,2,MEDIUM,MEDIUM,MEDIUM,LOW
2021-08-06,France,Germany,Bayer Uerdingen Cricket Ground,Germany,field,T20,2021,Germany,0,0,1.0,0.75,1.0,0.8,0.5,0.5,1.0,1.0,1,8,0,0,1,1,LOW,LOW,LOW,LOW
2021-08-07,Norway,France,Bayer Uerdingen Cricket Ground,France,field,T20,2021,Norway,1,0,0.0,0.5,0.0,0.5,0.0,1.0,0.0,0.5,6,2,1,1,2,2,LOW,LOW,LOW,LOW
2021-08-07,Bangladesh,Australia,"Shere Bangla National Stadium, Mirpur",Bangladesh,bat,T20,2021,Australia,0,1,0.3440860215053763,0.5179856115107914,0.8,0.2,0.4285714285714285,0.5714285714285714,0.7777777777777778,0.0,93,139,7,7,9,3,MEDIUM,MEDIUM,MEDIUM,LOW
2021-08-07,Germany,France,Bayer Uerdingen Cricket Ground,France,field,T20,2021,Germany,1,0,0.7777777777777778,0.3333333333333333,0.8,0.3333333333333333,1.0,0.0,1.0,0.3333333333333333,9,3,1,1,2,3,LOW,LOW,LOW,LOW
2021-08-08,Norway,Germany,Bayer Uerdingen Cricket Ground,Germany,field,T20,2021,Norway,1,0,0.1428571428571428,0.8,0.2,0.8,0.0,1.0,0.3333333333333333,1.0,7,10,2,2,3,3,LOW,LOW,LOW,LOW
2021-08-08,Norway,Germany,Bayer Uerdingen Cricket Ground,Norway,bat,T20,2021,Germany,0,1,0.25,0.7272727272727273,0.4,0.6,0.3333333333333333,0.6666666666666666,0.5,0.75,8,11,3,3,4,4,LOW,LOW,LOW,LOW
2021-08-09,Bangladesh,Australia,"Shere Bangla National Stadium, Mirpur",Bangladesh,bat,T20,2021,Bangladesh,1,1,0.3404255319148936,0.5214285714285715,0.8,0.2,0.375,0.625,0.7,0.25,94,140,8,8,10,4,MEDIUM,MEDIUM,MEDIUM,LOW
2021-08-14,Denmark,Sweden,"Svanholm Park, Brondby",Sweden,field,T20,2021,Sweden,0,0,0.4,0.5,0.4,0.5,0.5,0.5,0.5,0.5,5,0,0,0,0,0,LOW,LOW,LOW,LOW
2021-08-15,Sweden,Denmark,"Svanholm Park, Brondby",Denmark,field,T20,2021,Denmark,0,0,1.0,0.3333333333333333,1.0,0.4,1.0,0.0,1.0,0.0,1,6,1,1,1,1,LOW,LOW,LOW,LOW
2021-08-18,Ghana,Rwanda,Gahanga International Cricket Stadium. Rwanda,Ghana,bat,T20,2021,Rwanda,0,1,0.0,0.5,0.0,0.5,0.5,0.5,0.5,0.5,4,0,0,0,0,0,LOW,LOW,LOW,LOW
2021-08-20,Rwanda,Ghana,Gahanga International Cricket Stadium. Rwanda,Ghana,field,T20,2021,Rwanda,1,0,0.5,0.1666666666666666,0.5,0.2,0.5,0.5,0.5,0.5,1,5,1,1,1,1,LOW,LOW,LOW,LOW
2021-08-20,Ghana,Rwanda,Gahanga International Cricket Stadium. Rwanda,Ghana,bat,T20,2021,Ghana,1,1,0.0,1.0,0.0,1.0,0.0,1.0,0.0,1.0,6,2,2,2,2,2,LOW,LOW,LOW,LOW
2021-08-20,Gibraltar,Malta,Gucherre Cricket Ground,Malta,field,T20,2021,Malta,0,0,0.0,0.4,0.0,0.4,0.5,0.5,0.5,0.5,3,5,0,0,0,0,LOW,LOW,LOW,LOW
2021-08-21,Sweden,Finland,Kerava National Cricket Ground,Sweden,bat,T20,2021,Finland,0,1,0.5,0.5,0.5,0.5,0.5,0.5,0.5,0.5,2,0,0,0,0,0,LOW,LOW,LOW,LOW
2021-08-21,Sweden,Finland,Kerava National Cricket Ground,Sweden,bat,T20,2021,Finland,0,1,0.3333333333333333,1.0,0.3333333333333333,1.0,0.0,1.0,0.0,1.0,3,1,1,1,1,1,LOW,LOW,LOW,LOW
2021-08-21,Rwanda,Ghana,Gahanga International Cricket Stadium. Rwanda,Rwanda,bat,T20,2021,Ghana,0,1,0.6666666666666666,0.1428571428571428,0.6666666666666666,0.2,0.6666666666666666,0.3333333333333333,0.6666666666666666,0.3333333333333333,3,7,3,3,3,3,LOW,LOW,LOW,LOW
2021-08-21,Malta,Gibraltar,Gucherre Cricket Ground,Gibraltar,field,T20,2021,Malta,1,0,0.5,0.0,0.4,0.0,1.0,0.0,1.0,0.0,6,4,1,1,1,1,LOW,LOW,LOW,LOW
2021-08-22,Finland,Sweden,Kerava National Cricket Ground,Sweden,field,T20,2021,Sweden,0,0,1.0,0.25,1.0,0.25,1.0,0.0,1.0,0.0,2,4,2,2,2,2,LOW,LOW,LOW,LOW
2021-08-22,Finland,Sweden,Kerava National Cricket Ground,Sweden,field,T20,2021,Sweden,0,0,0.6666666666666666,0.4,0.6666666666666666,0.4,0.6666666666666666,0.3333333333333333,0.6666666666666666,0.3333333333333333,3,5,3,3,3,3,LOW,LOW,LOW,LOW
2021-08-22,Portugal,Gibraltar,Gucherre Cricket Ground,Gibraltar,field,T20,2021,Portugal,1,0,0.3333333333333333,0.0,0.3333333333333333,0.0,1.0,0.0,0.5,0.0,3,5,1,1,0,2,LOW,LOW,LOW,LOW
2021-08-27,Zimbabwe,Ireland,"Castle Avenue, Dublin",Ireland,field,T20,2021,Zimbabwe,1,0,0.2571428571428571,0.5074626865671642,0.4,0.2,0.3333333333333333,0.6666666666666666,0.5,0.5,70,67,3,3,0,0,LOW,LOW,LOW,LOW
2021-08-29,Zimbabwe,Ireland,"Castle Avenue, Dublin",Zimbabwe,bat,T20,2021,Ireland,0,1,0.2676056338028169,0.5,0.4,0.0,0.5,0.5,1.0,0.0,71,68,4,4,1,1,LOW,LOW,LOW,LOW
2021-09-01,New Zealand,Bangladesh,"Shere Bangla National Stadium, Mirpur",New Zealand,bat,T20,2021,Bangladesh,0,1,0.5338345864661654,0.3473684210526316,0.8,0.8,1.0,0.0,0.5,0.7272727272727273,133,95,10,10,0,11,MEDIUM,MEDIUM,LOW,MEDIUM
2021-09-01,Ireland,Zimbabwe,"Bready Cricket Club, Magheramason, Bready",Zimbabwe,field,T20,2021,Ireland,1,0,0.5072463768115942,0.2638888888888889,0.2,0.4,0.6,0.4,0.5,0.5,69,72,5,5,0,0,MEDIUM,MEDIUM,LOW,LOW
2021-09-02,Hungary,Czech Republic,"Moara Vlasiei Cricket Ground, Ilfov County",Czech Republic,field,T20,2021,Hungary,1,0,0.5,0.2,0.5,0.2,0.5,0.5,0.5,0.5,0,5,0,0,0,0,LOW,LOW,LOW,LOW
2021-09-02,Ireland,Zimbabwe,"Bready Cricket Club, Magheramason, Bready",Zimbabwe,field,T20,2021,Ireland,1,0,0.5142857142857142,0.2602739726027397,0.4,0.4,0.6666666666666666,0.3333333333333333,1.0,0.0,70,73,6,6,1,1,MEDIUM,MEDIUM,LOW,LOW
2021-09-02,Luxembourg,Bulgaria,"Moara Vlasiei Cricket Ground, Ilfov County",Bulgaria,field,T20,2021,Luxembourg,1,0,0.4,0.25,0.4,0.25,0.5,0.5,0.5,0.5,5,4,0,0,0,0,LOW,LOW,LOW,LOW
2021-09-03,Bangladesh,New Zealand,"Shere Bangla National Stadium, Mirpur",Bangladesh,bat,T20,2021,Bangladesh,1,1,0.3541666666666667,0.5298507462686567,0.8,0.8,0.0909090909090909,0.9090909090909092,0.75,0.0,96,134,11,11,12,1,MEDIUM,MEDIUM,MEDIUM,LOW
2021-09-03,Romania,Czech Republic,"Moara Vlasiei Cricket Ground, Ilfov County",Romania,bat,T20,2021,Romania,1,1,0.8571428571428571,0.1666666666666666,1.0,0.2,0.5,0.5,0.5,0.0,7,6,0,0,0,1,LOW,LOW,LOW,LOW
2021-09-03,Romania,Hungary,"Moara Vlasiei Cricket Ground, Ilfov County",Romania,bat,T20,2021,Romania,1,1,0.875,1.0,1.0,1.0,0.5,0.5,1.0,1.0,8,1,0,0,1,1,LOW,LOW,LOW,LOW
2021-09-03,Bulgaria,Malta,"Moara Vlasiei Cricket Ground, Ilfov County",Bulgaria,bat,T20,2021,Malta,0,1,0.2,0.5714285714285714,0.2,0.6,0.5,0.5,0.0,0.5,5,7,0,0,1,0,LOW,LOW,LOW,LOW
2021-09-04,Zimbabwe,Ireland,"Bready Cricket Club, Magheramason, Bready",Zimbabwe,bat,T20,2021,Zimbabwe,1,1,0.2567567567567567,0.5211267605633803,0.2,0.6,0.2857142857142857,0.7142857142857143,0.0,1.0,74,71,7,7,2,2,MEDIUM,MEDIUM,LOW,LOW
2021-09-04,Romania,Malta,"Moara Vlasiei Cricket Ground, Ilfov County",Malta,field,T20,2021,Romania,1,0,0.8888888888888888,0.625,1.0,0.8,0.5,0.5,1.0,1.0,9,8,0,0,2,1,LOW,LOW,LOW,LOW
2021-09-04,Luxembourg,Hungary,"Moara Vlasiei Cricket Ground, Ilfov County",Hungary,field,T20,2021,Luxembourg,1,0,0.5,0.5,0.6,0.5,0.5,0.5,1.0,0.5,6,2,0,0,1,2,LOW,LOW,LOW,LOW
2021-09-05,Malta,Hungary,"Moara Vlasiei Cricket Ground, Ilfov County",Hungary,field,T20,2021,Hungary,0,0,0.5555555555555556,0.3333333333333333,0.8,0.3333333333333333,0.5,0.5,0.5,0.3333333333333333,9,3,0,0,2,3,LOW,LOW,LOW,LOW
2021-09-05,Romania,Luxembourg,"Moara Vlasiei Cricket Ground, Ilfov County",Romania,bat,T20,2021,Romania,1,1,0.9,0.5714285714285714,1.0,0.8,0.5,0.5,1.0,1.0,10,7,0,0,3,2,LOW,LOW,LOW,LOW
2021-09-05,New Zealand,Bangladesh,"Shere Bangla National Stadium, Mirpur",New Zealand,bat,T20,2021,New Zealand,1,1,0.5259259259259259,0.3608247422680412,0.6,0.8,0.8333333333333334,0.1666666666666666,0.0,0.7692307692307693,135,97,12,12,2,13,MEDIUM,MEDIUM,LOW,MEDIUM
2021-09-08,New Zealand,Bangladesh,"Shere Bangla National Stadium, Mirpur",New Zealand,bat,T20,2021,Bangladesh,0,1,0.5294117647058824,0.3571428571428571,0.6,0.6,0.8461538461538461,0.1538461538461538,0.3333333333333333,0.7142857142857143,136,98,13,13,3,14,MEDIUM,MEDIUM,LOW,MEDIUM
2021-09-10,South Africa,Sri Lanka,"R Premadasa Stadium, Colombo",South Africa,bat,T20,2021,South Africa,1,1,0.5597014925373134,0.4538461538461538,0.8,0.4,0.5833333333333334,0.4166666666666667,0.5,0.6666666666666666,134,130,12,12,0,3,MEDIUM,MEDIUM,LOW,LOW
2021-09-10,Kenya,Uganda,Entebbe Cricket Oval,Kenya,bat,T20,2021,Kenya,1,1,0.4,0.2857142857142857,0.4,0.2,1.0,0.0,0.5,0.5,25,7,1,1,0,0,LOW,LOW,LOW,LOW
2021-09-10,Spain,Germany,"Desert Springs Cricket Ground, Almeria",Germany,field,T20,2021,Germany,0,0,0.8333333333333334,0.75,0.8,0.8,0.5,0.5,0.5,0.5,6,12,2,2,0,0,LOW,LOW,LOW,LOW
2021-09-10,New Zealand,Bangladesh,"Shere Bangla National Stadium, Mirpur",New Zealand,bat,T20,2021,New Zealand,1,1,0.5255474452554745,0.3636363636363636,0.4,0.8,0.7857142857142857,0.2142857142857142,0.25,0.7333333333333333,137,99,14,14,4,15,MEDIUM,MEDIUM,LOW,MEDIUM
2021-09-11,Germany,Spain,"Desert Springs Cricket Ground, Almeria",Spain,field,T20,2021,Spain,0,0,0.7692307692307693,0.7142857142857143,0.8,0.6,0.6666666666666666,0.3333333333333333,1.0,0.0,13,7,3,3,1,1,LOW,LOW,LOW,LOW
2021-09-11,Germany,Spain,"Desert Springs Cricket Ground, Almeria",Germany,bat,T20,2021,Spain,0,1,0.7142857142857143,0.75,0.6,0.6,0.5,0.5,0.5,0.5,14,8,4,4,2,2,LOW,LOW,LOW,LOW
2021-09-11,Uganda,Nigeria,Entebbe Cricket Oval,Uganda,bat,T20,2021,Uganda,1,1,0.25,0.25,0.2,0.0,0.5,0.5,0.0,0.5,8,8,0,0,1,0,LOW,LOW,LOW,LOW
2021-09-11,Nigeria,Kenya,Entebbe Cricket Oval,Nigeria,bat,T20,2021,Kenya,0,1,0.2222222222222222,0.4230769230769231,0.0,0.6,0.5,0.5,0.0,1.0,9,26,0,0,1,1,LOW,LOW,LOW,LOW
2021-09-12,Sri Lanka,South Africa,"R Premadasa Stadium, Colombo",Sri Lanka,bat,T20,2021,South Africa,0,1,0.4503816793893129,0.562962962962963,0.4,1.0,0.3846153846153846,0.6153846153846154,0.5,1.0,131,135,13,13,4,1,MEDIUM,MEDIUM,LOW,LOW
2021-09-13,Kenya,Nigeria,Entebbe Cricket Oval,Kenya,bat,T20,2021,Kenya,1,1,0.4444444444444444,0.2,0.6,0.0,1.0,0.0,1.0,0.0,27,10,1,1,2,2,LOW,LOW,LOW,LOW
2021-09-13,Nigeria,Uganda,Entebbe Cricket Oval,Nigeria,bat,T20,2021,Uganda,0,1,0.1818181818181818,0.3333333333333333,0.0,0.2,0.0,1.0,0.0,0.5,11,9,1,1,3,2,LOW,LOW,LOW,LOW
2021-09-14,Sri Lanka,South Africa,"R Premadasa Stadium, Colombo",Sri Lanka,bat,T20,2021,South Africa,0,1,0.4469696969696969,0.5661764705882353,0.4,1.0,0.3571428571428571,0.6428571428571429,0.4,1.0,132,136,14,14,5,2,MEDIUM,MEDIUM,MEDIUM,LOW
2021-09-15,Uganda,Nigeria,Entebbe Cricket Oval,Uganda,bat,T20,2021,Uganda,1,1,0.4,0.1666666666666666,0.4,0.0,1.0,0.0,0.6666666666666666,0.0,10,12,2,2,3,4,LOW,LOW,LOW,LOW
2021-09-15,Scotland,Zimbabwe,"Grange Cricket Club Ground, Raeburn Place, Edinburgh",Scotland,bat,T20,2021,Scotland,1,1,0.5116279069767442,0.2666666666666666,0.6,0.4,0.0,1.0,0.5,0.5,43,75,1,1,0,0,LOW,LOW,LOW,LOW
2021-09-16,Nigeria,Kenya,Entebbe Cricket Oval,Nigeria,bat,T20,2021,Nigeria,1,1,0.1538461538461538,0.4642857142857143,0.0,0.6,0.0,1.0,0.0,1.0,13,28,2,2,5,3,LOW,LOW,MEDIUM,LOW
2021-09-17,Uganda,Kenya,Entebbe Cricket Oval,Uganda,bat,T20,2021,Uganda,1,1,0.4545454545454545,0.4482758620689655,0.6,0.6,0.0,1.0,0.75,0.75,11,29,2,2,4,4,LOW,LOW,LOW,LOW
2021-09-17,Zimbabwe,Scotland,"Grange Cricket Club Ground, Raeburn Place, Edinburgh",Zimbabwe,bat,T20,2021,Zimbabwe,1,1,0.2631578947368421,0.5227272727272727,0.2,0.8,0.5,0.5,0.0,1.0,76,44,2,2,1,1,LOW,LOW,LOW,LOW
2021-09-19,Scotland,Zimbabwe,"Grange Cricket Club Ground, Raeburn Place, Edinburgh",Scotland,bat,T20,2021,Zimbabwe,0,1,0.5111111111111111,0.2727272727272727,0.6,0.4,0.3333333333333333,0.6666666666666666,0.5,0.5,45,77,3,3,2,2,LOW,LOW,LOW,LOW
2021-10-05,Estonia,Cyprus,Happy Valley Ground,Estonia,bat,T20,2021/22,Cyprus,0,1,0.5,0.5,0.5,0.5,0.5,0.5,0.5,0.5,0,0,0,0,0,0,LOW,LOW,LOW,LOW
2021-10-05,Estonia,Cyprus,Happy Valley Ground,Cyprus,field,T20,2021/22,Cyprus,0,0,0.0,1.0,0.0,1.0,0.0,1.0,0.0,1.0,1,1,1,1,1,1,LOW,LOW,LOW,LOW
2021-10-06,Cyprus,Isle of Man,Happy Valley Ground,Cyprus,bat,T20,2021/22,Isle of Man,0,1,1.0,0.0,1.0,0.0,0.5,0.5,1.0,0.5,2,1,0,0,2,0,LOW,LOW,LOW,LOW
2021-10-06,Estonia,Isle of Man,Happy Valley Ground,Estonia,bat,T20,2021/22,Isle of Man,0,1,0.0,0.5,0.0,0.5,0.5,0.5,0.0,1.0,2,2,0,0,2,1,LOW,LOW,LOW,LOW
2021-10-07,Cyprus,Isle of Man,Happy Valley Ground,Isle of Man,field,T20,2021/22,Isle of Man,0,0,0.6666666666666666,0.6666666666666666,0.6666666666666666,0.6666666666666666,0.0,1.0,0.6666666666666666,1.0,3,3,1,1,3,2,LOW,LOW,LOW,LOW
2021-10-07,United Arab Emirates,Ireland,"ICC Academy, Dubai",United Arab Emirates,bat,T20,2021/22,Ireland,0,1,0.5,0.5138888888888888,0.6,0.6,0.4,0.6,0.5,0.5,38,72,5,5,0,0,MEDIUM,MEDIUM,LOW,LOW
2021-10-08,United Arab Emirates,Ireland,"ICC Academy, Dubai",Ireland,field,T20,2021/22,United Arab Emirates,1,0,0.4871794871794871,0.5205479452054794,0.6,0.8,0.3333333333333333,0.6666666666666666,0.0,1.0,39,73,6,6,1,1,MEDIUM,MEDIUM,LOW,LOW
2021-10-08,Cyprus,Estonia,Happy Valley Ground,Cyprus,bat,T20,2021/22,Cyprus,1,1,0.5,0.0,0.5,0.0,1.0,0.0,0.5,0.0,4,3,2,2,4,3,LOW,LOW,LOW,LOW
2021-10-08,Estonia,Isle of Man,Happy Valley Ground,Isle of Man,field,T20,2021/22,Isle of Man,0,0,0.0,0.75,0.0,0.75,0.0,1.0,0.0,1.0,4,4,1,1,4,3,LOW,LOW,LOW,LOW
2021-10-08,Papua New Guinea,Scotland,"ICC Academy, Dubai",Papua New Guinea,bat,T20,2021/22,Scotland,0,1,0.6666666666666666,0.5,0.8,0.6,0.0,1.0,0.5,0.5,18,46,1,1,0,0,LOW,LOW,LOW,LOW
2021-10-09,Scotland,Namibia,"ICC Academy, Dubai",Namibia,field,T20,2021/22,Namibia,0,0,0.5106382978723404,0.7894736842105263,0.6,0.6,0.0,1.0,1.0,0.5,47,19,1,1,1,0,LOW,LOW,LOW,LOW
2021-10-10,Ireland,United Arab Emirates,"ICC Academy, Dubai",United Arab Emirates,field,T20,2021/22,United Arab Emirates,0,0,0.5135135135135135,0.5,0.6,0.8,0.5714285714285714,0.4285714285714285,0.5,0.5,74,40,7,7,2,2,MEDIUM,MEDIUM,LOW,LOW
2021-10-10,Namibia,Papua New Guinea,"ICC Academy, Dubai",Papua New Guinea,field,T20,2021/22,Namibia,1,0,0.8,0.631578947368421,0.8,0.6,0.0,1.0,1.0,0.0,20,19,2,2,1,1,LOW,LOW,LOW,LOW
2021-10-15,Denmark,Italy,"Desert Springs Cricket Ground, Almeria",Denmark,bat,T20,2021/22,Italy,0,1,0.4285714285714285,0.5,0.4,0.5,1.0,0.0,0.5,0.5,7,4,1,1,0,0,LOW,LOW,LOW,LOW
2021-10-15,Jersey,Germany,"Desert Springs Cricket Ground, Almeria",Germany,field,T20,2021/22,Jersey,1,0,0.6,0.6666666666666666,0.4,0.4,0.0,1.0,0.5,0.3333333333333333,10,15,1,1,0,3,LOW,LOW,LOW,LOW
2021-10-16,Seychelles,Ghana,Gahanga International Cricket Stadium. Rwanda,Seychelles,bat,T20,2021/22,Ghana,0,1,0.5,0.3333333333333333,0.5,0.6,0.5,0.5,0.5,0.6,0,8,0,0,0,4,LOW,LOW,LOW,LOW
2021-10-16,Denmark,Germany,"Desert Springs Cricket Ground, Almeria",Denmark,bat,T20,2021/22,Germany,0,1,0.375,0.625,0.4,0.4,0.0,1.0,0.0,0.25,8,16,1,1,1,4,LOW,LOW,LOW,LOW
2021-10-16,Malawi,Uganda,Integrated Polytechnic Regional Centre,Malawi,bat,T20,2021/22,Uganda,0,1,0.5,0.5,0.5,0.8,0.5,0.5,0.5,0.5,0,12,0,0,0,0,LOW,LOW,LOW,LOW
2021-10-16,Jersey,Italy,"Desert Springs Cricket Ground, Almeria",Jersey,bat,T20,2021/22,Jersey,1,1,0.6363636363636364,0.6,0.6,0.6,1.0,0.0,1.0,1.0,11,5,1,1,1,1,LOW,LOW,LOW,LOW
2021-10-16,Rwanda,Ghana,Gahanga International Cricket Stadium. Rwanda,Ghana,field,T20,2021/22,Ghana,0,0,0.5,0.25,0.5,0.4,0.5,0.5,0.5,0.5,4,9,4,4,4,5,LOW,LOW,LOW,MEDIUM
2021-10-17,Uganda,Rwanda,Integrated Polytechnic Regional Centre,Uganda,bat,T20,2021/22,Uganda,1,1,0.5384615384615384,0.4,1.0,0.4,0.5,0.5,1.0,0.5,13,5,0,0,1,0,LOW,LOW,LOW,LOW
2021-10-17,Swaziland,Malawi,Integrated Polytechnic Regional Centre,Malawi,field,T20,2021/22,Malawi,0,0,0.5,0.0,0.5,0.0,0.5,0.5,0.5,0.0,0,1,0,0,0,1,LOW,LOW,LOW,LOW
2021-10-17,Scotland,Bangladesh,Al Amerat Cricket Ground Oman Cricket (Ministry Turf 1),Bangladesh,field,T20,2021/22,Scotland,1,0,0.5,0.36,0.4,0.6,0.5,0.5,0.6666666666666666,0.5,48,100,0,0,3,0,LOW,LOW,LOW,LOW
2021-10-17,Papua New Guinea,Oman,Al Amerat Cricket Ground Oman Cricket (Ministry Turf 1),Oman,field,T20,2021/22,Oman,0,0,0.6,0.5185185185185185,0.4,0.4,0.5,0.5,0.5,0.5714285714285714,20,27,0,0,0,7,LOW,LOW,LOW,MEDIUM
2021-10-17,Jersey,Denmark,"Desert Springs Cricket Ground, Almeria",Denmark,field,T20,2021/22,Jersey,1,0,0.6666666666666666,0.3333333333333333,0.6,0.2,1.0,0.0,1.0,0.0,12,9,1,1,2,2,LOW,LOW,LOW,LOW
2021-10-17,Italy,Germany,"Desert Springs Cricket Ground, Almeria",Italy,bat,T20,2021/22,Germany,0,1,0.5,0.6470588235294118,0.4,0.4,1.0,0.0,0.5,0.4,6,17,1,1,2,5,LOW,LOW,LOW,MEDIUM
2021-10-17,Lesotho,Seychelles,Gahanga International Cricket Stadium. Rwanda,Seychelles,field,T20,2021/22,Seychelles,0,0,0.5,0.0,0.5,0.0,0.5,0.5,0.5,0.0,0,1,0,0,0,1,LOW,LOW,LOW,LOW
2021-10-18,Namibia,Sri Lanka,"Zayed Cricket Stadium, Abu Dhabi",Sri Lanka,field,T20,2021/22,Sri Lanka,0,0,0.8095238095238095,0.4436090225563909,1.0,0.4,0.5,0.5,0.5,0.5,21,133,0,0,0,0,LOW,LOW,LOW,LOW
2021-10-18,Netherlands,Ireland,"Zayed Cricket Stadium, Abu Dhabi",Netherlands,bat,T20,2021/22,Ireland,0,1,0.5645161290322581,0.5066666666666667,0.6,0.4,0.6363636363636364,0.3636363636363636,0.5,0.5,62,75,11,11,0,0,MEDIUM,MEDIUM,LOW,LOW
2021-10-19,Bangladesh,Oman,Al Amerat Cricket Ground Oman Cricket (Ministry Turf 1),Bangladesh,bat,T20,2021/22,Bangladesh,1,1,0.3564356435643564,0.5357142857142857,0.4,0.6,1.0,0.0,0.0,0.625,101,28,1,1,1,8,LOW,LOW,LOW,MEDIUM
2021-10-19,Italy,Denmark,"Desert Springs Cricket Ground, Almeria",Denmark,field,T20,2021/22,Italy,1,0,0.4285714285714285,0.3,0.2,0.2,0.5,0.5,0.3333333333333333,0.0,7,10,2,2,3,3,LOW,LOW,LOW,LOW
2021-10-19,Germany,Jersey,"Desert Springs Cricket Ground, Almeria",Germany,bat,T20,2021/22,Jersey,0,1,0.6666666666666666,0.6923076923076923,0.4,0.8,0.5,0.5,0.5,1.0,18,13,2,2,6,3,LOW,LOW,MEDIUM,LOW
2021-10-19,Scotland,Papua New Guinea,Al Amerat Cricket Ground Oman Cricket (Ministry Turf 1),Scotland,bat,T20,2021/22,Scotland,1,1,0.5102040816326531,0.5714285714285714,0.4,0.2,1.0,0.0,0.75,0.0,49,21,2,2,4,1,LOW,LOW,LOW,LOW
2021-10-19,Swaziland,Uganda,Integrated Polytechnic Regional Centre,Swaziland,bat,T20,2021/22,Uganda,0,1,0.0,0.6,0.0,1.0,0.5,0.5,0.0,1.0,1,14,0,0,1,2,LOW,LOW,LOW,LOW
2021-10-19,Lesotho,Uganda,Integrated Polytechnic Regional Centre,Lesotho,bat,T20,2021/22,Uganda,0,1,0.0,0.5714285714285714,0.0,1.0,0.5,0.5,0.5,1.0,1,15,0,0,0,3,LOW,LOW,LOW,LOW
2021-10-19,Malawi,Ghana,Gahanga International Cricket Stadium. Rwanda,Ghana,field,T20,2021/22,Ghana,0,0,0.5,0.4,0.5,0.8,0.5,0.5,0.5,0.6666666666666666,2,10,0,0,0,6,LOW,LOW,LOW,MEDIUM
2021-10-19,Nigeria,Sierra Leone,University of Lagos Cricket Oval,Sierra Leone,field,T20,2021/22,Sierra Leone,0,0,0.2142857142857142,0.5,0.2,0.5,0.5,0.5,0.5,0.5,14,0,0,0,0,0,LOW,LOW,LOW,LOW
2021-10-20,Netherlands,Namibia,"Zayed Cricket Stadium, Abu Dhabi",Namibia,field,T20,2021/22,Namibia,0,0,0.5555555555555556,0.7727272727272727,0.4,0.8,1.0,0.0,0.0,0.0,63,22,1,1,1,1,LOW,LOW,LOW,LOW
2021-10-20,Malawi,Seychelles,Gahanga International Cricket Stadium. Rwanda,Malawi,bat,T20,2021/22,Malawi,1,1,0.3333333333333333,0.5,0.3333333333333333,0.5,0.5,0.5,0.0,0.5,3,2,0,0,1,2,LOW,LOW,LOW,LOW
2021-10-20,Rwanda,Lesotho,Integrated Polytechnic Regional Centre,Rwanda,bat,T20,2021/22,Rwanda,1,1,0.3333333333333333,0.0,0.2,0.0,0.5,0.5,0.0,0.0,6,2,0,0,1,1,LOW,LOW,LOW,LOW
2021-10-20,Swaziland,Seychelles,Gahanga International Cricket Stadium. Rwanda,Swaziland,bat,T20,2021/22,Seychelles,0,1,0.0,0.3333333333333333,0.0,0.3333333333333333,0.5,0.5,0.5,0.3333333333333333,2,3,0,0,0,3,LOW,LOW,LOW,LOW
2021-10-20,Germany,Denmark,"Desert Springs Cricket Ground, Almeria",Denmark,field,T20,2021/22,Germany,1,0,0.631578947368421,0.2727272727272727,0.4,0.2,1.0,0.0,0.4285714285714285,0.0,19,11,2,2,7,4,LOW,LOW,MEDIUM,LOW
2021-10-20,Italy,Jersey,"Desert Springs Cricket Ground, Almeria",Jersey,field,T20,2021/22,Jersey,0,0,0.5,0.7142857142857143,0.4,1.0,0.0,1.0,0.5,1.0,8,14,2,2,4,4,LOW,LOW,LOW,LOW
2021-10-20,Swaziland,Ghana,Integrated Polytechnic Regional Centre,Ghana,field,T20,2021/22,Ghana,0,0,0.0,0.4545454545454545,0.0,0.8,0.5,0.5,0.0,0.5,3,11,0,0,2,0,LOW,LOW,LOW,LOW
2021-10-20,Sri Lanka,Ireland,"Zayed Cricket Stadium, Abu Dhabi",Ireland,field,T20,2021/22,Sri Lanka,1,0,0.4477611940298507,0.5131578947368421,0.4,0.4,1.0,0.0,1.0,1.0,134,76,1,1,1,1,LOW,LOW,LOW,LOW
2021-10-21,Italy,Germany,"Desert Springs Cricket Ground, Almeria",Germany,field,T20,2021/22,Italy,1,0,0.4444444444444444,0.65,0.4,0.6,0.5,0.5,0.4,0.5,9,20,2,2,5,8,LOW,LOW,MEDIUM,MEDIUM
2021-10-21,Oman,Scotland,Al Amerat Cricket Ground Oman Cricket (Ministry Turf 1),Oman,bat,T20,2021/22,Scotland,0,1,0.5172413793103449,0.52,0.6,0.6,0.0,1.0,0.5555555555555556,0.8,29,50,3,3,9,5,LOW,LOW,MEDIUM,MEDIUM
2021-10-21,Denmark,Jersey,"Desert Springs Cricket Ground, Almeria",Denmark,bat,T20,2021/22,Jersey,0,1,0.25,0.7333333333333333,0.0,1.0,0.0,1.0,0.0,1.0,12,15,2,2,5,5,LOW,LOW,MEDIUM,MEDIUM
2021-10-21,Bangladesh,Papua New Guinea,Al Amerat Cricket Ground Oman Cricket (Ministry Turf 1),Bangladesh,bat,T20,2021/22,Bangladesh,1,1,0.3627450980392157,0.5454545454545454,0.4,0.0,0.5,0.5,0.5,0.0,102,22,0,0,2,2,LOW,LOW,LOW,LOW
2021-10-21,Nigeria,Sierra Leone,University of Lagos Cricket Oval,Sierra Leone,field,T20,2021/22,Nigeria,1,0,0.2,1.0,0.2,1.0,0.0,1.0,0.0,1.0,15,1,1,1,1,1,LOW,LOW,LOW,LOW
2021-10-21,Malta,Gibraltar,Marsa Sports Club,Malta,bat,T20,2021/22,Malta,1,1,0.5,0.0,0.6,0.0,1.0,0.0,0.4,0.5,10,6,2,2,5,0,LOW,LOW,MEDIUM,LOW
2021-10-21,Uganda,Ghana,Gahanga International Cricket Stadium. Rwanda,Ghana,field,T20,2021/22,Uganda,1,0,0.625,0.5,1.0,1.0,1.0,0.0,0.5,0.7142857142857143,16,12,1,1,0,7,LOW,LOW,LOW,MEDIUM
2021-10-22,Swaziland,Rwanda,Gahanga International Cricket Stadium. Rwanda,Swaziland,bat,T20,2021/22,Rwanda,0,1,0.0,0.4285714285714285,0.0,0.4,0.5,0.5,0.0,0.4,4,7,0,0,1,5,LOW,LOW,LOW,MEDIUM
2021-10-22,Uganda,Seychelles,Integrated Polytechnic Regional Centre,Uganda,bat,T20,2021/22,Uganda,1,1,0.6470588235294118,0.5,1.0,0.5,0.5,0.5,1.0,0.5,17,4,0,0,4,0,LOW,LOW,LOW,LOW
2021-10-22,Malawi,Rwanda,Gahanga International Cricket Stadium. Rwanda,Malawi,bat,T20,2021/22,Malawi,1,1,0.5,0.5,0.5,0.4,0.5,0.5,0.5,0.5,4,8,0,0,2,6,LOW,LOW,LOW,MEDIUM
2021-10-22,Ireland,Namibia,Sharjah Cricket Stadium,Ireland,bat,T20,2021/22,Namibia,0,1,0.5064935064935064,0.782608695652174,0.4,0.8,1.0,0.0,0.5,0.5,77,23,1,1,0,0,LOW,LOW,LOW,LOW
2021-10-22,Netherlands,Sri Lanka,Sharjah Cricket Stadium,Sri Lanka,field,T20,2021/22,Sri Lanka,0,0,0.546875,0.4518518518518518,0.4,0.4,0.0,1.0,0.5,0.5,64,135,1,1,0,0,LOW,LOW,LOW,LOW
2021-10-22,Bulgaria,Switzerland,Marsa Sports Club,Bulgaria,bat,T20,2021/22,Switzerland,0,1,0.1666666666666666,0.5,0.0,0.5,0.5,0.5,0.5,0.5,6,0,0,0,0,0,LOW,LOW,LOW,LOW
2021-10-22,Gibraltar,Switzerland,Marsa Sports Club,Gibraltar,bat,T20,2021/22,Switzerland,0,1,0.0,1.0,0.0,1.0,0.5,0.5,0.0,1.0,7,1,0,0,1,1,LOW,LOW,LOW,LOW
2021-10-23,South Africa,Australia,"Zayed Cricket Stadium, Abu Dhabi",Australia,field,T20,2021/22,Australia,0,0,0.5693430656934306,0.5177304964539007,1.0,0.2,0.3809523809523809,0.6190476190476191,0.5,0.5,137,141,21,21,0,0,HIGH,HIGH,LOW,LOW
2021-10-23,Maldives,Saudi Arabia,"West End Park International Cricket Stadium, Doha",Maldives,bat,T20,2021/22,Saudi Arabia,0,1,0.3333333333333333,0.0,0.2,0.0,0.5,0.5,0.5,0.5,6,1,0,0,0,0,LOW,LOW,LOW,LOW
2021-10-23,Switzerland,Malta,Marsa Sports Club,Switzerland,bat,T20,2021/22,Switzerland,1,1,1.0,0.5454545454545454,1.0,0.6,0.5,0.5,1.0,0.5,2,11,0,0,2,6,LOW,LOW,LOW,MEDIUM
2021-10-23,West Indies,England,Dubai International Cricket Stadium,England,field,T20,2021/22,England,0,0,0.464,0.5390625,0.6,0.8,0.6111111111111112,0.3888888888888889,0.0,0.6666666666666666,125,128,18,18,2,6,MEDIUM,MEDIUM,LOW,MEDIUM
2021-10-23,Sierra Leone,Nigeria,University of Lagos Cricket Oval,Sierra Leone,bat,T20,2021/22,Nigeria,0,1,0.5,0.25,0.5,0.4,0.5,0.5,0.5,0.5,2,16,2,2,2,2,LOW,LOW,LOW,LOW
2021-10-24,India,Pakistan,Dubai International Cricket Stadium,Pakistan,field,T20,2021/22,Pakistan,0,0,0.6397058823529411,0.6242424242424243,0.6,0.6,0.8571428571428571,0.1428571428571428,0.5,0.5833333333333334,136,165,7,7,0,24,MEDIUM,MEDIUM,LOW,HIGH
2021-10-24,Bahrain,Kuwait,"West End Park International Cricket Stadium, Doha",Kuwait,field,T20,2021/22,Kuwait,0,0,0.5,0.5,0.5,0.6,0.0,1.0,0.5,0.5,2,6,1,1,0,0,LOW,LOW,LOW,LOW
2021-10-24,Bangladesh,Sri Lanka,Sharjah Cricket Stadium,Sri Lanka,field,T20,2021/22,Sri Lanka,0,0,0.3689320388349514,0.4558823529411764,0.6,0.6,0.3636363636363636,0.6363636363636364,0.5,1.0,103,136,11,11,0,1,MEDIUM,MEDIUM,LOW,LOW
2021-10-24,Malta,Switzerland,Marsa Sports Club,Malta,bat,T20,2021/22,Malta,1,1,0.5,1.0,0.4,1.0,0.0,1.0,0.4285714285714285,1.0,12,3,1,1,7,3,LOW,LOW,MEDIUM,LOW
2021-10-24,Gibraltar,Bulgaria,Marsa Sports Club,Gibraltar,bat,T20,2021/22,Bulgaria,0,1,0.0,0.1428571428571428,0.0,0.0,0.5,0.5,0.0,0.0,8,7,0,0,2,1,LOW,LOW,LOW,LOW
2021-10-24,Nigeria,Sierra Leone,University of Lagos Cricket Oval,Nigeria,bat,T20,2021/22,Nigeria,1,1,0.2941176470588235,0.3333333333333333,0.6,0.3333333333333333,0.6666666666666666,0.3333333333333333,0.6666666666666666,0.3333333333333333,17,3,3,3,3,3,LOW,LOW,LOW,LOW
2021-10-24,Qatar,Maldives,"West End Park International Cricket Stadium, Doha",Maldives,field,T20,2021/22,Qatar,1,0,0.3333333333333333,0.2857142857142857,0.4,0.2,0.5,0.5,0.5,0.0,6,7,0,0,0,1,LOW,LOW,LOW,LOW
2021-10-26,Nigeria,Sierra Leone,University of Lagos Cricket Oval,Nigeria,bat,T20,2021/22,Nigeria,1,1,0.3333333333333333,0.25,0.8,0.25,0.75,0.25,0.75,0.25,18,4,4,4,4,4,LOW,LOW,LOW,LOW
2021-10-26,New Zealand,Pakistan,Sharjah Cricket Stadium,Pakistan,field,T20,2021/22,Pakistan,0,0,0.5289855072463768,0.6265060240963856,0.4,0.6,0.4166666666666667,0.5833333333333334,0.5,0.5,138,166,24,24,0,0,HIGH,HIGH,LOW,LOW
2021-10-26,West Indies,South Africa,Dubai International Cricket Stadium,South Africa,field,T20,2021/22,South Africa,0,0,0.4603174603174603,0.5652173913043478,0.4,0.8,0.4,0.6,0.0,1.0,126,138,15,15,3,2,MEDIUM,MEDIUM,LOW,LOW
2021-10-27,Bangladesh,England,"Zayed Cricket Stadium, Abu Dhabi",Bangladesh,bat,T20,2021/22,England,0,1,0.3653846153846153,0.5426356589147286,0.4,0.8,0.5,0.5,0.5,0.5,104,129,0,0,0,0,LOW,LOW,LOW,LOW
2021-10-27,Maldives,Bahrain,"West End Park International Cricket Stadium, Doha",Bahrain,field,T20,2021/22,Bahrain,0,0,0.25,0.3333333333333333,0.2,0.3333333333333333,0.5,0.5,0.0,0.0,8,3,0,0,2,1,LOW,LOW,LOW,LOW
2021-10-27,Scotland,Namibia,"Zayed Cricket Stadium, Abu Dhabi",Namibia,field,T20,2021/22,Namibia,0,0,0.5294117647058824,0.7916666666666666,0.8,0.8,0.0,1.0,0.5,0.5,51,24,2,2,0,2,LOW,LOW,LOW,LOW
2021-10-28,Maldives,Kuwait,"West End Park International Cricket Stadium, Doha",Kuwait,field,T20,2021/22,Kuwait,0,0,0.2222222222222222,0.5714285714285714,0.0,0.6,0.5,0.5,0.0,1.0,9,7,0,0,3,1,LOW,LOW,LOW,LOW
2021-10-28,Sri Lanka,Australia,Dubai International Cricket Stadium,Australia,field,T20,2021/22,Australia,0,0,0.4598540145985401,0.5211267605633803,0.8,0.4,0.5,0.5,0.5,0.3333333333333333,137,142,16,16,2,6,MEDIUM,MEDIUM,LOW,MEDIUM
2021-10-28,Bahrain,Saudi Arabia,"West End Park International Cricket Stadium, Doha",Saudi Arabia,field,T20,2021/22,Bahrain,1,0,0.5,0.5,0.5,0.5,0.5,0.5,0.5,1.0,4,2,0,0,2,1,LOW,LOW,LOW,LOW
2021-10-29,Kuwait,Qatar,"West End Park International Cricket Stadium, Doha",Kuwait,bat,T20,2021/22,Qatar,0,1,0.625,0.4285714285714285,0.8,0.4,1.0,0.0,1.0,1.0,8,7,1,1,2,1,LOW,LOW,LOW,LOW
2021-10-29,West Indies,Bangladesh,Sharjah Cricket Stadium,Bangladesh,field,T20,2021/22,West Indies,1,0,0.4566929133858268,0.3619047619047619,0.2,0.4,0.5454545454545454,0.4545454545454545,0.5,0.0,127,105,11,11,0,1,MEDIUM,MEDIUM,LOW,LOW
2021-10-30,Australia,England,Dubai International Cricket Stadium,England,field,T20,2021/22,England,0,0,0.5244755244755245,0.5461538461538461,0.6,0.8,0.5555555555555556,0.4444444444444444,0.4285714285714285,0.7142857142857143,143,130,18,18,7,7,MEDIUM,MEDIUM,MEDIUM,MEDIUM
2021-10-30,Sri Lanka,South Africa,Sharjah Cricket Stadium,South Africa,field,T20,2021/22,South Africa,0,0,0.4565217391304347,0.5683453237410072,0.8,0.8,0.3333333333333333,0.6666666666666666,1.0,0.5,138,139,15,15,2,0,MEDIUM,MEDIUM,LOW,LOW
2021-10-31,India,New Zealand,Dubai International Cricket Stadium,New Zealand,field,T20,2021/22,New Zealand,0,0,0.635036496350365,0.5251798561151079,0.4,0.4,0.4285714285714285,0.5714285714285714,0.0,0.1666666666666666,137,139,14,14,1,6,MEDIUM,MEDIUM,LOW,MEDIUM
2021-11-01,England,Sri Lanka,Sharjah Cricket Stadium,Sri Lanka,field,T20,2021/22,England,1,0,0.549618320610687,0.4532374100719424,1.0,0.6,0.6666666666666666,0.3333333333333333,0.5,0.6666666666666666,131,139,12,12,0,3,MEDIUM,MEDIUM,LOW,LOW
2021-11-02,Bangladesh,South Africa,"Zayed Cricket Stadium, Abu Dhabi",South Africa,field,T20,2021/22,South Africa,0,0,0.3584905660377358,0.5714285714285714,0.4,0.8,0.0,1.0,0.0,0.0,106,140,6,6,1,1,MEDIUM,MEDIUM,LOW,LOW
2021-11-02,Tanzania,Mozambique,Gahanga International Cricket Stadium. Rwanda,Tanzania,bat,T20,2021/22,Tanzania,1,1,0.5,0.5,0.5,0.5,0.5,0.5,0.5,0.5,0,0,0,0,0,0,LOW,LOW,LOW,LOW
2021-11-02,Botswana,Sierra Leone,Gahanga International Cricket Stadium. Rwanda,Botswana,bat,T20,2021/22,Botswana,1,1,0.0,0.2,0.0,0.2,0.5,0.5,0.5,0.5,7,5,0,0,0,0,LOW,LOW,LOW,LOW
2021-11-02,Pakistan,Namibia,"Zayed Cricket Stadium, Abu Dhabi",Pakistan,bat,T20,2021/22,Pakistan,1,1,0.6287425149700598,0.8,0.6,0.8,0.5,0.5,0.5,0.6666666666666666,167,25,0,0,0,3,LOW,LOW,LOW,LOW
2021-11-03,Mozambique,Cameroon,Gahanga International Cricket Stadium. Rwanda,Cameroon,field,T20,2021/22,Mozambique,1,0,0.0,0.5,0.0,0.5,0.5,0.5,0.0,0.5,1,0,0,0,1,0,LOW,LOW,LOW,LOW
2021-11-03,New Zealand,Scotland,Dubai International Cricket Stadium,Scotland,field,T20,2021/22,New Zealand,1,0,0.5285714285714286,0.5192307692307693,0.6,0.6,1.0,0.0,0.2857142857142857,0.5,140,52,1,1,7,8,LOW,LOW,MEDIUM,MEDIUM
2021-11-03,Sierra Leone,Tanzania,Gahanga International Cricket Stadium. Rwanda,Sierra Leone,bat,T20,2021/22,Tanzania,0,1,0.1666666666666666,1.0,0.0,1.0,0.5,0.5,0.0,1.0,6,1,0,0,1,1,LOW,LOW,LOW,LOW
2021-11-04,Sri Lanka,West Indies,"Zayed Cricket Stadium, Abu Dhabi",West Indies,field,T20,2021/22,Sri Lanka,1,0,0.45,0.4609375,0.4,0.4,0.5,0.5,1.0,0.5,140,128,14,14,2,0,MEDIUM,MEDIUM,LOW,LOW
2021-11-04,Bangladesh,Australia,Dubai International Cricket Stadium,Australia,field,T20,2021/22,Australia,0,0,0.3551401869158878,0.5208333333333334,0.2,0.6,0.4444444444444444,0.5555555555555556,0.5,0.375,107,144,9,9,0,8,MEDIUM,MEDIUM,LOW,MEDIUM
2021-11-05,Mozambique,Sierra Leone,Gahanga International Cricket Stadium. Rwanda,Mozambique,bat,T20,2021/22,Sierra Leone,0,1,0.5,0.1428571428571428,0.5,0.0,0.5,0.5,0.5,0.0,2,7,0,0,2,2,LOW,LOW,LOW,LOW
2021-11-05,Cameroon,Botswana,Gahanga International Cricket Stadium. Rwanda,Cameroon,bat,T20,2021/22,Botswana,0,1,0.0,0.125,0.0,0.2,0.5,0.5,0.0,1.0,1,8,0,0,1,1,LOW,LOW,LOW,LOW
2021-11-05,New Zealand,Namibia,Sharjah Cricket Stadium,Namibia,field,T20,2021/22,New Zealand,1,0,0.5319148936170213,0.7692307692307693,0.6,0.6,0.5,0.5,0.0,1.0,141,26,0,0,1,1,LOW,LOW,LOW,LOW
2021-11-05,Scotland,India,Dubai International Cricket Stadium,India,field,T20,2021/22,India,0,0,0.5094339622641509,0.6304347826086957,0.6,0.2,0.5,0.5,0.4444444444444444,0.0,53,138,0,0,9,2,LOW,LOW,MEDIUM,LOW
2021-11-06,South Africa,England,Sharjah Cricket Stadium,England,field,T20,2021/22,South Africa,1,0,0.574468085106383,0.553030303030303,0.8,1.0,0.45,0.55,1.0,1.0,141,132,20,20,1,1,HIGH,HIGH,LOW,LOW
2021-11-06,Botswana,Mozambique,Gahanga International Cricket Stadium. Rwanda,Botswana,bat,T20,2021/22,Botswana,1,1,0.2222222222222222,0.3333333333333333,0.4,0.3333333333333333,0.5,0.5,1.0,0.3333333333333333,9,3,0,0,2,3,LOW,LOW,LOW,LOW
2021-11-06,Tanzania,Cameroon,Gahanga International Cricket Stadium. Rwanda,Tanzania,bat,T20,2021/22,Tanzania,1,1,1.0,0.0,1.0,0.0,0.5,0.5,1.0,0.0,2,2,0,0,2,2,LOW,LOW,LOW,LOW
2021-11-06,West Indies,Australia,"Zayed Cricket Stadium, Abu Dhabi",Australia,field,T20,2021/22,Australia,0,0,0.4573643410852713,0.5241379310344828,0.2,0.6,0.625,0.375,0.0,1.0,129,145,16,16,1,1,MEDIUM,MEDIUM,LOW,LOW
2021-11-07,Tanzania,Botswana,Gahanga International Cricket Stadium. Rwanda,Tanzania,bat,T20,2021/22,Tanzania,1,1,1.0,0.3,1.0,0.6,0.5,0.5,1.0,1.0,3,10,0,0,3,3,LOW,LOW,LOW,LOW
2021-11-07,Cameroon,Sierra Leone,Gahanga International Cricket Stadium. Rwanda,Cameroon,bat,T20,2021/22,Sierra Leone,0,1,0.0,0.25,0.0,0.2,0.5,0.5,0.0,0.3333333333333333,3,8,0,0,3,3,LOW,LOW,LOW,LOW
2021-11-07,Belize,United States of America,"Coolidge Cricket Ground, Antigua",United States of America,field,T20,2021/22,United States of America,0,0,0.5,0.2857142857142857,0.5,0.4,0.5,0.5,0.5,0.5,0,7,0,0,0,0,LOW,LOW,LOW,LOW
2021-11-07,Pakistan,Scotland,Sharjah Cricket Stadium,Pakistan,bat,T20,2021/22,Pakistan,1,1,0.6309523809523809,0.5,0.8,0.4,1.0,0.0,1.0,0.5,168,54,3,3,1,0,LOW,LOW,LOW,LOW
2021-11-08,Namibia,India,Dubai International Cricket Stadium,India,field,T20,2021/22,India,0,0,0.7407407407407407,0.6330935251798561,0.6,0.2,0.5,0.5,0.6,0.3333333333333333,27,139,0,0,5,3,LOW,LOW,MEDIUM,LOW
2021-11-08,United States of America,Bermuda,"Sir Vivian Richards Stadium, North Sound, Antigua",United States of America,bat,T20,2021/22,United States of America,1,1,0.375,0.3636363636363636,0.4,0.0,0.0,1.0,0.5,0.5,8,11,2,2,0,0,LOW,LOW,LOW,LOW
2021-11-08,Belize,Panama,"Coolidge Cricket Ground, Antigua",Belize,bat,T20,2021/22,Belize,1,1,0.0,0.5,0.0,0.5,0.5,0.5,0.0,0.5,1,0,0,0,1,0,LOW,LOW,LOW,LOW
2021-11-08,Bahamas,Argentina,"Sir Vivian Richards Stadium, North Sound, Antigua",Bahamas,bat,T20,2021/22,Bahamas,1,1,0.5,0.5,0.5,0.5,0.5,0.5,0.5,0.5,0,0,0,0,0,0,LOW,LOW,LOW,LOW
2021-11-08,Canada,Belize,"Coolidge Cricket Ground, Antigua",Canada,bat,T20,2021/22,Canada,1,1,0.4210526315789473,0.5,0.4,0.5,0.5,0.5,0.5,0.5,19,2,0,0,0,2,LOW,LOW,LOW,LOW
2021-11-10,Bermuda,Bahamas,"Coolidge Cricket Ground, Antigua",Bahamas,field,T20,2021/22,Bermuda,1,0,0.3333333333333333,1.0,0.0,1.0,0.5,0.5,0.5,0.5,12,1,0,0,0,0,LOW,LOW,LOW,LOW
2021-11-10,Argentina,Belize,"Sir Vivian Richards Stadium, North Sound, Antigua",Argentina,bat,T20,2021/22,Argentina,1,1,0.0,0.3333333333333333,0.0,0.3333333333333333,0.5,0.5,0.0,0.5,1,3,0,0,1,0,LOW,LOW,LOW,LOW
2021-11-10,England,New Zealand,"Zayed Cricket Stadium, Abu Dhabi",New Zealand,field,T20,2021/22,New Zealand,0,0,0.5488721804511278,0.5352112676056338,0.8,0.8,0.631578947368421,0.3684210526315789,1.0,0.5,133,142,19,19,1,0,MEDIUM,MEDIUM,LOW,LOW
2021-11-11,Pakistan,Australia,Dubai International Cricket Stadium,Australia,field,T20,2021/22,Australia,0,0,0.6331360946745562,0.5273972602739726,1.0,0.8,0.5714285714285714,0.4285714285714285,0.6,0.4444444444444444,169,146,21,21,25,9,HIGH,HIGH,HIGH,MEDIUM
2021-11-11,Argentina,United States of America,"Sir Vivian Richards Stadium, North Sound, Antigua",Argentina,bat,T20,2021/22,United States of America,0,1,0.5,0.4444444444444444,0.5,0.6,0.5,0.5,0.5,1.0,2,9,0,0,2,1,LOW,LOW,LOW,LOW
2021-11-13,Panama,Bahamas,"Coolidge Cricket Ground, Antigua",Bahamas,field,T20,2021/22,Panama,1,0,0.0,0.5,0.0,0.5,0.5,0.5,0.0,0.0,1,2,0,0,1,1,LOW,LOW,LOW,LOW
2021-11-13,Argentina,Canada,"Sir Vivian Richards Stadium, North Sound, Antigua",Argentina,bat,T20,2021/22,Canada,0,1,0.3333333333333333,0.45,0.3333333333333333,0.4,0.5,0.5,0.3333333333333333,0.5,3,20,0,0,3,0,LOW,LOW,LOW,LOW
2021-11-13,Bahamas,United States of America,"Coolidge Cricket Ground, Antigua",Bahamas,bat,T20,2021/22,United States of America,0,1,0.3333333333333333,0.5,0.3333333333333333,0.8,0.5,0.5,0.0,1.0,3,10,0,0,2,1,LOW,LOW,LOW,LOW
2021-11-13,Belize,Bermuda,"Sir Vivian Richards Stadium, North Sound, Antigua",Belize,bat,T20,2021/22,Bermuda,0,1,0.25,0.3846153846153846,0.25,0.2,0.5,0.5,0.0,0.0,4,13,0,0,1,1,LOW,LOW,LOW,LOW
2021-11-14,New Zealand,Australia,Dubai International Cricket Stadium,Australia,field,T20,2021/22,Australia,0,0,0.5384615384615384,0.5306122448979592,0.8,0.8,0.3076923076923077,0.6923076923076923,0.375,0.5,143,147,13,13,8,10,MEDIUM,MEDIUM,MEDIUM,MEDIUM
2021-11-14,Canada,Panama,"Coolidge Cricket Ground, Antigua",Canada,bat,T20,2021/22,Canada,1,1,0.4761904761904761,0.5,0.4,0.5,0.5,0.5,1.0,0.5,21,2,0,0,1,2,LOW,LOW,LOW,LOW
2021-11-17,New Zealand,India,"Sawai Mansingh Stadium, Jaipur",India,field,T20,2021/22,India,0,0,0.5347222222222222,0.6357142857142857,0.8,0.4,0.6,0.4,0.5,0.5,144,140,15,15,0,0,MEDIUM,MEDIUM,LOW,LOW
2021-11-17,Nigeria,Tanzania,Gahanga International Cricket Stadium. Rwanda,Nigeria,bat,T20,2021/22,Tanzania,0,1,0.3684210526315789,1.0,0.8,1.0,0.5,0.5,0.5,1.0,19,4,0,0,0,4,LOW,LOW,LOW,LOW
2021-11-17,Tanzania,Kenya,Integrated Polytechnic Regional Centre,Tanzania,bat,T20,2021/22,Tanzania,1,1,1.0,0.4333333333333333,1.0,0.6,0.5,0.5,0.5,0.5,5,30,0,0,0,0,LOW,LOW,LOW,LOW
2021-11-17,Uganda,Nigeria,Gahanga International Cricket Stadium. Rwanda,Uganda,bat,T20,2021/22,Uganda,1,1,0.6666666666666666,0.35,1.0,0.8,1.0,0.0,1.0,0.0,18,20,3,3,1,1,LOW,LOW,LOW,LOW
2021-11-17,Kenya,Uganda,Integrated Polytechnic Regional Centre,Kenya,bat,T20,2021/22,Kenya,1,1,0.4193548387096774,0.6842105263157895,0.4,1.0,0.6666666666666666,0.3333333333333333,0.0,1.0,31,19,3,3,1,5,LOW,LOW,LOW,MEDIUM
2021-11-18,Tanzania,Uganda,Gahanga International Cricket Stadium. Rwanda,Tanzania,bat,T20,2021/22,Uganda,0,1,0.8571428571428571,0.6666666666666666,0.8,0.8,0.5,0.5,0.8333333333333334,1.0,6,20,0,0,5,2,LOW,LOW,MEDIUM,LOW
2021-11-18,Nigeria,Kenya,Integrated Polytechnic Regional Centre,Nigeria,bat,T20,2021/22,Kenya,0,1,0.3181818181818182,0.4545454545454545,0.4,0.4,0.3333333333333333,0.6666666666666666,0.0,0.5,21,32,3,3,0,2,LOW,LOW,LOW,LOW
2021-11-18,Tanzania,Kenya,Gahanga International Cricket Stadium. Rwanda,Tanzania,bat,T20,2021/22,Kenya,0,1,1.0,0.4375,1.0,0.4,1.0,0.0,1.0,0.5,7,33,1,1,6,0,LOW,LOW,MEDIUM,LOW
2021-11-18,Nigeria,Uganda,Integrated Polytechnic Regional Centre,Uganda,field,T20,2021/22,Uganda,0,0,0.3333333333333333,0.65,0.6,0.8,0.0,1.0,0.5,0.8333333333333334,22,21,4,4,1,6,LOW,LOW,LOW,MEDIUM
2021-11-19,Bangladesh,Pakistan,"Shere Bangla National Stadium, Mirpur",Bangladesh,bat,T20,2021/22,Pakistan,0,1,0.3518518518518518,0.6294117647058823,0.0,0.8,0.1666666666666666,0.8333333333333334,0.6875,0.5,108,170,12,12,16,0,MEDIUM,MEDIUM,MEDIUM,LOW
2021-11-19,New Zealand,India,"JSCA International Stadium Complex, Ranchi",India,field,T20,2021/22,India,0,0,0.5310344827586206,0.6382978723404256,0.6,0.6,0.5625,0.4375,0.5,0.5,145,141,16,16,0,0,MEDIUM,MEDIUM,LOW,LOW
2021-11-20,Tanzania,Nigeria,Integrated Polytechnic Regional Centre,Tanzania,bat,T20,2021/22,Tanzania,1,1,0.75,0.3043478260869565,0.6,0.2,1.0,0.0,1.0,0.0,8,23,1,1,1,2,LOW,LOW,LOW,LOW
2021-11-20,Kenya,Nigeria,Integrated Polytechnic Regional Centre,Nigeria,field,T20,2021/22,Kenya,1,0,0.4705882352941176,0.2916666666666667,0.6,0.0,0.75,0.25,0.6666666666666666,0.0,34,24,4,4,3,3,LOW,LOW,LOW,LOW
2021-11-20,Tanzania,Uganda,Gahanga International Cricket Stadium. Rwanda,Uganda,field,T20,2021/22,Uganda,0,0,0.7777777777777778,0.6818181818181818,0.6,0.8,0.0,1.0,0.7142857142857143,1.0,9,22,1,1,7,3,LOW,LOW,MEDIUM,LOW
2021-11-20,Bangladesh,Pakistan,"Shere Bangla National Stadium, Mirpur",Bangladesh,bat,T20,2021/22,Pakistan,0,1,0.3486238532110092,0.631578947368421,0.0,0.8,0.1538461538461538,0.8461538461538461,0.6470588235294118,1.0,109,171,13,13,17,1,MEDIUM,MEDIUM,MEDIUM,LOW
2021-11-20,Kenya,Uganda,Gahanga International Cricket Stadium. Rwanda,Kenya,bat,T20,2021/22,Uganda,0,1,0.4857142857142857,0.6956521739130435,0.8,0.8,0.75,0.25,1.0,1.0,35,23,4,4,1,4,LOW,LOW,LOW,LOW
2021-11-21,India,New Zealand,"Eden Gardens, Kolkata",India,bat,T20,2021/22,India,1,1,0.6408450704225352,0.5273972602739726,0.8,0.4,0.4705882352941176,0.5294117647058824,0.5,0.5,142,146,17,17,0,0,MEDIUM,MEDIUM,LOW,LOW
2021-11-22,Bangladesh,Pakistan,"Shere Bangla National Stadium, Mirpur",Bangladesh,bat,T20,2021/22,Pakistan,0,1,0.3454545454545454,0.6337209302325582,0.0,0.8,0.1428571428571428,0.8571428571428571,0.6111111111111112,1.0,110,172,14,14,18,2,MEDIUM,MEDIUM,MEDIUM,LOW
2021-12-13,Pakistan,West Indies,"National Stadium, Karachi",West Indies,field,T20,2021/22,Pakistan,1,0,0.6358381502890174,0.4538461538461538,0.8,0.2,0.8,0.2,0.5,0.5,173,130,15,15,0,0,MEDIUM,MEDIUM,LOW,LOW
2021-12-14,Pakistan,West Indies,"National Stadium, Karachi",Pakistan,bat,T20,2021/22,Pakistan,1,1,0.6379310344827587,0.4503816793893129,0.8,0.2,0.8125,0.1875,1.0,0.0,174,131,16,16,1,1,MEDIUM,MEDIUM,LOW,LOW
2021-12-16,West Indies,Pakistan,"National Stadium, Karachi",West Indies,bat,T20,2021/22,Pakistan,0,1,0.4469696969696969,0.64,0.2,1.0,0.1764705882352941,0.8235294117647058,0.0,1.0,132,175,17,17,2,2,MEDIUM,MEDIUM,LOW,LOW
2021-12-22,United States of America,Ireland,"Central Broward Regional Park Stadium Turf Ground, Lauderhill",United States of America,bat,T20,2021/22,United States of America,1,1,0.5454545454545454,0.5,0.8,0.2,0.5,0.5,0.5,0.5,11,78,0,0,0,0,LOW,LOW,LOW,LOW
2021-12-23,Ireland,United States of America,"Central Broward Regional Park Stadium Turf Ground, Lauderhill",United States of America,field,T20,2021/22,Ireland,1,0,0.4936708860759494,0.5833333333333334,0.2,1.0,0.0,1.0,0.0,1.0,79,12,1,1,1,1,LOW,LOW,LOW,LOW
2022-01-22,England,West Indies,"Kensington Oval, Bridgetown, Barbados",West Indies,field,T20,2021/22,West Indies,0,0,0.5447761194029851,0.4436090225563909,0.6,0.0,0.4210526315789473,0.5789473684210527,0.5,0.5,134,133,19,19,0,0,MEDIUM,MEDIUM,LOW,LOW
2022-01-23,England,West Indies,"Kensington Oval, Bridgetown, Barbados",West Indies,field,T20,2021/22,England,1,0,0.5407407407407407,0.4477611940298507,0.4,0.2,0.4,0.6,0.0,1.0,135,134,20,20,1,1,HIGH,HIGH,LOW,LOW
2022-01-26,West Indies,England,"Kensington Oval, Bridgetown, Barbados",England,field,T20,2021/22,West Indies,1,0,0.4444444444444444,0.5441176470588235,0.2,0.4,0.5714285714285714,0.4285714285714285,0.5,0.5,135,136,21,21,2,2,HIGH,HIGH,LOW,LOW
2022-01-29,England,West Indies,"Kensington Oval, Bridgetown, Barbados",West Indies,field,T20,2021/22,England,1,0,0.5401459854014599,0.4485294117647059,0.2,0.4,0.4090909090909091,0.5909090909090909,0.3333333333333333,0.6666666666666666,137,136,22,22,3,3,HIGH,HIGH,LOW,LOW
2022-01-30,West Indies,England,"Kensington Oval, Bridgetown, Barbados",West Indies,bat,T20,2021/22,West Indies,1,1,0.4452554744525547,0.5434782608695652,0.4,0.4,0.5652173913043478,0.4347826086956521,0.5,0.5,137,138,23,23,4,4,HIGH,HIGH,LOW,LOW
2022-02-11,Australia,Sri Lanka,Sydney Cricket Ground,Sri Lanka,field,T20,2021/22,Australia,1,0,0.5337837837837838,0.4539007092198581,0.8,0.4,0.5294117647058824,0.4705882352941176,0.625,0.5,148,141,17,17,8,0,MEDIUM,MEDIUM,MEDIUM,LOW
2022-02-11,Oman,Nepal,Al Amerat Cricket Ground Oman Cricket (Ministry Turf 1),Nepal,field,T20,2021/22,Nepal,0,0,0.5,0.5294117647058824,0.4,0.8,1.0,0.0,0.5,0.5,30,34,1,1,10,4,LOW,LOW,MEDIUM,LOW
2022-02-12,United Arab Emirates,Nepal,Al Amerat Cricket Ground Oman Cricket (Ministry Turf 1),Nepal,field,T20,2021/22,United Arab Emirates,1,0,0.5121951219512195,0.5428571428571428,0.8,0.8,0.3333333333333333,0.6666666666666666,1.0,0.6,41,35,3,3,1,5,LOW,LOW,LOW,MEDIUM
2022-02-12,Oman,Ireland,Al Amerat Cricket Ground Oman Cricket (Ministry Turf 1),Ireland,field,T20,2021/22,Ireland,0,0,0.4838709677419355,0.5,0.4,0.4,0.5,0.5,0.4545454545454545,0.7142857142857143,31,80,4,4,11,7,LOW,LOW,MEDIUM,MEDIUM
2022-02-13,United Arab Emirates,Ireland,Al Amerat Cricket Ground Oman Cricket (Ministry Turf 1),Ireland,field,T20,2021/22,United Arab Emirates,1,0,0.5238095238095238,0.5061728395061729,0.8,0.4,0.5,0.5,1.0,0.75,42,81,8,8,2,8,MEDIUM,MEDIUM,LOW,MEDIUM
2022-02-14,United Arab Emirates,Oman,Al Amerat Cricket Ground Oman Cricket (Ministry Turf 1),Oman,field,T20,2021/22,Oman,0,0,0.5348837209302325,0.46875,0.8,0.2,0.6666666666666666,0.3333333333333333,1.0,0.4166666666666667,43,32,3,3,3,12,LOW,LOW,LOW,MEDIUM
2022-02-14,Ireland,Nepal,Al Amerat Cricket Ground Oman Cricket (Ministry Turf 1),Nepal,field,T20,2021/22,Ireland,1,0,0.5,0.5277777777777778,0.4,0.6,1.0,0.0,0.6666666666666666,0.5,82,36,2,2,9,6,LOW,LOW,MEDIUM,MEDIUM
2022-02-15,Sri Lanka,Australia,"Manuka Oval, Canberra",Australia,field,T20,2021/22,Australia,0,0,0.4507042253521127,0.5369127516778524,0.2,1.0,0.4444444444444444,0.5555555555555556,0.5,0.5,142,149,18,18,0,0,MEDIUM,MEDIUM,LOW,LOW
2022-02-16,West Indies,India,"Eden Gardens, Kolkata",India,field,T20,2021/22,India,0,0,0.4492753623188406,0.6433566433566433,0.6,1.0,0.375,0.625,0.5,1.0,138,143,16,16,0,1,MEDIUM,MEDIUM,LOW,LOW
2022-02-18,Sri Lanka,Australia,Melbourne Cricket Ground,Australia,field,T20,2021/22,Australia,0,0,0.4475524475524475,0.54,0.2,1.0,0.4210526315789473,0.5789473684210527,0.6666666666666666,0.6666666666666666,143,150,19,19,3,12,MEDIUM,MEDIUM,LOW,MEDIUM
2022-02-18,Nepal,Oman,Al Amerat Cricket Ground Oman Cricket (Ministry Turf 1),Oman,field,T20,2021/22,Nepal,1,0,0.5135135135135135,0.4848484848484848,0.6,0.2,0.5,0.5,0.4285714285714285,0.4615384615384615,37,33,2,2,7,13,LOW,LOW,MEDIUM,MEDIUM
2022-02-18,Canada,Philippines,Al Amerat Cricket Ground Oman Cricket (Ministry Turf 2),Philippines,field,T20,2021/22,Canada,1,0,0.5,0.3333333333333333,0.6,0.3333333333333333,0.5,0.5,0.5,0.5,22,3,0,0,0,0,LOW,LOW,LOW,LOW
2022-02-18,United Arab Emirates,Ireland,Al Amerat Cricket Ground Oman Cricket (Ministry Turf 1),United Arab Emirates,bat,T20,2021/22,United Arab Emirates,1,1,0.5227272727272727,0.5060240963855421,0.8,0.6,0.5555555555555556,0.4444444444444444,0.75,0.7,44,83,9,9,4,10,MEDIUM,MEDIUM,LOW,MEDIUM
2022-02-18,Germany,Bahrain,Al Amerat Cricket Ground Oman Cricket (Ministry Turf 2),Bahrain,field,T20,2021/22,Bahrain,0,0,0.6190476190476191,0.6,0.6,0.6,0.5,0.5,0.5,0.5,21,5,0,0,0,0,LOW,LOW,LOW,LOW
2022-02-18,India,West Indies,"Eden Gardens, Kolkata",West Indies,field,T20,2021/22,India,1,0,0.6458333333333334,0.4460431654676259,1.0,0.4,0.6470588235294118,0.3529411764705882,1.0,0.0,144,139,17,17,2,1,MEDIUM,MEDIUM,LOW,LOW
2022-02-19,Ireland,Bahrain,Al Amerat Cricket Ground Oman Cricket (Ministry Turf 2),Ireland,bat,T20,2021/22,Ireland,1,1,0.5,0.6666666666666666,0.6,0.6,0.5,0.5,0.5,1.0,84,6,0,0,0,1,LOW,LOW,LOW,LOW
2022-02-19,United Arab Emirates,Germany,Al Amerat Cricket Ground Oman Cricket (Ministry Turf 1),United Arab Emirates,bat,T20,2021/22,United Arab Emirates,1,1,0.5333333333333333,0.5909090909090909,0.8,0.4,0.5,0.5,0.8,0.5,45,22,0,0,5,0,LOW,LOW,MEDIUM,LOW
2022-02-19,Canada,Oman,Al Amerat Cricket Ground Oman Cricket (Ministry Turf 1),Oman,field,T20,2021/22,Oman,0,0,0.5217391304347826,0.4705882352941176,0.8,0.2,0.0,1.0,0.5,0.4285714285714285,23,34,1,1,0,14,LOW,LOW,LOW,MEDIUM
2022-02-19,Nepal,Philippines,Al Amerat Cricket Ground Oman Cricket (Ministry Turf 2),Philippines,field,T20,2021/22,Nepal,1,0,0.5263157894736842,0.25,0.6,0.25,0.5,0.5,0.5,0.0,38,4,0,0,0,1,LOW,LOW,LOW,LOW
2022-02-20,India,West Indies,"Eden Gardens, Kolkata",West Indies,field,T20,2021/22,India,1,0,0.6482758620689655,0.4428571428571428,1.0,0.4,0.6666666666666666,0.3333333333333333,1.0,0.0,145,140,18,18,3,2,MEDIUM,MEDIUM,LOW,LOW
2022-02-20,Australia,Sri Lanka,Melbourne Cricket Ground,Australia,bat,T20,2021/22,Sri Lanka,0,1,0.543046357615894,0.4444444444444444,1.0,0.2,0.6,0.4,0.6923076923076923,0.5,151,144,20,20,13,4,HIGH,HIGH,MEDIUM,LOW
2022-02-21,Philippines,Oman,Al Amerat Cricket Ground Oman Cricket (Ministry Turf 2),Philippines,bat,T20,2021/22,Oman,0,1,0.2,0.4857142857142857,0.2,0.4,0.5,0.5,0.0,0.5,5,35,0,0,2,0,LOW,LOW,LOW,LOW
2022-02-21,Bahrain,United Arab Emirates,Al Amerat Cricket Ground Oman Cricket (Ministry Turf 2),Bahrain,bat,T20,2021/22,Bahrain,1,1,0.5714285714285714,0.5434782608695652,0.6,0.8,0.5,0.5,0.5,1.0,7,46,0,0,2,2,LOW,LOW,LOW,LOW
2022-02-21,Germany,Ireland,Al Amerat Cricket Ground Oman Cricket (Ministry Turf 1),Ireland,field,T20,2021/22,Ireland,0,0,0.5652173913043478,0.5058823529411764,0.2,0.6,0.5,0.5,0.0,0.6363636363636364,23,85,0,0,1,11,LOW,LOW,LOW,MEDIUM
2022-02-21,Canada,Nepal,Al Amerat Cricket Ground Oman Cricket (Ministry Turf 1),Canada,bat,T20,2021/22,Nepal,0,1,0.5,0.5384615384615384,0.8,0.6,0.5,0.5,0.0,0.5,24,39,0,0,1,8,LOW,LOW,LOW,MEDIUM
2022-02-22,United Arab Emirates,Nepal,Al Amerat Cricket Ground Oman Cricket (Ministry Turf 1),United Arab Emirates,bat,T20,2021/22,United Arab Emirates,1,1,0.5319148936170213,0.55,0.6,0.6,0.5,0.5,0.8333333333333334,0.5555555555555556,47,40,4,4,6,9,LOW,LOW,MEDIUM,MEDIUM
2022-02-22,Germany,Canada,Al Amerat Cricket Ground Oman Cricket (Ministry Turf 1),Canada,field,T20,2021/22,Canada,0,0,0.5416666666666666,0.48,0.2,0.6,0.5,0.5,0.0,0.0,24,25,0,0,2,2,LOW,LOW,LOW,LOW
2022-02-22,Bahrain,Philippines,Al Amerat Cricket Ground Oman Cricket (Ministry Turf 2),Bahrain,bat,T20,2021/22,Bahrain,1,1,0.625,0.1666666666666666,0.8,0.2,0.5,0.5,0.6666666666666666,0.0,8,6,0,0,3,3,LOW,LOW,LOW,LOW
2022-02-22,Ireland,Oman,Al Amerat Cricket Ground Oman Cricket (Ministry Turf 2),Oman,field,T20,2021/22,Ireland,1,0,0.5116279069767442,0.5,0.6,0.6,0.6,0.4,1.0,1.0,86,36,5,5,1,1,MEDIUM,MEDIUM,LOW,LOW
2022-02-24,India,Sri Lanka,"Bharat Ratna Shri Atal Bihari Vajpayee Ekana Cricket Stadium, Lucknow",Sri Lanka,field,T20,2021/22,India,1,0,0.6506849315068494,0.4482758620689655,1.0,0.4,0.6666666666666666,0.3333333333333333,0.5,0.5,146,145,21,21,0,0,HIGH,HIGH,LOW,LOW
2022-02-24,Oman,Nepal,Al Amerat Cricket Ground Oman Cricket (Ministry Turf 2),Oman,bat,T20,2021/22,Nepal,0,1,0.4864864864864865,0.5365853658536586,0.6,0.6,0.3333333333333333,0.6666666666666666,0.5,1.0,37,41,3,3,2,1,LOW,LOW,LOW,LOW
2022-02-24,Bahrain,Canada,Al Amerat Cricket Ground Oman Cricket (Ministry Turf 1),Bahrain,bat,T20,2021/22,Canada,0,1,0.6666666666666666,0.5,0.8,0.6,0.5,0.5,0.5,0.3333333333333333,9,26,0,0,2,3,LOW,LOW,LOW,LOW
2022-02-24,Philippines,Germany,Al Amerat Cricket Ground Oman Cricket (Ministry Turf 2),Germany,field,T20,2021/22,Germany,0,0,0.1428571428571428,0.52,0.2,0.0,0.5,0.5,0.0,0.0,7,25,0,0,4,1,LOW,LOW,LOW,LOW
2022-02-24,Ireland,United Arab Emirates,Al Amerat Cricket Ground Oman Cricket (Ministry Turf 1),Ireland,bat,T20,2021/22,United Arab Emirates,0,1,0.5172413793103449,0.5416666666666666,0.8,0.6,0.4,0.6,0.6666666666666666,0.8571428571428571,87,48,10,10,12,7,MEDIUM,MEDIUM,MEDIUM,MEDIUM
2022-02-26,Sri Lanka,India,"Himachal Pradesh Cricket Association Stadium, Dharamsala",India,field,T20,2021/22,India,0,0,0.4452054794520548,0.6530612244897959,0.2,1.0,0.3181818181818182,0.6818181818181818,0.5,0.5,146,147,22,22,0,0,HIGH,HIGH,LOW,LOW
2022-02-27,Sri Lanka,India,"Himachal Pradesh Cricket Association Stadium, Dharamsala",Sri Lanka,bat,T20,2021/22,India,0,1,0.4421768707482993,0.6554054054054054,0.2,1.0,0.3043478260869565,0.6956521739130435,0.0,1.0,147,148,23,23,1,1,HIGH,HIGH,LOW,LOW
2022-03-28,Nepal,Papua New Guinea,"Tribhuvan University International Cricket Ground, Kirtipur",Papua New Guinea,field,T20,2021/22,Nepal,1,0,0.5476190476190477,0.5217391304347826,0.8,0.0,0.0,1.0,0.8,0.5,42,23,1,1,5,0,LOW,LOW,MEDIUM,LOW
2022-03-29,Malaysia,Papua New Guinea,"Tribhuvan University International Cricket Ground, Kirtipur",Malaysia,bat,T20,2021/22,Malaysia,1,1,0.4583333333333333,0.5,0.0,0.0,0.5,0.5,0.0,0.0,24,24,0,0,3,1,LOW,LOW,LOW,LOW
2022-03-30,Malaysia,Nepal,"Tribhuvan University International Cricket Ground, Kirtipur",Malaysia,bat,T20,2021/22,Nepal,0,1,0.48,0.5581395348837209,0.2,0.8,0.0,1.0,0.25,0.8333333333333334,25,43,5,5,4,6,MEDIUM,MEDIUM,LOW,MEDIUM
2022-03-31,Nepal,Papua New Guinea,"Tribhuvan University International Cricket Ground, Kirtipur",Papua New Guinea,field,T20,2021/22,Nepal,1,0,0.5681818181818182,0.48,0.8,0.0,0.5,0.5,0.8571428571428571,0.0,44,25,2,2,7,2,LOW,LOW,MEDIUM,LOW
2022-04-01,Malaysia,Papua New Guinea,"Tribhuvan University International Cricket Ground, Kirtipur",Papua New Guinea,field,T20,2021/22,Papua New Guinea,0,0,0.4615384615384615,0.4615384615384615,0.2,0.0,1.0,0.0,0.2,0.0,26,26,1,1,5,3,LOW,LOW,MEDIUM,LOW
2022-04-02,Nepal,Malaysia,"Tribhuvan University International Cricket Ground, Kirtipur",Malaysia,field,T20,2021/22,Nepal,1,0,0.5777777777777777,0.4444444444444444,0.8,0.2,1.0,0.0,0.875,0.1666666666666666,45,27,6,6,8,6,MEDIUM,MEDIUM,MEDIUM,MEDIUM
2022-04-04,Nepal,Papua New Guinea,"Tribhuvan University International Cricket Ground, Kirtipur",Papua New Guinea,field,T20,2021/22,Nepal,1,0,0.5869565217391305,0.4814814814814814,1.0,0.2,0.6666666666666666,0.3333333333333333,0.8888888888888888,0.25,46,27,3,3,9,4,LOW,LOW,MEDIUM,LOW
2022-04-05,Pakistan,Australia,"Gaddafi Stadium, Lahore",Australia,field,T20,2021/22,Australia,0,0,0.6420454545454546,0.5394736842105263,1.0,0.8,0.5454545454545454,0.4545454545454545,0.5,0.5,176,152,22,22,0,0,HIGH,HIGH,LOW,LOW
2022-04-08,Uganda,Namibia,"United Cricket Club Ground, Windhoek",Namibia,field,T20,2022,Namibia,0,0,0.7083333333333334,0.7142857142857143,0.8,0.4,0.0,1.0,0.5,0.5,24,28,4,4,0,0,LOW,LOW,LOW,LOW
2022-04-09,Namibia,Uganda,"United Cricket Club Ground, Windhoek",Uganda,field,T20,2022,Uganda,0,0,0.7241379310344828,0.68,0.4,0.8,1.0,0.0,1.0,0.0,29,25,5,5,1,1,MEDIUM,MEDIUM,LOW,LOW
2022-04-10,Namibia,Uganda,"United Cricket Club Ground, Windhoek",Uganda,field,T20,2022,Namibia,1,0,0.7,0.6923076923076923,0.2,0.8,0.8333333333333334,0.1666666666666666,0.5,0.5,30,26,6,6,2,2,MEDIUM,MEDIUM,LOW,LOW
2022-04-29,Norway,Guernsey,"Desert Springs Cricket Ground, Almeria",Norway,bat,T20,2022,Norway,1,1,0.2222222222222222,0.6,0.4,0.6,0.0,1.0,0.5,0.5,9,5,1,1,0,0,LOW,LOW,LOW,LOW
2022-04-30,Spain,Norway,"Desert Springs Cricket Ground, Almeria",Spain,bat,T20,2022,Spain,1,1,0.7777777777777778,0.3,0.6,0.6,0.5,0.5,0.6666666666666666,1.0,9,10,0,0,3,1,LOW,LOW,LOW,LOW
2022-04-30,Norway,Guernsey,"Desert Springs Cricket Ground, Almeria",Norway,bat,T20,2022,Guernsey,0,1,0.2727272727272727,0.5,0.6,0.6,0.5,0.5,0.5,0.0,11,6,2,2,2,1,LOW,LOW,LOW,LOW
2022-04-30,Guernsey,Spain,"Desert Springs Cricket Ground, Almeria",Guernsey,bat,T20,2022,Spain,0,1,0.5714285714285714,0.8,0.8,0.8,0.5,0.5,0.5,0.75,7,10,0,0,2,4,LOW,LOW,LOW,LOW
2022-05-01,Spain,Guernsey,"Desert Springs Cricket Ground, Almeria",Spain,bat,T20,2022,Guernsey,0,1,0.8181818181818182,0.5,0.8,0.6,1.0,0.0,0.8,0.3333333333333333,11,8,1,1,5,3,LOW,LOW,MEDIUM,LOW
2022-05-01,Spain,Norway,"Desert Springs Cricket Ground, Almeria",Spain,bat,T20,2022,Spain,1,1,0.75,0.25,0.8,0.4,1.0,0.0,0.6666666666666666,0.3333333333333333,12,12,1,1,6,3,LOW,LOW,MEDIUM,LOW
2022-05-07,Denmark,Finland,"Svanholm Park, Brondby",Finland,field,T20,2022,Finland,0,0,0.2307692307692307,0.5,0.0,0.5,0.5,0.5,0.5,0.5,13,4,0,0,2,0,LOW,LOW,LOW,LOW
2022-05-07,Denmark,Finland,"Svanholm Park, Brondby",Finland,field,T20,2022,Denmark,1,0,0.2142857142857142,0.6,0.0,0.6,0.0,1.0,0.3333333333333333,1.0,14,5,1,1,3,1,LOW,LOW,LOW,LOW
2022-05-08,Denmark,Finland,"Svanholm Park, Brondby",Denmark,bat,T20,2022,Denmark,1,1,0.2666666666666666,0.5,0.2,0.4,0.5,0.5,0.5,0.5,15,6,2,2,4,2,LOW,LOW,LOW,LOW
2022-05-10,Gibraltar,Hungary,Marsa Sports Club,Hungary,field,T20,2022,Hungary,0,0,0.0,0.4,0.0,0.4,0.5,0.5,0.0,0.0,9,4,0,0,3,0,LOW,LOW,LOW,LOW
2022-05-10,Malta,Hungary,Marsa Sports Club,Hungary,field,T20,2022,Malta,1,0,0.5714285714285714,0.5,0.6,0.5,0.0,1.0,0.5555555555555556,0.5,13,5,1,1,8,1,LOW,LOW,MEDIUM,LOW
2022-05-10,Gibraltar,Malta,Marsa Sports Club,Malta,field,T20,2022,Malta,0,0,0.0,0.5384615384615384,0.0,0.4,0.0,1.0,0.0,0.5,10,14,3,3,4,9,LOW,LOW,LOW,MEDIUM
2022-05-11,Romania,Malta,Marsa Sports Club,Malta,field,T20,2022,Malta,0,0,0.9090909090909092,0.6,1.0,0.8,1.0,0.0,0.5,0.6,11,15,1,1,0,10,LOW,LOW,LOW,MEDIUM
2022-05-11,Hungary,Bulgaria,Marsa Sports Club,Bulgaria,field,T20,2022,Hungary,1,0,0.5,0.25,0.4,0.2,0.5,0.5,0.5,0.5,6,8,0,0,2,2,LOW,LOW,LOW,LOW
2022-05-11,Czech Republic,Gibraltar,Marsa Sports Club,Czech Republic,bat,T20,2022,Czech Republic,1,1,0.1428571428571428,0.0,0.0,0.0,0.5,0.5,0.5,0.0,7,11,0,0,0,5,LOW,LOW,LOW,MEDIUM
2022-05-12,Romania,Hungary,Marsa Sports Club,Romania,bat,T20,2022,Hungary,0,1,0.8333333333333334,0.5714285714285714,0.8,0.6,1.0,0.0,0.0,0.6666666666666666,12,7,1,1,1,3,LOW,LOW,LOW,LOW
2022-05-12,Czech Republic,Bulgaria,Marsa Sports Club,Czech Republic,bat,T20,2022,Czech Republic,1,1,0.25,0.2222222222222222,0.2,0.2,0.5,0.5,1.0,0.3333333333333333,8,9,0,0,1,3,LOW,LOW,LOW,LOW
2022-05-12,Malta,Czech Republic,Marsa Sports Club,Czech Republic,field,T20,2022,Malta,1,0,0.625,0.3333333333333333,0.8,0.4,0.5,0.5,0.6363636363636364,1.0,16,9,0,0,11,2,LOW,LOW,MEDIUM,LOW
2022-05-13,Gibraltar,Bulgaria,Marsa Sports Club,Gibraltar,bat,T20,2022,Gibraltar,1,1,0.0,0.2,0.0,0.2,0.0,1.0,0.0,0.25,12,10,1,1,6,4,LOW,LOW,MEDIUM,LOW
2022-05-13,Bulgaria,Romania,Marsa Sports Club,Bulgaria,bat,T20,2022,Romania,0,1,0.1818181818181818,0.7692307692307693,0.2,0.6,0.25,0.75,0.2,0.0,11,13,4,4,5,2,LOW,LOW,MEDIUM,LOW
2022-05-13,Romania,Czech Republic,Marsa Sports Club,Romania,bat,T20,2022,Romania,1,1,0.7857142857142857,0.3,0.6,0.4,1.0,0.0,0.3333333333333333,0.6666666666666666,14,10,1,1,3,3,LOW,LOW,LOW,LOW
2022-05-14,Bulgaria,Malta,Marsa Sports Club,Bulgaria,bat,T20,2022,Malta,0,1,0.1666666666666666,0.6470588235294118,0.2,1.0,0.0,1.0,0.1666666666666666,0.6666666666666666,12,17,1,1,6,12,LOW,LOW,MEDIUM,MEDIUM
2022-05-14,Gibraltar,Romania,Marsa Sports Club,Gibraltar,bat,T20,2022,Romania,0,1,0.0769230769230769,0.8,0.2,0.6,0.5,0.5,0.1428571428571428,0.5,13,15,0,0,7,4,LOW,LOW,MEDIUM,LOW
2022-05-14,Hungary,Czech Republic,Marsa Sports Club,Hungary,bat,T20,2022,Czech Republic,0,1,0.625,0.2727272727272727,0.8,0.4,1.0,0.0,0.75,0.5,8,11,1,1,4,4,LOW,LOW,LOW,LOW
2022-05-15,Romania,Malta,Marsa Sports Club,Romania,bat,T20,2022,Romania,1,1,0.8125,0.6666666666666666,0.6,1.0,0.5,0.5,0.6,0.6923076923076923,16,18,2,2,5,13,LOW,LOW,MEDIUM,MEDIUM
2022-05-15,Czech Republic,Hungary,Marsa Sports Club,Hungary,field,T20,2022,Czech Republic,1,0,0.3333333333333333,0.5555555555555556,0.6,0.6,0.5,0.5,0.6,0.6,12,9,2,2,5,5,LOW,LOW,MEDIUM,MEDIUM
2022-05-15,Gibraltar,Bulgaria,Marsa Sports Club,Gibraltar,bat,T20,2022,Bulgaria,0,1,0.0714285714285714,0.1538461538461538,0.2,0.0,0.5,0.5,0.125,0.1428571428571428,14,13,2,2,8,7,LOW,LOW,MEDIUM,MEDIUM
2022-05-17,Zimbabwe,Namibia,"Queens Sports Club, Bulawayo",Zimbabwe,bat,T20,2022,Zimbabwe,1,1,0.282051282051282,0.7096774193548387,0.6,0.4,0.5,0.5,0.5,0.5,78,31,0,0,0,0,LOW,LOW,LOW,LOW
2022-05-19,Zimbabwe,Namibia,"Queens Sports Club, Bulawayo",Zimbabwe,bat,T20,2022,Namibia,0,1,0.2911392405063291,0.6875,0.8,0.4,1.0,0.0,1.0,0.0,79,32,1,1,1,1,LOW,LOW,LOW,LOW
2022-05-20,Jersey,Guernsey,"College Field, St Peter Port",Guernsey,field,T20,2022,Jersey,1,0,0.75,0.5555555555555556,1.0,0.6,0.5,0.5,0.5,0.5,16,9,0,0,0,0,LOW,LOW,LOW,LOW
2022-05-21,Namibia,Zimbabwe,"Queens Sports Club, Bulawayo",Namibia,bat,T20,2022,Zimbabwe,0,1,0.696969696969697,0.2875,0.6,0.6,0.5,0.5,0.5,0.5,33,80,2,2,2,2,LOW,LOW,LOW,LOW
2022-05-22,Zimbabwe,Namibia,"Queens Sports Club, Bulawayo",Namibia,field,T20,2022,Namibia,0,0,0.2962962962962963,0.6764705882352942,0.8,0.4,0.6666666666666666,0.3333333333333333,0.6666666666666666,0.3333333333333333,81,34,3,3,3,3,LOW,LOW,LOW,LOW
2022-05-24,Namibia,Zimbabwe,"Queens Sports Club, Bulawayo",Zimbabwe,field,T20,2022,Namibia,1,0,0.6857142857142857,0.2926829268292683,0.6,0.6,0.5,0.5,0.5,0.5,35,82,4,4,4,4,LOW,LOW,LOW,LOW
2022-06-07,Sri Lanka,Australia,"R Premadasa Stadium, Colombo",Australia,field,T20,2022,Australia,0,0,0.4391891891891892,0.5424836601307189,0.2,0.8,0.4285714285714285,0.5714285714285714,0.3333333333333333,0.5,148,153,21,21,6,0,HIGH,HIGH,MEDIUM,LOW
2022-06-08,Sri Lanka,Australia,"R Premadasa Stadium, Colombo",Australia,field,T20,2022,Australia,0,0,0.436241610738255,0.5454545454545454,0.2,0.8,0.4090909090909091,0.5909090909090909,0.2857142857142857,1.0,149,154,22,22,7,1,HIGH,HIGH,MEDIUM,LOW
2022-06-09,Germany,Austria,Bayer Uerdingen Cricket Ground,Austria,field,T20,2022,Germany,1,0,0.5555555555555556,0.6666666666666666,0.4,0.6666666666666666,0.5,0.5,0.8333333333333334,0.5,26,3,0,0,5,0,LOW,LOW,MEDIUM,LOW
2022-06-09,India,South Africa,"Arun Jaitley Stadium, Delhi",South Africa,field,T20,2022,South Africa,0,0,0.6577181208053692,0.5774647887323944,1.0,0.8,0.6,0.4,0.5,0.5,149,142,15,15,0,0,MEDIUM,MEDIUM,LOW,LOW
2022-06-09,Sweden,Germany,Bayer Uerdingen Cricket Ground,Germany,field,T20,2022,Germany,0,0,0.5,0.5384615384615384,0.4,0.2,0.5,0.5,0.5,0.8,6,27,0,0,0,6,LOW,LOW,LOW,MEDIUM
2022-06-10,Austria,Sweden,Bayer Uerdingen Cricket Ground,Sweden,field,T20,2022,Austria,1,0,0.5,0.4285714285714285,0.5,0.4,0.5,0.5,0.0,0.0,4,7,0,0,1,1,LOW,LOW,LOW,LOW
2022-06-10,Austria,Germany,Bayer Uerdingen Cricket Ground,Austria,bat,T20,2022,Austria,1,1,0.6,0.5714285714285714,0.6,0.6,0.0,1.0,0.5,0.8571428571428571,5,28,1,1,2,7,LOW,LOW,LOW,MEDIUM
2022-06-11,Germany,Sweden,Bayer Uerdingen Cricket Ground,Germany,bat,T20,2022,Germany,1,1,0.5517241379310345,0.375,0.6,0.4,1.0,0.0,0.75,0.0,29,8,1,1,8,2,LOW,LOW,MEDIUM,LOW
2022-06-11,Austria,Sweden,Bayer Uerdingen Cricket Ground,Sweden,field,T20,2022,Austria,1,0,0.6666666666666666,0.3333333333333333,0.6,0.4,1.0,0.0,0.6666666666666666,0.0,6,9,1,1,3,3,LOW,LOW,LOW,LOW
2022-06-11,Australia,Sri Lanka,Pallekele International Cricket Stadium,Australia,bat,T20,2022,Sri Lanka,0,1,0.5483870967741935,0.4333333333333333,0.8,0.0,0.6086956521739131,0.391304347826087,0.3333333333333333,0.5714285714285714,155,150,23,23,3,14,HIGH,HIGH,LOW,MEDIUM
2022-06-12,India,South Africa,"Barabati Stadium, Cuttack",South Africa,field,T20,2022,South Africa,0,0,0.6533333333333333,0.5804195804195804,0.8,1.0,0.5625,0.4375,0.5,0.5,150,143,16,16,0,0,MEDIUM,MEDIUM,LOW,LOW
2022-06-14,India,South Africa,"Dr. Y.S. Rajasekhara Reddy ACA-VDCA Cricket Stadium, Visakhapatnam",South Africa,field,T20,2022,India,1,0,0.6490066225165563,0.5833333333333334,0.6,1.0,0.5294117647058824,0.4705882352941176,0.5,0.5,151,144,17,17,0,0,MEDIUM,MEDIUM,LOW,LOW
2022-06-17,India,South Africa,"Saurashtra Cricket Association Stadium, Rajkot",South Africa,field,T20,2022,India,1,0,0.6513157894736842,0.5793103448275863,0.6,0.8,0.5555555555555556,0.4444444444444444,0.5,0.5,152,145,18,18,0,0,MEDIUM,MEDIUM,LOW,LOW
2022-06-24,Serbia,Bulgaria,"National Sports Academy, Sofia",Bulgaria,field,T20,2022,Bulgaria,0,0,0.0,0.2142857142857142,0.0,0.2,0.5,0.5,0.0,0.0,3,14,0,0,3,1,LOW,LOW,LOW,LOW
2022-06-25,Serbia,Bulgaria,"National Sports Academy, Sofia",Serbia,bat,T20,2022,Bulgaria,0,1,0.0,0.2666666666666666,0.0,0.4,0.0,1.0,0.0,0.5,4,15,1,1,4,2,LOW,LOW,LOW,LOW
2022-06-25,Serbia,Bulgaria,"National Sports Academy, Sofia",Serbia,bat,T20,2022,Bulgaria,0,1,0.0,0.3125,0.0,0.6,0.0,1.0,0.0,0.6666666666666666,5,16,2,2,5,3,LOW,LOW,MEDIUM,LOW
2022-06-26,Ireland,India,"The Village, Malahide, Dublin",India,field,T20,2022,India,0,0,0.5113636363636364,0.6535947712418301,0.6,0.6,0.0,1.0,0.0,0.5,88,153,3,3,1,0,LOW,LOW,LOW,LOW
2022-06-26,Serbia,Bulgaria,"National Sports Academy, Sofia",Bulgaria,field,T20,2022,Bulgaria,0,0,0.0,0.3529411764705882,0.0,0.8,0.0,1.0,0.0,0.75,6,17,3,3,6,4,LOW,LOW,MEDIUM,LOW
2022-06-28,India,Ireland,"The Village, Malahide, Dublin",India,bat,T20,2022,India,1,1,0.6558441558441559,0.5056179775280899,0.6,0.6,1.0,0.0,1.0,0.0,154,89,4,4,1,2,LOW,LOW,LOW,LOW
2022-06-28,Gibraltar,Belgium,"Meersen, Gent",Belgium,field,T20,2022,Belgium,0,0,0.0666666666666666,0.75,0.2,0.6,0.5,0.5,0.5,0.5,15,8,0,0,0,0,LOW,LOW,LOW,LOW
2022-06-28,Malaysia,Singapore,"Indian Association Ground, Singapore",Singapore,field,T20,2022,Singapore,0,0,0.4285714285714285,0.6,0.2,0.6,0.0,1.0,0.5,0.5,28,15,2,2,0,0,LOW,LOW,LOW,LOW
2022-06-29,Malaysia,Singapore,"Indian Association Ground, Singapore",Malaysia,bat,T20,2022,Malaysia,1,1,0.4137931034482758,0.625,0.2,0.8,0.0,1.0,0.0,1.0,29,16,3,3,1,1,LOW,LOW,LOW,LOW
2022-06-29,Portugal,Malta,"Meersen, Gent",Portugal,bat,T20,2022,Portugal,1,1,0.5,0.631578947368421,0.5,0.8,0.5,0.5,0.5,0.5,4,19,0,0,0,0,LOW,LOW,LOW,LOW
2022-06-29,Denmark,Gibraltar,"Royal Brussels Cricket Club Ground, Waterloo",Denmark,bat,T20,2022,Denmark,1,1,0.3125,0.0625,0.4,0.2,0.5,0.5,0.5,0.5,16,16,0,0,0,0,LOW,LOW,LOW,LOW
2022-06-29,Israel,Spain,"Meersen, Gent",Israel,bat,T20,2022,Spain,0,1,0.5,0.7692307692307693,0.5,0.8,0.5,0.5,0.5,0.5,0,13,0,0,0,0,LOW,LOW,LOW,LOW
2022-06-29,Hungary,Belgium,"Royal Brussels Cricket Club Ground, Waterloo",Hungary,bat,T20,2022,Belgium,0,1,0.5,0.7777777777777778,0.6,0.8,0.5,0.5,0.5,0.5,10,9,0,0,0,0,LOW,LOW,LOW,LOW
2022-06-30,Singapore,Malaysia,"Indian Association Ground, Singapore",Singapore,bat,T20,2022,Malaysia,0,1,0.5882352941176471,0.4333333333333333,0.8,0.2,0.75,0.25,0.5,0.5,17,30,4,4,2,2,LOW,LOW,LOW,LOW
2022-07-01,Belgium,Denmark,"Royal Brussels Cricket Club Ground, Waterloo",Denmark,field,T20,2022,Belgium,1,0,0.8,0.3529411764705882,0.8,0.6,0.5,0.5,1.0,1.0,10,17,0,0,1,1,LOW,LOW,LOW,LOW
2022-07-01,Malta,Israel,"Meersen, Gent",Israel,field,T20,2022,Malta,1,0,0.6,0.0,0.6,0.0,0.5,0.5,0.0,0.0,20,1,0,0,1,1,LOW,LOW,LOW,LOW
2022-07-01,Hungary,Gibraltar,"Royal Brussels Cricket Club Ground, Waterloo",Gibraltar,field,T20,2022,Gibraltar,0,0,0.4545454545454545,0.0588235294117647,0.4,0.2,1.0,0.0,0.0,0.0,11,17,1,1,1,1,LOW,LOW,LOW,LOW
2022-07-01,Portugal,Spain,"Meersen, Gent",Portugal,bat,T20,2022,Spain,0,1,0.6,0.7857142857142857,0.6,0.8,0.0,1.0,1.0,1.0,5,14,2,2,1,1,LOW,LOW,LOW,LOW
2022-07-02,Malaysia,Bhutan,"UKM-YSD Cricket Oval, Bangi",Bhutan,field,T20,2022,Malaysia,1,0,0.4516129032258064,0.0,0.4,0.0,0.5,0.5,0.5,0.5,31,2,0,0,0,0,LOW,LOW,LOW,LOW
2022-07-02,Denmark,Spain,"Royal Brussels Cricket Club Ground, Waterloo",Spain,field,T20,2022,Denmark,1,0,0.3333333333333333,0.8,0.6,0.8,0.5,0.5,0.5,0.5,18,15,0,0,2,0,LOW,LOW,LOW,LOW
2022-07-02,Belgium,Portugal,"Royal Brussels Cricket Club Ground, Waterloo",Belgium,bat,T20,2022,Portugal,0,1,0.8181818181818182,0.5,0.8,0.6,0.5,0.5,1.0,0.5,11,6,0,0,2,0,LOW,LOW,LOW,LOW
2022-07-02,Singapore,Papua New Guinea,"Indian Association Ground, Singapore",Singapore,bat,T20,2022,Singapore,1,1,0.5555555555555556,0.4642857142857143,0.6,0.2,0.0,1.0,0.3333333333333333,0.5,18,28,1,1,3,0,LOW,LOW,LOW,LOW
2022-07-03,Singapore,Papua New Guinea,"Indian Association Ground, Singapore",Singapore,bat,T20,2022,Papua New Guinea,0,1,0.5789473684210527,0.4482758620689655,0.6,0.2,0.5,0.5,0.5,0.0,19,29,2,2,4,1,LOW,LOW,LOW,LOW
2022-07-03,Israel,Hungary,"Royal Brussels Cricket Club Ground, Waterloo",Hungary,field,T20,2022,Israel,1,0,0.0,0.4166666666666667,0.0,0.2,0.5,0.5,0.5,0.0,2,12,0,0,0,2,LOW,LOW,LOW,LOW
2022-07-03,Gibraltar,Malta,"Royal Brussels Cricket Club Ground, Waterloo",Gibraltar,bat,T20,2022,Malta,0,1,0.1111111111111111,0.6190476190476191,0.2,0.6,0.0,1.0,0.5,0.5,18,21,4,4,2,0,LOW,LOW,LOW,LOW
2022-07-03,West Indies,Bangladesh,"Windsor Park, Roseau, Dominica",West Indies,bat,T20,2022,West Indies,1,1,0.4397163120567376,0.3423423423423423,0.2,0.0,0.5833333333333334,0.4166666666666667,0.5,0.5,141,111,12,12,0,0,MEDIUM,MEDIUM,LOW,LOW
2022-07-04,Thailand,Malaysia,"UKM-YSD Cricket Oval, Bangi",Thailand,bat,T20,2022,Malaysia,0,1,0.125,0.46875,0.2,0.6,0.0,1.0,0.5,1.0,8,32,3,3,0,1,LOW,LOW,LOW,LOW
2022-07-04,Bhutan,Maldives,"UKM-YSD Cricket Oval, Bangi",Maldives,field,T20,2022,Bhutan,1,0,0.0,0.2,0.0,0.0,0.0,1.0,0.0,0.5,3,10,1,1,1,0,LOW,LOW,LOW,LOW
2022-07-04,Spain,Belgium,"Royal Brussels Cricket Club Ground, Waterloo",Spain,bat,T20,2022,Belgium,0,1,0.75,0.75,0.6,0.6,0.5,0.5,0.0,0.6666666666666666,16,12,0,0,1,3,LOW,LOW,LOW,LOW
2022-07-04,Portugal,Denmark,"Royal Brussels Cricket Club Ground, Waterloo",Portugal,bat,T20,2022,Denmark,0,1,0.5714285714285714,0.3684210526315789,0.8,0.8,0.5,0.5,1.0,0.6666666666666666,7,19,0,0,1,3,LOW,LOW,LOW,LOW
2022-07-06,Thailand,Bhutan,"UKM-YSD Cricket Oval, Bangi",Bhutan,field,T20,2022,Bhutan,0,0,0.1111111111111111,0.25,0.0,0.25,0.5,0.5,0.0,0.5,9,4,0,0,1,2,LOW,LOW,LOW,LOW
2022-07-06,Maldives,Malaysia,"UKM-YSD Cricket Oval, Bangi",Malaysia,field,T20,2022,Malaysia,0,0,0.1818181818181818,0.4848484848484848,0.0,0.8,0.5,0.5,0.0,1.0,11,33,0,0,1,2,LOW,LOW,LOW,LOW
2022-07-07,India,England,"The Rose Bowl, Southampton",India,bat,T20,2022,India,1,1,0.6580645161290323,0.539568345323741,0.8,0.4,0.5263157894736842,0.4736842105263157,0.5,1.0,155,139,19,19,0,1,MEDIUM,MEDIUM,LOW,LOW
2022-07-07,Thailand,Malaysia,"UKM-YSD Cricket Oval, Bangi",Malaysia,field,T20,2022,Malaysia,0,0,0.1,0.5,0.0,1.0,0.0,1.0,0.0,1.0,10,34,4,4,2,3,LOW,LOW,LOW,LOW
2022-07-07,Bangladesh,West Indies,"Providence Stadium, Guyana",Bangladesh,bat,T20,2022,West Indies,0,1,0.3392857142857143,0.4436619718309859,0.0,0.4,0.3846153846153846,0.6153846153846154,0.5,0.0,112,142,13,13,0,2,MEDIUM,MEDIUM,LOW,LOW
2022-07-07,Bhutan,Maldives,"UKM-YSD Cricket Oval, Bangi",Maldives,field,T20,2022,Bhutan,1,0,0.4,0.1666666666666666,0.4,0.0,0.5,0.5,0.6666666666666666,0.0,5,12,2,2,3,2,LOW,LOW,LOW,LOW
2022-07-08,Bulgaria,Serbia,Lisicji Jarak Cricket Ground,Serbia,field,T20,2022,Serbia,0,0,0.3888888888888889,0.0,1.0,0.0,1.0,0.0,0.5,0.5,18,7,4,4,0,0,LOW,LOW,LOW,LOW
2022-07-08,Luxembourg,Czech Republic,"Scott Page Field, Vinor",Luxembourg,bat,T20,2022,Czech Republic,0,1,0.5,0.3846153846153846,0.8,0.6,0.5,0.5,0.6666666666666666,0.25,8,13,2,2,3,4,LOW,LOW,LOW,LOW
2022-07-08,Maldives,Thailand,"UKM-YSD Cricket Oval, Bangi",Thailand,field,T20,2022,Maldives,1,0,0.1538461538461538,0.0909090909090909,0.0,0.0,0.5,0.5,0.0,0.0,13,11,2,2,3,3,LOW,LOW,LOW,LOW
2022-07-08,Luxembourg,Austria,"Scott Page Field, Vinor",Austria,field,T20,2022,Austria,0,0,0.4444444444444444,0.7142857142857143,0.6,0.8,1.0,0.0,0.5,0.6666666666666666,9,7,1,1,4,3,LOW,LOW,LOW,LOW
2022-07-09,Bulgaria,Serbia,Lisicji Jarak Cricket Ground,Serbia,field,T20,2022,Serbia,0,0,0.4,0.1111111111111111,0.8,0.2,0.8333333333333334,0.1666666666666666,0.5,0.5,19,8,5,5,1,1,MEDIUM,MEDIUM,LOW,LOW
2022-07-09,Bulgaria,Serbia,Lisicji Jarak Cricket Ground,Serbia,field,T20,2022,Bulgaria,1,0,0.3684210526315789,0.125,0.8,0.2,0.8,0.2,0.0,1.0,20,9,6,6,2,2,MEDIUM,MEDIUM,LOW,LOW
2022-07-09,India,England,"Edgbaston, Birmingham",England,field,T20,2022,India,1,0,0.6602564102564102,0.5357142857142857,1.0,0.4,0.55,0.45,0.5,0.5,156,140,20,20,0,0,HIGH,HIGH,LOW,LOW
2022-07-09,Bhutan,Thailand,"UKM-YSD Cricket Oval, Bangi",Bhutan,bat,T20,2022,Bhutan,1,1,0.5,0.0833333333333333,0.6,0.0,1.0,0.0,0.75,0.0,6,12,1,1,4,4,LOW,LOW,LOW,LOW
2022-07-09,Austria,Luxembourg,"Scott Page Field, Vinor",Luxembourg,field,T20,2022,Austria,1,0,0.75,0.4,0.8,0.4,0.5,0.5,0.75,0.4,8,10,2,2,4,5,LOW,LOW,LOW,MEDIUM
2022-07-09,Czech Republic,Austria,"Scott Page Field, Vinor",Austria,field,T20,2022,Austria,0,0,0.4285714285714285,0.7777777777777778,0.6,1.0,0.0,1.0,0.4,0.8,14,9,2,2,5,5,LOW,LOW,MEDIUM,MEDIUM
2022-07-10,Austria,Czech Republic,"Scott Page Field, Vinor",Czech Republic,field,T20,2022,Czech Republic,0,0,0.8,0.4375,1.0,0.8,1.0,0.0,0.8333333333333334,0.4285714285714285,10,15,3,3,6,6,LOW,LOW,MEDIUM,MEDIUM
2022-07-10,England,India,"Trent Bridge, Nottingham",England,bat,T20,2022,England,1,1,0.5319148936170213,0.6624203821656051,0.2,1.0,0.4285714285714285,0.5714285714285714,0.0,0.5,141,157,21,21,1,0,HIGH,HIGH,LOW,LOW
2022-07-10,Czech Republic,Luxembourg,"Scott Page Field, Vinor",Czech Republic,bat,T20,2022,Czech Republic,1,1,0.4,0.3636363636363636,0.6,0.2,0.6666666666666666,0.3333333333333333,0.3333333333333333,0.3333333333333333,16,11,3,3,7,6,LOW,LOW,MEDIUM,MEDIUM
2022-07-11,Zimbabwe,Singapore,"Queens Sports Club, Bulawayo",Singapore,field,T20,2022,Zimbabwe,1,0,0.2891566265060241,0.55,0.4,0.4,0.5,0.5,0.4,0.5,83,20,2,2,5,0,LOW,LOW,MEDIUM,LOW
2022-07-11,Jersey,United States of America,Bulawayo Athletic Club,United States of America,field,T20,2022,United States of America,0,0,0.7647058823529411,0.5384615384615384,1.0,0.8,0.5,0.5,0.5,0.5,17,13,0,0,0,0,LOW,LOW,LOW,LOW
2022-07-11,Bhutan,Malaysia,"UKM-YSD Cricket Oval, Bangi",Malaysia,field,T20,2022,Malaysia,0,0,0.5714285714285714,0.5142857142857142,0.8,1.0,0.0,1.0,0.8,1.0,7,35,1,1,5,4,LOW,LOW,MEDIUM,LOW
2022-07-11,Hong Kong,Uganda,Bulawayo Athletic Club,Hong Kong,bat,T20,2022,Uganda,0,1,0.3684210526315789,0.6666666666666666,0.6,0.6,0.5,0.5,0.5,0.5,38,27,0,0,0,0,LOW,LOW,LOW,LOW
2022-07-11,Netherlands,Papua New Guinea,"Queens Sports Club, Bulawayo",Netherlands,bat,T20,2022,Netherlands,1,1,0.5384615384615384,0.4666666666666667,0.2,0.4,0.5,0.5,0.5,0.5,65,30,2,2,0,0,LOW,LOW,LOW,LOW
2022-07-12,Cyprus,Isle of Man,Kerava National Cricket Ground,Isle of Man,field,T20,2022,Isle of Man,0,0,0.6,0.8,0.6,0.8,0.0,1.0,0.5,0.5,5,5,2,2,0,0,LOW,LOW,LOW,LOW
2022-07-12,Romania,Turkey,Kerava National Cricket Ground,Turkey,field,T20,2022,Romania,1,0,0.8235294117647058,0.5,0.8,0.5,0.5,0.5,0.5,0.5,17,0,0,0,0,0,LOW,LOW,LOW,LOW
2022-07-12,Uganda,Papua New Guinea,Bulawayo Athletic Club,Papua New Guinea,field,T20,2022,Papua New Guinea,0,0,0.6785714285714286,0.4516129032258064,0.6,0.4,0.5,0.5,1.0,0.5,28,31,0,0,1,0,LOW,LOW,LOW,LOW
2022-07-12,Finland,Sweden,Tikkurila Cricket Ground,Sweden,field,T20,2022,Finland,1,0,0.4285714285714285,0.3,0.2,0.2,0.5,0.5,0.5,0.5,7,10,4,4,0,0,LOW,LOW,LOW,LOW
2022-07-12,United States of America,Singapore,Bulawayo Athletic Club,Singapore,field,T20,2022,United States of America,1,0,0.5714285714285714,0.5238095238095238,0.8,0.2,0.5,0.5,1.0,0.5,14,21,0,0,1,0,LOW,LOW,LOW,LOW
2022-07-12,Zimbabwe,Jersey,"Queens Sports Club, Bulawayo",Jersey,field,T20,2022,Zimbabwe,1,0,0.2976190476190476,0.7222222222222222,0.4,0.8,0.5,0.5,0.5,0.5,84,18,0,0,6,0,LOW,LOW,MEDIUM,LOW
2022-07-12,Hong Kong,Netherlands,"Queens Sports Club, Bulawayo",Hong Kong,bat,T20,2022,Netherlands,0,1,0.358974358974359,0.5454545454545454,0.6,0.2,0.5,0.5,0.5,1.0,39,66,2,2,0,1,LOW,LOW,LOW,LOW
2022-07-13,Finland,Italy,Kerava National Cricket Ground,Italy,field,T20,2022,Italy,0,0,0.5,0.5,0.4,0.4,0.5,0.5,0.5,0.5,8,10,0,0,4,0,LOW,LOW,LOW,LOW
2022-07-13,Isle of Man,Serbia,Tikkurila Cricket Ground,Serbia,field,T20,2022,Isle of Man,1,0,0.8333333333333334,0.2,1.0,0.4,0.5,0.5,0.5,0.5,6,10,0,0,0,0,LOW,LOW,LOW,LOW
2022-07-13,Croatia,Sweden,Kerava National Cricket Ground,Sweden,field,T20,2022,Sweden,0,0,0.5,0.2727272727272727,0.5,0.0,0.5,0.5,0.5,0.5,0,11,0,0,0,4,LOW,LOW,LOW,LOW
2022-07-13,Cyprus,Romania,Tikkurila Cricket Ground,Romania,field,T20,2022,Cyprus,1,0,0.5,0.8333333333333334,0.4,1.0,0.5,0.5,0.5,0.5,6,18,0,0,0,0,LOW,LOW,LOW,LOW
2022-07-14,Zimbabwe,United States of America,"Queens Sports Club, Bulawayo",Zimbabwe,bat,T20,2022,Zimbabwe,1,1,0.3058823529411765,0.6,0.6,0.8,0.5,0.5,0.5714285714285714,0.5,85,15,0,0,7,0,LOW,LOW,MEDIUM,LOW
2022-07-14,Papua New Guinea,Hong Kong,Bulawayo Athletic Club,Hong Kong,field,T20,2022,Hong Kong,0,0,0.46875,0.35,0.4,0.4,0.5,0.5,1.0,0.0,32,40,0,0,1,1,LOW,LOW,LOW,LOW
2022-07-14,Netherlands,Uganda,"Queens Sports Club, Bulawayo",Uganda,field,T20,2022,Netherlands,1,0,0.5522388059701493,0.6551724137931034,0.4,0.4,0.5,0.5,1.0,0.5,67,29,0,0,2,0,LOW,LOW,LOW,LOW
2022-07-15,Zimbabwe,Papua New Guinea,"Queens Sports Club, Bulawayo",Zimbabwe,bat,T20,2022,Zimbabwe,1,1,0.313953488372093,0.4545454545454545,0.6,0.4,0.5,0.5,0.625,0.0,86,33,0,0,8,1,LOW,LOW,MEDIUM,LOW
2022-07-15,United States of America,Netherlands,Bulawayo Athletic Club,United States of America,bat,T20,2022,Netherlands,0,1,0.5625,0.5588235294117647,0.6,0.6,0.5,0.5,1.0,0.5,16,68,0,0,2,0,LOW,LOW,LOW,LOW
2022-07-15,Croatia,Greece,Tikkurila Cricket Ground,Greece,field,T20,2022,Croatia,1,0,0.0,0.5,0.0,0.5,0.5,0.5,0.5,0.5,1,2,0,0,0,0,LOW,LOW,LOW,LOW
2022-07-15,Singapore,Hong Kong,Bulawayo Athletic Club,Hong Kong,field,T20,2022,Hong Kong,0,0,0.5,0.3658536585365853,0.2,0.4,1.0,0.0,0.0,0.5,22,41,1,1,1,2,LOW,LOW,LOW,LOW
2022-07-15,Uganda,Jersey,"Queens Sports Club, Bulawayo",Uganda,bat,T20,2022,Uganda,1,1,0.6333333333333333,0.6842105263157895,0.4,0.6,0.5,0.5,0.0,0.0,30,19,0,0,1,1,LOW,LOW,LOW,LOW
2022-07-15,Italy,Sweden,Tikkurila Cricket Ground,Sweden,field,T20,2022,Italy,1,0,0.5454545454545454,0.3333333333333333,0.6,0.2,0.5,0.5,0.5,0.0,11,12,0,0,0,1,LOW,LOW,LOW,LOW
2022-07-15,Romania,Isle of Man,Kerava National Cricket Ground,Isle of Man,field,T20,2022,Isle of Man,0,0,0.7894736842105263,0.8571428571428571,0.8,1.0,0.5,0.5,1.0,1.0,19,7,0,0,1,1,LOW,LOW,LOW,LOW
2022-07-15,Turkey,Serbia,Kerava National Cricket Ground,Serbia,field,T20,2022,Serbia,0,0,0.0,0.1818181818181818,0.0,0.4,0.5,0.5,0.0,0.5,1,11,0,0,1,0,LOW,LOW,LOW,LOW
2022-07-16,Cyprus,Turkey,Tikkurila Cricket Ground,Cyprus,bat,T20,2022,Cyprus,1,1,0.5714285714285714,0.0,0.4,0.0,0.5,0.5,1.0,0.5,7,2,0,0,1,0,LOW,LOW,LOW,LOW
2022-07-16,Finland,Greece,Kerava National Cricket Ground,Greece,field,T20,2022,Finland,1,0,0.4444444444444444,0.3333333333333333,0.4,0.3333333333333333,0.5,0.5,0.4,0.5,9,3,0,0,5,0,LOW,LOW,MEDIUM,LOW
2022-07-16,Romania,Serbia,Tikkurila Cricket Ground,Romania,bat,T20,2022,Romania,1,1,0.75,0.25,0.6,0.6,1.0,0.0,0.0,0.0,20,12,2,2,1,1,LOW,LOW,LOW,LOW
2022-07-16,Italy,Croatia,Kerava National Cricket Ground,Italy,bat,T20,2022,Italy,1,1,0.5833333333333334,0.5,0.8,0.5,0.5,0.5,1.0,0.0,12,2,0,0,1,1,LOW,LOW,LOW,LOW
2022-07-17,Papua New Guinea,United States of America,Bulawayo Athletic Club,United States of America,field,T20,2022,Papua New Guinea,1,0,0.4411764705882353,0.5294117647058824,0.4,0.4,0.5,0.5,0.5,0.6666666666666666,34,17,0,0,2,3,LOW,LOW,LOW,LOW
2022-07-17,Singapore,Jersey,Bulawayo Athletic Club,Singapore,bat,T20,2022,Jersey,0,1,0.4782608695652174,0.65,0.2,0.4,0.5,0.5,0.0,0.0,23,20,0,0,2,1,LOW,LOW,LOW,LOW
2022-07-17,Uganda,Hong Kong,"Queens Sports Club, Bulawayo",Hong Kong,field,T20,2022,Uganda,1,0,0.6451612903225806,0.3809523809523809,0.4,0.6,1.0,0.0,0.5,0.0,31,42,1,1,2,1,LOW,LOW,LOW,LOW
2022-07-17,Zimbabwe,Netherlands,"Queens Sports Club, Bulawayo",Zimbabwe,bat,T20,2022,Zimbabwe,1,1,0.3218390804597701,0.5652173913043478,0.8,0.8,0.5,0.5,0.6666666666666666,1.0,87,69,2,2,9,3,LOW,LOW,MEDIUM,LOW
2022-07-18,Croatia,Finland,Tikkurila Cricket Ground,Croatia,bat,T20,2022,Finland,0,1,0.3333333333333333,0.5,0.3333333333333333,0.4,0.5,0.5,1.0,1.0,3,10,0,0,1,1,LOW,LOW,LOW,LOW
2022-07-18,Cyprus,Serbia,Kerava National Cricket Ground,Cyprus,bat,T20,2022,Serbia,0,1,0.625,0.2307692307692307,0.6,0.4,0.5,0.5,0.0,1.0,8,13,0,0,1,1,LOW,LOW,LOW,LOW
2022-07-18,New Zealand,Ireland,"Civil Service Cricket Club, Stormont, Belfast",Ireland,field,T20,2022,New Zealand,1,0,0.5238095238095238,0.5,0.2,0.4,1.0,0.0,0.5,0.0,147,90,1,1,0,2,LOW,LOW,LOW,LOW
2022-07-18,Isle of Man,Turkey,Kerava National Cricket Ground,Isle of Man,bat,T20,2022,Isle of Man,1,1,0.875,0.0,1.0,0.0,0.5,0.5,1.0,0.0,8,3,0,0,2,2,LOW,LOW,LOW,LOW
2022-07-18,Sweden,Greece,Tikkurila Cricket Ground,Greece,field,T20,2022,Sweden,1,0,0.3076923076923077,0.25,0.2,0.25,0.5,0.5,0.0,0.0,13,4,0,0,2,1,LOW,LOW,LOW,LOW
2022-07-19,Isle of Man,Italy,Kerava National Cricket Ground,Italy,field,T20,2022,Italy,0,0,0.8888888888888888,0.6153846153846154,1.0,0.8,0.5,0.5,1.0,1.0,9,13,0,0,3,2,LOW,LOW,LOW,LOW
2022-07-19,Romania,Sweden,Tikkurila Cricket Ground,Romania,bat,T20,2022,Sweden,0,1,0.7619047619047619,0.3571428571428571,0.6,0.4,0.5,0.5,0.5,0.3333333333333333,21,14,0,0,2,3,LOW,LOW,LOW,LOW
2022-07-19,Finland,Cyprus,Kerava National Cricket Ground,Finland,bat,T20,2022,Finland,1,1,0.5454545454545454,0.5555555555555556,0.6,0.6,0.5,0.5,0.5,0.0,11,9,0,0,6,2,LOW,LOW,MEDIUM,LOW
2022-07-19,Serbia,Croatia,Tikkurila Cricket Ground,Serbia,bat,T20,2022,Croatia,0,1,0.2857142857142857,0.25,0.6,0.25,0.5,0.5,0.0,0.5,14,4,0,0,2,2,LOW,LOW,LOW,LOW
2022-07-20,New Zealand,Ireland,"Civil Service Cricket Club, Stormont, Belfast",Ireland,field,T20,2022,New Zealand,1,0,0.527027027027027,0.4945054945054945,0.2,0.2,1.0,0.0,1.0,0.0,148,91,2,2,1,3,LOW,LOW,LOW,LOW
2022-07-22,Ireland,New Zealand,"Civil Service Cricket Club, Stormont, Belfast",Ireland,bat,T20,2022,New Zealand,0,1,0.4891304347826087,0.5302013422818792,0.0,0.4,0.0,1.0,0.0,1.0,92,149,3,3,4,2,LOW,LOW,LOW,LOW
2022-07-24,France,Czech Republic,Kerava National Cricket Ground,Czech Republic,field,T20,2022,France,1,0,0.25,0.4705882352941176,0.25,0.8,0.5,0.5,0.5,0.5,4,17,0,0,0,0,LOW,LOW,LOW,LOW
2022-07-24,Austria,Luxembourg,Tikkurila Cricket Ground,Luxembourg,field,T20,2022,Austria,1,0,0.7272727272727273,0.3333333333333333,0.8,0.0,0.6666666666666666,0.3333333333333333,0.5,0.5,11,12,3,3,0,0,LOW,LOW,LOW,LOW
2022-07-24,Estonia,Norway,Kerava National Cricket Ground,Estonia,bat,T20,2022,Norway,0,1,0.0,0.2307692307692307,0.0,0.2,0.5,0.5,0.5,0.5,5,13,0,0,0,0,LOW,LOW,LOW,LOW
2022-07-24,Guernsey,Bulgaria,Tikkurila Cricket Ground,Bulgaria,field,T20,2022,Guernsey,1,0,0.5,0.3809523809523809,0.4,0.6,0.5,0.5,0.5,0.5,10,21,0,0,0,0,LOW,LOW,LOW,LOW
2022-07-25,France,Switzerland,Tikkurila Cricket Ground,France,bat,T20,2022,Switzerland,0,1,0.4,0.75,0.4,0.75,0.5,0.5,0.5,0.5,5,4,0,0,0,0,LOW,LOW,LOW,LOW
2022-07-25,Guernsey,Luxembourg,Kerava National Cricket Ground,Luxembourg,field,T20,2022,Guernsey,1,0,0.5454545454545454,0.3076923076923077,0.6,0.0,0.5,0.5,0.5,0.5,11,13,0,0,0,0,LOW,LOW,LOW,LOW
2022-07-25,Austria,Slovenia,Kerava National Cricket Ground,Slovenia,field,T20,2022,Austria,1,0,0.75,0.5,0.8,0.5,0.5,0.5,0.5,0.5,12,0,0,0,0,0,LOW,LOW,LOW,LOW
2022-07-27,England,South Africa,"County Ground, Bristol",South Africa,field,T20,2022,England,1,0,0.5352112676056338,0.5753424657534246,0.4,0.6,0.5238095238095238,0.4761904761904761,0.5,0.5,142,146,21,21,0,0,HIGH,HIGH,LOW,LOW
2022-07-27,France,Norway,Kerava National Cricket Ground,France,bat,T20,2022,France,1,1,0.3333333333333333,0.2857142857142857,0.2,0.4,0.5,0.5,1.0,1.0,6,14,2,2,1,1,LOW,LOW,LOW,LOW
2022-07-27,Slovenia,Bulgaria,Tikkurila Cricket Ground,Bulgaria,field,T20,2022,Bulgaria,0,0,0.0,0.3636363636363636,0.0,0.4,0.5,0.5,0.5,0.0,1,22,0,0,0,1,LOW,LOW,LOW,LOW
2022-07-27,Switzerland,Estonia,Kerava National Cricket Ground,Switzerland,bat,T20,2022,Switzerland,1,1,0.8,0.0,0.8,0.0,0.5,0.5,0.5,0.0,5,6,0,0,0,1,LOW,LOW,LOW,LOW
2022-07-27,Guernsey,Austria,Tikkurila Cricket Ground,Guernsey,bat,T20,2022,Austria,0,1,0.5833333333333334,0.7692307692307693,0.6,0.8,0.5,0.5,1.0,1.0,12,13,0,0,1,1,LOW,LOW,LOW,LOW
2022-07-27,New Zealand,Scotland,"Grange Cricket Club Ground, Raeburn Place, Edinburgh",Scotland,field,T20,2022,New Zealand,1,0,0.5333333333333333,0.4909090909090909,0.6,0.2,1.0,0.0,0.5,0.3333333333333333,150,55,2,2,0,3,LOW,LOW,LOW,LOW
2022-07-28,Norway,Switzerland,Tikkurila Cricket Ground,Norway,bat,T20,2022,Norway,1,1,0.2666666666666666,0.8333333333333334,0.2,0.8,0.5,0.5,0.5,1.0,15,6,0,0,0,1,LOW,LOW,LOW,LOW
2022-07-28,Czech Republic,Estonia,Tikkurila Cricket Ground,Czech Republic,bat,T20,2022,Czech Republic,1,1,0.4444444444444444,0.0,0.6,0.0,0.5,0.5,0.5,0.5,18,7,0,0,0,0,LOW,LOW,LOW,LOW
2022-07-28,Luxembourg,Bulgaria,Kerava National Cricket Ground,Luxembourg,bat,T20,2022,Luxembourg,1,1,0.2857142857142857,0.391304347826087,0.0,0.4,1.0,0.0,0.0,0.5,14,23,1,1,1,0,LOW,LOW,LOW,LOW
2022-07-28,South Africa,England,"Sophia Gardens, Cardiff",England,field,T20,2022,South Africa,1,0,0.5714285714285714,0.5384615384615384,0.4,0.4,0.4545454545454545,0.5454545454545454,0.5,1.0,147,143,22,22,0,2,HIGH,HIGH,LOW,LOW
2022-07-28,Slovenia,Guernsey,Kerava National Cricket Ground,Guernsey,field,T20,2022,Guernsey,0,0,0.0,0.5384615384615384,0.0,0.6,0.5,0.5,0.0,1.0,2,13,0,0,1,1,LOW,LOW,LOW,LOW
2022-07-29,New Zealand,Scotland,"Grange Cricket Club Ground, Raeburn Place, Edinburgh",New Zealand,bat,T20,2022,New Zealand,1,1,0.5364238410596026,0.4821428571428571,0.8,0.0,1.0,0.0,1.0,0.25,151,56,3,3,1,4,LOW,LOW,LOW,LOW
2022-07-29,India,West Indies,"Brian Lara Stadium, Tarouba, Trinidad",West Indies,field,T20,2022,India,1,0,0.6582278481012658,0.4475524475524475,0.8,0.4,0.6842105263157895,0.3157894736842105,0.5,0.5,158,143,19,19,0,0,MEDIUM,MEDIUM,LOW,LOW
2022-07-30,Switzerland,Czech Republic,Kerava National Cricket Ground,Switzerland,bat,T20,2022,Czech Republic,0,1,0.7142857142857143,0.4736842105263157,0.6,0.6,0.5,0.5,1.0,0.0,7,19,0,0,1,1,LOW,LOW,LOW,LOW
2022-07-30,Luxembourg,Slovenia,Tikkurila Cricket Ground,Luxembourg,bat,T20,2022,Luxembourg,1,1,0.3333333333333333,0.0,0.2,0.0,0.5,0.5,0.0,0.0,15,3,0,0,1,1,LOW,LOW,LOW,LOW
2022-07-30,Zimbabwe,Bangladesh,Harare Sports Club,Zimbabwe,bat,T20,2022,Zimbabwe,1,1,0.3295454545454545,0.336283185840708,1.0,0.0,0.3333333333333333,0.6666666666666666,0.1538461538461538,0.6666666666666666,88,113,15,15,26,3,MEDIUM,MEDIUM,HIGH,LOW
2022-07-31,Norway,Austria,Kerava National Cricket Ground,Norway,bat,T20,2022,Austria,0,1,0.3125,0.7857142857142857,0.4,0.8,0.5,0.5,0.5,1.0,16,14,0,0,2,1,LOW,LOW,LOW,LOW
2022-07-31,Zimbabwe,Bangladesh,Harare Sports Club,Zimbabwe,bat,T20,2022,Bangladesh,0,1,0.3370786516853932,0.3333333333333333,1.0,0.0,0.375,0.625,0.1851851851851851,0.5,89,114,16,16,27,4,MEDIUM,MEDIUM,HIGH,LOW
2022-07-31,Bulgaria,Czech Republic,Tikkurila Cricket Ground,Bulgaria,bat,T20,2022,Czech Republic,0,1,0.375,0.5,0.4,0.8,0.0,1.0,0.5,1.0,24,20,1,1,2,1,LOW,LOW,LOW,LOW
2022-07-31,Guernsey,France,Kerava National Cricket Ground,Guernsey,bat,T20,2022,Guernsey,1,1,0.5714285714285714,0.4285714285714285,0.6,0.4,0.5,0.5,1.0,1.0,14,7,0,0,2,2,LOW,LOW,LOW,LOW
2022-07-31,Luxembourg,Switzerland,Tikkurila Cricket Ground,Luxembourg,bat,T20,2022,Luxembourg,1,1,0.375,0.625,0.4,0.4,0.5,0.5,0.5,0.5,16,8,0,0,2,2,LOW,LOW,LOW,LOW
2022-07-31,South Africa,England,"The Rose Bowl, Southampton",England,field,T20,2022,South Africa,1,0,0.5743243243243243,0.5347222222222222,0.4,0.4,0.4782608695652174,0.5217391304347826,0.5,0.5,148,144,23,23,0,2,HIGH,HIGH,LOW,LOW
2022-08-01,India,West Indies,"Warner Park, Basseterre, St Kitts",West Indies,field,T20,2022,West Indies,0,0,0.660377358490566,0.4444444444444444,0.8,0.4,0.7,0.3,0.5,0.5,159,144,20,20,0,0,HIGH,HIGH,LOW,LOW
2022-08-02,Zimbabwe,Bangladesh,Harare Sports Club,Zimbabwe,bat,T20,2022,Zimbabwe,1,1,0.3333333333333333,0.3391304347826087,0.8,0.2,0.3529411764705882,0.6470588235294118,0.1785714285714285,0.6,90,115,17,17,28,5,MEDIUM,MEDIUM,HIGH,MEDIUM
2022-08-02,West Indies,India,"Warner Park, Basseterre, St Kitts",India,field,T20,2022,India,0,0,0.4482758620689655,0.65625,0.6,0.6,0.3333333333333333,0.6666666666666666,1.0,0.0,145,160,21,21,1,1,HIGH,HIGH,LOW,LOW
2022-08-03,South Africa,Ireland,"County Ground, Bristol",South Africa,bat,T20,2022,South Africa,1,1,0.5771812080536913,0.4838709677419355,0.4,0.0,1.0,0.0,0.0,0.5,149,93,3,3,1,0,LOW,LOW,LOW,LOW
2022-08-04,New Zealand,Netherlands,"Sportpark Westvliet, The Hague",New Zealand,bat,T20,2022,New Zealand,1,1,0.5394736842105263,0.5571428571428572,1.0,0.8,1.0,0.0,0.5,0.5,152,70,1,1,0,0,LOW,LOW,LOW,LOW
2022-08-05,South Africa,Ireland,"County Ground, Bristol",Ireland,field,T20,2022,South Africa,1,0,0.58,0.4787234042553192,0.6,0.0,1.0,0.0,0.5,0.0,150,94,4,4,2,1,LOW,LOW,LOW,LOW
2022-08-05,Netherlands,New Zealand,"Sportpark Westvliet, The Hague",Netherlands,bat,T20,2022,New Zealand,0,1,0.5492957746478874,0.5424836601307189,0.6,1.0,0.0,1.0,0.0,1.0,71,153,2,2,1,1,LOW,LOW,LOW,LOW
2022-08-06,India,West Indies,"Central Broward Regional Park Stadium Turf Ground, Lauderhill",West Indies,field,T20,2022,India,1,0,0.6583850931677019,0.4452054794520548,0.6,0.6,0.6818181818181818,0.3181818181818182,0.5,0.5,161,146,22,22,0,0,HIGH,HIGH,LOW,LOW
2022-08-07,India,West Indies,"Central Broward Regional Park Stadium Turf Ground, Lauderhill",India,bat,T20,2022,India,1,1,0.6604938271604939,0.4421768707482993,0.6,0.4,0.6956521739130435,0.3043478260869565,1.0,0.0,162,147,23,23,1,1,HIGH,HIGH,LOW,LOW
2022-08-10,New Zealand,West Indies,"Sabina Park, Kingston, Jamaica",West Indies,field,T20,2022,New Zealand,1,0,0.5454545454545454,0.4391891891891892,1.0,0.2,0.7272727272727273,0.2727272727272727,0.5,0.5,154,148,11,11,0,0,MEDIUM,MEDIUM,LOW,LOW
2022-08-12,New Zealand,West Indies,"Sabina Park, Kingston, Jamaica",New Zealand,bat,T20,2022,New Zealand,1,1,0.5483870967741935,0.436241610738255,1.0,0.2,0.75,0.25,1.0,0.0,155,149,12,12,1,1,MEDIUM,MEDIUM,LOW,LOW
2022-08-13,Kuwait,Bahrain,Al Amerat Cricket Ground Oman Cricket (Ministry Turf 1),Bahrain,field,T20,2022,Kuwait,1,0,0.5555555555555556,0.6,0.6,0.6,1.0,0.0,0.5,0.3333333333333333,9,10,2,2,2,3,LOW,LOW,LOW,LOW
2022-08-14,New Zealand,West Indies,"Sabina Park, Kingston, Jamaica",New Zealand,bat,T20,2022,West Indies,0,1,0.5512820512820513,0.4333333333333333,1.0,0.0,0.7692307692307693,0.2307692307692307,1.0,0.0,156,150,13,13,2,2,MEDIUM,MEDIUM,LOW,LOW
2022-08-14,Bahrain,Kuwait,Al Amerat Cricket Ground Oman Cricket (Ministry Turf 1),Kuwait,field,T20,2022,Kuwait,0,0,0.5454545454545454,0.6,0.4,0.6,0.0,1.0,0.25,0.6666666666666666,11,10,3,3,4,3,LOW,LOW,LOW,LOW
2022-08-17,Kuwait,Bahrain,Al Amerat Cricket Ground Oman Cricket (Ministry Turf 1),Bahrain,field,T20,2022,Kuwait,1,0,0.6363636363636364,0.5,0.8,0.4,1.0,0.0,0.75,0.2,11,12,4,4,4,5,LOW,LOW,LOW,MEDIUM
2022-08-20,Hong Kong,Singapore,Al Amerat Cricket Ground Oman Cricket (Ministry Turf 1),Singapore,field,T20,2022,Hong Kong,1,0,0.3720930232558139,0.4583333333333333,0.4,0.0,0.5,0.5,0.0,0.5,43,24,2,2,3,0,LOW,LOW,LOW,LOW
2022-08-21,United Arab Emirates,Kuwait,Al Amerat Cricket Ground Oman Cricket (Ministry Turf 1),Kuwait,field,T20,2022,Kuwait,0,0,0.5510204081632653,0.6666666666666666,0.8,0.8,1.0,0.0,0.875,0.8,49,12,1,1,8,5,LOW,LOW,MEDIUM,MEDIUM
2022-08-22,United Arab Emirates,Singapore,Al Amerat Cricket Ground Oman Cricket (Ministry Turf 1),Singapore,field,T20,2022,United Arab Emirates,1,0,0.54,0.44,0.6,0.0,0.5,0.5,0.7777777777777778,0.0,50,25,0,0,9,1,LOW,LOW,MEDIUM,LOW
2022-08-23,Kuwait,Hong Kong,Al Amerat Cricket Ground Oman Cricket (Ministry Turf 1),Hong Kong,field,T20,2022,Hong Kong,0,0,0.6923076923076923,0.3863636363636363,0.8,0.6,0.5,0.5,0.8333333333333334,0.25,13,44,0,0,6,4,LOW,LOW,MEDIUM,LOW
2022-08-24,United Arab Emirates,Hong Kong,Al Amerat Cricket Ground Oman Cricket (Ministry Turf 1),Hong Kong,field,T20,2022,Hong Kong,0,0,0.5490196078431373,0.4,0.6,0.8,1.0,0.0,0.8,0.4,51,45,2,2,10,5,LOW,LOW,MEDIUM,MEDIUM
2022-08-24,Singapore,Kuwait,Al Amerat Cricket Ground Oman Cricket (Ministry Turf 1),Singapore,bat,T20,2022,Kuwait,0,1,0.4230769230769231,0.6428571428571429,0.0,0.8,0.5,0.5,0.0,0.7142857142857143,26,14,0,0,2,7,LOW,LOW,LOW,MEDIUM
2022-08-25,Kenya,Nepal,"Gymkhana Club Ground, Nairobi",Nepal,field,T20,2022,Nepal,0,0,0.4722222222222222,0.5957446808510638,0.8,1.0,0.5,0.5,0.5,0.5,36,47,0,0,0,0,LOW,LOW,LOW,LOW
2022-08-28,Pakistan,India,Dubai International Cricket Stadium,India,field,T20,2022,India,0,0,0.6384180790960452,0.6625766871165644,0.8,0.8,0.25,0.75,0.5769230769230769,0.5,177,163,8,8,26,4,MEDIUM,MEDIUM,HIGH,LOW
2022-08-28,Kenya,Nepal,"Gymkhana Club Ground, Nairobi",Kenya,bat,T20,2022,Nepal,0,1,0.4594594594594595,0.6041666666666666,0.6,1.0,0.0,1.0,0.0,1.0,37,48,1,1,1,1,LOW,LOW,LOW,LOW
2022-08-29,Kenya,Nepal,"Gymkhana Club Ground, Nairobi",Kenya,bat,T20,2022,Kenya,1,1,0.4473684210526316,0.6122448979591837,0.4,1.0,0.0,1.0,0.0,1.0,38,49,2,2,2,2,LOW,LOW,LOW,LOW
2022-08-30,Nepal,Kenya,"Gymkhana Club Ground, Nairobi",Nepal,bat,T20,2022,Nepal,1,1,0.6,0.4615384615384615,0.8,0.4,0.6666666666666666,0.3333333333333333,0.6666666666666666,0.3333333333333333,50,39,3,3,3,3,LOW,LOW,LOW,LOW
2022-08-31,India,Hong Kong,Dubai International Cricket Stadium,Hong Kong,field,T20,2022,India,1,0,0.6646341463414634,0.4130434782608695,0.8,0.8,0.5,0.5,0.6,0.5,164,46,0,0,5,2,LOW,LOW,MEDIUM,LOW
2022-09-01,Bangladesh,Sri Lanka,Dubai International Cricket Stadium,Sri Lanka,field,T20,2022,Sri Lanka,0,0,0.3362068965517241,0.4370860927152318,0.2,0.2,0.3333333333333333,0.6666666666666666,0.0,0.3333333333333333,116,151,12,12,1,3,MEDIUM,MEDIUM,LOW,LOW
2022-09-02,Pakistan,Hong Kong,Sharjah Cricket Stadium,Hong Kong,field,T20,2022,Pakistan,1,0,0.6348314606741573,0.4042553191489361,0.6,0.6,0.5,0.5,1.0,0.5,178,47,0,0,2,0,LOW,LOW,LOW,LOW
2022-09-04,India,Pakistan,Dubai International Cricket Stadium,Pakistan,field,T20,2022,Pakistan,0,0,0.6666666666666666,0.6368715083798883,1.0,0.6,0.7777777777777778,0.2222222222222222,0.6666666666666666,0.5555555555555556,165,179,9,9,6,27,MEDIUM,MEDIUM,MEDIUM,HIGH
2022-09-06,India,Sri Lanka,Dubai International Cricket Stadium,Sri Lanka,field,T20,2022,Sri Lanka,0,0,0.6626506024096386,0.4407894736842105,0.8,0.4,0.7083333333333334,0.2916666666666667,0.5714285714285714,0.5,166,152,24,24,7,4,HIGH,HIGH,MEDIUM,LOW
2022-09-09,Pakistan,Sri Lanka,Dubai International Cricket Stadium,Sri Lanka,field,T20,2022,Sri Lanka,0,0,0.6388888888888888,0.4444444444444444,0.6,0.6,0.6190476190476191,0.3809523809523809,0.5714285714285714,0.6,180,153,21,21,28,5,HIGH,HIGH,HIGH,MEDIUM
2022-09-10,Cook Islands,Fiji,"Independence Park, Port Vila",Cook Islands,bat,T20,2022,Fiji,0,1,0.5,0.5,0.5,0.5,0.5,0.5,0.5,0.5,0,0,0,0,0,0,LOW,LOW,LOW,LOW
2022-09-10,Samoa,Vanuatu,"Independence Park, Port Vila",Samoa,bat,T20,2022,Vanuatu,0,1,0.5,0.4444444444444444,0.5,0.6,0.5,0.5,0.5,0.5,0,9,0,0,0,0,LOW,LOW,LOW,LOW
2022-09-11,Sri Lanka,Pakistan,Dubai International Cricket Stadium,Pakistan,field,T20,2022,Sri Lanka,1,0,0.448051948051948,0.6353591160220995,0.8,0.4,0.4090909090909091,0.5909090909090909,0.6666666666666666,0.5517241379310345,154,181,22,22,6,29,HIGH,HIGH,MEDIUM,HIGH
2022-09-11,Samoa,Fiji,"Independence Park, Port Vila",Samoa,bat,T20,2022,Fiji,0,1,0.0,1.0,0.0,1.0,0.5,0.5,0.0,1.0,1,1,0,0,1,1,LOW,LOW,LOW,LOW
2022-09-11,Vanuatu,Cook Islands,"Independence Park, Port Vila",Vanuatu,bat,T20,2022,Cook Islands,0,1,0.5,0.0,0.6,0.0,0.5,0.5,1.0,0.0,10,1,0,0,1,1,LOW,LOW,LOW,LOW
2022-09-13,Samoa,Cook Islands,"Independence Park, Port Vila",Cook Islands,field,T20,2022,Cook Islands,0,0,0.0,0.5,0.0,0.5,0.5,0.5,0.0,0.5,2,2,0,0,2,2,LOW,LOW,LOW,LOW
2022-09-13,Vanuatu,Fiji,"Independence Park, Port Vila",Fiji,field,T20,2022,Vanuatu,1,0,0.4545454545454545,1.0,0.4,1.0,0.5,0.5,0.5,1.0,11,2,0,0,2,2,LOW,LOW,LOW,LOW
2022-09-14,Samoa,Vanuatu,"Independence Park, Port Vila",Vanuatu,field,T20,2022,Vanuatu,0,0,0.0,0.5,0.0,0.6,0.0,1.0,0.0,0.6666666666666666,3,12,1,1,3,3,LOW,LOW,LOW,LOW
2022-09-14,Fiji,Cook Islands,"Independence Park, Port Vila",Cook Islands,field,T20,2022,Cook Islands,0,0,0.6666666666666666,0.6666666666666666,0.6666666666666666,0.6666666666666666,1.0,0.0,0.6666666666666666,0.6666666666666666,3,3,1,1,3,3,LOW,LOW,LOW,LOW
2022-09-15,Botswana,Uganda,"Willowmoore Park, Benoni",Uganda,field,T20,2022,Uganda,0,0,0.2727272727272727,0.65625,0.6,0.6,0.0,1.0,0.5,0.5,11,32,1,1,0,0,LOW,LOW,LOW,LOW
2022-09-15,Fiji,Samoa,"Independence Park, Port Vila",Samoa,field,T20,2022,Fiji,1,0,0.5,0.0,0.5,0.0,1.0,0.0,0.5,0.0,4,4,1,1,4,4,LOW,LOW,LOW,LOW
2022-09-15,Vanuatu,Cook Islands,"Independence Park, Port Vila",Cook Islands,field,T20,2022,Vanuatu,1,0,0.5384615384615384,0.75,0.6,0.75,0.0,1.0,0.75,0.75,13,4,1,1,4,4,LOW,LOW,LOW,LOW
2022-09-16,Ghana,Mozambique,"Willowmoore Park, Benoni",Ghana,bat,T20,2022,Ghana,1,1,0.4615384615384615,0.25,0.8,0.25,0.5,0.5,0.5,0.5,13,4,0,0,0,0,LOW,LOW,LOW,LOW
2022-09-17,Kenya,Tanzania,"Willowmoore Park, Benoni",Kenya,bat,T20,2022,Tanzania,0,1,0.45,0.7,0.2,0.4,0.5,0.5,0.5,0.5,40,10,2,2,0,0,LOW,LOW,LOW,LOW
2022-09-18,Uganda,Mozambique,"Willowmoore Park, Benoni",Uganda,bat,T20,2022,Uganda,1,1,0.6666666666666666,0.2,0.6,0.2,0.5,0.5,1.0,0.0,33,5,0,0,1,1,LOW,LOW,LOW,LOW
2022-09-18,Botswana,Ghana,"Willowmoore Park, Benoni",Ghana,field,T20,2022,Botswana,1,0,0.25,0.5,0.6,0.8,0.5,0.5,0.0,1.0,12,14,0,0,1,1,LOW,LOW,LOW,LOW
2022-09-19,Cameroon,Kenya,"Willowmoore Park, Benoni",Kenya,field,T20,2022,Kenya,0,0,0.0,0.4390243902439024,0.0,0.2,0.5,0.5,0.5,0.0,4,41,0,0,0,1,LOW,LOW,LOW,LOW
2022-09-19,Botswana,Mozambique,"Willowmoore Park, Benoni",Mozambique,field,T20,2022,Botswana,1,0,0.3076923076923077,0.1666666666666666,0.6,0.2,1.0,0.0,0.5,0.0,13,6,1,1,2,2,LOW,LOW,LOW,LOW
2022-09-20,Pakistan,England,"National Stadium, Karachi",England,field,T20,2022,England,0,0,0.6318681318681318,0.5310344827586206,0.4,0.4,0.3157894736842105,0.6842105263157895,1.0,0.5,182,145,19,19,3,0,MEDIUM,MEDIUM,LOW,LOW
2022-09-20,India,Australia,"Punjab Cricket Association IS Bindra Stadium, Mohali, Chandigarh",Australia,field,T20,2022,Australia,0,0,0.6586826347305389,0.5448717948717948,0.6,0.6,0.5909090909090909,0.4090909090909091,0.5,0.5,167,156,22,22,0,0,HIGH,HIGH,LOW,LOW
2022-09-20,Ghana,Uganda,"Willowmoore Park, Benoni",Ghana,bat,T20,2022,Uganda,0,1,0.4666666666666667,0.6764705882352942,0.6,0.8,0.0,1.0,0.5,1.0,15,34,2,2,2,2,LOW,LOW,LOW,LOW
2022-09-20,Tanzania,Malawi,"Willowmoore Park, Benoni",Malawi,field,T20,2022,Tanzania,1,0,0.7272727272727273,0.6,0.4,0.6,0.5,0.5,1.0,0.5,11,5,0,0,1,0,LOW,LOW,LOW,LOW
2022-09-21,Botswana,Tanzania,"Willowmoore Park, Benoni",Tanzania,field,T20,2022,Tanzania,0,0,0.3571428571428571,0.75,0.6,0.6,0.0,1.0,0.6666666666666666,1.0,14,12,1,1,3,2,LOW,LOW,LOW,LOW
2022-09-21,Kenya,Uganda,"Willowmoore Park, Benoni",Uganda,field,T20,2022,Uganda,0,0,0.4523809523809524,0.6857142857142857,0.4,1.0,0.6,0.4,0.5,1.0,42,35,5,5,2,3,MEDIUM,MEDIUM,LOW,LOW
2022-09-22,England,Pakistan,"National Stadium, Karachi",England,bat,T20,2022,Pakistan,0,1,0.5342465753424658,0.6284153005464481,0.6,0.4,0.7,0.3,1.0,0.75,146,183,20,20,1,4,HIGH,HIGH,LOW,LOW
2022-09-22,Tanzania,Uganda,"Willowmoore Park, Benoni",Uganda,field,T20,2022,Uganda,0,0,0.7692307692307693,0.6944444444444444,0.8,1.0,0.0,1.0,1.0,1.0,13,36,2,2,3,4,LOW,LOW,LOW,LOW
2022-09-23,Australia,India,"Vidarbha Cricket Association Stadium, Jamtha, Nagpur",India,field,T20,2022,India,0,0,0.5477707006369427,0.6547619047619048,0.8,0.4,0.4347826086956521,0.5652173913043478,0.5,0.5,157,168,23,23,0,0,HIGH,HIGH,LOW,LOW
2022-09-23,England,Pakistan,"National Stadium, Karachi",Pakistan,field,T20,2022,England,1,0,0.5306122448979592,0.6304347826086957,0.4,0.4,0.6666666666666666,0.3333333333333333,0.5,0.8,147,184,21,21,2,5,HIGH,HIGH,LOW,MEDIUM
2022-09-25,Australia,India,"Rajiv Gandhi International Stadium, Uppal, Hyderabad",India,field,T20,2022,India,0,0,0.5443037974683544,0.6568047337278107,0.6,0.4,0.4166666666666667,0.5833333333333334,0.5,0.5,158,169,24,24,0,0,HIGH,HIGH,LOW,LOW
2022-09-25,Pakistan,England,"National Stadium, Karachi",England,field,T20,2022,Pakistan,1,0,0.6270270270270271,0.5337837837837838,0.2,0.4,0.3181818181818182,0.6818181818181818,0.6666666666666666,0.6666666666666666,185,148,22,22,6,3,HIGH,HIGH,MEDIUM,LOW
2022-09-25,Bangladesh,United Arab Emirates,Dubai International Cricket Stadium,United Arab Emirates,field,T20,2022,Bangladesh,1,0,0.3333333333333333,0.5384615384615384,0.2,0.6,1.0,0.0,0.0,0.0,117,52,1,1,2,3,LOW,LOW,LOW,LOW
2022-09-27,Bangladesh,United Arab Emirates,Dubai International Cricket Stadium,United Arab Emirates,field,T20,2022,Bangladesh,1,0,0.3389830508474576,0.5283018867924528,0.4,0.4,1.0,0.0,0.3333333333333333,0.0,118,53,2,2,3,4,LOW,LOW,LOW,LOW
2022-09-28,Pakistan,England,"Gaddafi Stadium, Lahore",England,field,T20,2022,Pakistan,1,0,0.6290322580645161,0.5302013422818792,0.4,0.4,0.3478260869565217,0.6521739130434783,0.0,0.5,186,149,23,23,1,0,HIGH,HIGH,LOW,LOW
2022-09-28,South Africa,India,"Greenfield International Stadium, Thiruvananthapuram",India,field,T20,2022/23,India,0,0,0.5827814569536424,0.6588235294117647,0.8,0.4,0.4210526315789473,0.5789473684210527,0.5,0.5,151,170,19,19,0,0,MEDIUM,MEDIUM,LOW,LOW
2022-09-30,Pakistan,England,"Gaddafi Stadium, Lahore",England,field,T20,2022,England,0,0,0.6310160427807486,0.5266666666666666,0.6,0.4,0.375,0.625,0.5,0.0,187,150,24,24,2,1,HIGH,HIGH,LOW,LOW
2022-10-02,India,South Africa,"Barsapara Cricket Stadium, Guwahati",South Africa,field,T20,2022/23,India,1,0,0.6608187134502924,0.5789473684210527,0.6,0.8,0.6,0.4,0.5,0.5,171,152,20,20,0,0,HIGH,HIGH,LOW,LOW
2022-10-02,England,Pakistan,"Gaddafi Stadium, Lahore",Pakistan,field,T20,2022,England,1,0,0.5298013245033113,0.6276595744680851,0.4,0.6,0.64,0.36,0.5,0.3333333333333333,151,188,25,25,2,3,HIGH,HIGH,LOW,LOW
2022-10-04,South Africa,India,"Holkar Cricket Stadium, Indore",India,field,T20,2022/23,South Africa,1,0,0.5751633986928104,0.6627906976744186,0.6,0.8,0.3809523809523809,0.6190476190476191,0.5,0.5,153,172,21,21,0,0,HIGH,HIGH,LOW,LOW
2022-10-05,West Indies,Australia,Carrara Oval,Australia,field,T20,2022/23,Australia,0,0,0.4370860927152318,0.5408805031446541,0.2,0.4,0.5882352941176471,0.4117647058823529,0.5,0.0,151,159,17,17,0,1,MEDIUM,MEDIUM,LOW,LOW
2022-10-07,Pakistan,Bangladesh,"Hagley Oval, Christchurch",Bangladesh,field,T20,2022/23,Pakistan,1,0,0.6243386243386243,0.3445378151260504,0.4,0.6,0.8666666666666667,0.1333333333333333,0.5,0.5,189,119,15,15,0,0,MEDIUM,MEDIUM,LOW,LOW
2022-10-07,Australia,West Indies,"Brisbane Cricket Ground, Woolloongabba, Brisbane",West Indies,field,T20,2022/23,Australia,1,0,0.54375,0.4342105263157895,0.4,0.2,0.4444444444444444,0.5555555555555556,0.5,0.5,160,152,18,18,0,0,MEDIUM,MEDIUM,LOW,LOW
2022-10-08,New Zealand,Pakistan,"Hagley Oval, Christchurch",New Zealand,bat,T20,2022/23,Pakistan,0,1,0.5477707006369427,0.6263157894736842,0.8,0.6,0.4,0.6,0.5,1.0,157,190,25,25,0,1,HIGH,HIGH,LOW,LOW
2022-10-09,England,Australia,Perth Stadium,Australia,field,T20,2022/23,England,1,0,0.5328947368421053,0.546583850931677,0.6,0.6,0.4736842105263157,0.5263157894736842,0.5,1.0,152,161,19,19,0,1,MEDIUM,MEDIUM,LOW,LOW
2022-10-09,Bangladesh,New Zealand,"Hagley Oval, Christchurch",New Zealand,field,T20,2022/23,New Zealand,0,0,0.3416666666666667,0.5443037974683544,0.4,0.6,0.2,0.8,0.0,0.0,120,158,15,15,1,1,MEDIUM,MEDIUM,LOW,LOW
2022-10-10,Japan,Indonesia,Sano International Cricket Ground,Japan,bat,T20,2022/23,Japan,1,1,0.5,0.5,0.5,0.5,0.5,0.5,0.5,0.5,0,0,0,0,0,0,LOW,LOW,LOW,LOW
2022-10-11,Japan,Indonesia,Sano International Cricket Ground,Japan,bat,T20,2022/23,Indonesia,0,1,1.0,0.0,1.0,0.0,1.0,0.0,1.0,0.0,1,1,1,1,1,1,LOW,LOW,LOW,LOW
2022-10-11,Pakistan,New Zealand,"Hagley Oval, Christchurch",Pakistan,bat,T20,2022/23,New Zealand,0,1,0.6282722513089005,0.5471698113207547,0.6,0.6,0.6153846153846154,0.3846153846153846,1.0,0.5,191,159,26,26,2,2,HIGH,HIGH,LOW,LOW
2022-10-12,New Zealand,Bangladesh,"Hagley Oval, Christchurch",Bangladesh,field,T20,2022/23,New Zealand,1,0,0.55,0.3388429752066115,0.6,0.4,0.8125,0.1875,0.6666666666666666,0.0,160,121,16,16,3,2,MEDIUM,MEDIUM,LOW,LOW
2022-10-12,England,Australia,"Manuka Oval, Canberra",Australia,field,T20,2022/23,England,1,0,0.5359477124183006,0.5432098765432098,0.6,0.4,0.5,0.5,0.5,1.0,153,162,20,20,0,1,HIGH,HIGH,LOW,LOW
2022-10-13,Bangladesh,Pakistan,"Hagley Oval, Christchurch",Bangladesh,bat,T20,2022/23,Pakistan,0,1,0.3360655737704918,0.625,0.4,0.4,0.125,0.875,0.0,0.6666666666666666,122,192,16,16,3,3,MEDIUM,MEDIUM,LOW,LOW
2022-10-14,New Zealand,Pakistan,"Hagley Oval, Christchurch",Pakistan,field,T20,2022/23,Pakistan,0,0,0.5527950310559007,0.6269430051813472,0.6,0.6,0.4074074074074074,0.5925925925925926,0.75,0.75,161,193,27,27,4,4,HIGH,HIGH,LOW,LOW
2022-10-15,Japan,South Korea,Sano International Cricket Ground,Japan,bat,T20,2022/23,Japan,1,1,0.5,0.5,0.5,0.5,0.5,0.5,0.5,0.5,2,0,0,0,2,0,LOW,LOW,LOW,LOW
2022-10-15,Indonesia,South Korea,Sano International Cricket Ground,South Korea,field,T20,2022/23,Indonesia,1,0,0.5,0.0,0.5,0.0,0.5,0.5,0.5,0.0,2,1,0,0,2,1,LOW,LOW,LOW,LOW
2022-10-16,Namibia,Sri Lanka,"GMHBA Stadium, South Geelong, Victoria",Sri Lanka,field,T20,2022/23,Namibia,1,0,0.6944444444444444,0.4516129032258064,0.6,1.0,0.0,1.0,0.5,0.5,36,155,1,1,0,0,LOW,LOW,LOW,LOW
2022-10-16,United Arab Emirates,Netherlands,"GMHBA Stadium, South Geelong, Victoria",United Arab Emirates,bat,T20,2022/23,Netherlands,0,1,0.5185185185185185,0.5416666666666666,0.2,0.4,0.3333333333333333,0.6666666666666666,0.5,0.5,54,72,6,6,0,0,MEDIUM,MEDIUM,LOW,LOW
2022-10-16,Indonesia,Japan,Sano International Cricket Ground,Indonesia,bat,T20,2022/23,Japan,0,1,0.6666666666666666,0.6666666666666666,0.6666666666666666,0.6666666666666666,0.5,0.5,0.6666666666666666,0.6666666666666666,3,3,2,2,3,3,LOW,LOW,LOW,LOW
2022-10-17,Zimbabwe,Ireland,"Bellerive Oval, Hobart",Ireland,field,T20,2022/23,Zimbabwe,1,0,0.3406593406593406,0.4736842105263157,0.8,0.0,0.375,0.625,0.5,0.5,91,95,8,8,0,0,MEDIUM,MEDIUM,LOW,LOW
2022-10-17,Scotland,West Indies,"Bellerive Oval, Hobart",West Indies,field,T20,2022/23,Scotland,1,0,0.4736842105263157,0.4313725490196078,0.0,0.2,0.5,0.5,0.5,0.5,57,153,0,0,0,0,LOW,LOW,LOW,LOW
2022-10-18,Namibia,Netherlands,"GMHBA Stadium, South Geelong, Victoria",Namibia,bat,T20,2022/23,Netherlands,0,1,0.7027027027027027,0.547945205479452,0.8,0.4,0.5,0.5,1.0,1.0,37,73,2,2,1,1,LOW,LOW,LOW,LOW
2022-10-18,Sri Lanka,United Arab Emirates,"GMHBA Stadium, South Geelong, Victoria",United Arab Emirates,field,T20,2022/23,Sri Lanka,1,0,0.4487179487179487,0.509090909090909,0.8,0.2,1.0,0.0,0.0,0.0,156,55,1,1,1,1,LOW,LOW,LOW,LOW
2022-10-18,Japan,Indonesia,Sano International Cricket Ground,Japan,bat,T20,2022/23,Indonesia,0,1,0.75,0.5,0.75,0.5,0.6666666666666666,0.3333333333333333,0.75,0.5,4,4,3,3,4,4,LOW,LOW,LOW,LOW
2022-10-18,South Korea,Indonesia,Sano International Cricket Ground,South Korea,bat,T20,2022/23,Indonesia,0,1,0.0,0.6,0.0,0.6,0.0,1.0,0.0,0.6,2,5,1,1,2,5,LOW,LOW,LOW,MEDIUM
2022-10-19,Scotland,Ireland,"Bellerive Oval, Hobart",Scotland,bat,T20,2022/23,Ireland,0,1,0.4827586206896552,0.46875,0.2,0.0,0.2857142857142857,0.7142857142857143,1.0,0.0,58,96,7,7,1,1,MEDIUM,MEDIUM,LOW,LOW
2022-10-19,West Indies,Zimbabwe,"Bellerive Oval, Hobart",West Indies,bat,T20,2022/23,West Indies,1,1,0.4285714285714285,0.3478260869565217,0.2,0.8,0.6666666666666666,0.3333333333333333,0.0,1.0,154,92,3,3,1,1,LOW,LOW,LOW,LOW
2022-10-20,Sri Lanka,Netherlands,"GMHBA Stadium, South Geelong, Victoria",Sri Lanka,bat,T20,2022/23,Sri Lanka,1,1,0.4522292993630573,0.5540540540540541,0.8,0.4,1.0,0.0,0.5,1.0,157,74,2,2,2,2,LOW,LOW,LOW,LOW
2022-10-20,United Arab Emirates,Namibia,"GMHBA Stadium, South Geelong, Victoria",United Arab Emirates,bat,T20,2022/23,United Arab Emirates,1,1,0.5,0.6842105263157895,0.0,0.6,0.5,0.5,0.0,0.5,56,38,0,0,2,2,LOW,LOW,LOW,LOW
2022-10-21,Scotland,Zimbabwe,"Bellerive Oval, Hobart",Scotland,bat,T20,2022/23,Zimbabwe,0,1,0.4745762711864407,0.3440860215053763,0.2,0.6,0.25,0.75,0.5,0.5,59,93,4,4,2,2,LOW,LOW,LOW,LOW
2022-10-21,West Indies,Ireland,"Bellerive Oval, Hobart",West Indies,bat,T20,2022/23,Ireland,0,1,0.432258064516129,0.4742268041237113,0.4,0.2,0.6,0.4,0.5,0.5,155,97,5,5,2,2,MEDIUM,MEDIUM,LOW,LOW
2022-10-22,New Zealand,Australia,Sydney Cricket Ground,Australia,field,T20,2022/23,New Zealand,1,0,0.5493827160493827,0.5398773006134969,0.6,0.4,0.2857142857142857,0.7142857142857143,0.0,0.6666666666666666,162,163,14,14,2,9,MEDIUM,MEDIUM,LOW,MEDIUM
2022-10-23,Pakistan,India,Melbourne Cricket Ground,India,field,T20,2022/23,India,0,0,0.6288659793814433,0.6589595375722543,0.8,0.8,0.3,0.7,0.0,0.6666666666666666,194,173,10,10,1,3,MEDIUM,MEDIUM,LOW,LOW
2022-10-23,Ireland,Sri Lanka,"Bellerive Oval, Hobart",Ireland,bat,T20,2022/23,Sri Lanka,0,1,0.4795918367346938,0.4556962025316455,0.4,0.8,0.0,1.0,0.6666666666666666,0.5,98,158,2,2,3,0,LOW,LOW,LOW,LOW
2022-10-24,Bangladesh,Netherlands,"Bellerive Oval, Hobart",Netherlands,field,T20,2022/23,Bangladesh,1,0,0.3333333333333333,0.5466666666666666,0.2,0.4,0.6666666666666666,0.3333333333333333,0.5,0.5,123,75,3,3,0,0,LOW,LOW,LOW,LOW
2022-10-25,Sri Lanka,Australia,Perth Stadium,Australia,field,T20,2022/23,Australia,0,0,0.4591194968553459,0.5365853658536586,0.8,0.4,0.4166666666666667,0.5833333333333334,0.5,0.5,159,164,24,24,0,2,HIGH,HIGH,LOW,LOW
2022-10-26,Ireland,England,Melbourne Cricket Ground,England,field,T20,2022/23,Ireland,1,0,0.4747474747474747,0.538961038961039,0.4,0.8,0.5,0.5,0.5,0.0,99,154,0,0,0,3,LOW,LOW,LOW,LOW
2022-10-27,South Africa,Bangladesh,Sydney Cricket Ground,South Africa,bat,T20,2022/23,South Africa,1,1,0.577922077922078,0.3387096774193548,0.6,0.2,1.0,0.0,0.5,0.5,154,124,7,7,0,0,MEDIUM,MEDIUM,LOW,LOW
2022-10-27,India,Netherlands,Sydney Cricket Ground,India,bat,T20,2022/23,India,1,1,0.6609195402298851,0.5394736842105263,0.8,0.4,0.5,0.5,0.75,0.5,174,76,0,0,4,0,LOW,LOW,LOW,LOW
2022-10-27,Zimbabwe,Pakistan,Perth Stadium,Zimbabwe,bat,T20,2022/23,Zimbabwe,1,1,0.351063829787234,0.6256410256410256,0.6,0.6,0.0625,0.9375,0.5,0.0,94,195,16,16,0,1,MEDIUM,MEDIUM,LOW,LOW
2022-10-29,New Zealand,Sri Lanka,Sydney Cricket Ground,New Zealand,bat,T20,2022/23,New Zealand,1,1,0.5521472392638037,0.45625,0.8,0.6,0.5882352941176471,0.4117647058823529,0.3333333333333333,0.0,163,160,17,17,3,1,MEDIUM,MEDIUM,LOW,LOW
2022-10-30,Netherlands,Pakistan,Perth Stadium,Netherlands,bat,T20,2022/23,Pakistan,0,1,0.5324675324675324,0.6224489795918368,0.4,0.4,0.0,1.0,0.5,0.0,77,196,1,1,0,2,LOW,LOW,LOW,LOW
2022-10-30,India,South Africa,Perth Stadium,India,bat,T20,2022/23,South Africa,0,1,0.6628571428571428,0.5806451612903226,0.8,0.6,0.5909090909090909,0.4090909090909091,0.5,0.5,175,155,22,22,0,0,HIGH,HIGH,LOW,LOW
2022-10-30,Bangladesh,Zimbabwe,"Brisbane Cricket Ground, Woolloongabba, Brisbane",Bangladesh,bat,T20,2022/23,Bangladesh,1,1,0.336,0.3578947368421052,0.2,0.8,0.6111111111111112,0.3888888888888889,0.5,0.5,125,95,18,18,0,0,MEDIUM,MEDIUM,LOW,LOW
2022-10-31,Australia,Ireland,"Brisbane Cricket Ground, Woolloongabba, Brisbane",Ireland,field,T20,2022/23,Australia,1,0,0.5393939393939394,0.48,0.4,0.6,1.0,0.0,1.0,0.5,165,100,1,1,1,0,LOW,LOW,LOW,LOW
2022-11-01,England,New Zealand,"Brisbane Cricket Ground, Woolloongabba, Brisbane",England,bat,T20,2022/23,England,1,1,0.535483870967742,0.5548780487804879,0.8,0.8,0.6,0.4,0.5,0.5,155,164,20,20,0,0,HIGH,HIGH,LOW,LOW
2022-11-02,Zimbabwe,Netherlands,Adelaide Oval,Zimbabwe,bat,T20,2022/23,Netherlands,0,1,0.3541666666666667,0.5256410256410257,0.6,0.2,0.6666666666666666,0.3333333333333333,0.5,0.5,96,78,3,3,0,0,LOW,LOW,LOW,LOW
2022-11-02,India,Bangladesh,Adelaide Oval,Bangladesh,field,T20,2022/23,India,1,0,0.6590909090909091,0.3412698412698413,0.6,0.4,0.9090909090909092,0.0909090909090909,1.0,0.5,176,126,11,11,1,0,MEDIUM,MEDIUM,LOW,LOW
2022-11-03,Pakistan,South Africa,Sydney Cricket Ground,Pakistan,bat,T20,2022/23,Pakistan,1,1,0.6243654822335025,0.5833333333333334,0.6,0.6,0.55,0.45,0.5,1.0,197,156,20,20,0,1,HIGH,HIGH,LOW,LOW
2022-11-04,Italy,Germany,"Desert Springs Cricket Ground, Almeria",Italy,bat,T20,2022/23,Germany,0,1,0.6428571428571429,0.5666666666666667,1.0,0.8,0.6666666666666666,0.3333333333333333,0.5,0.4444444444444444,14,30,3,3,6,9,LOW,LOW,MEDIUM,MEDIUM
2022-11-04,Italy,Germany,"Desert Springs Cricket Ground, Almeria",Italy,bat,T20,2022/23,Germany,0,1,0.6,0.5806451612903226,0.8,0.8,0.5,0.5,0.4285714285714285,0.5,15,31,4,4,7,10,LOW,LOW,MEDIUM,MEDIUM
2022-11-04,New Zealand,Ireland,Adelaide Oval,Ireland,field,T20,2022/23,New Zealand,1,0,0.5515151515151515,0.4752475247524752,0.6,0.6,1.0,0.0,0.5,0.5,165,101,4,4,0,0,LOW,LOW,LOW,LOW
2022-11-05,Sri Lanka,England,Sydney Cricket Ground,Sri Lanka,bat,T20,2022/23,England,0,1,0.453416149068323,0.5384615384615384,0.6,0.8,0.3076923076923077,0.6923076923076923,0.0,0.0,161,156,13,13,2,1,MEDIUM,MEDIUM,LOW,LOW
2022-11-05,Germany,Spain,"Desert Springs Cricket Ground, Almeria",Spain,field,T20,2022/23,Germany,1,0,0.59375,0.7058823529411765,0.8,0.6,0.4,0.6,0.5454545454545454,0.7142857142857143,32,17,5,5,11,7,MEDIUM,MEDIUM,MEDIUM,MEDIUM
2022-11-05,Italy,Spain,"Desert Springs Cricket Ground, Almeria",Italy,bat,T20,2022/23,Spain,0,1,0.5625,0.6666666666666666,0.6,0.4,0.5,0.5,0.375,0.625,16,18,0,0,8,8,LOW,LOW,MEDIUM,MEDIUM
2022-11-06,Spain,Germany,"Desert Springs Cricket Ground, Almeria",Germany,field,T20,2022/23,Spain,1,0,0.6842105263157895,0.6060606060606061,0.4,0.8,0.5,0.5,0.6666666666666666,0.5833333333333334,19,33,6,6,9,12,MEDIUM,MEDIUM,MEDIUM,MEDIUM
2022-11-06,India,Zimbabwe,Melbourne Cricket Ground,India,bat,T20,2022/23,India,1,1,0.6610169491525424,0.3505154639175257,0.6,0.4,0.7142857142857143,0.2857142857142857,0.75,0.5,177,97,7,7,4,0,MEDIUM,MEDIUM,LOW,LOW
2022-11-06,Bangladesh,Pakistan,Adelaide Oval,Bangladesh,bat,T20,2022/23,Pakistan,0,1,0.3385826771653543,0.6262626262626263,0.4,0.6,0.1176470588235294,0.8823529411764706,0.0,0.5,127,198,17,17,1,0,MEDIUM,MEDIUM,LOW,LOW
2022-11-06,Netherlands,South Africa,Adelaide Oval,South Africa,field,T20,2022/23,Netherlands,1,0,0.5316455696202531,0.5796178343949044,0.2,0.6,0.0,1.0,1.0,1.0,79,157,1,1,1,1,LOW,LOW,LOW,LOW
2022-11-06,Italy,Spain,"Desert Springs Cricket Ground, Almeria",Italy,bat,T20,2022/23,Italy,1,1,0.5294117647058824,0.7,0.4,0.4,0.0,1.0,0.3333333333333333,0.7,17,20,1,1,9,10,LOW,LOW,MEDIUM,MEDIUM
2022-11-09,New Zealand,Pakistan,Sydney Cricket Ground,New Zealand,bat,T20,2022/23,Pakistan,0,1,0.5542168674698795,0.628140703517588,0.6,0.6,0.3928571428571428,0.6071428571428571,0.5,1.0,166,199,28,28,4,1,HIGH,HIGH,LOW,LOW
2022-11-10,India,England,Adelaide Oval,England,field,T20,2022/23,England,0,0,0.6629213483146067,0.5414012738853503,0.8,0.8,0.5454545454545454,0.4545454545454545,1.0,1.0,178,157,22,22,2,1,HIGH,HIGH,LOW,LOW
2022-11-13,Pakistan,England,Melbourne Cricket Ground,England,field,T20,2022/23,England,0,0,0.63,0.5443037974683544,0.8,0.8,0.3461538461538461,0.6538461538461539,0.0,0.0,200,158,26,26,2,4,HIGH,HIGH,LOW,LOW
2022-11-14,Bahrain,Canada,Al Amerat Cricket Ground Oman Cricket (Ministry Turf 1),Canada,field,T20,2022/23,Canada,0,0,0.4615384615384615,0.5185185185185185,0.2,0.6,0.0,1.0,0.1666666666666666,0.5,13,27,1,1,6,4,LOW,LOW,MEDIUM,LOW
2022-11-14,Saudi Arabia,Oman,Al Amerat Cricket Ground Oman Cricket (Ministry Turf 1),Saudi Arabia,bat,T20,2022/23,Oman,0,1,0.3333333333333333,0.4736842105263157,0.3333333333333333,0.4,0.5,0.5,0.5,0.4666666666666667,3,38,0,0,0,15,LOW,LOW,LOW,MEDIUM
2022-11-15,Oman,Bahrain,Al Amerat Cricket Ground Oman Cricket (Ministry Turf 1),Bahrain,field,T20,2022/23,Bahrain,0,0,0.4871794871794871,0.4285714285714285,0.6,0.0,0.5,0.5,0.5,0.1428571428571428,39,14,0,0,16,7,LOW,LOW,MEDIUM,MEDIUM
2022-11-15,Canada,Saudi Arabia,Al Amerat Cricket Ground Oman Cricket (Ministry Turf 1),Saudi Arabia,field,T20,2022/23,Canada,1,0,0.5357142857142857,0.25,0.6,0.25,0.5,0.5,0.6,0.0,28,4,0,0,5,1,LOW,LOW,MEDIUM,LOW
2022-11-16,Bahrain,Saudi Arabia,Al Amerat Cricket Ground Oman Cricket (Ministry Turf 1),Saudi Arabia,field,T20,2022/23,Bahrain,1,0,0.4666666666666667,0.2,0.2,0.2,1.0,0.0,0.25,0.0,15,5,1,1,8,2,LOW,LOW,MEDIUM,LOW
2022-11-16,Canada,Oman,Al Amerat Cricket Ground Oman Cricket (Ministry Turf 1),Oman,field,T20,2022/23,Canada,1,0,0.5517241379310345,0.475,0.8,0.4,0.0,1.0,0.6666666666666666,0.4705882352941176,29,40,2,2,6,17,LOW,LOW,MEDIUM,MEDIUM
2022-11-17,Canada,Bahrain,Al Amerat Cricket Ground Oman Cricket (Ministry Turf 1),Bahrain,field,T20,2022/23,Bahrain,0,0,0.5666666666666667,0.5,1.0,0.4,1.0,0.0,0.7142857142857143,0.3333333333333333,30,16,2,2,7,9,LOW,LOW,MEDIUM,MEDIUM
2022-11-17,Saudi Arabia,Oman,Al Amerat Cricket Ground Oman Cricket (Ministry Turf 1),Oman,field,T20,2022/23,Oman,0,0,0.1666666666666666,0.4634146341463415,0.2,0.2,0.0,1.0,0.0,0.4444444444444444,6,41,1,1,3,18,LOW,LOW,LOW,MEDIUM
2022-11-17,Botswana,Rwanda,Gahanga International Cricket Stadium. Rwanda,Rwanda,field,T20,2022/23,Rwanda,0,0,0.3333333333333333,0.4444444444444444,0.4,0.4,0.5,0.5,0.75,0.4285714285714285,15,9,0,0,4,7,LOW,LOW,LOW,MEDIUM
2022-11-17,Lesotho,Mali,Integrated Polytechnic Regional Centre,Mali,field,T20,2022/23,Lesotho,1,0,0.0,0.5,0.0,0.5,0.5,0.5,0.0,0.5,3,0,0,0,2,0,LOW,LOW,LOW,LOW
2022-11-18,Lesotho,Botswana,Integrated Polytechnic Regional Centre,Botswana,field,T20,2022/23,Botswana,0,0,0.25,0.3125,0.25,0.4,0.5,0.5,0.3333333333333333,0.5,4,16,0,0,3,0,LOW,LOW,LOW,LOW
2022-11-18,Rwanda,St Helena,Gahanga International Cricket Stadium. Rwanda,Rwanda,bat,T20,2022/23,Rwanda,1,1,0.5,0.5,0.6,0.5,0.5,0.5,0.5,0.5,10,0,0,0,8,0,LOW,LOW,MEDIUM,LOW
2022-11-19,Oman,Bahrain,Al Amerat Cricket Ground Oman Cricket (Ministry Turf 1),Bahrain,field,T20,2022/23,Oman,1,0,0.4761904761904761,0.5294117647058824,0.4,0.6,0.0,1.0,0.4736842105263157,0.4,42,17,1,1,19,10,LOW,LOW,MEDIUM,MEDIUM
2022-11-19,Canada,Saudi Arabia,Al Amerat Cricket Ground Oman Cricket (Ministry Turf 1),Saudi Arabia,field,T20,2022/23,Canada,1,0,0.5483870967741935,0.1428571428571428,0.8,0.0,1.0,0.0,0.625,0.0,31,7,1,1,8,4,LOW,LOW,MEDIUM,LOW
2022-11-20,India,New Zealand,"Bay Oval, Mount Maunganui",New Zealand,field,T20,2022/23,India,1,0,0.659217877094972,0.5508982035928144,0.6,0.6,0.5,0.5,0.5,0.5,179,167,18,18,0,0,MEDIUM,MEDIUM,LOW,LOW
2022-11-20,Bahrain,Saudi Arabia,Al Amerat Cricket Ground Oman Cricket (Ministry Turf 1),Bahrain,bat,T20,2022/23,Saudi Arabia,0,1,0.5,0.125,0.6,0.0,1.0,0.0,0.3636363636363636,0.0,18,8,2,2,11,5,LOW,LOW,MEDIUM,MEDIUM
2022-11-20,Oman,Canada,Al Amerat Cricket Ground Oman Cricket (Ministry Turf 1),Canada,field,T20,2022/23,Canada,0,0,0.4883720930232558,0.5625,0.6,0.8,0.6666666666666666,0.3333333333333333,0.5,0.6666666666666666,43,32,3,3,20,9,LOW,LOW,HIGH,MEDIUM
2022-11-20,Rwanda,Kenya,Gahanga International Cricket Stadium. Rwanda,Kenya,field,T20,2022/23,Kenya,0,0,0.5454545454545454,0.4418604651162791,0.8,0.4,0.5,0.5,0.5555555555555556,0.5,11,43,0,0,9,2,LOW,LOW,MEDIUM,LOW
2022-11-20,Mali,Kenya,Integrated Polytechnic Regional Centre,Mali,bat,T20,2022/23,Kenya,0,1,0.0,0.4545454545454545,0.0,0.4,0.5,0.5,0.0,0.75,1,44,0,0,1,4,LOW,LOW,LOW,LOW
2022-11-21,Oman,Canada,Al Amerat Cricket Ground Oman Cricket (Ministry Turf 1),Canada,field,T20,2022/23,Canada,0,0,0.4772727272727273,0.5757575757575758,0.4,0.8,0.5,0.5,0.4761904761904761,0.7,44,33,4,4,21,10,LOW,LOW,HIGH,MEDIUM
2022-11-21,Kenya,Lesotho,Integrated Polytechnic Regional Centre,Kenya,bat,T20,2022/23,Kenya,1,1,0.4666666666666667,0.2,0.6,0.2,0.5,0.5,0.8,0.25,45,5,0,0,5,4,LOW,LOW,MEDIUM,LOW
2022-11-21,Saudi Arabia,Bahrain,Al Amerat Cricket Ground Oman Cricket (Ministry Turf 1),Bahrain,field,T20,2022/23,Saudi Arabia,1,0,0.2222222222222222,0.4736842105263157,0.2,0.6,0.3333333333333333,0.6666666666666666,0.1666666666666666,0.3333333333333333,9,19,3,3,6,12,LOW,LOW,MEDIUM,MEDIUM
2022-11-22,St Helena,Lesotho,Integrated Polytechnic Regional Centre,Lesotho,field,T20,2022/23,St Helena,1,0,0.0,0.1666666666666666,0.0,0.2,0.5,0.5,0.5,0.2,1,6,0,0,0,5,LOW,LOW,LOW,MEDIUM
2022-11-22,Mali,Botswana,Gahanga International Cricket Stadium. Rwanda,Botswana,field,T20,2022/23,Botswana,0,0,0.0,0.3529411764705882,0.0,0.6,0.5,0.5,0.5,0.6,2,17,0,0,0,5,LOW,LOW,LOW,MEDIUM
2022-11-24,Mali,Rwanda,Integrated Polytechnic Regional Centre,Rwanda,field,T20,2022/23,Rwanda,0,0,0.0,0.5,0.0,0.6,0.5,0.5,0.0,0.5,3,12,0,0,2,2,LOW,LOW,LOW,LOW
2022-11-24,Botswana,Kenya,Gahanga International Cricket Stadium. Rwanda,Botswana,bat,T20,2022/23,Kenya,0,1,0.3888888888888889,0.4782608695652174,0.6,0.8,0.5,0.5,0.6666666666666666,0.6666666666666666,18,46,0,0,6,3,LOW,LOW,MEDIUM,LOW
2022-11-24,Rwanda,Seychelles,Integrated Polytechnic Regional Centre,Rwanda,bat,T20,2022/23,Rwanda,1,1,0.5384615384615384,0.4,0.6,0.4,0.5,0.5,0.6666666666666666,0.0,13,5,0,0,3,1,LOW,LOW,LOW,LOW
2022-11-24,St Helena,Malawi,Gahanga International Cricket Stadium. Rwanda,Malawi,field,T20,2022/23,Malawi,0,0,0.5,0.5,0.5,0.6,0.5,0.5,0.0,0.6666666666666666,2,6,0,0,1,3,LOW,LOW,LOW,LOW
2022-11-25,Seychelles,Kenya,Gahanga International Cricket Stadium. Rwanda,Seychelles,bat,T20,2022/23,Kenya,0,1,0.3333333333333333,0.4893617021276595,0.4,0.8,0.5,0.5,0.5,0.75,6,47,0,0,4,4,LOW,LOW,LOW,LOW
2022-12-01,Sierra Leone,Tanzania,Gahanga International Cricket Stadium. Rwanda,Tanzania,field,T20,2022/23,Tanzania,0,0,0.3333333333333333,0.7142857142857143,0.4,0.6,0.0,1.0,0.5,0.625,9,14,1,1,4,8,LOW,LOW,LOW,MEDIUM
2022-12-01,Mozambique,Nigeria,Gahanga International Cricket Stadium. Rwanda,Nigeria,field,T20,2022/23,Nigeria,0,0,0.1428571428571428,0.28,0.0,0.0,0.5,0.5,0.25,0.0,7,25,0,0,4,2,LOW,LOW,LOW,LOW
2022-12-01,Gambia,Eswatini,Integrated Polytechnic Regional Centre,Eswatini,field,T20,2022/23,Eswatini,0,0,0.5,0.5,0.5,0.5,0.5,0.5,0.5,0.5,0,0,0,0,0,0,LOW,LOW,LOW,LOW
2022-12-02,Sierra Leone,Nigeria,Gahanga International Cricket Stadium. Rwanda,Nigeria,field,T20,2022/23,Nigeria,0,0,0.3,0.3076923076923077,0.4,0.2,0.2,0.8,0.4,0.3333333333333333,10,26,5,5,5,3,MEDIUM,MEDIUM,MEDIUM,LOW
2022-12-02,Cameroon,Sierra Leone,Gahanga International Cricket Stadium. Rwanda,Sierra Leone,field,T20,2022/23,Sierra Leone,0,0,0.0,0.2727272727272727,0.0,0.4,0.0,1.0,0.0,0.3333333333333333,5,11,1,1,4,6,LOW,LOW,LOW,MEDIUM
2022-12-02,Eswatini,Mozambique,Integrated Polytechnic Regional Centre,Mozambique,field,T20,2022/23,Mozambique,0,0,1.0,0.125,1.0,0.0,0.5,0.5,1.0,0.5,1,8,0,0,1,0,LOW,LOW,LOW,LOW
2022-12-02,Ghana,Mozambique,Integrated Polytechnic Regional Centre,Mozambique,field,T20,2022/23,Mozambique,0,0,0.4375,0.2222222222222222,0.4,0.2,1.0,0.0,1.0,1.0,16,9,1,1,1,1,LOW,LOW,LOW,LOW
2022-12-04,Nigeria,Eswatini,Integrated Polytechnic Regional Centre,Eswatini,field,T20,2022/23,Nigeria,1,0,0.3333333333333333,0.5,0.4,0.5,0.5,0.5,0.0,0.5,27,2,0,0,4,2,LOW,LOW,LOW,LOW
2022-12-04,Ghana,Tanzania,Gahanga International Cricket Stadium. Rwanda,Tanzania,field,T20,2022/23,Tanzania,0,0,0.4117647058823529,0.7333333333333333,0.2,0.8,0.5,0.5,0.625,0.6666666666666666,17,15,0,0,8,9,LOW,LOW,MEDIUM,MEDIUM
2022-12-04,Cameroon,Mozambique,Gahanga International Cricket Stadium. Rwanda,Mozambique,field,T20,2022/23,Mozambique,0,0,0.0,0.3,0.0,0.4,0.0,1.0,0.0,0.2,6,10,1,1,5,5,LOW,LOW,MEDIUM,MEDIUM
2022-12-05,Mozambique,Tanzania,Gahanga International Cricket Stadium. Rwanda,Tanzania,field,T20,2022/23,Tanzania,0,0,0.3636363636363636,0.75,0.6,0.8,0.0,1.0,0.3333333333333333,0.7,11,16,1,1,6,10,LOW,LOW,MEDIUM,MEDIUM
2022-12-05,Sierra Leone,Eswatini,Integrated Polytechnic Regional Centre,Eswatini,field,T20,2022/23,Sierra Leone,1,0,0.3333333333333333,0.3333333333333333,0.6,0.3333333333333333,0.5,0.5,0.5,0.3333333333333333,12,3,0,0,0,3,LOW,LOW,LOW,LOW
2022-12-05,Cameroon,Nigeria,Gahanga International Cricket Stadium. Rwanda,Nigeria,field,T20,2022/23,Nigeria,0,0,0.0,0.3571428571428571,0.0,0.6,0.5,0.5,0.0,0.5,7,28,0,0,6,4,LOW,LOW,MEDIUM,LOW
2022-12-05,Ghana,Sierra Leone,Integrated Polytechnic Regional Centre,Sierra Leone,field,T20,2022/23,Sierra Leone,0,0,0.3888888888888889,0.3846153846153846,0.2,0.6,0.5,0.5,0.5,1.0,18,13,0,0,2,1,LOW,LOW,LOW,LOW
2022-12-06,Gambia,Tanzania,Gahanga International Cricket Stadium. Rwanda,Tanzania,field,T20,2022/23,Tanzania,0,0,0.0,0.7777777777777778,0.0,0.8,0.5,0.5,0.5,0.75,1,17,0,0,0,11,LOW,LOW,LOW,MEDIUM
2022-12-06,Tanzania,Eswatini,Gahanga International Cricket Stadium. Rwanda,Eswatini,field,T20,2022/23,Tanzania,1,0,0.7647058823529411,0.25,0.8,0.25,0.5,0.5,0.7272727272727273,0.5,18,4,0,0,12,0,LOW,LOW,MEDIUM,LOW
2022-12-06,Gambia,Sierra Leone,Integrated Polytechnic Regional Centre,Sierra Leone,field,T20,2022/23,Sierra Leone,0,0,0.0,0.4285714285714285,0.0,0.6,0.5,0.5,0.0,1.0,2,14,0,0,1,2,LOW,LOW,LOW,LOW
2022-12-08,Mozambique,Gambia,Integrated Polytechnic Regional Centre,Mozambique,bat,T20,2022/23,Mozambique,1,1,0.3333333333333333,0.0,0.6,0.0,0.5,0.5,1.0,0.0,12,3,0,0,2,2,LOW,LOW,LOW,LOW
2022-12-08,Ghana,Gambia,Gahanga International Cricket Stadium. Rwanda,Ghana,bat,T20,2022/23,Ghana,1,1,0.3684210526315789,0.0,0.0,0.0,0.5,0.5,0.5555555555555556,0.0,19,4,0,0,9,1,LOW,LOW,MEDIUM,LOW
2022-12-09,Tanzania,Cameroon,Integrated Polytechnic Regional Centre,Tanzania,bat,T20,2022/23,Tanzania,1,1,0.7894736842105263,0.0,1.0,0.0,1.0,0.0,1.0,0.5,19,8,1,1,2,0,LOW,LOW,LOW,LOW
2022-12-09,Ghana,Nigeria,Gahanga International Cricket Stadium. Rwanda,Ghana,bat,T20,2022/23,Nigeria,0,1,0.4,0.3793103448275862,0.2,0.8,0.0,1.0,0.6,0.6,20,29,1,1,10,5,LOW,LOW,MEDIUM,MEDIUM
2022-12-09,Gambia,Cameroon,Integrated Polytechnic Regional Centre,Gambia,bat,T20,2022/23,Gambia,1,1,0.0,0.0,0.0,0.0,0.5,0.5,0.0,0.0,5,9,0,0,3,1,LOW,LOW,LOW,LOW
2022-12-13,Tanzania,Rwanda,"Gahanga International Cricket Stadium, Rwanda",Rwanda,field,T20,2022/23,Tanzania,1,0,0.8,0.5714285714285714,1.0,0.8,0.5,0.5,0.5,0.5,20,14,0,0,0,0,LOW,LOW,LOW,LOW
2022-12-14,Uganda,Rwanda,"Gahanga International Cricket Stadium, Rwanda",Rwanda,field,T20,2022/23,Uganda,1,0,0.7027027027027027,0.5333333333333333,1.0,0.6,1.0,0.0,0.5,0.0,37,15,1,1,0,1,LOW,LOW,LOW,LOW
2022-12-15,Uganda,Rwanda,"Gahanga International Cricket Stadium, Rwanda",Uganda,bat,T20,2022/23,Uganda,1,1,0.717948717948718,0.5,1.0,0.4,1.0,0.0,1.0,0.0,38,16,2,2,1,2,LOW,LOW,LOW,LOW
2022-12-15,Singapore,Qatar,"UKM-YSD Cricket Oval, Bangi",Singapore,bat,T20,2022/23,Qatar,0,1,0.4074074074074074,0.5,0.0,0.6,1.0,0.0,0.5,0.5,27,8,1,1,0,0,LOW,LOW,LOW,LOW
2022-12-15,Uganda,Tanzania,"Gahanga International Cricket Stadium, Rwanda",Tanzania,field,T20,2022/23,Uganda,1,0,0.7105263157894737,0.8095238095238095,1.0,1.0,1.0,0.0,1.0,1.0,39,21,3,3,2,1,LOW,LOW,LOW,LOW
2022-12-16,Qatar,Malaysia,"UKM-YSD Cricket Oval, Bangi",Qatar,bat,T20,2022/23,Malaysia,0,1,0.5555555555555556,0.5277777777777778,0.6,1.0,1.0,0.0,1.0,1.0,9,36,1,1,1,5,LOW,LOW,LOW,MEDIUM
2022-12-16,Rwanda,Tanzania,"Gahanga International Cricket Stadium, Rwanda",Tanzania,field,T20,2022/23,Rwanda,1,0,0.4705882352941176,0.7727272727272727,0.4,0.8,0.0,1.0,0.0,0.5,17,22,1,1,3,2,LOW,LOW,LOW,LOW
2022-12-18,Bahrain,Qatar,"UKM-YSD Cricket Oval, Bangi",Qatar,field,T20,2022/23,Bahrain,1,0,0.45,0.5,0.4,0.6,1.0,0.0,0.5,0.5,20,10,1,1,0,2,LOW,LOW,LOW,LOW
2022-12-18,Malaysia,Singapore,"UKM-YSD Cricket Oval, Bangi",Malaysia,bat,T20,2022/23,Malaysia,1,1,0.5405405405405406,0.3928571428571428,1.0,0.0,0.4,0.6,1.0,0.0,37,28,5,5,6,1,MEDIUM,MEDIUM,MEDIUM,LOW
2022-12-18,Rwanda,Tanzania,"Gahanga International Cricket Stadium, Rwanda",Rwanda,bat,T20,2022/23,Tanzania,0,1,0.5,0.7391304347826086,0.4,0.6,0.5,0.5,0.25,0.3333333333333333,18,23,2,2,4,3,LOW,LOW,LOW,LOW
2022-12-18,Uganda,Tanzania,"Gahanga International Cricket Stadium, Rwanda",Uganda,bat,T20,2022/23,Uganda,1,1,0.725,0.75,1.0,0.6,1.0,0.0,1.0,0.5,40,24,4,4,3,4,LOW,LOW,LOW,LOW
2022-12-19,Uganda,Tanzania,"Gahanga International Cricket Stadium, Rwanda",Uganda,bat,T20,2022/23,Tanzania,0,1,0.7317073170731707,0.72,1.0,0.4,1.0,0.0,1.0,0.4,41,25,5,5,4,5,MEDIUM,MEDIUM,LOW,MEDIUM
2022-12-19,Singapore,Qatar,"UKM-YSD Cricket Oval, Bangi",Qatar,field,T20,2022/23,Qatar,0,0,0.3793103448275862,0.4545454545454545,0.0,0.6,0.5,0.5,0.0,0.3333333333333333,29,11,2,2,2,3,LOW,LOW,LOW,LOW
2022-12-19,Bahrain,Malaysia,"UKM-YSD Cricket Oval, Bangi",Bahrain,bat,T20,2022/23,Malaysia,0,1,0.4761904761904761,0.5526315789473685,0.4,1.0,0.5,0.5,1.0,1.0,21,38,0,0,1,7,LOW,LOW,LOW,MEDIUM
2022-12-20,Tanzania,Rwanda,"Gahanga International Cricket Stadium, Rwanda",Tanzania,bat,T20,2022/23,Tanzania,1,1,0.7307692307692307,0.4736842105263157,0.4,0.2,0.6666666666666666,0.3333333333333333,0.5,0.2,26,19,3,3,6,5,LOW,LOW,MEDIUM,MEDIUM
2022-12-20,Rwanda,Uganda,"Gahanga International Cricket Stadium, Rwanda",Uganda,field,T20,2022/23,Uganda,0,0,0.45,0.7142857142857143,0.2,0.8,0.0,1.0,0.1666666666666666,0.8,20,42,3,3,6,5,LOW,LOW,MEDIUM,MEDIUM
2022-12-21,Singapore,Bahrain,"UKM-YSD Cricket Oval, Bangi",Bahrain,field,T20,2022/23,Bahrain,0,0,0.3666666666666666,0.4545454545454545,0.0,0.2,0.5,0.5,0.0,0.5,30,22,0,0,3,2,LOW,LOW,LOW,LOW
2022-12-22,Uganda,Tanzania,"Gahanga International Cricket Stadium, Rwanda",Uganda,bat,T20,2022/23,Uganda,1,1,0.7209302325581395,0.75,0.8,0.8,0.8333333333333334,0.1666666666666666,0.8333333333333334,0.625,43,27,6,6,6,7,MEDIUM,MEDIUM,MEDIUM,MEDIUM
2022-12-22,Malaysia,Singapore,"UKM-YSD Cricket Oval, Bangi",Malaysia,bat,T20,2022/23,Malaysia,1,1,0.5641025641025641,0.3548387096774194,1.0,0.0,0.5,0.5,1.0,0.0,39,31,6,6,8,4,MEDIUM,MEDIUM,MEDIUM,LOW
2022-12-22,Tanzania,Rwanda,"Gahanga International Cricket Stadium, Rwanda",Rwanda,field,T20,2022/23,Tanzania,1,0,0.7407407407407407,0.4285714285714285,0.6,0.2,0.75,0.25,0.5714285714285714,0.1428571428571428,28,21,4,4,8,7,LOW,LOW,MEDIUM,MEDIUM
2022-12-23,Uganda,Rwanda,"Gahanga International Cricket Stadium, Rwanda",Rwanda,field,T20,2022/23,Uganda,1,0,0.7272727272727273,0.4090909090909091,0.8,0.2,1.0,0.0,0.8571428571428571,0.125,44,22,4,4,7,8,LOW,LOW,MEDIUM,MEDIUM
2022-12-23,Singapore,Qatar,"UKM-YSD Cricket Oval, Bangi",Qatar,field,T20,2022/23,Qatar,0,0,0.34375,0.5,0.0,0.6,0.3333333333333333,0.6666666666666666,0.0,0.5,32,12,3,3,5,4,LOW,LOW,MEDIUM,LOW
2022-12-23,Malaysia,Bahrain,"UKM-YSD Cricket Oval, Bangi",Malaysia,bat,T20,2022/23,Bahrain,0,1,0.575,0.4782608695652174,1.0,0.4,1.0,0.0,1.0,0.6666666666666666,40,23,1,1,9,3,LOW,LOW,MEDIUM,LOW
2023-01-03,India,Sri Lanka,"Wankhede Stadium, Mumbai",Sri Lanka,field,T20,2022/23,India,1,0,0.6611111111111111,0.4506172839506173,0.6,0.4,0.68,0.32,0.5,0.5,180,162,25,25,0,0,HIGH,HIGH,LOW,LOW
2023-01-05,Sri Lanka,India,"Maharashtra Cricket Association Stadium, Pune",India,field,T20,2022/23,Sri Lanka,1,0,0.4478527607361963,0.6629834254143646,0.2,0.8,0.3076923076923077,0.6923076923076923,0.5,0.5,163,181,26,26,0,0,HIGH,HIGH,LOW,LOW
2023-01-07,India,Sri Lanka,"Saurashtra Cricket Association Stadium, Rajkot",India,bat,T20,2022/23,India,1,1,0.6593406593406593,0.4512195121951219,0.6,0.2,0.6666666666666666,0.3333333333333333,1.0,0.5,182,164,27,27,1,0,HIGH,HIGH,LOW,LOW
2023-01-12,Ireland,Zimbabwe,Harare Sports Club,Zimbabwe,field,T20,2022/23,Zimbabwe,0,0,0.4705882352941176,0.3469387755102041,0.4,0.4,0.5555555555555556,0.4444444444444444,0.5,0.2068965517241379,102,98,9,9,0,29,MEDIUM,MEDIUM,LOW,HIGH
2023-01-14,Zimbabwe,Ireland,Harare Sports Club,Ireland,field,T20,2022/23,Ireland,0,0,0.3535353535353535,0.4660194174757281,0.4,0.2,0.5,0.5,0.2333333333333333,0.0,99,103,10,10,30,1,MEDIUM,MEDIUM,HIGH,LOW
2023-01-15,Ireland,Zimbabwe,Harare Sports Club,Zimbabwe,field,T20,2022/23,Zimbabwe,0,0,0.4711538461538461,0.35,0.4,0.2,0.5454545454545454,0.4545454545454545,0.5,0.2258064516129032,104,100,11,11,2,31,MEDIUM,MEDIUM,LOW,HIGH
2023-01-27,New Zealand,India,"JSCA International Stadium Complex, Ranchi",India,field,T20,2022/23,New Zealand,1,0,0.5476190476190477,0.6612021857923497,0.4,0.6,0.4736842105263157,0.5263157894736842,0.0,1.0,168,183,19,19,1,1,MEDIUM,MEDIUM,LOW,LOW
2023-01-29,New Zealand,India,"Bharat Ratna Shri Atal Bihari Vajpayee Ekana Cricket Stadium, Lucknow",New Zealand,bat,T20,2022/23,India,0,1,0.5502958579881657,0.657608695652174,0.4,0.6,0.5,0.5,0.5,1.0,169,184,20,20,0,1,HIGH,HIGH,LOW,LOW
2023-02-01,India,New Zealand,"Narendra Modi Stadium, Ahmedabad",India,bat,T20,2022/23,India,1,1,0.6594594594594595,0.5470588235294118,0.6,0.4,0.5238095238095238,0.4761904761904761,0.5,0.5,185,170,21,21,0,0,HIGH,HIGH,LOW,LOW
2023-02-21,Argentina,Bermuda,"St Albans Club, Buenos Aires",Argentina,bat,T20,2022/23,Bermuda,0,1,0.25,0.4285714285714285,0.25,0.4,0.5,0.5,0.5,0.5,4,14,0,0,0,0,LOW,LOW,LOW,LOW
2023-02-22,Bermuda,Argentina,"Belgrano Athletic Club Ground, Buenos Aires",Argentina,field,T20,2022/23,Bermuda,1,0,0.4666666666666667,0.2,0.6,0.2,1.0,0.0,0.5,0.5,15,5,1,1,0,0,LOW,LOW,LOW,LOW
2023-02-25,Panama,Argentina,"Hurlingham Club Ground, Buenos Aires",Argentina,field,T20,2022/23,Panama,1,0,0.3333333333333333,0.1666666666666666,0.3333333333333333,0.2,0.5,0.5,0.5,0.5,3,6,0,0,0,0,LOW,LOW,LOW,LOW
2023-02-25,Bermuda,Cayman Islands,"St Albans Club, Buenos Aires",Bermuda,bat,T20,2022/23,Bermuda,1,1,0.5,0.0,0.8,0.0,1.0,0.0,1.0,0.5,16,6,2,2,1,0,LOW,LOW,LOW,LOW
2023-02-25,Isle of Man,Spain,La Manga Club Bottom Ground,Isle of Man,bat,T20,2022/23,Spain,0,1,0.8,0.6666666666666666,0.8,0.4,0.5,0.5,0.5,1.0,10,21,0,0,0,4,LOW,LOW,LOW,LOW
2023-02-25,Isle of Man,Spain,La Manga Club Bottom Ground,Isle of Man,bat,T20,2022/23,Spain,0,1,0.7272727272727273,0.6818181818181818,0.6,0.6,0.0,1.0,0.0,1.0,11,22,1,1,1,5,LOW,LOW,LOW,MEDIUM
2023-02-26,Panama,Bahamas,"Hurlingham Club Ground, Buenos Aires",Panama,bat,T20,2022/23,Bahamas,0,1,0.5,0.25,0.5,0.25,1.0,0.0,1.0,0.5,4,4,1,1,1,0,LOW,LOW,LOW,LOW
2023-02-26,Isle of Man,Spain,La Manga Club Bottom Ground,Spain,field,T20,2022/23,Spain,0,0,0.6666666666666666,0.6956521739130435,0.4,0.8,0.0,1.0,0.0,1.0,12,23,2,2,2,6,LOW,LOW,LOW,MEDIUM
2023-02-26,Isle of Man,Spain,La Manga Club Bottom Ground,Spain,field,T20,2022/23,Spain,0,0,0.6153846153846154,0.7083333333333334,0.2,0.8,0.0,1.0,0.0,1.0,13,24,3,3,3,7,LOW,LOW,LOW,MEDIUM
2023-02-26,Bermuda,Argentina,"Belgrano Athletic Club Ground, Buenos Aires",Bermuda,bat,T20,2022/23,Bermuda,1,1,0.5294117647058824,0.1428571428571428,1.0,0.0,1.0,0.0,1.0,0.0,17,7,2,2,1,1,LOW,LOW,LOW,LOW
2023-02-28,Bermuda,Panama,"Belgrano Athletic Club Ground, Buenos Aires",Bermuda,bat,T20,2022/23,Bermuda,1,1,0.5555555555555556,0.4,1.0,0.4,0.5,0.5,1.0,0.5,18,5,0,0,2,0,LOW,LOW,LOW,LOW
2023-02-28,Cayman Islands,Bahamas,"St Albans Club, Buenos Aires",Cayman Islands,bat,T20,2022/23,Cayman Islands,1,1,0.0,0.4,0.0,0.4,0.5,0.5,0.0,0.5,7,5,0,0,1,0,LOW,LOW,LOW,LOW
2023-03-02,Cayman Islands,Panama,"Hurlingham Club Ground, Buenos Aires",Cayman Islands,bat,T20,2022/23,Cayman Islands,1,1,0.125,0.3333333333333333,0.2,0.4,0.5,0.5,0.5,0.5,8,6,0,0,0,2,LOW,LOW,LOW,LOW
2023-03-02,Argentina,Bahamas,"St Albans Club, Buenos Aires",Argentina,bat,T20,2022/23,Argentina,1,1,0.125,0.3333333333333333,0.0,0.2,0.0,1.0,0.0,0.0,8,6,1,1,1,1,LOW,LOW,LOW,LOW
2023-03-04,Bahamas,Bermuda,"Hurlingham Club Ground, Buenos Aires",Bermuda,field,T20,2022/23,Bermuda,0,0,0.2857142857142857,0.5789473684210527,0.2,1.0,0.0,1.0,1.0,0.5,7,19,1,1,1,0,LOW,LOW,LOW,LOW
2023-03-04,Argentina,Cayman Islands,"Belgrano Athletic Club Ground, Buenos Aires",Argentina,bat,T20,2022/23,Cayman Islands,0,1,0.2222222222222222,0.2222222222222222,0.2,0.4,0.5,0.5,0.0,0.5,9,9,0,0,2,0,LOW,LOW,LOW,LOW
2023-03-08,Hong Kong,Bahrain,"Mission Road Ground, Mong Kok, Hong Kong",Bahrain,field,T20,2022/23,Hong Kong,1,0,0.3958333333333333,0.5,0.6,0.6,0.5,0.5,0.5,0.5,48,24,0,0,0,0,LOW,LOW,LOW,LOW
2023-03-08,Kuwait,Malaysia,"Mission Road Ground, Mong Kok, Hong Kong",Malaysia,field,T20,2022/23,Malaysia,0,0,0.6666666666666666,0.5609756097560976,0.8,0.8,0.0,1.0,0.5,0.5,15,41,1,1,0,0,LOW,LOW,LOW,LOW
2023-03-09,England,Bangladesh,"Zahur Ahmed Chowdhury Stadium, Chattogram",Bangladesh,field,T20,2022/23,Bangladesh,0,0,0.5471698113207547,0.3359375,0.8,0.4,1.0,0.0,0.5,0.5,159,128,1,1,0,0,LOW,LOW,LOW,LOW
2023-03-09,Malaysia,Bahrain,"Mission Road Ground, Mong Kok, Hong Kong",Bahrain,field,T20,2022/23,Malaysia,1,0,0.5714285714285714,0.48,0.8,0.6,0.5,0.5,1.0,0.0,42,25,2,2,1,1,LOW,LOW,LOW,LOW
2023-03-09,Hong Kong,Kuwait,"Mission Road Ground, Mong Kok, Hong Kong",Kuwait,field,T20,2022/23,Hong Kong,1,0,0.4081632653061224,0.625,0.6,0.6,1.0,0.0,1.0,0.0,49,16,1,1,1,1,LOW,LOW,LOW,LOW
2023-03-11,Malaysia,Hong Kong,"Mission Road Ground, Mong Kok, Hong Kong",Hong Kong,field,T20,2022/23,Hong Kong,0,0,0.5813953488372093,0.42,0.8,0.6,0.8333333333333334,0.1666666666666666,1.0,1.0,43,50,6,6,2,2,MEDIUM,MEDIUM,LOW,LOW
2023-03-11,Kuwait,Bahrain,"Mission Road Ground, Mong Kok, Hong Kong",Bahrain,field,T20,2022/23,Bahrain,0,0,0.5882352941176471,0.4615384615384615,0.4,0.4,1.0,0.0,0.0,0.0,17,26,5,5,2,2,MEDIUM,MEDIUM,LOW,LOW
2023-03-12,England,Bangladesh,"Shere Bangla National Stadium, Mirpur",Bangladesh,field,T20,2022/23,Bangladesh,0,0,0.54375,0.3410852713178294,0.8,0.4,0.5,0.5,0.5,0.5789473684210527,160,129,2,2,0,19,LOW,LOW,LOW,MEDIUM
2023-03-12,Hong Kong,Malaysia,"Mission Road Ground, Mong Kok, Hong Kong",Malaysia,field,T20,2022/23,Hong Kong,1,0,0.4313725490196078,0.5681818181818182,0.6,0.6,0.2857142857142857,0.7142857142857143,1.0,0.6666666666666666,51,44,7,7,3,3,MEDIUM,MEDIUM,LOW,LOW
2023-03-12,Bahrain,Kuwait,"Mission Road Ground, Mong Kok, Hong Kong",Kuwait,field,T20,2022/23,Kuwait,0,0,0.4814814814814814,0.5555555555555556,0.6,0.2,0.1666666666666666,0.8333333333333334,0.3333333333333333,0.0,27,18,6,6,3,3,MEDIUM,MEDIUM,LOW,LOW
2023-03-14,Bangladesh,England,"Shere Bangla National Stadium, Mirpur",England,field,T20,2022/23,Bangladesh,1,0,0.3461538461538461,0.5403726708074534,0.6,0.6,0.6666666666666666,0.3333333333333333,0.6,0.0,130,161,3,3,20,1,LOW,LOW,HIGH,LOW
2023-03-25,South Africa,West Indies,"SuperSport Park, Centurion",West Indies,field,T20,2022/23,West Indies,0,0,0.5759493670886076,0.4294871794871794,0.6,0.2,0.625,0.375,0.0,0.5,158,156,16,16,2,0,MEDIUM,MEDIUM,LOW,LOW
2023-03-26,West Indies,South Africa,"SuperSport Park, Centurion",South Africa,field,T20,2022/23,South Africa,0,0,0.4331210191082802,0.5723270440251572,0.4,0.4,0.4117647058823529,0.5882352941176471,1.0,0.0,157,159,17,17,1,3,MEDIUM,MEDIUM,LOW,LOW
2023-03-27,Bangladesh,Ireland,"Zahur Ahmed Chowdhury Stadium, Chattogram",Ireland,field,T20,2022/23,Bangladesh,1,0,0.3511450381679389,0.4666666666666667,0.6,0.2,0.5,0.5,1.0,0.5,131,105,2,2,1,0,LOW,LOW,LOW,LOW
2023-03-28,West Indies,South Africa,"The Wanderers Stadium, Johannesburg",South Africa,field,T20,2022/23,West Indies,1,0,0.430379746835443,0.575,0.4,0.4,0.3888888888888889,0.6111111111111112,0.5,0.5,158,160,18,18,0,2,MEDIUM,MEDIUM,LOW,LOW
2023-03-29,Bangladesh,Ireland,"Zahur Ahmed Chowdhury Stadium, Chattogram",Ireland,field,T20,2022/23,Bangladesh,1,0,0.3560606060606061,0.4622641509433962,0.8,0.2,0.6666666666666666,0.3333333333333333,1.0,0.0,132,106,3,3,2,1,LOW,LOW,LOW,LOW
2023-03-31,Bangladesh,Ireland,"Zahur Ahmed Chowdhury Stadium, Chattogram",Bangladesh,bat,T20,2022/23,Ireland,0,1,0.3609022556390977,0.4579439252336448,1.0,0.2,0.75,0.25,1.0,0.0,133,107,4,4,3,2,LOW,LOW,LOW,LOW
2023-04-05,Sri Lanka,New Zealand,"University Oval, Dunedin",New Zealand,field,T20,2022/23,New Zealand,0,0,0.4484848484848485,0.543859649122807,0.2,0.2,0.3888888888888889,0.6111111111111112,0.5,0.5,165,171,18,18,0,0,MEDIUM,MEDIUM,LOW,LOW
2023-04-08,Sri Lanka,New Zealand,"John Davies Oval, Queenstown",New Zealand,field,T20,2022/23,New Zealand,0,0,0.4457831325301205,0.5465116279069767,0.2,0.4,0.3684210526315789,0.631578947368421,0.5,0.5,166,172,19,19,0,0,MEDIUM,MEDIUM,LOW,LOW
2023-04-10,Portugal,Gibraltar,Santarem Cricket Ground,Portugal,bat,T20,2023,Portugal,1,1,0.5,0.1052631578947368,0.6,0.2,1.0,0.0,0.5,0.5,8,19,2,2,0,0,LOW,LOW,LOW,LOW
2023-04-11,Gibraltar,Portugal,Santarem Cricket Ground,Gibraltar,bat,T20,2023,Portugal,0,1,0.1,0.5555555555555556,0.2,0.6,0.0,1.0,0.0,1.0,20,9,3,3,1,1,LOW,LOW,LOW,LOW
2023-04-11,Gibraltar,Portugal,Santarem Cricket Ground,Gibraltar,bat,T20,2023,Portugal,0,1,0.0952380952380952,0.6,0.2,0.6,0.0,1.0,0.0,1.0,21,10,4,4,2,2,LOW,LOW,LOW,LOW
2023-04-14,Pakistan,New Zealand,"Gaddafi Stadium, Lahore",Pakistan,bat,T20,2023,Pakistan,1,1,0.6268656716417911,0.5491329479768786,0.8,0.6,0.6206896551724138,0.3793103448275862,0.25,0.5,201,173,29,29,4,0,HIGH,HIGH,LOW,LOW
2023-04-15,Pakistan,New Zealand,"Gaddafi Stadium, Lahore",Pakistan,bat,T20,2023,Pakistan,1,1,0.6287128712871287,0.5459770114942529,0.8,0.4,0.6333333333333333,0.3666666666666666,0.4,0.0,202,174,30,30,5,1,HIGH,HIGH,MEDIUM,LOW
2023-04-17,New Zealand,Pakistan,"Gaddafi Stadium, Lahore",New Zealand,bat,T20,2023,New Zealand,1,1,0.5428571428571428,0.6305418719211823,0.4,0.8,0.3548387096774194,0.6451612903225806,0.0,0.5,175,203,31,31,2,6,HIGH,HIGH,LOW,MEDIUM
2023-04-24,Pakistan,New Zealand,Rawalpindi Cricket Stadium,New Zealand,field,T20,2023,New Zealand,0,0,0.6274509803921569,0.5454545454545454,0.6,0.6,0.625,0.375,1.0,0.5,204,176,32,32,3,0,HIGH,HIGH,LOW,LOW
2023-05-04,Gibraltar,Portugal,Europa Sports Complex,Gibraltar,bat,T20,2023,Portugal,0,1,0.0909090909090909,0.6363636363636364,0.2,0.8,0.0,1.0,0.5,0.5,22,11,5,5,0,0,MEDIUM,MEDIUM,LOW,LOW
2023-05-04,Portugal,Malta,Europa Sports Complex,Malta,field,T20,2023,Portugal,1,0,0.6666666666666666,0.6363636363636364,0.8,0.6,1.0,0.0,1.0,0.5,12,22,1,1,1,0,LOW,LOW,LOW,LOW
2023-05-05,Portugal,Malta,Europa Sports Complex,Portugal,bat,T20,2023,Portugal,1,1,0.6923076923076923,0.6086956521739131,1.0,0.4,1.0,0.0,1.0,0.0,13,23,2,2,2,1,LOW,LOW,LOW,LOW
2023-05-05,Gibraltar,Malta,Europa Sports Complex,Gibraltar,bat,T20,2023,Gibraltar,1,1,0.0869565217391304,0.5833333333333334,0.0,0.4,0.0,1.0,0.0,0.0,23,24,5,5,1,2,MEDIUM,MEDIUM,LOW,LOW
2023-05-06,Malta,Portugal,Europa Sports Complex,Malta,bat,T20,2023,Portugal,0,1,0.56,0.7142857142857143,0.4,1.0,0.0,1.0,0.0,1.0,25,14,3,3,3,3,LOW,LOW,LOW,LOW
2023-05-06,Gibraltar,Malta,Europa Sports Complex,Gibraltar,bat,T20,2023,Gibraltar,1,1,0.125,0.5384615384615384,0.2,0.2,0.1666666666666666,0.8333333333333334,0.5,0.0,24,26,6,6,2,4,MEDIUM,MEDIUM,LOW,LOW
2023-05-06,Gibraltar,Portugal,Europa Sports Complex,Gibraltar,bat,T20,2023,Portugal,0,1,0.16,0.7333333333333333,0.4,1.0,0.0,1.0,0.6666666666666666,1.0,25,15,6,6,3,4,MEDIUM,MEDIUM,LOW,LOW
2023-05-07,Malta,Gibraltar,Europa Sports Complex,Malta,bat,T20,2023,Malta,1,1,0.5185185185185185,0.1538461538461538,0.0,0.4,0.7142857142857143,0.2857142857142857,0.0,0.5,27,26,7,7,5,4,MEDIUM,MEDIUM,MEDIUM,LOW
2023-05-07,Gibraltar,Portugal,Europa Sports Complex,Gibraltar,bat,T20,2023,Portugal,0,1,0.1481481481481481,0.75,0.4,1.0,0.0,1.0,0.4,1.0,27,16,7,7,5,5,MEDIUM,MEDIUM,MEDIUM,MEDIUM
2023-05-18,Denmark,Finland,"Svanholm Park, Brondby",Denmark,bat,T20,2023,Denmark,1,1,0.4285714285714285,0.5833333333333334,0.8,0.8,0.6666666666666666,0.3333333333333333,0.6666666666666666,0.3333333333333333,20,12,3,3,5,3,LOW,LOW,MEDIUM,LOW
2023-05-18,Norway,Denmark,"Svanholm Park, Brondby",Norway,bat,T20,2023,Denmark,0,1,0.2941176470588235,0.4,0.4,0.8,0.0,1.0,0.5,0.6,17,21,1,1,0,6,LOW,LOW,LOW,MEDIUM
2023-05-19,Denmark,Sweden,"Svanholm Park, Brondby",Sweden,field,T20,2023,Sweden,0,0,0.4545454545454545,0.4,0.8,0.6,0.5,0.5,0.7142857142857143,0.5,22,15,2,2,7,2,LOW,LOW,MEDIUM,LOW
2023-05-19,Finland,Denmark,"Svanholm Park, Brondby",Finland,bat,T20,2023,Denmark,0,1,0.5384615384615384,0.4347826086956521,0.6,0.8,0.25,0.75,0.25,0.625,13,23,4,4,4,8,LOW,LOW,LOW,MEDIUM
2023-05-20,Finland,Norway,"Solvangs Park, Glostrup",Finland,bat,T20,2023,Norway,0,1,0.5,0.2777777777777778,0.6,0.4,0.5,0.5,0.5,0.5,14,18,0,0,0,0,LOW,LOW,LOW,LOW
2023-06-10,Kenya,Uganda,"Gymkhana Club Ground, Nairobi",Kenya,bat,T20,2023,Kenya,1,1,0.5,0.7333333333333333,1.0,0.8,0.5,0.5,0.25,0.5,48,45,6,6,4,0,MEDIUM,MEDIUM,LOW,LOW
2023-06-10,Belgium,Germany,Bayer Uerdingen Cricket Ground,Germany,field,T20,2023,Germany,0,0,0.7692307692307693,0.5882352941176471,0.8,0.8,0.5,0.5,0.5,0.7777777777777778,13,34,0,0,0,9,LOW,LOW,LOW,MEDIUM
2023-06-11,Botswana,Kenya,"Gymkhana Club Ground, Nairobi",Botswana,bat,T20,2023,Kenya,0,1,0.3684210526315789,0.5102040816326531,0.4,1.0,0.0,1.0,0.5,0.4,19,49,1,1,0,5,LOW,LOW,LOW,MEDIUM
2023-06-11,Belgium,Germany,Bayer Uerdingen Cricket Ground,Germany,field,T20,2023,Germany,0,0,0.7142857142857143,0.6,0.6,0.8,0.0,1.0,0.0,0.8,14,35,1,1,1,10,LOW,LOW,LOW,MEDIUM
2023-06-11,Hungary,Czech Republic,"Scott Page Field, Vinor",Hungary,bat,T20,2023,Czech Republic,0,1,0.3846153846153846,0.5238095238095238,0.0,0.8,0.3333333333333333,0.6666666666666666,0.5,0.5,13,21,3,3,0,8,LOW,LOW,LOW,MEDIUM
2023-06-11,Rwanda,Uganda,"Gymkhana Club Ground, Nairobi",Rwanda,bat,T20,2023,Uganda,0,1,0.391304347826087,0.717391304347826,0.0,0.6,0.0,1.0,0.5,0.0,23,46,5,5,0,1,MEDIUM,MEDIUM,LOW,LOW
2023-06-13,Uganda,Kenya,"Gymkhana Club Ground, Nairobi",Uganda,bat,T20,2023,Uganda,1,1,0.723404255319149,0.52,0.8,1.0,0.4285714285714285,0.5714285714285714,0.5,0.5,47,50,7,7,2,6,MEDIUM,MEDIUM,LOW,MEDIUM
2023-06-13,Rwanda,Botswana,"Gymkhana Club Ground, Nairobi",Botswana,field,T20,2023,Rwanda,1,0,0.375,0.35,0.0,0.4,1.0,0.0,0.0,0.0,24,20,1,1,1,1,LOW,LOW,LOW,LOW
2023-06-14,Uganda,Botswana,"Gymkhana Club Ground, Nairobi",Uganda,bat,T20,2023,Uganda,1,1,0.7291666666666666,0.3333333333333333,0.8,0.4,1.0,0.0,0.6666666666666666,0.0,48,21,2,2,3,2,LOW,LOW,LOW,LOW
2023-06-14,Rwanda,Kenya,"Gymkhana Club Ground, Nairobi",Rwanda,bat,T20,2023,Kenya,0,1,0.4,0.5098039215686274,0.2,0.8,0.0,1.0,0.5,0.4285714285714285,25,51,1,1,2,7,LOW,LOW,LOW,MEDIUM
2023-06-15,Botswana,Kenya,"Gymkhana Club Ground, Nairobi",Botswana,bat,T20,2023,Botswana,1,1,0.3181818181818182,0.5192307692307693,0.2,0.8,0.0,1.0,0.0,0.5,22,52,2,2,3,8,LOW,LOW,LOW,MEDIUM
2023-06-15,Rwanda,Uganda,"Gymkhana Club Ground, Nairobi",Uganda,field,T20,2023,Uganda,0,0,0.3846153846153846,0.7346938775510204,0.2,0.8,0.0,1.0,0.3333333333333333,0.75,26,49,6,6,3,4,MEDIUM,MEDIUM,LOW,LOW
2023-06-17,Botswana,Uganda,"Gymkhana Club Ground, Nairobi",Botswana,bat,T20,2023,Uganda,0,1,0.3478260869565217,0.74,0.2,0.8,0.0,1.0,0.25,0.8,23,50,3,3,4,5,LOW,LOW,LOW,MEDIUM
2023-06-17,Rwanda,Kenya,"Gymkhana Club Ground, Nairobi",Rwanda,bat,T20,2023,Kenya,0,1,0.3703703703703703,0.5094339622641509,0.2,0.6,0.0,1.0,0.25,0.4444444444444444,27,53,2,2,4,9,LOW,LOW,LOW,MEDIUM
2023-06-18,Botswana,Rwanda,"Gymkhana Club Ground, Nairobi",Botswana,bat,T20,2023,Rwanda,0,1,0.3333333333333333,0.3571428571428571,0.2,0.2,0.0,1.0,0.2,0.2,24,28,2,2,5,5,LOW,LOW,MEDIUM,MEDIUM
2023-06-18,Kenya,Uganda,"Gymkhana Club Ground, Nairobi",Kenya,bat,T20,2023,Uganda,0,1,0.5185185185185185,0.7450980392156863,0.6,1.0,0.5,0.5,0.5,0.8333333333333334,54,51,8,8,10,6,MEDIUM,MEDIUM,MEDIUM,MEDIUM
2023-06-19,Uganda,Rwanda,"Gymkhana Club Ground, Nairobi",Uganda,bat,T20,2023,Uganda,1,1,0.75,0.3793103448275862,1.0,0.4,1.0,0.0,0.8571428571428571,0.3333333333333333,52,29,7,7,7,6,MEDIUM,MEDIUM,MEDIUM,MEDIUM
2023-06-19,Botswana,Kenya,"Gymkhana Club Ground, Nairobi",Botswana,bat,T20,2023,Kenya,0,1,0.32,0.509090909090909,0.2,0.4,0.3333333333333333,0.6666666666666666,0.1666666666666666,0.4545454545454545,25,55,3,3,6,11,LOW,LOW,MEDIUM,MEDIUM
2023-06-21,Uganda,Kenya,"Gymkhana Club Ground, Nairobi",Uganda,bat,T20,2023,Uganda,1,1,0.7547169811320755,0.5178571428571429,1.0,0.6,0.5555555555555556,0.4444444444444444,0.875,0.5,53,56,9,9,8,12,MEDIUM,MEDIUM,MEDIUM,MEDIUM
2023-06-23,Croatia,Bulgaria,"National Sports Academy, Sofia",Bulgaria,field,T20,2023,Bulgaria,0,0,0.4,0.36,0.4,0.2,0.5,0.5,0.5,0.8,5,25,0,0,0,5,LOW,LOW,LOW,MEDIUM
2023-06-23,Bulgaria,Serbia,"National Sports Academy, Sofia",Serbia,field,T20,2023,Serbia,0,0,0.3846153846153846,0.3125,0.4,0.6,0.7142857142857143,0.2857142857142857,0.8333333333333334,0.125,26,15,7,7,6,7,MEDIUM,MEDIUM,MEDIUM,MEDIUM
2023-06-23,Serbia,Turkey,"National Sports Academy, Sofia",Serbia,bat,T20,2023,Serbia,1,1,0.2666666666666666,0.0,0.4,0.0,1.0,0.0,0.0,0.5,16,4,1,1,8,0,LOW,LOW,MEDIUM,LOW
2023-06-24,Croatia,Turkey,"National Sports Academy, Sofia",Croatia,bat,T20,2023,Turkey,0,1,0.3333333333333333,0.0,0.4,0.0,0.5,0.5,0.0,0.0,6,5,0,0,1,1,LOW,LOW,LOW,LOW
2023-06-24,Turkey,Bulgaria,"National Sports Academy, Sofia",Bulgaria,field,T20,2023,Bulgaria,0,0,0.1666666666666666,0.3703703703703703,0.2,0.4,0.5,0.5,0.5,0.7142857142857143,6,27,0,0,2,7,LOW,LOW,LOW,MEDIUM
2023-06-24,Croatia,Serbia,"National Sports Academy, Sofia",Croatia,bat,T20,2023,Serbia,0,1,0.2857142857142857,0.3529411764705882,0.2,0.6,1.0,0.0,0.0,0.2222222222222222,7,17,1,1,2,9,LOW,LOW,LOW,MEDIUM
2023-06-29,Austria,Germany,"Sportpark Het Schootsveld, Deventer",Germany,field,T20,2023,Germany,0,0,0.8,0.6111111111111112,0.8,0.8,0.5,0.5,0.5,0.5,15,36,2,2,0,0,LOW,LOW,LOW,LOW
2023-06-30,Austria,Germany,"Sportpark Het Schootsveld, Deventer",Germany,field,T20,2023,Germany,0,0,0.75,0.6216216216216216,0.8,0.8,0.3333333333333333,0.6666666666666666,0.0,1.0,16,37,3,3,1,1,LOW,LOW,LOW,LOW
2023-07-10,Malta,France,Marsa Sports Club,Malta,bat,T20,2023,Malta,1,1,0.5357142857142857,0.375,0.2,0.4,0.5,0.5,0.6428571428571429,0.5,28,8,0,0,14,0,LOW,LOW,MEDIUM,LOW
2023-07-10,France,Malta,Marsa Sports Club,Malta,field,T20,2023,France,1,0,0.3333333333333333,0.5517241379310345,0.4,0.4,0.0,1.0,0.0,0.6666666666666666,9,29,1,1,1,15,LOW,LOW,LOW,MEDIUM
2023-07-11,Malta,Luxembourg,Marsa Sports Club,Luxembourg,field,T20,2023,Malta,1,0,0.5333333333333333,0.4117647058823529,0.4,0.6,0.5,0.5,0.625,0.5,30,17,0,0,16,0,LOW,LOW,MEDIUM,LOW
2023-07-11,France,Luxembourg,Marsa Sports Club,France,bat,T20,2023,France,1,1,0.4,0.3888888888888889,0.4,0.6,0.5,0.5,0.5,0.0,10,18,0,0,2,1,LOW,LOW,LOW,LOW
2023-07-12,Luxembourg,France,Marsa Sports Club,Luxembourg,bat,T20,2023,France,0,1,0.4,0.4545454545454545,0.6,0.6,0.0,1.0,0.3333333333333333,0.6666666666666666,19,11,1,1,2,3,LOW,LOW,LOW,LOW
2023-07-12,France,Malta,Marsa Sports Club,France,bat,T20,2023,France,1,1,0.5,0.53125,0.6,0.6,0.5,0.5,0.75,0.6111111111111112,12,31,2,2,4,17,LOW,LOW,LOW,MEDIUM
2023-07-12,Malta,Luxembourg,Marsa Sports Club,Malta,bat,T20,2023,Luxembourg,0,1,0.5483870967741935,0.3684210526315789,0.6,0.6,1.0,0.0,0.6470588235294118,0.0,32,20,1,1,18,3,LOW,LOW,MEDIUM,LOW
2023-07-13,Luxembourg,Malta,Marsa Sports Club,Malta,field,T20,2023,Malta,0,0,0.3809523809523809,0.5151515151515151,0.4,0.4,0.5,0.5,0.25,0.5789473684210527,21,33,2,2,4,19,LOW,LOW,LOW,MEDIUM
2023-07-13,Romania,Switzerland,Marsa Sports Club,Switzerland,field,T20,2023,Switzerland,0,0,0.7272727272727273,0.5555555555555556,0.4,0.4,0.5,0.5,0.6666666666666666,0.75,22,9,0,0,6,4,LOW,LOW,MEDIUM,LOW
2023-07-13,France,Romania,Marsa Sports Club,France,bat,T20,2023,France,1,1,0.5384615384615384,0.6956521739130435,0.8,0.2,0.5,0.5,0.8,0.5714285714285714,13,23,0,0,5,7,LOW,LOW,MEDIUM,MEDIUM
2023-07-14,France,Switzerland,Marsa Sports Club,France,bat,T20,2023,Switzerland,0,1,0.5714285714285714,0.6,1.0,0.4,0.0,1.0,0.8333333333333334,0.8,14,10,1,1,6,5,LOW,LOW,MEDIUM,MEDIUM
2023-07-14,Luxembourg,Switzerland,Marsa Sports Club,Switzerland,field,T20,2023,Switzerland,0,0,0.3636363636363636,0.6363636363636364,0.2,0.4,1.0,0.0,0.2,0.8333333333333334,22,11,1,1,5,6,LOW,LOW,MEDIUM,MEDIUM
2023-07-14,Malta,Romania,Marsa Sports Club,Malta,bat,T20,2023,Malta,1,1,0.5294117647058824,0.6666666666666666,0.4,0.2,0.3333333333333333,0.6666666666666666,0.6,0.5,34,24,3,3,20,8,LOW,LOW,HIGH,MEDIUM
2023-07-15,Romania,Luxembourg,Marsa Sports Club,Romania,bat,T20,2023,Luxembourg,0,1,0.64,0.3478260869565217,0.2,0.2,1.0,0.0,0.4444444444444444,0.1666666666666666,25,23,1,1,9,6,LOW,LOW,MEDIUM,MEDIUM
2023-07-15,Malta,Switzerland,Marsa Sports Club,Switzerland,field,T20,2023,Switzerland,0,0,0.5428571428571428,0.6666666666666666,0.6,0.6,0.5,0.5,0.6190476190476191,0.8571428571428571,35,12,2,2,21,7,LOW,LOW,HIGH,MEDIUM
2023-07-15,France,Luxembourg,Marsa Sports Club,France,bat,T20,2023,Luxembourg,0,1,0.5333333333333333,0.375,0.8,0.4,1.0,0.0,0.7142857142857143,0.2857142857142857,15,24,2,2,7,7,LOW,LOW,MEDIUM,MEDIUM
2023-07-16,France,Malta,Marsa Sports Club,France,bat,T20,2023,Malta,0,1,0.5,0.5277777777777778,0.6,0.4,0.6666666666666666,0.3333333333333333,0.625,0.5909090909090909,16,36,3,3,8,22,LOW,LOW,MEDIUM,HIGH
2023-07-16,Luxembourg,Romania,Marsa Sports Club,Romania,field,T20,2023,Romania,0,0,0.4,0.6153846153846154,0.4,0.0,0.5,0.5,0.375,0.4,25,26,2,2,8,10,LOW,LOW,MEDIUM,MEDIUM
2023-07-16,Malta,Switzerland,Marsa Sports Club,Malta,bat,T20,2023,Switzerland,0,1,0.5405405405405406,0.6923076923076923,0.6,0.8,0.3333333333333333,0.6666666666666666,0.6086956521739131,0.875,37,13,3,3,23,8,LOW,LOW,HIGH,MEDIUM
2023-07-20,Ireland,Italy,"Goldenacre, Edinburgh",Italy,field,T20,2023,Ireland,1,0,0.4629629629629629,0.5555555555555556,0.4,0.4,0.5,0.5,0.5,0.5,108,18,0,0,0,0,LOW,LOW,LOW,LOW
2023-07-20,Scotland,Germany,"Goldenacre, Edinburgh",Germany,field,T20,2023,Scotland,1,0,0.4666666666666667,0.631578947368421,0.2,0.8,0.5,0.5,0.5,0.5,60,38,0,0,0,0,LOW,LOW,LOW,LOW
2023-07-20,Austria,Jersey,"Grange Cricket Club Ground, Raeburn Place, Edinburgh",Jersey,field,T20,2023,Jersey,0,0,0.7058823529411765,0.6666666666666666,0.6,0.4,0.5,0.5,0.5,0.5,17,21,0,0,0,0,LOW,LOW,LOW,LOW
2023-07-21,Austria,Germany,"Goldenacre, Edinburgh",Austria,bat,T20,2023,Germany,0,1,0.6666666666666666,0.6153846153846154,0.4,0.8,0.25,0.75,0.5,0.0,18,39,4,4,0,1,LOW,LOW,LOW,LOW
2023-07-21,Denmark,Ireland,"Grange Cricket Club Ground, Raeburn Place, Edinburgh",Denmark,bat,T20,2023,Ireland,0,1,0.4583333333333333,0.4678899082568807,0.8,0.4,0.5,0.5,0.5,0.5,24,109,0,0,0,0,LOW,LOW,LOW,LOW
2023-07-21,Scotland,Jersey,"Grange Cricket Club Ground, Raeburn Place, Edinburgh",Jersey,field,T20,2023,Scotland,1,0,0.4754098360655737,0.6818181818181818,0.4,0.4,0.5,0.5,0.2,1.0,61,22,0,0,5,1,LOW,LOW,MEDIUM,LOW
2023-07-22,Vanuatu,Papua New Guinea,"Amini Park, Port Moresby",Vanuatu,bat,T20,2023,Papua New Guinea,0,1,0.5714285714285714,0.4571428571428571,0.8,0.4,0.0,1.0,0.5,0.5,14,35,2,2,0,0,LOW,LOW,LOW,LOW
2023-07-22,Japan,Philippines,"Amini Park, Port Moresby",Japan,bat,T20,2023,Japan,1,1,0.6,0.125,0.6,0.0,0.5,0.5,0.5,0.5,5,8,0,0,0,0,LOW,LOW,LOW,LOW
2023-07-23,Japan,Vanuatu,"Amini Park, Port Moresby",Vanuatu,field,T20,2023,Japan,1,0,0.6666666666666666,0.5333333333333333,0.6,0.6,0.5,0.5,1.0,0.0,6,15,0,0,1,1,LOW,LOW,LOW,LOW
2023-07-23,Ireland,Austria,"Grange Cricket Club Ground, Raeburn Place, Edinburgh",Austria,field,T20,2023,Ireland,1,0,0.4727272727272727,0.631578947368421,0.6,0.2,0.5,0.5,1.0,0.0,110,19,0,0,1,1,LOW,LOW,LOW,LOW
2023-07-23,Denmark,Germany,"Grange Cricket Club Ground, Raeburn Place, Edinburgh",Denmark,bat,T20,2023,Germany,0,1,0.44,0.625,0.6,0.8,0.0,1.0,0.0,0.5,25,40,3,3,1,0,LOW,LOW,LOW,LOW
2023-07-23,Italy,Jersey,"Goldenacre, Edinburgh",Jersey,field,T20,2023,Italy,1,0,0.5263157894736842,0.6521739130434783,0.2,0.4,0.0,1.0,0.0,0.5,19,23,3,3,1,0,LOW,LOW,LOW,LOW
2023-07-24,Jersey,Ireland,"Goldenacre, Edinburgh",Ireland,field,T20,2023,Ireland,0,0,0.625,0.4774774774774775,0.4,0.8,0.0,1.0,0.0,1.0,24,111,1,1,1,1,LOW,LOW,LOW,LOW
2023-07-24,Austria,Denmark,"Goldenacre, Edinburgh",Denmark,field,T20,2023,Denmark,0,0,0.6,0.4230769230769231,0.0,0.4,0.5,0.5,0.0,0.5,20,26,0,0,1,0,LOW,LOW,LOW,LOW
2023-07-24,Scotland,Italy,"Grange Cricket Club Ground, Raeburn Place, Edinburgh",Italy,field,T20,2023,Scotland,1,0,0.4838709677419355,0.55,0.6,0.4,0.5,0.5,0.3333333333333333,0.5,62,20,0,0,6,0,LOW,LOW,MEDIUM,LOW
2023-07-25,Vanuatu,Philippines,"Amini Park, Port Moresby",Vanuatu,bat,T20,2023,Philippines,0,1,0.5,0.1111111111111111,0.6,0.0,0.5,0.5,0.0,0.0,16,9,2,2,2,1,LOW,LOW,LOW,LOW
2023-07-25,Scotland,Austria,"Goldenacre, Edinburgh",Austria,field,T20,2023,Scotland,1,0,0.492063492063492,0.5714285714285714,0.6,0.0,0.5,0.5,1.0,0.0,63,21,0,0,1,2,LOW,LOW,LOW,LOW
2023-07-25,Jersey,Germany,"Grange Cricket Club Ground, Raeburn Place, Edinburgh",Germany,field,T20,2023,Jersey,1,0,0.6,0.6341463414634146,0.4,0.8,0.6666666666666666,0.3333333333333333,0.5,1.0,25,41,3,3,2,1,LOW,LOW,LOW,LOW
2023-07-25,Italy,Denmark,"Grange Cricket Club Ground, Raeburn Place, Edinburgh",Denmark,field,T20,2023,Italy,1,0,0.5238095238095238,0.4444444444444444,0.4,0.4,0.6666666666666666,0.3333333333333333,0.0,0.0,21,27,3,3,1,2,LOW,LOW,LOW,LOW
2023-07-25,Japan,Papua New Guinea,"Amini Park, Port Moresby",Japan,bat,T20,2023,Papua New Guinea,0,1,0.7142857142857143,0.4722222222222222,0.8,0.6,0.5,0.5,1.0,1.0,7,36,0,0,2,1,LOW,LOW,LOW,LOW
2023-07-26,China,Malaysia,"Bayuemas Oval, Kuala Lumpur",China,bat,T20,2023,Malaysia,0,1,0.5,0.5555555555555556,0.5,0.4,0.5,0.5,0.5,0.5,0,45,0,0,0,0,LOW,LOW,LOW,LOW
2023-07-26,Papua New Guinea,Vanuatu,"Amini Park, Port Moresby",Papua New Guinea,bat,T20,2023,Papua New Guinea,1,1,0.4864864864864865,0.4705882352941176,0.6,0.4,1.0,0.0,1.0,0.0,37,17,3,3,2,3,LOW,LOW,LOW,LOW
2023-07-26,Bhutan,Myanmar,"Bayuemas Oval, Kuala Lumpur",Bhutan,bat,T20,2023,Bhutan,1,1,0.5,0.5,0.8,0.5,0.5,0.5,0.5,0.5,8,0,0,0,0,0,LOW,LOW,LOW,LOW
2023-07-26,Japan,Philippines,"Amini Park, Port Moresby",Japan,bat,T20,2023,Japan,1,1,0.625,0.2,0.6,0.2,1.0,0.0,0.6666666666666666,0.5,8,10,1,1,3,2,LOW,LOW,LOW,LOW
2023-07-27,China,Thailand,"Bayuemas Oval, Kuala Lumpur",Thailand,field,T20,2023,Thailand,0,0,0.0,0.0769230769230769,0.0,0.0,0.5,0.5,0.0,0.5,1,13,0,0,1,0,LOW,LOW,LOW,LOW
2023-07-27,Malaysia,Bhutan,"Bayuemas Oval, Kuala Lumpur",Bhutan,field,T20,2023,Malaysia,1,0,0.5652173913043478,0.5555555555555556,0.6,0.8,1.0,0.0,1.0,1.0,46,9,2,2,1,1,LOW,LOW,LOW,LOW
2023-07-27,Scotland,Denmark,"Grange Cricket Club Ground, Raeburn Place, Edinburgh",Denmark,field,T20,2023,Scotland,1,0,0.5,0.4285714285714285,0.8,0.4,0.5,0.5,0.4285714285714285,0.0,64,28,0,0,7,3,LOW,LOW,MEDIUM,LOW
2023-07-28,Germany,Italy,"Grange Cricket Club Ground, Raeburn Place, Edinburgh",Italy,field,T20,2023,Italy,0,0,0.6190476190476191,0.5454545454545454,0.6,0.6,0.6,0.4,0.5,0.5,42,22,5,5,2,2,MEDIUM,MEDIUM,LOW,LOW
2023-07-28,Scotland,Ireland,"Grange Cricket Club Ground, Raeburn Place, Edinburgh",Ireland,field,T20,2023,Scotland,1,0,0.5076923076923077,0.4821428571428571,1.0,1.0,0.25,0.75,0.5,1.0,65,112,8,8,8,2,MEDIUM,MEDIUM,MEDIUM,LOW
2023-07-28,Jersey,Denmark,"Goldenacre, Edinburgh",Denmark,field,T20,2023,Jersey,1,0,0.6153846153846154,0.4137931034482758,0.4,0.2,1.0,0.0,0.0,1.0,26,29,3,3,2,1,LOW,LOW,LOW,LOW
2023-07-28,Papua New Guinea,Philippines,"Amini Park, Port Moresby",Philippines,field,T20,2023,Papua New Guinea,1,0,0.5,0.1818181818181818,0.8,0.2,1.0,0.0,1.0,0.3333333333333333,38,11,1,1,3,3,LOW,LOW,LOW,LOW
2023-07-28,Japan,Vanuatu,"Amini Park, Port Moresby",Vanuatu,field,T20,2023,Vanuatu,0,0,0.6666666666666666,0.4444444444444444,0.6,0.2,1.0,0.0,0.75,0.0,9,18,1,1,4,4,LOW,LOW,LOW,LOW
2023-07-28,Thailand,Myanmar,"Bayuemas Oval, Kuala Lumpur",Myanmar,field,T20,2023,Thailand,1,0,0.1428571428571428,0.0,0.2,0.0,0.5,0.5,1.0,0.0,14,1,0,0,1,1,LOW,LOW,LOW,LOW
2023-07-29,Japan,Papua New Guinea,"Amini Park, Port Moresby",Japan,bat,T20,2023,Papua New Guinea,0,1,0.6,0.5128205128205128,0.6,1.0,0.0,1.0,0.6,1.0,10,39,1,1,5,4,LOW,LOW,MEDIUM,LOW
2023-07-29,Philippines,Vanuatu,"Amini Park, Port Moresby",Philippines,bat,T20,2023,Vanuatu,0,1,0.1666666666666666,0.4736842105263157,0.2,0.2,0.6666666666666666,0.3333333333333333,0.25,0.2,12,19,3,3,4,5,LOW,LOW,LOW,MEDIUM
2023-07-30,Malaysia,Myanmar,"Bayuemas Oval, Kuala Lumpur",Myanmar,field,T20,2023,Malaysia,1,0,0.574468085106383,0.0,0.6,0.0,0.5,0.5,1.0,0.0,47,2,0,0,2,2,LOW,LOW,LOW,LOW
2023-07-30,Bhutan,China,"Bayuemas Oval, Kuala Lumpur",Bhutan,bat,T20,2023,Bhutan,1,1,0.5,0.0,0.6,0.0,0.5,0.5,0.5,0.0,10,2,0,0,2,2,LOW,LOW,LOW,LOW
2023-07-31,Myanmar,China,"Bayuemas Oval, Kuala Lumpur",China,field,T20,2023,China,0,0,0.0,0.0,0.0,0.0,0.5,0.5,0.0,0.0,3,3,0,0,3,3,LOW,LOW,LOW,LOW
2023-07-31,Bhutan,Thailand,"Bayuemas Oval, Kuala Lumpur",Thailand,field,T20,2023,Thailand,0,0,0.5454545454545454,0.2,0.6,0.4,1.0,0.0,0.6666666666666666,1.0,11,15,2,2,3,2,LOW,LOW,LOW,LOW
2023-08-01,Thailand,Malaysia,"Bayuemas Oval, Kuala Lumpur",Malaysia,field,T20,2023,Malaysia,0,0,0.25,0.5833333333333334,0.6,0.6,0.0,1.0,1.0,1.0,16,48,5,5,3,3,MEDIUM,MEDIUM,LOW,LOW
2023-08-03,West Indies,India,"Brian Lara Stadium, Tarouba, Trinidad",West Indies,bat,T20,2023,West Indies,1,1,0.4339622641509434,0.6612903225806451,0.6,0.6,0.2916666666666667,0.7083333333333334,0.0,1.0,159,186,24,24,1,1,HIGH,HIGH,LOW,LOW
2023-08-05,Hungary,Croatia,"GB Oval, Szodliget",Hungary,bat,T20,2023,Hungary,1,1,0.3571428571428571,0.25,0.0,0.2,0.5,0.5,0.5,0.5,14,8,0,0,0,0,LOW,LOW,LOW,LOW
2023-08-06,India,West Indies,"Providence Stadium, Guyana",India,bat,T20,2023,West Indies,0,1,0.6577540106951871,0.4375,0.6,0.6,0.68,0.32,1.0,0.3333333333333333,187,160,25,25,1,3,HIGH,HIGH,LOW,LOW
2023-08-06,Croatia,Hungary,"GB Oval, Szodliget",Croatia,bat,T20,2023,Hungary,0,1,0.2222222222222222,0.4,0.2,0.2,0.0,1.0,0.0,1.0,9,15,1,1,1,1,LOW,LOW,LOW,LOW
2023-08-08,West Indies,India,"Providence Stadium, Guyana",West Indies,bat,T20,2023,India,0,1,0.4409937888198758,0.6542553191489362,0.8,0.4,0.3461538461538461,0.6538461538461539,0.5,0.5,161,188,26,26,4,2,HIGH,HIGH,LOW,LOW
2023-08-12,West Indies,India,"Central Broward Regional Park Stadium Turf Ground, Lauderhill",West Indies,bat,T20,2023,India,0,1,0.4382716049382716,0.656084656084656,0.6,0.6,0.3333333333333333,0.6666666666666666,0.0,1.0,162,189,27,27,2,2,HIGH,HIGH,LOW,LOW
2023-08-13,India,West Indies,"Central Broward Regional Park Stadium Turf Ground, Lauderhill",India,bat,T20,2023,West Indies,0,1,0.6578947368421053,0.4355828220858895,0.6,0.6,0.6785714285714286,0.3214285714285714,1.0,0.0,190,163,28,28,3,3,HIGH,HIGH,LOW,LOW
2023-08-14,Guernsey,Germany,"Sportpark Het Schootsveld, Deventer",Germany,field,T20,2023,Germany,0,0,0.6,0.6046511627906976,0.8,0.4,0.0,1.0,0.5,1.0,15,43,1,1,0,2,LOW,LOW,LOW,LOW
2023-08-14,Germany,Guernsey,"Sportpark Het Schootsveld, Deventer",Germany,bat,T20,2023,Guernsey,0,1,0.6136363636363636,0.5625,0.6,0.6,1.0,0.0,1.0,0.0,44,16,2,2,3,1,LOW,LOW,LOW,LOW
2023-08-15,Guernsey,Germany,"Sportpark Het Schootsveld, Deventer",Guernsey,bat,T20,2023,Guernsey,1,1,0.5882352941176471,0.6,0.6,0.4,0.3333333333333333,0.6666666666666666,0.5,0.75,17,45,3,3,2,4,LOW,LOW,LOW,LOW
2023-08-17,New Zealand,United Arab Emirates,Dubai International Cricket Stadium,United Arab Emirates,field,T20,2023,New Zealand,1,0,0.5480225988700564,0.5087719298245614,0.6,0.2,0.5,0.5,0.3333333333333333,0.0,177,57,0,0,9,5,LOW,LOW,MEDIUM,MEDIUM
2023-08-18,Romania,Malta,"Moara Vlasiei Cricket Ground, Ilfov County",Romania,bat,T20,2023,Malta,0,1,0.6296296296296297,0.5263157894736842,0.2,0.6,0.5,0.5,1.0,0.3333333333333333,27,38,4,4,4,3,LOW,LOW,LOW,LOW
2023-08-18,Ireland,India,"Malahide, Dublin",India,field,T20,2023,India,0,0,0.4778761061946903,0.6544502617801047,0.8,0.4,0.0,1.0,0.5,0.5,113,191,5,5,0,0,MEDIUM,MEDIUM,LOW,LOW
2023-08-19,Romania,Malta,"Moara Vlasiei Cricket Ground, Ilfov County",Romania,bat,T20,2023,Malta,0,1,0.6071428571428571,0.5384615384615384,0.2,0.6,0.4,0.6,0.8,0.5,28,39,5,5,5,4,MEDIUM,MEDIUM,MEDIUM,LOW
2023-08-19,Malta,Romania,"Moara Vlasiei Cricket Ground, Ilfov County",Romania,field,T20,2023,Romania,0,0,0.55,0.5862068965517241,0.6,0.2,0.6666666666666666,0.3333333333333333,0.6,0.6666666666666666,40,29,6,6,5,6,MEDIUM,MEDIUM,MEDIUM,MEDIUM
2023-08-19,New Zealand,United Arab Emirates,Dubai International Cricket Stadium,United Arab Emirates,field,T20,2023,United Arab Emirates,0,0,0.550561797752809,0.5,0.6,0.2,1.0,0.0,0.4,0.0,178,58,1,1,10,6,LOW,LOW,MEDIUM,MEDIUM
2023-08-20,Uganda,Rwanda,"Gahanga International Cricket Stadium, Rwanda",Uganda,bat,T20,2023,Uganda,1,1,0.7592592592592593,0.3666666666666666,1.0,0.2,1.0,0.0,0.875,0.1111111111111111,54,30,8,8,8,9,MEDIUM,MEDIUM,MEDIUM,MEDIUM
2023-08-20,Malta,Romania,"Moara Vlasiei Cricket Ground, Ilfov County",Romania,field,T20,2023,Romania,0,0,0.5238095238095238,0.6129032258064516,0.4,0.6,0.5,0.5,0.4285714285714285,0.75,41,30,7,7,6,7,MEDIUM,MEDIUM,MEDIUM,MEDIUM
2023-08-20,Tanzania,Uganda,"Gahanga International Cricket Stadium, Rwanda",Tanzania,bat,T20,2023,Uganda,0,1,0.7241379310344828,0.7636363636363637,0.6,1.0,0.1428571428571428,0.8571428571428571,0.5555555555555556,0.8888888888888888,29,55,7,7,9,9,MEDIUM,MEDIUM,MEDIUM,MEDIUM
2023-08-20,India,Ireland,"Malahide, Dublin",Ireland,field,T20,2023,India,1,0,0.65625,0.4736842105263157,0.6,0.6,1.0,0.0,1.0,0.0,192,114,6,6,1,1,MEDIUM,MEDIUM,LOW,LOW
2023-08-20,New Zealand,United Arab Emirates,Dubai International Cricket Stadium,United Arab Emirates,field,T20,2023,New Zealand,1,0,0.547486033519553,0.5084745762711864,0.6,0.4,0.5,0.5,0.3636363636363636,0.1428571428571428,179,59,2,2,11,7,LOW,LOW,MEDIUM,MEDIUM
2023-08-20,Romania,Malta,"Moara Vlasiei Cricket Ground, Ilfov County",Malta,field,T20,2023,Romania,1,0,0.6,0.5365853658536586,0.4,0.6,0.4285714285714285,0.5714285714285714,0.7142857142857143,0.5,31,42,8,8,8,7,MEDIUM,MEDIUM,MEDIUM,MEDIUM
2023-08-21,Uganda,Tanzania,"Gahanga International Cricket Stadium, Rwanda",Uganda,bat,T20,2023,Tanzania,0,1,0.7678571428571429,0.7,1.0,0.6,0.875,0.125,0.9,0.5,56,30,8,8,10,10,MEDIUM,MEDIUM,MEDIUM,MEDIUM
2023-08-22,Uganda,Rwanda,"Gahanga International Cricket Stadium, Rwanda",Rwanda,field,T20,2023,Uganda,1,0,0.7543859649122807,0.3548387096774194,0.8,0.2,1.0,0.0,0.8181818181818182,0.1,57,31,9,9,11,10,MEDIUM,MEDIUM,MEDIUM,MEDIUM
2023-08-22,Rwanda,Tanzania,"Gahanga International Cricket Stadium, Rwanda",Tanzania,field,T20,2023,Tanzania,0,0,0.34375,0.7096774193548387,0.2,0.6,0.2,0.8,0.0909090909090909,0.5454545454545454,32,31,5,5,11,11,MEDIUM,MEDIUM,MEDIUM,MEDIUM
2023-08-24,Uganda,Tanzania,"Gahanga International Cricket Stadium, Rwanda",Tanzania,field,T20,2023,Uganda,1,0,0.7586206896551724,0.71875,0.8,0.6,0.7777777777777778,0.2222222222222222,0.8333333333333334,0.5833333333333334,58,32,9,9,12,12,MEDIUM,MEDIUM,MEDIUM,MEDIUM
2023-08-24,Uganda,Rwanda,"Gahanga International Cricket Stadium, Rwanda",Rwanda,field,T20,2023,Uganda,1,0,0.7627118644067796,0.3333333333333333,0.8,0.2,1.0,0.0,0.8461538461538461,0.0833333333333333,59,33,10,10,13,12,MEDIUM,MEDIUM,MEDIUM,MEDIUM
2023-08-25,Uganda,Tanzania,"Gahanga International Cricket Stadium, Rwanda",Uganda,bat,T20,2023,Uganda,1,1,0.7666666666666667,0.696969696969697,0.8,0.4,0.8,0.2,0.8571428571428571,0.5384615384615384,60,33,10,10,14,13,MEDIUM,MEDIUM,MEDIUM,MEDIUM
2023-08-25,Rwanda,Tanzania,"Gahanga International Cricket Stadium, Rwanda",Tanzania,field,T20,2023,Tanzania,0,0,0.3235294117647059,0.6764705882352942,0.0,0.4,0.1666666666666666,0.8333333333333334,0.0769230769230769,0.5,34,34,6,6,13,14,MEDIUM,MEDIUM,MEDIUM,MEDIUM
2023-08-27,Rwanda,Uganda,"Gahanga International Cricket Stadium, Rwanda",Rwanda,bat,T20,2023,Uganda,0,1,0.3142857142857143,0.7704918032786885,0.0,0.8,0.0,1.0,0.0714285714285714,0.8666666666666667,35,61,11,11,14,15,MEDIUM,MEDIUM,MEDIUM,MEDIUM
2023-08-27,Tanzania,Rwanda,"Gahanga International Cricket Stadium, Rwanda",Rwanda,field,T20,2023,Tanzania,1,0,0.6857142857142857,0.3055555555555556,0.6,0.0,0.8571428571428571,0.1428571428571428,0.5333333333333333,0.0666666666666666,35,36,7,7,15,15,MEDIUM,MEDIUM,MEDIUM,MEDIUM
2023-08-28,Rwanda,Uganda,"Gahanga International Cricket Stadium, Rwanda",Rwanda,bat,T20,2023,Uganda,0,1,0.2972972972972973,0.7741935483870968,0.0,1.0,0.0,1.0,0.0625,0.875,37,62,12,12,16,16,MEDIUM,MEDIUM,MEDIUM,MEDIUM
2023-08-28,Uganda,Tanzania,"Gahanga International Cricket Stadium, Rwanda",Uganda,bat,T20,2023,Uganda,1,1,0.7777777777777778,0.6944444444444444,1.0,0.6,0.8181818181818182,0.1818181818181818,0.8823529411764706,0.5625,63,36,11,11,17,16,MEDIUM,MEDIUM,MEDIUM,MEDIUM
2023-08-30,Tanzania,Rwanda,"Gahanga International Cricket Stadium, Rwanda",Rwanda,field,T20,2023,Tanzania,1,0,0.6578947368421053,0.2894736842105263,0.4,0.0,0.875,0.125,0.5,0.0588235294117647,37,38,8,8,17,17,MEDIUM,MEDIUM,MEDIUM,MEDIUM
2023-08-30,Uganda,Tanzania,"Gahanga International Cricket Stadium, Rwanda",Tanzania,field,T20,2023,Uganda,1,0,0.78125,0.6756756756756757,1.0,0.4,0.8333333333333334,0.1666666666666666,0.8888888888888888,0.5294117647058824,64,38,12,12,18,18,MEDIUM,MEDIUM,MEDIUM,MEDIUM
2023-08-30,New Zealand,England,"Riverside Ground, Chester-le-Street",England,field,T20,2023,England,0,0,0.55,0.5370370370370371,0.8,0.4,0.3809523809523809,0.6190476190476191,0.5,0.5,180,162,21,21,0,0,HIGH,HIGH,LOW,LOW
2023-08-30,Australia,South Africa,"Kingsmead, Durban",South Africa,field,T20,2023/24,Australia,1,0,0.5421686746987951,0.5714285714285714,0.4,0.2,0.6363636363636364,0.3636363636363636,0.5,0.5,166,161,22,22,0,0,HIGH,HIGH,LOW,LOW
2023-08-31,Rwanda,Uganda,"Gahanga International Cricket Stadium, Rwanda",Rwanda,bat,T20,2023,Uganda,0,1,0.282051282051282,0.7846153846153846,0.0,1.0,0.0,1.0,0.0555555555555555,0.8947368421052632,39,65,13,13,18,19,MEDIUM,MEDIUM,MEDIUM,MEDIUM
2023-08-31,Tanzania,Rwanda,"Gahanga International Cricket Stadium, Rwanda",Tanzania,bat,T20,2023,Tanzania,1,1,0.6666666666666666,0.275,0.6,0.0,0.8888888888888888,0.1111111111111111,0.5263157894736842,0.0526315789473684,39,40,9,9,19,19,MEDIUM,MEDIUM,MEDIUM,MEDIUM
2023-09-01,South Africa,Australia,"Kingsmead, Durban",Australia,field,T20,2023/24,Australia,0,0,0.5679012345679012,0.5449101796407185,0.2,0.6,0.3478260869565217,0.6521739130434783,0.0,1.0,162,167,23,23,1,1,HIGH,HIGH,LOW,LOW
2023-09-01,England,New Zealand,"Old Trafford, Manchester",England,bat,T20,2023,England,1,1,0.5398773006134969,0.5469613259668509,0.4,0.6,0.6363636363636364,0.3636363636363636,1.0,0.5,163,181,22,22,1,0,HIGH,HIGH,LOW,LOW
2023-09-03,South Africa,Australia,"Kingsmead, Durban",South Africa,bat,T20,2023/24,Australia,0,1,0.5644171779141104,0.5476190476190477,0.2,0.8,0.3333333333333333,0.6666666666666666,0.0,1.0,163,168,24,24,2,2,HIGH,HIGH,LOW,LOW
2023-09-03,New Zealand,England,"Edgbaston, Birmingham",New Zealand,bat,T20,2023,New Zealand,1,1,0.5439560439560439,0.5426829268292683,0.4,0.4,0.3478260869565217,0.6521739130434783,0.5,0.0,182,164,23,23,0,1,HIGH,HIGH,LOW,LOW
2023-09-05,England,New Zealand,"Trent Bridge, Nottingham",England,bat,T20,2023,New Zealand,0,1,0.5393939393939394,0.546448087431694,0.4,0.4,0.625,0.375,0.5,0.5,165,183,24,24,2,0,HIGH,HIGH,LOW,LOW
2023-09-15,Qatar,Bahrain,"West End Park International Cricket Stadium, Doha",Bahrain,field,T20,2023,Qatar,1,0,0.5384615384615384,0.4642857142857143,0.6,0.4,0.0,1.0,1.0,0.6666666666666666,13,28,2,2,2,3,LOW,LOW,LOW,LOW
2023-09-15,Saudi Arabia,Kuwait,"West End Park International Cricket Stadium, Doha",Saudi Arabia,bat,T20,2023,Kuwait,0,1,0.3,0.5789473684210527,0.4,0.4,0.5,0.5,0.5,0.6666666666666666,10,19,0,0,2,3,LOW,LOW,LOW,LOW
2023-09-16,Bahrain,Kuwait,"West End Park International Cricket Stadium, Doha",Kuwait,field,T20,2023,Kuwait,0,0,0.4482758620689655,0.6,0.2,0.4,0.1428571428571428,0.8571428571428571,0.5,0.75,29,20,7,7,4,4,MEDIUM,MEDIUM,LOW,LOW
2023-09-18,Saudi Arabia,Bahrain,"West End Park International Cricket Stadium, Doha",Saudi Arabia,bat,T20,2023,Bahrain,0,1,0.2727272727272727,0.4333333333333333,0.4,0.2,0.5,0.5,0.3333333333333333,0.4,11,30,4,4,3,5,LOW,LOW,LOW,MEDIUM
2023-09-18,Qatar,Kuwait,"West End Park International Cricket Stadium, Doha",Kuwait,field,T20,2023,Qatar,1,0,0.5714285714285714,0.6190476190476191,0.6,0.6,0.5,0.5,1.0,0.8,14,21,2,2,3,5,LOW,LOW,LOW,MEDIUM
2023-09-19,Bahrain,Oman,"West End Park International Cricket Stadium, Doha",Oman,field,T20,2023,Bahrain,1,0,0.4516129032258064,0.4666666666666667,0.4,0.4,0.5,0.5,0.5,0.5,31,45,2,2,6,0,LOW,LOW,MEDIUM,LOW
2023-09-19,Malaysia,Hong Kong,"Bayuemas Oval, Kuala Lumpur",Hong Kong,field,T20,2023,Malaysia,1,0,0.5918367346938775,0.4423076923076923,0.8,0.8,0.625,0.375,1.0,0.5,49,52,8,8,4,0,MEDIUM,MEDIUM,LOW,LOW
2023-09-20,United Arab Emirates,Qatar,"West End Park International Cricket Stadium, Doha",United Arab Emirates,bat,T20,2023,United Arab Emirates,1,1,0.5,0.6,0.4,0.8,1.0,0.0,0.5,1.0,60,15,1,1,0,4,LOW,LOW,LOW,LOW
2023-09-20,Malaysia,Papua New Guinea,"Bayuemas Oval, Kuala Lumpur",Malaysia,bat,T20,2023,Papua New Guinea,0,1,0.6,0.525,1.0,1.0,0.5,0.5,1.0,0.5,50,40,2,2,5,0,LOW,LOW,MEDIUM,LOW
2023-09-22,Oman,Kuwait,"West End Park International Cricket Stadium, Doha",Oman,bat,T20,2023,Oman,1,1,0.4565217391304347,0.5909090909090909,0.4,0.6,0.5,0.5,0.0,0.6666666666666666,46,22,0,0,1,6,LOW,LOW,LOW,MEDIUM
2023-09-22,Malaysia,Hong Kong,"Bayuemas Oval, Kuala Lumpur",Malaysia,bat,T20,2023,Malaysia,1,1,0.5882352941176471,0.4339622641509434,0.8,0.8,0.6666666666666666,0.3333333333333333,0.8333333333333334,0.0,51,53,9,9,6,1,MEDIUM,MEDIUM,MEDIUM,LOW
2023-09-22,Bahrain,United Arab Emirates,"West End Park International Cricket Stadium, Doha",Bahrain,bat,T20,2023,Bahrain,1,1,0.46875,0.5081967213114754,0.4,0.6,1.0,0.0,0.5714285714285714,1.0,32,61,1,1,7,1,LOW,LOW,MEDIUM,LOW
2023-09-23,Malaysia,Papua New Guinea,"Bayuemas Oval, Kuala Lumpur",Malaysia,bat,T20,2023,Papua New Guinea,0,1,0.5961538461538461,0.5365853658536586,0.8,1.0,0.3333333333333333,0.6666666666666666,0.8571428571428571,1.0,52,41,3,3,7,1,LOW,LOW,MEDIUM,LOW
2023-09-23,United Arab Emirates,Oman,"West End Park International Cricket Stadium, Doha",United Arab Emirates,bat,T20,2023,Oman,0,1,0.5,0.4680851063829787,0.4,0.4,0.5,0.5,0.5,0.5,62,47,4,4,2,2,LOW,LOW,LOW,LOW
2023-09-24,Hong Kong,Papua New Guinea,"Bayuemas Oval, Kuala Lumpur",Papua New Guinea,field,T20,2023,Papua New Guinea,0,0,0.4259259259259259,0.5476190476190477,0.6,1.0,1.0,0.0,0.0,1.0,54,42,1,1,2,2,LOW,LOW,LOW,LOW
2023-09-27,Nepal,Mongolia,Zhejiang University of Technology Cricket Field,Mongolia,field,T20,2023,Nepal,1,0,0.6078431372549019,0.5,0.8,0.5,0.5,0.5,0.5,0.5,51,0,0,0,0,0,LOW,LOW,LOW,LOW
2023-09-28,Qatar,Kuwait,"West End Park International Cricket Stadium, Doha",Kuwait,field,T20,2023/24,Kuwait,0,0,0.5625,0.5652173913043478,0.8,0.6,0.6666666666666666,0.3333333333333333,0.8,0.5714285714285714,16,23,3,3,5,7,LOW,LOW,MEDIUM,MEDIUM
2023-09-29,Maldives,Kuwait,"West End Park International Cricket Stadium, Doha",Kuwait,field,T20,2023/24,Kuwait,0,0,0.2142857142857142,0.5833333333333334,0.2,0.6,0.0,1.0,0.0,0.625,14,24,1,1,4,8,LOW,LOW,LOW,MEDIUM
2023-09-30,Panama,Cayman Islands,"White Hill Field, Sandys Parish",Panama,bat,T20,2023/24,Cayman Islands,0,1,0.2857142857142857,0.3,0.2,0.6,0.0,1.0,0.5,0.0,7,10,1,1,0,5,LOW,LOW,LOW,MEDIUM
2023-09-30,Gibraltar,Estonia,Europa Sports Complex,Estonia,field,T20,2023,Estonia,0,0,0.1428571428571428,0.0,0.4,0.0,0.5,0.5,0.3333333333333333,0.5,28,8,0,0,6,0,LOW,LOW,MEDIUM,LOW
2023-09-30,Bermuda,Canada,"White Hill Field, Sandys Parish",Canada,field,T20,2023/24,Bermuda,1,0,0.6,0.5882352941176471,1.0,0.8,0.5,0.5,1.0,1.0,20,34,0,0,3,4,LOW,LOW,LOW,LOW
2023-09-30,Estonia,Gibraltar,Europa Sports Complex,Gibraltar,field,T20,2023,Gibraltar,0,0,0.1111111111111111,0.1379310344827586,0.2,0.2,1.0,0.0,1.0,0.2857142857142857,9,29,1,1,1,7,LOW,LOW,LOW,MEDIUM
2023-10-01,Panama,Bermuda,"White Hill Field, Sandys Parish",Panama,bat,T20,2023/24,Bermuda,0,1,0.25,0.6190476190476191,0.2,1.0,0.0,1.0,0.0,1.0,8,21,1,1,1,4,LOW,LOW,LOW,LOW
2023-10-01,Canada,Cayman Islands,"White Hill Field, Sandys Parish",Canada,bat,T20,2023/24,Canada,1,1,0.5714285714285714,0.3636363636363636,0.6,0.8,1.0,0.0,0.8,0.1666666666666666,35,11,2,2,5,6,LOW,LOW,MEDIUM,MEDIUM
2023-10-01,Kuwait,Saudi Arabia,"West End Park International Cricket Stadium, Doha",Kuwait,bat,T20,2023/24,Saudi Arabia,0,1,0.6,0.25,0.6,0.4,1.0,0.0,0.6666666666666666,0.25,25,12,1,1,9,4,LOW,LOW,MEDIUM,LOW
2023-10-01,Maldives,Qatar,"West End Park International Cricket Stadium, Doha",Qatar,field,T20,2023/24,Qatar,0,0,0.2,0.5294117647058824,0.2,0.6,0.0,1.0,0.0,0.6666666666666666,15,17,1,1,5,6,LOW,LOW,MEDIUM,MEDIUM
2023-10-02,Qatar,Kuwait,"West End Park International Cricket Stadium, Doha",Kuwait,field,T20,2023/24,Kuwait,0,0,0.5555555555555556,0.5769230769230769,0.6,0.4,0.5,0.5,0.7142857142857143,0.6,18,26,4,4,7,10,LOW,LOW,MEDIUM,MEDIUM
2023-10-02,Maldives,Saudi Arabia,"West End Park International Cricket Stadium, Doha",Maldives,bat,T20,2023/24,Saudi Arabia,0,1,0.1875,0.3076923076923077,0.2,0.6,0.0,1.0,0.0,0.4,16,13,1,1,6,5,LOW,LOW,MEDIUM,MEDIUM
2023-10-03,Canada,Panama,"National Stadium, Hamilton",Canada,bat,T20,2023/24,Canada,1,1,0.5833333333333334,0.2222222222222222,0.8,0.0,1.0,0.0,0.5,0.5,36,9,1,1,0,0,LOW,LOW,LOW,LOW
2023-10-03,India,Nepal,Zhejiang University of Technology Cricket Field,India,bat,T20,2023,India,1,1,0.6580310880829016,0.6153846153846154,0.8,0.8,0.5,0.5,0.5,1.0,193,52,0,0,0,1,LOW,LOW,LOW,LOW
2023-10-03,Bermuda,Cayman Islands,"National Stadium, Hamilton",Bermuda,bat,T20,2023/24,Bermuda,1,1,0.6363636363636364,0.3333333333333333,1.0,0.8,1.0,0.0,0.5,0.5,22,12,3,3,0,0,LOW,LOW,LOW,LOW
2023-10-03,Pakistan,Hong Kong,Zhejiang University of Technology Cricket Field,Hong Kong,field,T20,2023,Pakistan,1,0,0.624390243902439,0.4181818181818181,0.4,0.4,1.0,0.0,0.5,0.5,205,55,1,1,0,0,LOW,LOW,LOW,LOW
2023-10-04,Sierra Leone,Ghana,"Tafawa Balewa Square Cricket Oval, Lagos",Ghana,field,T20,2023/24,Ghana,0,0,0.4666666666666667,0.3809523809523809,0.8,0.2,1.0,0.0,0.5,0.5,15,21,1,1,0,0,LOW,LOW,LOW,LOW
2023-10-04,Nigeria,Rwanda,"Tafawa Balewa Square Cricket Oval, Lagos",Nigeria,bat,T20,2023/24,Nigeria,1,1,0.4,0.2682926829268293,1.0,0.0,0.5,0.5,0.5,0.5,30,41,0,0,0,0,LOW,LOW,LOW,LOW
2023-10-04,Bangladesh,Malaysia,Zhejiang University of Technology Cricket Field,Bangladesh,bat,T20,2023,Bangladesh,1,1,0.3582089552238806,0.5849056603773585,0.8,0.6,0.5,0.5,0.5,0.5,134,53,0,0,0,0,LOW,LOW,LOW,LOW
2023-10-04,Maldives,Kuwait,"West End Park International Cricket Stadium, Doha",Kuwait,field,T20,2023/24,Kuwait,0,0,0.1764705882352941,0.5925925925925926,0.2,0.6,0.0,1.0,0.0,0.6363636363636364,17,27,2,2,7,11,LOW,LOW,MEDIUM,MEDIUM
2023-10-04,Canada,Cayman Islands,"National Stadium, Hamilton",Canada,bat,T20,2023/24,Canada,1,1,0.5945945945945946,0.3076923076923077,0.8,0.6,1.0,0.0,1.0,0.0,37,13,3,3,1,1,LOW,LOW,LOW,LOW
2023-10-04,Panama,Bermuda,"National Stadium, Hamilton",Bermuda,field,T20,2023/24,Bermuda,0,0,0.2,0.6521739130434783,0.0,1.0,0.0,1.0,0.0,1.0,10,23,2,2,1,1,LOW,LOW,LOW,LOW
2023-10-05,Serbia,Gibraltar,Europa Sports Complex,Gibraltar,field,T20,2023/24,Gibraltar,0,0,0.3684210526315789,0.1935483870967742,0.6,0.4,0.0,1.0,0.0,0.4444444444444444,18,30,0,0,0,8,LOW,LOW,LOW,MEDIUM
2023-10-05,Serbia,Gibraltar,Europa Sports Complex,Serbia,bat,T20,2023/24,Gibraltar,0,1,0.3888888888888889,0.1666666666666666,0.8,0.2,0.5,0.5,0.5,0.375,19,31,1,1,1,9,LOW,LOW,LOW,MEDIUM
2023-10-05,Nigeria,Sierra Leone,"Tafawa Balewa Square Cricket Oval, Lagos",Sierra Leone,field,T20,2023/24,Nigeria,1,0,0.4193548387096774,0.4375,1.0,0.8,0.8333333333333334,0.1666666666666666,1.0,0.0,31,16,6,6,1,1,MEDIUM,MEDIUM,LOW,LOW
2023-10-05,Qatar,Maldives,"West End Park International Cricket Stadium, Doha",Maldives,field,T20,2023/24,Qatar,1,0,0.5263157894736842,0.1666666666666666,0.4,0.2,1.0,0.0,0.625,0.0,19,18,2,2,8,8,LOW,LOW,MEDIUM,MEDIUM
2023-10-05,Saudi Arabia,Kuwait,"West End Park International Cricket Stadium, Doha",Kuwait,field,T20,2023/24,Kuwait,0,0,0.3571428571428571,0.6071428571428571,0.6,0.8,0.5,0.5,0.5,0.6666666666666666,14,28,2,2,6,12,LOW,LOW,MEDIUM,MEDIUM
2023-10-06,Bangladesh,India,Zhejiang University of Technology Cricket Field,India,field,T20,2023,India,0,0,0.362962962962963,0.6597938144329897,0.8,0.8,0.0833333333333333,0.9166666666666666,1.0,1.0,135,194,12,12,1,1,MEDIUM,MEDIUM,LOW,LOW
2023-10-06,Nigeria,Ghana,"Tafawa Balewa Square Cricket Oval, Lagos",Ghana,field,T20,2023/24,Nigeria,1,0,0.4375,0.4090909090909091,1.0,0.4,1.0,0.0,1.0,1.0,32,22,2,2,2,1,LOW,LOW,LOW,LOW
2023-10-06,Rwanda,Sierra Leone,"Tafawa Balewa Square Cricket Oval, Lagos",Rwanda,bat,T20,2023/24,Rwanda,1,1,0.2619047619047619,0.4117647058823529,0.0,0.6,0.5,0.5,0.0,0.0,42,17,0,0,1,2,LOW,LOW,LOW,LOW
2023-10-07,Canada,Bermuda,"National Stadium, Hamilton",Canada,bat,T20,2023/24,Canada,1,1,0.6052631578947368,0.6666666666666666,0.8,1.0,0.0,1.0,1.0,1.0,38,24,1,1,2,2,LOW,LOW,LOW,LOW
2023-10-07,Pakistan,Bangladesh,Zhejiang University of Technology Cricket Field,Bangladesh,field,T20,2023,Bangladesh,0,0,0.6262135922330098,0.3602941176470588,0.6,0.6,0.8888888888888888,0.1111111111111111,1.0,0.5,206,136,18,18,1,2,MEDIUM,MEDIUM,LOW,LOW
2023-10-07,Rwanda,Nigeria,"Tafawa Balewa Square Cricket Oval, Lagos",Nigeria,field,T20,2023/24,Nigeria,0,0,0.2790697674418604,0.4545454545454545,0.2,1.0,0.0,1.0,0.5,1.0,43,33,1,1,2,3,LOW,LOW,LOW,LOW
2023-10-08,Sierra Leone,Nigeria,"Tafawa Balewa Square Cricket Oval, Lagos",Sierra Leone,bat,T20,2023/24,Nigeria,0,1,0.3888888888888889,0.4705882352941176,0.4,1.0,0.1428571428571428,0.8571428571428571,0.0,1.0,18,34,7,7,3,4,MEDIUM,MEDIUM,LOW,LOW
2023-10-08,Rwanda,Ghana,"Tafawa Balewa Square Cricket Oval, Lagos",Rwanda,bat,T20,2023/24,Rwanda,1,1,0.2727272727272727,0.391304347826087,0.2,0.4,0.4,0.6,0.3333333333333333,0.5,44,23,5,5,3,2,MEDIUM,MEDIUM,LOW,LOW
2023-10-10,Nigeria,Ghana,"Tafawa Balewa Square Cricket Oval, Lagos",Nigeria,bat,T20,2023/24,Nigeria,1,1,0.4857142857142857,0.375,1.0,0.4,1.0,0.0,1.0,0.3333333333333333,35,24,3,3,5,3,LOW,LOW,MEDIUM,LOW
2023-10-10,Sierra Leone,Rwanda,"Tafawa Balewa Square Cricket Oval, Lagos",Sierra Leone,bat,T20,2023/24,Sierra Leone,1,1,0.3684210526315789,0.2888888888888888,0.2,0.4,0.0,1.0,0.0,0.5,19,45,1,1,4,4,LOW,LOW,LOW,LOW
2023-10-11,Ghana,Nigeria,"Tafawa Balewa Square Cricket Oval, Lagos",Nigeria,field,T20,2023/24,Nigeria,0,0,0.36,0.5,0.2,1.0,0.0,1.0,0.25,1.0,25,36,4,4,4,6,LOW,LOW,LOW,MEDIUM
2023-10-11,Sierra Leone,Rwanda,"Tafawa Balewa Square Cricket Oval, Lagos",Sierra Leone,bat,T20,2023/24,Rwanda,0,1,0.4,0.2826086956521739,0.2,0.4,0.5,0.5,0.2,0.4,20,46,2,2,5,5,LOW,LOW,MEDIUM,MEDIUM
2023-10-12,Ghana,Rwanda,"Tafawa Balewa Square Cricket Oval, Lagos",Ghana,bat,T20,2023/24,Rwanda,0,1,0.3461538461538461,0.2978723404255319,0.2,0.6,0.5,0.5,0.2,0.5,26,47,6,6,5,6,MEDIUM,MEDIUM,MEDIUM,MEDIUM
2023-10-12,Nigeria,Sierra Leone,"Tafawa Balewa Square Cricket Oval, Lagos",Sierra Leone,field,T20,2023/24,Nigeria,1,0,0.5135135135135135,0.3809523809523809,1.0,0.2,0.875,0.125,1.0,0.1666666666666666,37,21,8,8,7,6,MEDIUM,MEDIUM,MEDIUM,MEDIUM
2023-10-14,Ghana,Sierra Leone,"Tafawa Balewa Square Cricket Oval, Lagos",Sierra Leone,field,T20,2023/24,Ghana,1,0,0.3333333333333333,0.3636363636363636,0.0,0.2,0.5,0.5,0.1666666666666666,0.1428571428571428,27,22,2,2,6,7,LOW,LOW,MEDIUM,MEDIUM
2023-10-14,Rwanda,Nigeria,"Tafawa Balewa Square Cricket Oval, Lagos",Nigeria,field,T20,2023/24,Nigeria,0,0,0.3125,0.5263157894736842,0.6,1.0,0.0,1.0,0.5714285714285714,1.0,48,38,2,2,7,8,LOW,LOW,MEDIUM,MEDIUM
2023-10-15,Nigeria,Rwanda,"Tafawa Balewa Square Cricket Oval, Lagos",Nigeria,bat,T20,2023/24,Nigeria,1,1,0.5384615384615384,0.3061224489795918,1.0,0.6,1.0,0.0,1.0,0.5,39,49,3,3,9,8,LOW,LOW,MEDIUM,MEDIUM
2023-10-15,Ghana,Sierra Leone,"Tafawa Balewa Square Cricket Oval, Lagos",Ghana,bat,T20,2023/24,Sierra Leone,0,1,0.3571428571428571,0.3478260869565217,0.2,0.2,0.6666666666666666,0.3333333333333333,0.2857142857142857,0.125,28,23,3,3,7,8,LOW,LOW,MEDIUM,MEDIUM
2023-10-15,Luxembourg,Gibraltar,Europa Sports Complex,Luxembourg,bat,T20,2023/24,Luxembourg,1,1,0.3846153846153846,0.21875,0.4,0.6,0.5,0.5,0.5,0.5,26,32,0,0,0,10,LOW,LOW,LOW,MEDIUM
2023-10-15,Gibraltar,Luxembourg,Europa Sports Complex,Luxembourg,field,T20,2023/24,Gibraltar,1,0,0.2121212121212121,0.4074074074074074,0.6,0.6,0.0,1.0,0.4545454545454545,1.0,33,27,1,1,11,1,LOW,LOW,MEDIUM,LOW
2023-10-18,United Arab Emirates,Nepal,Mulpani Cricket Ground,Nepal,field,T20,2023/24,Nepal,0,0,0.492063492063492,0.6037735849056604,0.4,0.6,0.6,0.4,0.5,0.5,63,53,5,5,0,0,MEDIUM,MEDIUM,LOW,LOW
2023-10-18,Chile,Mexico,St Georges Quilmes,Chile,bat,T20,2023/24,Mexico,0,1,0.5,0.5,0.5,0.5,0.5,0.5,0.5,0.5,0,0,0,0,0,0,LOW,LOW,LOW,LOW
2023-10-19,Hong Kong,Nepal,Mulpani Cricket Ground,Nepal,field,T20,2023/24,Nepal,0,0,0.4107142857142857,0.6111111111111112,0.2,0.6,0.6,0.4,0.5,1.0,56,54,5,5,0,1,MEDIUM,MEDIUM,LOW,LOW
2023-10-19,Mexico,Argentina,St Georges Quilmes,Argentina,field,T20,2023/24,Argentina,0,0,1.0,0.2,1.0,0.2,0.5,0.5,1.0,0.5,1,10,0,0,1,0,LOW,LOW,LOW,LOW
2023-10-20,Chile,Argentina,St Georges Quilmes,Chile,bat,T20,2023/24,Argentina,0,1,0.0,0.2727272727272727,0.0,0.4,0.5,0.5,0.0,1.0,1,11,0,0,1,1,LOW,LOW,LOW,LOW
2023-10-21,Nepal,Hong Kong,Mulpani Cricket Ground,Nepal,bat,T20,2023/24,Nepal,1,1,0.6181818181818182,0.4035087719298245,0.8,0.0,0.5,0.5,1.0,0.0,55,57,6,6,2,1,MEDIUM,MEDIUM,LOW,LOW
2023-10-22,Hong Kong,United Arab Emirates,Mulpani Cricket Ground,United Arab Emirates,field,T20,2023/24,United Arab Emirates,0,0,0.396551724137931,0.484375,0.0,0.2,0.3333333333333333,0.6666666666666666,0.0,0.0,58,64,3,3,2,1,LOW,LOW,LOW,LOW
2023-10-23,United Arab Emirates,Nepal,Mulpani Cricket Ground,Nepal,field,T20,2023/24,Nepal,0,0,0.4923076923076923,0.625,0.4,0.8,0.5,0.5,0.5,1.0,65,56,6,6,2,3,MEDIUM,MEDIUM,LOW,LOW
2023-10-24,Zimbabwe,Namibia,"Wanderers Cricket Ground, Windhoek",Zimbabwe,bat,T20,2023/24,Namibia,0,1,0.3564356435643564,0.6666666666666666,0.4,0.6,0.4,0.6,0.5,1.0,101,39,5,5,0,2,MEDIUM,MEDIUM,LOW,LOW
2023-10-25,Namibia,Zimbabwe,"Wanderers Cricket Ground, Windhoek",Zimbabwe,field,T20,2023/24,Zimbabwe,0,0,0.675,0.3529411764705882,0.6,0.4,0.6666666666666666,0.3333333333333333,1.0,0.0,40,102,6,6,3,1,MEDIUM,MEDIUM,LOW,LOW
2023-10-25,Hong Kong,United Arab Emirates,Mulpani Cricket Ground,Hong Kong,bat,T20,2023/24,Hong Kong,1,1,0.3898305084745763,0.4848484848484848,0.0,0.2,0.25,0.75,0.0,0.3333333333333333,59,66,4,4,3,3,LOW,LOW,LOW,LOW
2023-10-27,Nepal,United Arab Emirates,"Tribhuvan University International Cricket Ground, Kirtipur",United Arab Emirates,field,T20,2023/24,United Arab Emirates,0,0,0.631578947368421,0.4776119402985074,0.8,0.2,0.5714285714285714,0.4285714285714285,0.9,0.5,57,67,7,7,10,0,MEDIUM,MEDIUM,MEDIUM,LOW
2023-10-27,Namibia,Zimbabwe,"United Cricket Club Ground, Windhoek",Namibia,bat,T20,2023/24,Zimbabwe,0,1,0.6585365853658537,0.3592233009708738,0.4,0.6,0.5714285714285714,0.4285714285714285,0.6666666666666666,0.5,41,103,7,7,3,0,MEDIUM,MEDIUM,LOW,LOW
2023-10-29,Zimbabwe,Namibia,"United Cricket Club Ground, Windhoek",Zimbabwe,bat,T20,2023/24,Namibia,0,1,0.3653846153846153,0.6428571428571429,0.6,0.2,0.5,0.5,1.0,0.5,104,42,8,8,1,4,MEDIUM,MEDIUM,LOW,LOW
2023-10-30,Hong Kong,Kuwait,Mulpani Cricket Ground,Kuwait,field,T20,2023/24,Hong Kong,1,0,0.4,0.6206896551724138,0.2,0.8,1.0,0.0,0.25,0.5,60,29,2,2,4,0,LOW,LOW,LOW,LOW
2023-10-30,Oman,Malaysia,"Tribhuvan University International Cricket Ground, Kirtipur",Oman,bat,T20,2023/24,Oman,1,1,0.4791666666666667,0.5740740740740741,0.4,0.4,0.5,0.5,0.5,0.1428571428571428,48,54,0,0,0,7,LOW,LOW,LOW,MEDIUM
2023-10-30,Singapore,Nepal,"Tribhuvan University International Cricket Ground, Kirtipur",Singapore,bat,T20,2023/24,Nepal,0,1,0.3333333333333333,0.6206896551724138,0.0,0.8,0.5,0.5,0.5,0.8181818181818182,33,58,2,2,0,11,LOW,LOW,LOW,MEDIUM
2023-10-30,Bahrain,United Arab Emirates,Mulpani Cricket Ground,United Arab Emirates,field,T20,2023/24,United Arab Emirates,0,0,0.4848484848484848,0.4852941176470588,0.6,0.4,1.0,0.0,0.5,0.25,33,68,2,2,0,4,LOW,LOW,LOW,LOW
2023-10-30,Namibia,Zimbabwe,"United Cricket Club Ground, Windhoek",Zimbabwe,field,T20,2023/24,Namibia,1,0,0.6511627906976745,0.3619047619047619,0.4,0.6,0.5555555555555556,0.4444444444444444,0.6,0.5,43,105,9,9,5,2,MEDIUM,MEDIUM,MEDIUM,LOW
2023-10-31,Kuwait,United Arab Emirates,Mulpani Cricket Ground,Kuwait,bat,T20,2023/24,United Arab Emirates,0,1,0.6,0.4927536231884058,0.6,0.6,0.5,0.5,0.0,0.4,30,69,2,2,1,5,LOW,LOW,LOW,MEDIUM
2023-10-31,Oman,Singapore,"Tribhuvan University International Cricket Ground, Kirtipur",Singapore,field,T20,2023/24,Oman,1,0,0.4897959183673469,0.3235294117647059,0.6,0.0,0.5,0.5,1.0,0.0,49,34,0,0,1,1,LOW,LOW,LOW,LOW
2023-10-31,Malaysia,Nepal,"Tribhuvan University International Cricket Ground, Kirtipur",Malaysia,bat,T20,2023/24,Nepal,0,1,0.5636363636363636,0.6271186440677966,0.2,0.8,0.0,1.0,0.125,0.8333333333333334,55,59,7,7,8,12,MEDIUM,MEDIUM,MEDIUM,MEDIUM
2023-10-31,Bahrain,Hong Kong,Mulpani Cricket Ground,Hong Kong,field,T20,2023/24,Bahrain,1,0,0.4705882352941176,0.4098360655737705,0.6,0.4,0.0,1.0,0.0,0.4,34,61,1,1,1,5,LOW,LOW,LOW,MEDIUM
2023-11-02,Bahrain,Kuwait,Mulpani Cricket Ground,Kuwait,field,T20,2023/24,Kuwait,0,0,0.4857142857142857,0.5806451612903226,0.8,0.6,0.125,0.875,0.5,0.0,35,31,8,8,2,2,MEDIUM,MEDIUM,LOW,LOW
2023-11-02,Malaysia,Singapore,"Tribhuvan University International Cricket Ground, Kirtipur",Malaysia,bat,T20,2023/24,Malaysia,1,1,0.5535714285714286,0.3142857142857143,0.2,0.0,0.5714285714285714,0.4285714285714285,0.1111111111111111,0.0,56,35,7,7,9,2,MEDIUM,MEDIUM,MEDIUM,LOW
2023-11-02,United Arab Emirates,Hong Kong,Mulpani Cricket Ground,Hong Kong,field,T20,2023/24,United Arab Emirates,1,0,0.5,0.4032258064516129,0.6,0.4,0.6,0.4,0.5,0.3333333333333333,70,62,5,5,6,6,MEDIUM,MEDIUM,MEDIUM,MEDIUM
2023-11-02,Oman,Nepal,"Tribhuvan University International Cricket Ground, Kirtipur",Nepal,field,T20,2023/24,Oman,1,0,0.5,0.6333333333333333,0.8,0.8,0.25,0.75,1.0,0.8461538461538461,50,60,4,4,2,13,LOW,LOW,LOW,MEDIUM
2023-11-03,United Arab Emirates,Nepal,Mulpani Cricket Ground,United Arab Emirates,bat,T20,2023/24,Nepal,0,1,0.5070422535211268,0.6229508196721312,0.8,0.6,0.5,0.5,0.5714285714285714,1.0,71,61,8,8,7,4,MEDIUM,MEDIUM,MEDIUM,LOW
2023-11-03,Bahrain,Oman,"Tribhuvan University International Cricket Ground, Kirtipur",Bahrain,bat,T20,2023/24,Oman,0,1,0.4722222222222222,0.5098039215686274,0.6,1.0,0.6666666666666666,0.3333333333333333,0.5,1.0,36,51,3,3,0,3,LOW,LOW,LOW,LOW
2023-11-20,Cambodia,Indonesia,Udayana Cricket Ground,Cambodia,bat,T20,2023/24,Indonesia,0,1,0.5,0.6666666666666666,0.5,0.8,0.5,0.5,0.5,0.5,0,6,0,0,0,0,LOW,LOW,LOW,LOW
2023-11-20,Cambodia,Indonesia,Udayana Cricket Ground,Cambodia,bat,T20,2023/24,Indonesia,0,1,0.0,0.7142857142857143,0.0,0.8,0.0,1.0,0.0,1.0,1,7,1,1,1,1,LOW,LOW,LOW,LOW
2023-11-21,Indonesia,Cambodia,Udayana Cricket Ground,Cambodia,field,T20,2023/24,Indonesia,1,0,0.75,0.0,0.8,0.0,1.0,0.0,1.0,0.0,8,2,2,2,2,2,LOW,LOW,LOW,LOW
2023-11-21,Indonesia,Cambodia,Udayana Cricket Ground,Cambodia,field,T20,2023/24,Cambodia,0,0,0.7777777777777778,0.0,1.0,0.0,1.0,0.0,1.0,0.0,9,3,3,3,3,3,LOW,LOW,LOW,LOW
2023-11-22,Indonesia,Cambodia,Udayana Cricket Ground,Cambodia,field,T20,2023/24,Cambodia,0,0,0.7,0.25,0.8,0.25,0.75,0.25,0.75,0.25,10,4,4,4,4,4,LOW,LOW,LOW,LOW
2023-11-22,Tanzania,Uganda,"Wanderers Cricket Ground, Windhoek",Uganda,field,T20,2023/24,Uganda,0,0,0.675,0.7878787878787878,0.6,1.0,0.1538461538461538,0.8461538461538461,0.5,0.0,40,66,13,13,0,2,MEDIUM,MEDIUM,LOW,LOW
2023-11-22,Kenya,Rwanda,"United Cricket Club Ground, Windhoek",Rwanda,field,T20,2023/24,Kenya,1,0,0.5087719298245614,0.3,0.4,0.4,1.0,0.0,0.5,0.5,57,50,3,3,0,0,LOW,LOW,LOW,LOW
2023-11-22,Zimbabwe,Namibia,"Wanderers Cricket Ground, Windhoek",Namibia,field,T20,2023/24,Namibia,0,0,0.3584905660377358,0.6590909090909091,0.4,0.6,0.4,0.6,0.5,0.75,106,44,10,10,2,4,MEDIUM,MEDIUM,LOW,LOW
2023-11-23,Cambodia,Indonesia,Udayana Cricket Ground,Indonesia,field,T20,2023/24,Indonesia,0,0,0.4,0.6363636363636364,0.4,0.6,0.4,0.6,0.4,0.6,5,11,5,5,5,5,MEDIUM,MEDIUM,MEDIUM,MEDIUM
2023-11-23,Australia,India,"Dr. Y.S. Rajasekhara Reddy ACA-VDCA Cricket Stadium, Visakhapatnam",India,field,T20,2023/24,India,0,0,0.5502958579881657,0.6615384615384615,1.0,0.8,0.4,0.6,0.5,1.0,169,195,25,25,0,1,HIGH,HIGH,LOW,LOW
2023-11-23,Tanzania,Zimbabwe,"United Cricket Club Ground, Windhoek",Zimbabwe,field,T20,2023/24,Zimbabwe,0,0,0.6585365853658537,0.3551401869158878,0.4,0.4,0.5,0.5,0.5,0.3333333333333333,41,107,0,0,0,3,LOW,LOW,LOW,LOW
2023-11-23,Nigeria,Kenya,"United Cricket Club Ground, Windhoek",Kenya,field,T20,2023/24,Kenya,0,0,0.55,0.5172413793103449,1.0,0.6,0.2,0.8,0.5,1.0,40,58,5,5,0,1,MEDIUM,MEDIUM,LOW,LOW
2023-11-24,Uganda,Namibia,"Wanderers Cricket Ground, Windhoek",Namibia,field,T20,2023/24,Namibia,0,0,0.7910447761194029,0.6666666666666666,1.0,0.6,0.1428571428571428,0.8571428571428571,0.3333333333333333,0.8,67,45,7,7,3,5,MEDIUM,MEDIUM,LOW,MEDIUM
2023-11-25,Kenya,Tanzania,"Wanderers Cricket Ground, Windhoek",Tanzania,field,T20,2023/24,Kenya,1,0,0.5254237288135594,0.6428571428571429,0.6,0.4,0.3333333333333333,0.6666666666666666,0.5,0.0,59,42,3,3,0,1,LOW,LOW,LOW,LOW
2023-11-25,Namibia,Rwanda,"Wanderers Cricket Ground, Windhoek",Rwanda,field,T20,2023/24,Namibia,1,0,0.6739130434782609,0.2941176470588235,0.8,0.4,0.5,0.5,0.8333333333333334,0.5,46,51,0,0,6,0,LOW,LOW,MEDIUM,LOW
2023-11-26,Tanzania,Nigeria,"United Cricket Club Ground, Windhoek",Tanzania,bat,T20,2023/24,Nigeria,0,1,0.627906976744186,0.5365853658536586,0.4,0.8,1.0,0.0,0.0,0.0,43,41,2,2,1,1,LOW,LOW,LOW,LOW
2023-11-26,India,Australia,"Greenfield International Stadium, Thiruvananthapuram",Australia,field,T20,2023/24,India,1,0,0.6632653061224489,0.5470588235294118,1.0,0.8,0.6153846153846154,0.3846153846153846,1.0,0.5,196,170,26,26,1,0,HIGH,HIGH,LOW,LOW
2023-11-26,Zimbabwe,Uganda,"United Cricket Club Ground, Windhoek",Uganda,field,T20,2023/24,Uganda,0,0,0.3611111111111111,0.7794117647058824,0.4,0.8,0.5,0.5,0.5,0.3333333333333333,108,68,0,0,4,3,LOW,LOW,LOW,LOW
2023-11-27,Nigeria,Uganda,"United Cricket Club Ground, Windhoek",Nigeria,bat,T20,2023/24,Uganda,0,1,0.5476190476190477,0.782608695652174,0.8,0.8,0.0,1.0,0.5,0.5,42,69,5,5,2,4,MEDIUM,MEDIUM,LOW,LOW
2023-11-27,Zimbabwe,Rwanda,"Wanderers Cricket Ground, Windhoek",Rwanda,field,T20,2023/24,Zimbabwe,1,0,0.3577981651376147,0.2884615384615384,0.2,0.2,0.5,0.5,0.3333333333333333,0.0,109,52,0,0,3,1,LOW,LOW,LOW,LOW
2023-11-27,Kenya,Namibia,"United Cricket Club Ground, Windhoek",Namibia,field,T20,2023/24,Namibia,0,0,0.5333333333333333,0.6808510638297872,0.8,1.0,0.0,1.0,1.0,0.6666666666666666,60,47,1,1,2,6,LOW,LOW,LOW,MEDIUM
2023-11-28,Namibia,Tanzania,"Wanderers Cricket Ground, Windhoek",Tanzania,field,T20,2023/24,Namibia,1,0,0.6875,0.6136363636363636,1.0,0.2,0.5,0.5,0.8571428571428571,0.0,48,44,0,0,7,2,LOW,LOW,MEDIUM,LOW
2023-11-28,India,Australia,"Barsapara Cricket Stadium, Guwahati",Australia,field,T20,2023/24,Australia,0,0,0.6649746192893401,0.543859649122807,1.0,0.6,0.6296296296296297,0.3703703703703703,1.0,0.5,197,171,27,27,1,0,HIGH,HIGH,LOW,LOW
2023-11-29,Nigeria,Zimbabwe,"United Cricket Club Ground, Windhoek",Nigeria,bat,T20,2023/24,Zimbabwe,0,1,0.5348837209302325,0.3636363636363636,0.6,0.4,0.5,0.5,0.3333333333333333,0.4,43,110,0,0,3,5,LOW,LOW,LOW,MEDIUM
2023-11-29,Tanzania,Rwanda,"Wanderers Cricket Ground, Windhoek",Rwanda,field,T20,2023/24,Tanzania,1,0,0.6,0.2830188679245283,0.0,0.0,0.9,0.1,0.0,0.0,45,53,10,10,3,2,MEDIUM,MEDIUM,LOW,LOW
2023-11-29,Uganda,Kenya,"Wanderers Cricket Ground, Windhoek",Uganda,bat,T20,2023/24,Uganda,1,1,0.7857142857142857,0.5245901639344263,0.8,0.6,0.6,0.4,0.25,1.0,70,61,10,10,4,1,MEDIUM,MEDIUM,LOW,LOW
2023-11-30,Nigeria,Namibia,"Wanderers Cricket Ground, Windhoek",Nigeria,bat,T20,2023/24,Namibia,0,1,0.5227272727272727,0.6938775510204082,0.4,1.0,0.5,0.5,0.5,0.875,44,49,0,0,0,8,LOW,LOW,LOW,MEDIUM
2023-11-30,Rwanda,Uganda,"Wanderers Cricket Ground, Windhoek",Uganda,field,T20,2023/24,Uganda,0,0,0.2777777777777778,0.7887323943661971,0.0,0.8,0.0,1.0,0.0,0.4,54,71,14,14,3,5,MEDIUM,MEDIUM,LOW,MEDIUM
2023-11-30,Zimbabwe,Kenya,"United Cricket Club Ground, Windhoek",Kenya,field,T20,2023/24,Zimbabwe,1,0,0.3693693693693693,0.5161290322580645,0.6,0.6,0.5,0.5,0.5,0.6666666666666666,111,62,0,0,6,3,LOW,LOW,MEDIUM,LOW
2023-12-01,India,Australia,"Shaheed Veer Narayan Singh International Stadium, Raipur",Australia,field,T20,2023/24,India,1,0,0.6616161616161617,0.5465116279069767,0.8,0.6,0.6071428571428571,0.3928571428571428,0.5,0.5,198,172,28,28,0,0,HIGH,HIGH,LOW,LOW
2023-12-03,India,Australia,"M Chinnaswamy Stadium, Bengaluru",Australia,field,T20,2023/24,India,1,0,0.6633165829145728,0.5433526011560693,0.8,0.4,0.6206896551724138,0.3793103448275862,0.5,0.5,199,173,29,29,0,0,HIGH,HIGH,LOW,LOW
2023-12-07,Ireland,Zimbabwe,Harare Sports Club,Zimbabwe,field,T20,2023/24,Zimbabwe,0,0,0.4695652173913043,0.375,0.4,0.8,0.5,0.5,0.3333333333333333,0.25,115,112,12,12,3,32,MEDIUM,MEDIUM,LOW,HIGH
2023-12-09,Zimbabwe,Ireland,Harare Sports Club,Ireland,field,T20,2023/24,Ireland,0,0,0.3805309734513274,0.4655172413793103,0.8,0.2,0.5384615384615384,0.4615384615384615,0.2727272727272727,0.25,113,116,13,13,33,4,MEDIUM,MEDIUM,HIGH,LOW
2023-12-10,Zimbabwe,Ireland,Harare Sports Club,Ireland,field,T20,2023/24,Ireland,0,0,0.3771929824561403,0.4700854700854701,0.8,0.2,0.5,0.5,0.2647058823529412,0.4,114,117,14,14,34,5,MEDIUM,MEDIUM,HIGH,MEDIUM
2023-12-12,England,West Indies,"Kensington Oval, Bridgetown, Barbados",West Indies,field,T20,2023/24,West Indies,0,0,0.536144578313253,0.4390243902439024,0.4,0.6,0.4166666666666667,0.5833333333333334,0.4,0.6,166,164,24,24,5,5,HIGH,HIGH,MEDIUM,MEDIUM
2023-12-12,India,South Africa,"St George's Park, Gqeberha",South Africa,field,T20,2023/24,South Africa,0,0,0.665,0.5609756097560976,0.8,0.2,0.5652173913043478,0.4347826086956521,0.5,0.5,200,164,23,23,0,0,HIGH,HIGH,LOW,LOW
2023-12-14,West Indies,England,"National Cricket Stadium, St George's, Grenada",England,field,T20,2023/24,West Indies,1,0,0.4424242424242424,0.5329341317365269,0.6,0.4,0.6,0.4,0.4,0.5,165,167,25,25,5,0,HIGH,HIGH,MEDIUM,LOW
2023-12-14,India,South Africa,"The Wanderers Stadium, Johannesburg",South Africa,field,T20,2023/24,India,1,0,0.6616915422885572,0.5636363636363636,0.6,0.2,0.5416666666666666,0.4583333333333333,0.5,0.3333333333333333,201,165,24,24,0,3,HIGH,HIGH,LOW,LOW
2023-12-16,West Indies,England,"National Cricket Stadium, St George's, Grenada",England,field,T20,2023/24,England,0,0,0.4457831325301205,0.5297619047619048,0.6,0.2,0.6153846153846154,0.3846153846153846,0.5,0.0,166,168,26,26,6,1,HIGH,HIGH,MEDIUM,LOW
2023-12-19,England,West Indies,"Brian Lara Stadium, Tarouba, Trinidad",West Indies,field,T20,2023/24,England,1,0,0.5325443786982249,0.4431137724550898,0.2,0.6,0.4074074074074074,0.5925925925925926,0.5,0.5,169,167,27,27,0,2,HIGH,HIGH,LOW,LOW
2023-12-21,England,West Indies,"Brian Lara Stadium, Tarouba, Trinidad",West Indies,field,T20,2023/24,West Indies,0,0,0.5352941176470588,0.4404761904761904,0.4,0.6,0.4285714285714285,0.5714285714285714,1.0,0.3333333333333333,170,168,28,28,1,3,HIGH,HIGH,LOW,LOW
2023-12-22,Philippines,Indonesia,Udayana Cricket Ground,Indonesia,field,T20,2023/24,Philippines,1,0,0.1538461538461538,0.6666666666666666,0.2,0.6,0.5,0.5,0.5,0.6666666666666666,13,12,0,0,0,6,LOW,LOW,LOW,MEDIUM
2023-12-23,Indonesia,Philippines,Udayana Cricket Ground,Philippines,field,T20,2023/24,Indonesia,1,0,0.6153846153846154,0.2142857142857142,0.4,0.4,0.0,1.0,0.5714285714285714,1.0,13,14,1,1,7,1,LOW,LOW,MEDIUM,LOW
2023-12-23,Philippines,Indonesia,Udayana Cricket Ground,Indonesia,field,T20,2023/24,Indonesia,0,0,0.2,0.6428571428571429,0.2,0.4,0.5,0.5,0.5,0.625,15,14,2,2,2,8,LOW,LOW,LOW,MEDIUM
2023-12-24,Indonesia,Philippines,Udayana Cricket Ground,Philippines,field,T20,2023/24,Philippines,0,0,0.6666666666666666,0.1875,0.6,0.2,0.6666666666666666,0.3333333333333333,0.6666666666666666,0.3333333333333333,15,16,3,3,9,3,LOW,LOW,MEDIUM,LOW
2023-12-26,Indonesia,Philippines,Udayana Cricket Ground,Philippines,field,T20,2023/24,Philippines,0,0,0.625,0.2352941176470588,0.6,0.4,0.5,0.5,0.6,0.5,16,17,4,4,10,4,LOW,LOW,MEDIUM,LOW
2023-12-27,New Zealand,Bangladesh,"McLean Park, Napier",Bangladesh,field,T20,2023/24,Bangladesh,0,0,0.5489130434782609,0.364963503649635,0.6,0.6,0.8235294117647058,0.1764705882352941,0.5,0.5,184,137,17,17,0,0,MEDIUM,MEDIUM,LOW,LOW
2023-12-31,Bangladesh,New Zealand,"Bay Oval, Mount Maunganui",New Zealand,field,T20,2023/24,New Zealand,0,0,0.3695652173913043,0.5459459459459459,0.6,0.4,0.2222222222222222,0.7777777777777778,0.5,0.0,138,185,18,18,0,1,MEDIUM,MEDIUM,LOW,LOW
2024-01-12,New Zealand,Pakistan,"Eden Park, Auckland",Pakistan,field,T20,2023/24,New Zealand,1,0,0.5483870967741935,0.6231884057971014,0.6,0.4,0.3939393939393939,0.6060606060606061,0.5,0.5,186,207,33,33,0,0,HIGH,HIGH,LOW,LOW
2024-01-14,Zimbabwe,Sri Lanka,"R Premadasa Stadium, Colombo",Sri Lanka,field,T20,2023/24,Sri Lanka,0,0,0.3739130434782609,0.4431137724550898,0.6,0.2,0.0,1.0,0.5,0.25,115,167,2,2,0,8,LOW,LOW,LOW,MEDIUM
2024-01-14,New Zealand,Pakistan,"Seddon Park, Hamilton",Pakistan,field,T20,2023/24,New Zealand,1,0,0.5508021390374331,0.6201923076923077,0.8,0.2,0.4117647058823529,0.5882352941176471,0.5,0.5,187,208,34,34,0,0,HIGH,HIGH,LOW,LOW
2024-01-16,Sri Lanka,Zimbabwe,"R Premadasa Stadium, Colombo",Zimbabwe,field,T20,2023/24,Zimbabwe,0,0,0.4464285714285714,0.3706896551724138,0.4,0.4,1.0,0.0,0.3333333333333333,0.0,168,116,3,3,9,1,LOW,LOW,MEDIUM,LOW
2024-01-17,New Zealand,Pakistan,"University Oval, Dunedin",Pakistan,field,T20,2023/24,New Zealand,1,0,0.5531914893617021,0.6172248803827751,0.8,0.2,0.4285714285714285,0.5714285714285714,1.0,0.5,188,209,35,35,1,0,HIGH,HIGH,LOW,LOW
2024-01-18,Zimbabwe,Sri Lanka,"R Premadasa Stadium, Colombo",Sri Lanka,field,T20,2023/24,Sri Lanka,0,0,0.376068376068376,0.4437869822485207,0.4,0.2,0.25,0.75,0.5,0.3,117,169,4,4,2,10,LOW,LOW,LOW,MEDIUM
2024-01-19,Pakistan,New Zealand,"Hagley Oval, Christchurch",New Zealand,field,T20,2023/24,New Zealand,0,0,0.6142857142857143,0.5555555555555556,0.2,0.8,0.5555555555555556,0.4444444444444444,0.8,0.6,210,189,36,36,5,5,HIGH,HIGH,MEDIUM,MEDIUM
2024-01-21,Pakistan,New Zealand,"Hagley Oval, Christchurch",Pakistan,bat,T20,2023/24,Pakistan,1,1,0.6113744075829384,0.5578947368421052,0.0,1.0,0.5405405405405406,0.4594594594594595,0.6666666666666666,0.6666666666666666,211,190,37,37,6,6,HIGH,HIGH,MEDIUM,MEDIUM
2024-01-27,Myanmar,Cambodia,"Terdthai Cricket Ground, Bangkok",Cambodia,field,T20,2023/24,Cambodia,0,0,0.0,0.3333333333333333,0.0,0.4,0.5,0.5,0.5,0.5,4,6,0,0,0,0,LOW,LOW,LOW,LOW
2024-01-28,Cambodia,China,"Terdthai Cricket Ground, Bangkok",Cambodia,bat,T20,2023/24,Cambodia,1,1,0.4285714285714285,0.25,0.6,0.25,0.5,0.5,1.0,0.5,7,4,0,0,1,0,LOW,LOW,LOW,LOW
2024-02-01,Indonesia,Bhutan,"Terdthai Cricket Ground, Bangkok",Bhutan,field,T20,2023/24,Indonesia,1,0,0.5882352941176471,0.5,0.4,0.4,0.5,0.5,0.5,0.5,17,12,0,0,0,0,LOW,LOW,LOW,LOW
2024-02-02,Japan,Thailand,"Terdthai Cricket Ground, Bangkok",Thailand,field,T20,2023/24,Japan,1,0,0.5454545454545454,0.2352941176470588,0.4,0.6,0.5,0.5,0.5,0.5,11,17,0,0,0,0,LOW,LOW,LOW,LOW
2024-02-02,Singapore,Maldives,"Terdthai Cricket Ground, Bangkok",Singapore,bat,T20,2023/24,Singapore,1,1,0.3055555555555556,0.1578947368421052,0.0,0.0,0.5,0.5,0.5,0.5,36,19,0,0,0,0,LOW,LOW,LOW,LOW
2024-02-03,Indonesia,Cambodia,"Terdthai Cricket Ground, Bangkok",Indonesia,bat,T20,2023/24,Cambodia,0,1,0.6111111111111112,0.5,0.6,0.8,0.6666666666666666,0.3333333333333333,1.0,1.0,18,8,6,6,1,2,MEDIUM,MEDIUM,LOW,LOW
2024-02-03,Bhutan,Saudi Arabia,"Terdthai Cricket Ground, Bangkok",Saudi Arabia,field,T20,2023/24,Saudi Arabia,0,0,0.4615384615384615,0.3333333333333333,0.4,0.4,0.5,0.5,0.0,0.5,13,15,0,0,1,0,LOW,LOW,LOW,LOW
2024-02-04,Japan,Maldives,"Terdthai Cricket Ground, Bangkok",Japan,bat,T20,2023/24,Japan,1,1,0.5833333333333334,0.15,0.4,0.0,0.5,0.5,1.0,0.0,12,20,0,0,1,1,LOW,LOW,LOW,LOW
2024-02-04,Singapore,Thailand,"Terdthai Cricket Ground, Bangkok",Singapore,bat,T20,2023/24,Thailand,0,1,0.3243243243243243,0.2222222222222222,0.2,0.6,1.0,0.0,1.0,0.0,37,18,1,1,1,1,LOW,LOW,LOW,LOW
2024-02-05,Saudi Arabia,Indonesia,"Terdthai Cricket Ground, Bangkok",Saudi Arabia,bat,T20,2023/24,Saudi Arabia,1,1,0.375,0.5789473684210527,0.6,0.4,0.5,0.5,1.0,0.5,16,19,0,0,1,2,LOW,LOW,LOW,LOW
2024-02-06,Singapore,Japan,"Terdthai Cricket Ground, Bangkok",Japan,field,T20,2023/24,Singapore,1,0,0.3157894736842105,0.6153846153846154,0.2,0.6,0.5,0.5,0.5,1.0,38,13,0,0,2,2,LOW,LOW,LOW,LOW
2024-02-06,Maldives,Thailand,"Terdthai Cricket Ground, Bangkok",Maldives,bat,T20,2023/24,Thailand,0,1,0.1428571428571428,0.2631578947368421,0.0,0.6,0.6666666666666666,0.3333333333333333,0.0,0.5,21,19,3,3,2,2,LOW,LOW,LOW,LOW
2024-02-07,Maldives,Bhutan,"Terdthai Cricket Ground, Bangkok",Maldives,bat,T20,2023/24,Maldives,1,1,0.1363636363636363,0.4285714285714285,0.0,0.2,0.3333333333333333,0.6666666666666666,0.0,0.0,22,14,3,3,3,2,LOW,LOW,LOW,LOW
2024-02-07,Indonesia,Thailand,"Terdthai Cricket Ground, Bangkok",Thailand,field,T20,2023/24,Thailand,0,0,0.55,0.3,0.2,0.6,0.5,0.5,0.3333333333333333,0.6666666666666666,20,20,0,0,3,3,LOW,LOW,LOW,LOW
2024-02-09,Singapore,Cambodia,"Terdthai Cricket Ground, Bangkok",Singapore,bat,T20,2023/24,Cambodia,0,1,0.3333333333333333,0.5555555555555556,0.4,0.8,0.5,0.5,0.6666666666666666,1.0,39,9,0,0,3,3,LOW,LOW,LOW,LOW
2024-02-09,Japan,Saudi Arabia,"Terdthai Cricket Ground, Bangkok",Saudi Arabia,field,T20,2023/24,Saudi Arabia,0,0,0.5714285714285714,0.4117647058823529,0.4,0.8,0.5,0.5,0.6666666666666666,1.0,14,17,0,0,3,2,LOW,LOW,LOW,LOW
2024-02-09,Australia,West Indies,"Bellerive Oval, Hobart",West Indies,field,T20,2023/24,Australia,1,0,0.5402298850574713,0.4437869822485207,0.2,0.6,0.4736842105263157,0.5263157894736842,0.5,0.3333333333333333,174,169,19,19,0,3,MEDIUM,MEDIUM,LOW,LOW
2024-02-11,Australia,West Indies,Adelaide Oval,West Indies,field,T20,2023/24,Australia,1,0,0.5428571428571428,0.4411764705882353,0.4,0.4,0.5,0.5,0.4,0.5,175,170,20,20,5,0,HIGH,HIGH,MEDIUM,LOW
2024-02-11,Cambodia,Saudi Arabia,"Terdthai Cricket Ground, Bangkok",Saudi Arabia,field,T20,2023/24,Saudi Arabia,0,0,0.6,0.4444444444444444,0.8,0.8,0.5,0.5,1.0,1.0,10,18,0,0,4,3,LOW,LOW,LOW,LOW
2024-02-11,Japan,Singapore,"Terdthai Cricket Ground, Bangkok",Singapore,field,T20,2023/24,Singapore,0,0,0.5333333333333333,0.325,0.4,0.4,0.0,1.0,0.5,0.5,15,40,1,1,4,4,LOW,LOW,LOW,LOW
2024-02-12,Saudi Arabia,Maldives,"Terdthai Cricket Ground, Bangkok",Saudi Arabia,bat,T20,2023/24,Saudi Arabia,1,1,0.4736842105263157,0.1739130434782608,0.8,0.2,1.0,0.0,1.0,0.25,19,23,2,2,4,4,LOW,LOW,LOW,LOW
2024-02-12,Bhutan,Thailand,"Terdthai Cricket Ground, Bangkok",Bhutan,bat,T20,2023/24,Thailand,0,1,0.4,0.3333333333333333,0.2,0.6,0.6666666666666666,0.3333333333333333,0.0,0.75,15,21,3,3,3,4,LOW,LOW,LOW,LOW
2024-02-13,Thailand,Saudi Arabia,"Terdthai Cricket Ground, Bangkok",Saudi Arabia,field,T20,2023/24,Saudi Arabia,0,0,0.3636363636363636,0.5,0.8,1.0,0.5,0.5,0.8,1.0,22,20,0,0,5,5,LOW,LOW,MEDIUM,MEDIUM
2024-02-13,Bhutan,Maldives,"Terdthai Cricket Ground, Bangkok",Bhutan,bat,T20,2023/24,Maldives,0,1,0.375,0.1666666666666666,0.0,0.2,0.5,0.5,0.0,0.2,16,24,4,4,4,5,LOW,LOW,LOW,MEDIUM
2024-02-13,West Indies,Australia,Perth Stadium,West Indies,bat,T20,2023/24,West Indies,1,1,0.4385964912280701,0.5454545454545454,0.2,0.6,0.4761904761904761,0.5238095238095238,0.5,0.6666666666666666,171,176,21,21,0,3,HIGH,HIGH,LOW,LOW
2024-02-14,Japan,Hong Kong,"Mission Road Ground, Mong Kok, Hong Kong",Japan,bat,T20,2023/24,Hong Kong,0,1,0.5,0.3968253968253968,0.4,0.4,0.5,0.5,0.5,1.0,16,63,0,0,0,4,LOW,LOW,LOW,LOW
2024-02-14,Hong Kong,China,"Mission Road Ground, Mong Kok, Hong Kong",Hong Kong,bat,T20,2023/24,Hong Kong,1,1,0.40625,0.2,0.6,0.2,0.5,0.5,1.0,0.5,64,5,0,0,5,0,LOW,LOW,MEDIUM,LOW
2024-02-15,Maldives,Thailand,"Terdthai Cricket Ground, Bangkok",Thailand,field,T20,2023/24,Thailand,0,0,0.2,0.3478260869565217,0.4,0.8,0.5,0.5,0.3333333333333333,0.6666666666666666,25,23,4,4,6,6,LOW,LOW,MEDIUM,MEDIUM
2024-02-15,Saudi Arabia,Bhutan,"Terdthai Cricket Ground, Bangkok",Bhutan,field,T20,2023/24,Saudi Arabia,1,0,0.5238095238095238,0.3529411764705882,1.0,0.0,1.0,0.0,1.0,0.0,21,17,1,1,6,5,LOW,LOW,MEDIUM,MEDIUM
2024-02-15,Hong Kong,Japan,"Mission Road Ground, Mong Kok, Hong Kong",Hong Kong,bat,T20,2023/24,Hong Kong,1,1,0.4153846153846154,0.4705882352941176,0.6,0.2,1.0,0.0,1.0,0.0,65,17,1,1,6,1,LOW,LOW,MEDIUM,LOW
2024-02-15,Japan,China,"Mission Road Ground, Mong Kok, Hong Kong",Japan,bat,T20,2023/24,Japan,1,1,0.4444444444444444,0.1666666666666666,0.0,0.2,0.5,0.5,0.0,0.0,18,6,0,0,2,1,LOW,LOW,LOW,LOW
2024-02-16,China,Hong Kong,"Mission Road Ground, Mong Kok, Hong Kong",China,bat,T20,2023/24,Hong Kong,0,1,0.125,0.4242424242424242,0.2,0.6,0.0,1.0,0.0,1.0,7,66,1,1,2,7,LOW,LOW,LOW,MEDIUM
2024-02-16,Maldives,Bhutan,"Terdthai Cricket Ground, Bangkok",Maldives,bat,T20,2023/24,Bhutan,0,1,0.1923076923076923,0.3333333333333333,0.4,0.0,0.6,0.4,0.2857142857142857,0.0,26,18,5,5,7,6,MEDIUM,MEDIUM,MEDIUM,MEDIUM
2024-02-16,Japan,China,"Mission Road Ground, Mong Kok, Hong Kong",Japan,bat,T20,2023/24,Japan,1,1,0.4736842105263157,0.1428571428571428,0.2,0.2,1.0,0.0,0.3333333333333333,0.0,19,8,1,1,3,3,LOW,LOW,LOW,LOW
2024-02-16,Thailand,Saudi Arabia,"Terdthai Cricket Ground, Bangkok",Saudi Arabia,field,T20,2023/24,Saudi Arabia,0,0,0.375,0.5454545454545454,0.8,1.0,0.0,1.0,0.7142857142857143,1.0,24,22,1,1,7,7,LOW,LOW,MEDIUM,MEDIUM
2024-02-17,Hong Kong,Japan,"Mission Road Ground, Mong Kok, Hong Kong",Japan,field,T20,2023/24,Hong Kong,1,0,0.4328358208955223,0.5,0.8,0.4,1.0,0.0,1.0,0.5,67,20,2,2,8,4,LOW,LOW,MEDIUM,LOW
2024-02-21,New Zealand,Australia,"Sky Stadium, Wellington",New Zealand,bat,T20,2023/24,Australia,0,1,0.5549738219895288,0.5423728813559322,0.8,0.4,0.3333333333333333,0.6666666666666666,0.5,0.5,191,177,15,15,0,0,MEDIUM,MEDIUM,LOW,LOW
2024-02-23,Australia,New Zealand,"Eden Park, Auckland",New Zealand,field,T20,2023/24,Australia,1,0,0.5449438202247191,0.5520833333333334,0.6,0.6,0.6875,0.3125,0.5,1.0,178,192,16,16,0,1,MEDIUM,MEDIUM,LOW,LOW
2024-02-25,Australia,New Zealand,"Eden Park, Auckland",New Zealand,field,T20,2023/24,Australia,1,0,0.547486033519553,0.5492227979274611,0.8,0.4,0.7058823529411765,0.2941176470588235,1.0,0.5,179,193,17,17,1,2,MEDIUM,MEDIUM,LOW,LOW
2024-02-27,Namibia,Nepal,"Tribhuvan University International Cricket Ground, Kirtipur",Namibia,bat,T20,2023/24,Namibia,1,1,0.7,0.6290322580645161,1.0,0.6,0.5,0.5,0.5,0.7857142857142857,50,62,0,0,0,14,LOW,LOW,LOW,MEDIUM
2024-02-27,Hong Kong,Qatar,University of Doha for Science and Technology,Qatar,field,T20,2023/24,Hong Kong,1,0,0.4411764705882353,0.55,1.0,0.4,0.5,0.5,0.5,0.5,68,20,0,0,0,0,LOW,LOW,LOW,LOW
2024-02-28,Netherlands,Nepal,"Tribhuvan University International Cricket Ground, Kirtipur",Nepal,field,T20,2023/24,Netherlands,1,0,0.5375,0.6190476190476191,0.4,0.6,0.5,0.5,0.5,0.7333333333333333,80,63,6,6,4,15,MEDIUM,MEDIUM,LOW,MEDIUM
2024-02-29,Hong Kong,Qatar,University of Doha for Science and Technology,Hong Kong,bat,T20,2023/24,Qatar,0,1,0.4492753623188406,0.5238095238095238,1.0,0.4,1.0,0.0,1.0,0.0,69,21,1,1,1,1,LOW,LOW,LOW,LOW
2024-02-29,Netherlands,Namibia,"Tribhuvan University International Cricket Ground, Kirtipur",Netherlands,bat,T20,2023/24,Netherlands,1,1,0.5432098765432098,0.7058823529411765,0.6,1.0,0.6666666666666666,0.3333333333333333,0.6,1.0,81,51,3,3,5,1,LOW,LOW,MEDIUM,LOW
2024-03-01,Nepal,Namibia,"Tribhuvan University International Cricket Ground, Kirtipur",Namibia,field,T20,2023/24,Nepal,1,0,0.609375,0.6923076923076923,0.4,0.8,0.0,1.0,0.6875,0.5,64,52,1,1,16,2,LOW,LOW,MEDIUM,LOW
2024-03-02,Netherlands,Nepal,"Tribhuvan University International Cricket Ground, Kirtipur",Netherlands,bat,T20,2023/24,Nepal,0,1,0.5487804878048781,0.6153846153846154,0.8,0.4,0.5714285714285714,0.4285714285714285,0.6666666666666666,0.7058823529411765,82,65,7,7,6,17,MEDIUM,MEDIUM,MEDIUM,MEDIUM
2024-03-04,Sri Lanka,Bangladesh,Sylhet International Cricket Stadium,Bangladesh,field,T20,2023/24,Sri Lanka,1,0,0.4470588235294118,0.3669064748201439,0.4,0.6,0.6923076923076923,0.3076923076923077,1.0,0.0,170,139,13,13,1,2,MEDIUM,MEDIUM,LOW,LOW
2024-03-05,Kuwait,Bahrain,"Bayuemas Oval, Kuala Lumpur",Bahrain,field,T20,2023/24,Bahrain,0,0,0.59375,0.4594594594594595,0.6,0.4,0.8888888888888888,0.1111111111111111,0.5,0.5,32,37,9,9,0,0,MEDIUM,MEDIUM,LOW,LOW
2024-03-05,Vanuatu,Tanzania,"Bayuemas Oval, Kuala Lumpur",Tanzania,field,T20,2023/24,Vanuatu,1,0,0.5,0.6086956521739131,0.4,0.2,0.5,0.5,0.5,0.5,20,46,0,0,0,0,LOW,LOW,LOW,LOW
2024-03-05,Nepal,Netherlands,"Tribhuvan University International Cricket Ground, Kirtipur",Nepal,bat,T20,2023/24,Netherlands,0,1,0.6212121212121212,0.5421686746987951,0.6,0.8,0.5,0.5,0.7222222222222222,0.5714285714285714,66,83,8,8,18,7,MEDIUM,MEDIUM,MEDIUM,MEDIUM
2024-03-06,Papua New Guinea,Oman,Al Amerat Cricket Ground Oman Cricket (Ministry Turf 1),Oman,field,T20,2023/24,Oman,0,0,0.5581395348837209,0.5192307692307693,1.0,1.0,0.0,1.0,0.0,0.4545454545454545,43,52,1,1,3,22,LOW,LOW,LOW,HIGH
2024-03-06,Sri Lanka,Bangladesh,Sylhet International Cricket Stadium,Bangladesh,field,T20,2023/24,Bangladesh,0,0,0.4502923976608187,0.3642857142857142,0.6,0.4,0.7142857142857143,0.2857142857142857,1.0,0.0,171,140,14,14,2,3,MEDIUM,MEDIUM,LOW,LOW
2024-03-06,Tanzania,Kuwait,"Bayuemas Oval, Kuala Lumpur",Tanzania,bat,T20,2023/24,Kuwait,0,1,0.5957446808510638,0.5757575757575758,0.2,0.4,0.5,0.5,0.0,0.0,47,33,0,0,1,1,LOW,LOW,LOW,LOW
2024-03-06,Malaysia,Vanuatu,"Bayuemas Oval, Kuala Lumpur",Malaysia,bat,T20,2023/24,Malaysia,1,1,0.5614035087719298,0.5238095238095238,0.2,0.6,0.4,0.6,0.75,1.0,57,21,5,5,8,1,MEDIUM,MEDIUM,MEDIUM,LOW
2024-03-07,Malaysia,Bahrain,"Bayuemas Oval, Kuala Lumpur",Bahrain,field,T20,2023/24,Bahrain,0,0,0.5689655172413793,0.4736842105263157,0.4,0.4,0.6666666666666666,0.3333333333333333,0.7777777777777778,1.0,58,38,3,3,9,1,LOW,LOW,MEDIUM,LOW
2024-03-07,Vanuatu,Kuwait,"Bayuemas Oval, Kuala Lumpur",Kuwait,field,T20,2023/24,Kuwait,0,0,0.5,0.5882352941176471,0.6,0.4,0.5,0.5,0.5,0.5,22,34,0,0,2,2,LOW,LOW,LOW,LOW
2024-03-07,Oman,Papua New Guinea,Al Amerat Cricket Ground Oman Cricket (Ministry Turf 1),Papua New Guinea,field,T20,2023/24,Papua New Guinea,0,0,0.5283018867924528,0.5454545454545454,1.0,0.8,1.0,0.0,0.4782608695652174,0.0,53,44,2,2,23,4,LOW,LOW,HIGH,LOW
2024-03-08,Papua New Guinea,Oman,Al Amerat Cricket Ground Oman Cricket (Ministry Turf 1),Oman,field,T20,2023/24,Oman,0,0,0.5555555555555556,0.5185185185185185,0.8,0.8,0.3333333333333333,0.6666666666666666,0.2,0.4583333333333333,45,54,3,3,5,24,LOW,LOW,MEDIUM,HIGH
2024-03-09,Sri Lanka,Bangladesh,Sylhet International Cricket Stadium,Bangladesh,field,T20,2023/24,Sri Lanka,1,0,0.4476744186046512,0.3687943262411347,0.6,0.6,0.6666666666666666,0.3333333333333333,0.6666666666666666,0.25,172,141,15,15,3,4,MEDIUM,MEDIUM,LOW,LOW
2024-03-09,Bahrain,Tanzania,"Bayuemas Oval, Kuala Lumpur",Tanzania,field,T20,2023/24,Bahrain,1,0,0.4871794871794871,0.5833333333333334,0.6,0.2,0.5,0.5,1.0,0.0,39,48,0,0,2,2,LOW,LOW,LOW,LOW
2024-03-09,Hong Kong,Nepal,"Mission Road Ground, Mong Kok, Hong Kong",Nepal,field,T20,2023/24,Hong Kong,1,0,0.4428571428571428,0.6119402985074627,0.8,0.4,0.4285714285714285,0.5714285714285714,1.0,0.5,70,67,7,7,9,0,MEDIUM,MEDIUM,MEDIUM,LOW
2024-03-09,Kuwait,Malaysia,"Bayuemas Oval, Kuala Lumpur",Malaysia,field,T20,2023/24,Malaysia,0,0,0.6,0.559322033898305,0.6,0.4,0.0,1.0,0.6666666666666666,0.7,35,59,2,2,3,10,LOW,LOW,LOW,MEDIUM
2024-03-10,Tanzania,Malaysia,"Bayuemas Oval, Kuala Lumpur",Tanzania,bat,T20,2023/24,Malaysia,0,1,0.5714285714285714,0.5666666666666667,0.2,0.6,0.5,0.5,0.0,0.7272727272727273,49,60,0,0,3,11,LOW,LOW,LOW,MEDIUM
2024-03-10,Bahrain,Vanuatu,"Bayuemas Oval, Kuala Lumpur",Bahrain,bat,T20,2023/24,Bahrain,1,1,0.5,0.4782608695652174,0.6,0.6,0.5,0.5,1.0,0.3333333333333333,40,23,0,0,3,3,LOW,LOW,LOW,LOW
2024-03-11,Scotland,United Arab Emirates,Dubai International Cricket Stadium,United Arab Emirates,field,T20,2023/24,United Arab Emirates,0,0,0.5151515151515151,0.5,1.0,0.8,0.6666666666666666,0.3333333333333333,0.4,0.125,66,72,3,3,10,8,LOW,LOW,MEDIUM,MEDIUM
2024-03-11,Malaysia,Bahrain,"Bayuemas Oval, Kuala Lumpur",Malaysia,bat,T20,2023/24,Bahrain,0,1,0.5737704918032787,0.5121951219512195,0.8,0.8,0.5,0.5,0.75,1.0,61,41,4,4,12,4,LOW,LOW,MEDIUM,LOW
2024-03-11,Vanuatu,Kuwait,"Bayuemas Oval, Kuala Lumpur",Kuwait,field,T20,2023/24,Kuwait,0,0,0.4583333333333333,0.5833333333333334,0.4,0.6,0.0,1.0,0.25,0.5,24,36,1,1,4,4,LOW,LOW,LOW,LOW
2024-03-12,Hong Kong,Papua New Guinea,"Mission Road Ground, Mong Kok, Hong Kong",Hong Kong,bat,T20,2023/24,Papua New Guinea,0,1,0.4507042253521127,0.5434782608695652,0.8,0.6,0.5,0.5,1.0,0.5,71,46,2,2,10,0,LOW,LOW,MEDIUM,LOW
2024-03-12,Nepal,Papua New Guinea,"Mission Road Ground, Mong Kok, Hong Kong",Papua New Guinea,field,T20,2023/24,Nepal,1,0,0.6029411764705882,0.5531914893617021,0.4,0.6,0.75,0.25,0.0,1.0,68,47,4,4,1,1,LOW,LOW,LOW,LOW
2024-03-13,Scotland,United Arab Emirates,Dubai International Cricket Stadium,United Arab Emirates,field,T20,2023/24,Scotland,1,0,0.5074626865671642,0.5068493150684932,0.8,0.8,0.5,0.5,0.3636363636363636,0.2222222222222222,67,73,4,4,11,9,LOW,LOW,MEDIUM,MEDIUM
2024-03-13,Papua New Guinea,Nepal,"Mission Road Ground, Mong Kok, Hong Kong",Nepal,field,T20,2023/24,Papua New Guinea,1,0,0.5416666666666666,0.6086956521739131,0.4,0.6,0.2,0.8,0.5,0.5,48,69,5,5,2,2,MEDIUM,MEDIUM,LOW,LOW
2024-03-14,Scotland,United Arab Emirates,Dubai International Cricket Stadium,United Arab Emirates,field,T20,2023/24,Scotland,1,0,0.5147058823529411,0.5,0.8,0.6,0.6,0.4,0.4166666666666667,0.2,68,74,5,5,12,10,MEDIUM,MEDIUM,MEDIUM,MEDIUM
2024-03-16,Papua New Guinea,Malaysia,"Bayuemas Oval, Kuala Lumpur",Malaysia,field,T20,2023/24,Papua New Guinea,1,0,0.5510204081632653,0.5645161290322581,0.6,0.6,0.75,0.25,1.0,0.6923076923076923,49,62,4,4,3,13,LOW,LOW,LOW,MEDIUM
2024-03-17,Malaysia,Papua New Guinea,"Bayuemas Oval, Kuala Lumpur",Malaysia,bat,T20,2023/24,Malaysia,1,1,0.5555555555555556,0.56,0.4,0.6,0.2,0.8,0.6428571428571429,1.0,63,50,5,5,14,4,MEDIUM,MEDIUM,MEDIUM,LOW
2024-03-17,South Africa,Ghana,"Achimota Senior Secondary School A Field, Accra",South Africa,bat,T20,2023/24,South Africa,1,1,0.5602409638554217,0.3448275862068966,0.2,0.2,0.5,0.5,0.5,0.5,166,29,0,0,0,0,LOW,LOW,LOW,LOW
2024-03-17,Tanzania,Nigeria,"Achimota Senior Secondary School B Field, Accra",Tanzania,bat,T20,2023/24,Tanzania,1,1,0.56,0.5111111111111111,0.2,0.2,0.6666666666666666,0.3333333333333333,0.5,0.5,50,45,3,3,0,0,LOW,LOW,LOW,LOW
2024-03-17,Uganda,Kenya,"Achimota Senior Secondary School B Field, Accra",Uganda,bat,T20,2023/24,Uganda,1,1,0.7916666666666666,0.5079365079365079,0.8,0.4,0.6363636363636364,0.3636363636363636,0.5,0.5,72,63,11,11,0,0,MEDIUM,MEDIUM,LOW,LOW
2024-03-17,Zimbabwe,Namibia,"Achimota Senior Secondary School A Field, Accra",Zimbabwe,bat,T20,2023/24,Zimbabwe,1,1,0.3728813559322034,0.6792452830188679,0.2,0.6,0.3636363636363636,0.6363636363636364,0.5,0.5,118,53,11,11,0,0,MEDIUM,MEDIUM,LOW,LOW
2024-03-18,Uganda,Ghana,"Achimota Senior Secondary School B Field, Accra",Uganda,bat,T20,2023/24,Uganda,1,1,0.7945205479452054,0.3333333333333333,1.0,0.2,1.0,0.0,1.0,0.5,73,30,3,3,1,0,LOW,LOW,LOW,LOW
2024-03-18,Namibia,Nigeria,"Achimota Senior Secondary School B Field, Accra",Namibia,bat,T20,2023/24,Nigeria,0,1,0.6666666666666666,0.5,0.4,0.2,1.0,0.0,0.5,0.0,54,46,1,1,0,1,LOW,LOW,LOW,LOW
2024-03-18,Tanzania,Zimbabwe,"Achimota Senior Secondary School A Field, Accra",Tanzania,bat,T20,2023/24,Zimbabwe,0,1,0.5686274509803921,0.3781512605042016,0.2,0.4,0.0,1.0,0.5,1.0,51,119,1,1,0,1,LOW,LOW,LOW,LOW
2024-03-20,Tanzania,Namibia,"Achimota Senior Secondary School B Field, Accra",Tanzania,bat,T20,2023/24,Namibia,0,1,0.5576923076923077,0.6545454545454545,0.2,0.2,0.0,1.0,1.0,0.0,52,55,1,1,1,1,LOW,LOW,LOW,LOW
2024-03-20,Ghana,Kenya,"Achimota Senior Secondary School B Field, Accra",Ghana,bat,T20,2023/24,Kenya,0,1,0.3225806451612903,0.5,0.2,0.2,0.0,1.0,0.0,0.0,31,64,1,1,1,1,LOW,LOW,LOW,LOW
2024-03-20,Nigeria,Zimbabwe,"Achimota Senior Secondary School A Field, Accra",Nigeria,bat,T20,2023/24,Zimbabwe,0,1,0.5106382978723404,0.3833333333333333,0.2,0.6,0.0,1.0,0.5,1.0,47,120,1,1,0,2,LOW,LOW,LOW,LOW
2024-03-21,Zimbabwe,Kenya,"Achimota Senior Secondary School A Field, Accra",Zimbabwe,bat,T20,2023/24,Zimbabwe,1,1,0.3884297520661157,0.5076923076923077,0.8,0.2,1.0,0.0,1.0,0.5,121,65,1,1,3,0,LOW,LOW,LOW,LOW
2024-03-21,Namibia,Uganda,"Achimota Senior Secondary School A Field, Accra",Namibia,bat,T20,2023/24,Namibia,1,1,0.6607142857142857,0.7972972972972973,0.2,1.0,0.875,0.125,0.0,0.5,56,74,8,8,1,0,MEDIUM,MEDIUM,LOW,LOW
2024-03-23,Uganda,Kenya,"Achimota Senior Secondary School A Field, Accra",Uganda,bat,T20,2023/24,Uganda,1,1,0.7866666666666666,0.5,0.8,0.2,0.6666666666666666,0.3333333333333333,0.0,0.0,75,66,12,12,1,1,MEDIUM,MEDIUM,LOW,LOW
2024-03-23,Namibia,Zimbabwe,"Achimota Senior Secondary School A Field, Accra",Namibia,bat,T20,2023/24,Zimbabwe,0,1,0.6666666666666666,0.3934426229508196,0.4,0.8,0.5833333333333334,0.4166666666666667,0.5,1.0,57,122,12,12,2,4,MEDIUM,MEDIUM,LOW,LOW
2024-04-01,Oman,Namibia,Al Amerat Cricket Ground Oman Cricket (Ministry Turf 1),Namibia,field,T20,2024,Namibia,0,0,0.5272727272727272,0.6551724137931034,0.8,0.4,0.0,1.0,0.48,0.5,55,58,1,1,25,0,LOW,LOW,HIGH,LOW
2024-04-02,Oman,Namibia,Al Amerat Cricket Ground Oman Cricket (Ministry Turf 1),Oman,bat,T20,2024,Oman,1,1,0.5178571428571429,0.6610169491525424,0.6,0.6,0.0,1.0,0.4615384615384615,1.0,56,59,2,2,26,1,LOW,LOW,HIGH,LOW
2024-04-04,Namibia,Oman,Al Amerat Cricket Ground Oman Cricket (Ministry Turf 1),Oman,field,T20,2024,Oman,0,0,0.65,0.5263157894736842,0.6,0.6,0.6666666666666666,0.3333333333333333,0.5,0.4814814814814814,60,57,3,3,2,27,LOW,LOW,LOW,HIGH
2024-04-05,Namibia,Oman,Al Amerat Cricket Ground Oman Cricket (Ministry Turf 1),Oman,field,T20,2024,Namibia,1,0,0.639344262295082,0.5344827586206896,0.4,0.6,0.5,0.5,0.3333333333333333,0.5,61,58,4,4,3,28,LOW,LOW,LOW,HIGH
2024-04-07,Canada,United States of America,Prairie View Cricket Complex,United States of America,field,T20,2024,United States of America,0,0,0.6153846153846154,0.5,0.8,0.4,1.0,0.0,0.5,0.5,39,18,2,2,0,0,LOW,LOW,LOW,LOW
2024-04-07,Namibia,Oman,Al Amerat Cricket Ground Oman Cricket (Ministry Turf 1),Namibia,bat,T20,2024,Namibia,1,1,0.6451612903225806,0.5254237288135594,0.4,0.6,0.6,0.4,0.5,0.4827586206896552,62,59,5,5,4,29,MEDIUM,MEDIUM,LOW,HIGH
2024-04-09,United States of America,Canada,Prairie View Cricket Complex,Canada,field,T20,2024,United States of America,1,0,0.5263157894736842,0.6,0.4,0.8,0.3333333333333333,0.6666666666666666,1.0,0.0,19,40,3,3,1,1,LOW,LOW,LOW,LOW
2024-04-12,Hong Kong,Qatar,Al Amerat Cricket Ground Oman Cricket (Ministry Turf 2),Hong Kong,bat,T20,2024,Hong Kong,1,1,0.4444444444444444,0.5454545454545454,0.6,0.6,0.5,0.5,0.5,0.0,72,22,2,2,0,1,LOW,LOW,LOW,LOW
2024-04-12,United States of America,Canada,Prairie View Cricket Complex,Canada,field,T20,2024,United States of America,1,0,0.55,0.5853658536585366,0.4,0.6,0.5,0.5,1.0,0.0,20,41,4,4,2,2,LOW,LOW,LOW,LOW
2024-04-12,Kuwait,United Arab Emirates,Al Amerat Cricket Ground Oman Cricket (Ministry Turf 2),United Arab Emirates,field,T20,2024,United Arab Emirates,0,0,0.5945945945945946,0.4933333333333333,0.6,0.4,0.3333333333333333,0.6666666666666666,1.0,0.6666666666666666,37,75,3,3,1,3,LOW,LOW,LOW,LOW
2024-04-12,Malaysia,Nepal,Al Amerat Cricket Ground Oman Cricket (Ministry Turf 1),Malaysia,bat,T20,2024,Nepal,0,1,0.5625,0.6,0.6,0.4,0.0,1.0,0.5,0.5,64,70,8,8,0,10,MEDIUM,MEDIUM,LOW,MEDIUM
2024-04-12,Mexico,Costa Rica,Los Reyes Polo Club,Costa Rica,field,T20,2024,Mexico,1,0,0.6666666666666666,0.0,0.6666666666666666,0.0,1.0,0.0,1.0,0.0,2,0,0,0,0,0,LOW,LOW,LOW,LOW
2024-04-12,Mexico,Costa Rica,Los Reyes Polo Club,Mexico,bat,T20,2024,Mexico,1,1,0.5,0.5,0.5,0.5,0.5,0.5,0.5,0.5,3,1,1,1,1,1,LOW,LOW,LOW,LOW
2024-04-12,Oman,Bahrain,Al Amerat Cricket Ground Oman Cricket (Ministry Turf 1),Bahrain,field,T20,2024,Oman,1,0,0.5166666666666667,0.5238095238095238,0.4,1.0,0.5,0.5,0.4666666666666667,0.3076923076923077,60,42,4,4,30,13,LOW,LOW,HIGH,MEDIUM
2024-04-13,Costa Rica,Mexico,Los Reyes Polo Club,Costa Rica,bat,T20,2024,Costa Rica,1,1,0.0,0.75,0.0,0.75,0.0,1.0,0.0,1.0,2,4,2,2,2,2,LOW,LOW,LOW,LOW
2024-04-13,Cambodia,Kuwait,Al Amerat Cricket Ground Oman Cricket (Ministry Turf 1),Cambodia,bat,T20,2024,Kuwait,0,1,0.5454545454545454,0.5789473684210527,0.8,0.6,0.5,0.5,0.5,0.75,11,38,0,0,0,8,LOW,LOW,LOW,MEDIUM
2024-04-13,United Arab Emirates,Bahrain,Al Amerat Cricket Ground Oman Cricket (Ministry Turf 2),Bahrain,field,T20,2024,United Arab Emirates,1,0,0.5,0.5116279069767442,0.4,0.8,0.3333333333333333,0.6666666666666666,0.75,0.75,76,43,3,3,4,4,LOW,LOW,LOW,LOW
2024-04-13,Nepal,Qatar,Al Amerat Cricket Ground Oman Cricket (Ministry Turf 1),Nepal,bat,T20,2024,Nepal,1,1,0.6056338028169014,0.5217391304347826,0.4,0.4,0.0,1.0,0.5454545454545454,0.0,71,23,1,1,11,1,LOW,LOW,MEDIUM,LOW
2024-04-13,Malaysia,Saudi Arabia,Al Amerat Cricket Ground Oman Cricket (Ministry Turf 2),Malaysia,bat,T20,2024,Malaysia,1,1,0.5538461538461539,0.5652173913043478,0.4,1.0,0.5,0.5,0.5,0.0,65,23,0,0,0,1,LOW,LOW,LOW,LOW
2024-04-13,Canada,United States of America,Prairie View Cricket Complex,Canada,bat,T20,2024,United States of America,0,1,0.5714285714285714,0.5714285714285714,0.4,0.6,0.4,0.6,0.0,1.0,42,21,5,5,3,3,MEDIUM,MEDIUM,LOW,LOW
2024-04-14,Saudi Arabia,Hong Kong,Al Amerat Cricket Ground Oman Cricket (Ministry Turf 2),Saudi Arabia,bat,T20,2024,Saudi Arabia,1,1,0.5416666666666666,0.4520547945205479,0.8,0.6,0.5,0.5,0.0,1.0,24,73,0,0,2,1,LOW,LOW,LOW,LOW
2024-04-14,Mexico,Costa Rica,Los Reyes Polo Club,Mexico,bat,T20,2024,Mexico,1,1,0.6,0.3333333333333333,0.6,0.3333333333333333,0.6666666666666666,0.3333333333333333,0.6666666666666666,0.3333333333333333,5,3,3,3,3,3,LOW,LOW,LOW,LOW
2024-04-14,Jersey,Spain,La Manga Club Top Ground,Jersey,bat,T20,2024,Spain,0,1,0.6296296296296297,0.72,0.4,0.8,0.5,0.5,0.5,0.5,27,25,0,0,0,0,LOW,LOW,LOW,LOW
2024-04-14,Oman,Cambodia,Al Amerat Cricket Ground Oman Cricket (Ministry Turf 2),Cambodia,field,T20,2024,Oman,1,0,0.5245901639344263,0.5,0.6,0.6,0.5,0.5,0.3333333333333333,0.5,61,12,0,0,3,0,LOW,LOW,LOW,LOW
2024-04-14,Jersey,Spain,La Manga Club Top Ground,Spain,field,T20,2024,Spain,0,0,0.6071428571428571,0.7307692307692307,0.4,1.0,0.0,1.0,0.0,1.0,28,26,1,1,1,1,LOW,LOW,LOW,LOW
2024-04-15,Hong Kong,Nepal,Al Amerat Cricket Ground Oman Cricket (Ministry Turf 1),Nepal,field,T20,2024,Nepal,0,0,0.4459459459459459,0.6111111111111112,0.4,0.6,0.5,0.5,0.5,0.5833333333333334,74,72,8,8,6,12,MEDIUM,MEDIUM,MEDIUM,MEDIUM
2024-04-15,Kuwait,Bahrain,Al Amerat Cricket Ground Oman Cricket (Ministry Turf 2),Bahrain,field,T20,2024,Kuwait,1,0,0.5897435897435898,0.5,0.6,0.6,0.8,0.2,0.5,0.6,39,44,10,10,2,5,MEDIUM,MEDIUM,LOW,MEDIUM
2024-04-15,United Arab Emirates,Oman,Al Amerat Cricket Ground Oman Cricket (Ministry Turf 1),Oman,field,T20,2024,Oman,0,0,0.5064935064935064,0.532258064516129,0.6,0.6,0.4,0.6,0.7272727272727273,0.4838709677419355,77,62,5,5,11,31,MEDIUM,MEDIUM,MEDIUM,HIGH
2024-04-15,Malaysia,Qatar,Al Amerat Cricket Ground Oman Cricket (Ministry Turf 2),Qatar,field,T20,2024,Qatar,0,0,0.5606060606060606,0.5,0.4,0.4,0.5,0.5,1.0,0.0,66,24,2,2,1,2,LOW,LOW,LOW,LOW
2024-04-16,Cambodia,Bahrain,Al Amerat Cricket Ground Oman Cricket (Ministry Turf 1),Cambodia,bat,T20,2024,Bahrain,0,1,0.4615384615384615,0.4888888888888889,0.4,0.4,0.5,0.5,0.0,0.2857142857142857,13,45,0,0,1,14,LOW,LOW,LOW,MEDIUM
2024-04-16,Qatar,Saudi Arabia,Al Amerat Cricket Ground Oman Cricket (Ministry Turf 1),Saudi Arabia,field,T20,2024,Qatar,1,0,0.52,0.56,0.4,0.8,0.5,0.5,0.0,0.2857142857142857,25,25,0,0,2,7,LOW,LOW,LOW,MEDIUM
2024-04-17,Cambodia,United Arab Emirates,Al Amerat Cricket Ground Oman Cricket (Ministry Turf 1),Cambodia,bat,T20,2024,United Arab Emirates,0,1,0.4285714285714285,0.5,0.2,0.4,0.5,0.5,0.0,0.6666666666666666,14,78,0,0,2,12,LOW,LOW,LOW,MEDIUM
2024-04-17,Oman,Kuwait,Al Amerat Cricket Ground Oman Cricket (Ministry Turf 2),Kuwait,field,T20,2024,Oman,1,0,0.5396825396825397,0.6,0.6,0.6,1.0,0.0,0.5,0.6666666666666666,63,40,1,1,4,3,LOW,LOW,LOW,LOW
2024-04-17,Malaysia,Hong Kong,Al Amerat Cricket Ground Oman Cricket (Ministry Turf 1),Hong Kong,field,T20,2024,Hong Kong,0,0,0.5522388059701493,0.44,0.4,0.4,0.7,0.3,0.0,0.4285714285714285,67,75,10,10,1,7,MEDIUM,MEDIUM,LOW,MEDIUM
2024-04-17,Saudi Arabia,Nepal,Al Amerat Cricket Ground Oman Cricket (Ministry Turf 2),Nepal,field,T20,2024,Nepal,0,0,0.5384615384615384,0.6164383561643836,0.6,0.8,0.5,0.5,0.3333333333333333,1.0,26,73,0,0,3,2,LOW,LOW,LOW,LOW
2024-04-19,Nepal,United Arab Emirates,Al Amerat Cricket Ground Oman Cricket (Ministry Turf 1),United Arab Emirates,field,T20,2024,United Arab Emirates,0,0,0.6216216216216216,0.5063291139240507,0.8,0.6,0.5555555555555556,0.4444444444444444,0.6153846153846154,0.6923076923076923,74,79,9,9,13,13,MEDIUM,MEDIUM,MEDIUM,MEDIUM
2024-04-19,Hong Kong,Oman,Al Amerat Cricket Ground Oman Cricket (Ministry Turf 1),Oman,field,T20,2024,Oman,0,0,0.4473684210526316,0.546875,0.4,0.8,0.1428571428571428,0.8571428571428571,0.5,0.5,76,64,7,7,8,32,MEDIUM,MEDIUM,MEDIUM,HIGH
2024-04-20,New Zealand,Pakistan,Rawalpindi Cricket Stadium,Pakistan,field,T20,2024,Pakistan,0,0,0.5463917525773195,0.6132075471698113,0.2,0.2,0.4473684210526316,0.5526315789473685,1.0,0.75,194,212,38,38,1,4,HIGH,HIGH,LOW,LOW
2024-04-20,Nepal,Hong Kong,Al Amerat Cricket Ground Oman Cricket (Ministry Turf 1),Nepal,bat,T20,2024,Hong Kong,0,1,0.6133333333333333,0.4415584415584415,0.8,0.4,0.5555555555555556,0.4444444444444444,0.5714285714285714,0.4444444444444444,75,77,9,9,14,9,MEDIUM,MEDIUM,MEDIUM,MEDIUM
2024-04-21,United Arab Emirates,Oman,Al Amerat Cricket Ground Oman Cricket (Ministry Turf 1),Oman,field,T20,2024,United Arab Emirates,1,0,0.5125,0.5538461538461539,0.8,1.0,0.3333333333333333,0.6666666666666666,0.7142857142857143,0.5151515151515151,80,65,6,6,14,33,MEDIUM,MEDIUM,MEDIUM,HIGH
2024-04-21,Pakistan,New Zealand,Rawalpindi Cricket Stadium,New Zealand,field,T20,2024,New Zealand,0,0,0.6150234741784038,0.5435897435897435,0.4,0.0,0.5641025641025641,0.4358974358974359,0.8,0.5,213,195,39,39,5,2,HIGH,HIGH,MEDIUM,LOW
2024-04-25,New Zealand,Pakistan,"Gaddafi Stadium, Lahore",Pakistan,field,T20,2024,New Zealand,1,0,0.5459183673469388,0.6121495327102804,0.2,0.4,0.45,0.55,0.3333333333333333,0.4285714285714285,196,214,40,40,3,7,HIGH,HIGH,LOW,MEDIUM
2024-04-27,Pakistan,New Zealand,"Gaddafi Stadium, Lahore",New Zealand,field,T20,2024,Pakistan,1,0,0.6093023255813953,0.5482233502538071,0.4,0.4,0.5365853658536586,0.4634146341463415,0.375,0.5,215,197,41,41,8,4,HIGH,HIGH,MEDIUM,LOW
2024-05-01,Thailand,Indonesia,Udayana Cricket Ground,Indonesia,field,T20,2024,Thailand,1,0,0.36,0.5238095238095238,0.6,0.2,1.0,0.0,0.5,0.5454545454545454,25,21,1,1,0,11,LOW,LOW,LOW,MEDIUM
2024-05-02,Thailand,Indonesia,Udayana Cricket Ground,Thailand,bat,T20,2024,Indonesia,0,1,0.3846153846153846,0.5,0.6,0.2,1.0,0.0,1.0,0.5,26,22,2,2,1,12,LOW,LOW,LOW,MEDIUM
2024-05-03,Zimbabwe,Bangladesh,"Zahur Ahmed Chowdhury Stadium, Chattogram",Bangladesh,field,T20,2024,Bangladesh,0,0,0.3983739837398374,0.3661971830985915,1.0,0.4,0.3684210526315789,0.631578947368421,0.5,0.75,123,142,19,19,0,4,MEDIUM,MEDIUM,LOW,LOW
2024-05-04,Indonesia,Thailand,Udayana Cricket Ground,Thailand,field,T20,2024,Indonesia,1,0,0.5217391304347826,0.3703703703703703,0.2,0.4,0.3333333333333333,0.6666666666666666,0.5384615384615384,0.5,23,27,3,3,13,2,LOW,LOW,MEDIUM,LOW
2024-05-05,Thailand,Indonesia,Udayana Cricket Ground,Indonesia,field,T20,2024,Thailand,1,0,0.3571428571428571,0.5416666666666666,0.4,0.4,0.5,0.5,0.3333333333333333,0.5714285714285714,28,24,4,4,3,14,LOW,LOW,LOW,MEDIUM
2024-05-05,Zimbabwe,Bangladesh,"Zahur Ahmed Chowdhury Stadium, Chattogram",Bangladesh,field,T20,2024,Bangladesh,0,0,0.3951612903225806,0.3706293706293706,0.8,0.4,0.35,0.65,0.0,0.8,124,143,20,20,1,5,HIGH,HIGH,LOW,MEDIUM
2024-05-06,Indonesia,Thailand,Udayana Cricket Ground,Indonesia,bat,T20,2024,Thailand,0,1,0.52,0.3793103448275862,0.4,0.4,0.4,0.6,0.5333333333333333,0.5,25,29,5,5,15,4,MEDIUM,MEDIUM,MEDIUM,LOW
2024-05-07,Japan,Mongolia,Sano International Cricket Ground,Japan,bat,T20,2024,Japan,1,1,0.4761904761904761,0.0,0.4,0.0,0.5,0.5,0.6,0.5,21,1,0,0,5,0,LOW,LOW,MEDIUM,LOW
2024-05-07,Bangladesh,Zimbabwe,"Zahur Ahmed Chowdhury Stadium, Chattogram",Zimbabwe,field,T20,2024,Bangladesh,1,0,0.375,0.392,0.6,0.6,0.6666666666666666,0.3333333333333333,0.8333333333333334,0.0,144,125,21,21,6,2,HIGH,HIGH,MEDIUM,LOW
2024-05-08,Japan,Mongolia,Sano International Cricket Ground,Japan,bat,T20,2024,Japan,1,1,0.5,0.0,0.6,0.0,1.0,0.0,0.6666666666666666,0.0,22,2,1,1,6,1,LOW,LOW,MEDIUM,LOW
2024-05-09,France,Malta,Dreux Sport Cricket Club,France,bat,T20,2024,France,1,1,0.4705882352941176,0.5116279069767442,0.4,0.4,0.5,0.5,0.5,0.5,17,43,4,4,0,0,LOW,LOW,LOW,LOW
2024-05-09,France,Malta,Dreux Sport Cricket Club,France,bat,T20,2024,France,1,1,0.5,0.5,0.4,0.2,0.6,0.4,1.0,0.0,18,44,5,5,1,1,MEDIUM,MEDIUM,LOW,LOW
2024-05-09,Mongolia,Japan,Sano International Cricket Ground,Mongolia,bat,T20,2024,Japan,0,1,0.0,0.5217391304347826,0.0,0.8,0.0,1.0,0.0,0.7142857142857143,3,23,2,2,2,7,LOW,LOW,LOW,MEDIUM
2024-05-10,Pakistan,Ireland,"Castle Avenue, Dublin",Ireland,field,T20,2024,Ireland,0,0,0.6111111111111112,0.4745762711864407,0.6,0.4,1.0,0.0,0.5,0.5,216,118,1,1,0,2,LOW,LOW,LOW,LOW
2024-05-10,Belgium,Malta,Dreux Sport Cricket Club,Belgium,bat,T20,2024,Belgium,1,1,0.6666666666666666,0.4888888888888889,0.4,0.0,0.6,0.4,0.5,0.0,15,45,5,5,0,2,MEDIUM,MEDIUM,LOW,LOW
2024-05-10,Bangladesh,Zimbabwe,"Shere Bangla National Stadium, Mirpur",Zimbabwe,field,T20,2024,Bangladesh,1,0,0.3793103448275862,0.3888888888888889,0.8,0.4,0.6818181818181818,0.3181818181818182,0.6190476190476191,0.0,145,126,22,22,21,3,HIGH,HIGH,HIGH,LOW
2024-05-11,Malta,Belgium,Dreux Sport Cricket Club,Malta,bat,T20,2024,Belgium,0,1,0.4782608695652174,0.6875,0.0,0.4,0.3333333333333333,0.6666666666666666,0.0,1.0,46,16,6,6,3,1,MEDIUM,MEDIUM,LOW,LOW
2024-05-11,Belgium,France,Dreux Sport Cricket Club,Belgium,bat,T20,2024,France,0,1,0.7058823529411765,0.5263157894736842,0.6,0.4,0.5,0.5,1.0,1.0,17,19,0,0,2,2,LOW,LOW,LOW,LOW
2024-05-11,Japan,Mongolia,Sano International Cricket Ground,Japan,bat,T20,2024,Japan,1,1,0.5416666666666666,0.0,0.8,0.0,1.0,0.0,0.75,0.0,24,4,3,3,8,3,LOW,LOW,MEDIUM,LOW
2024-05-11,Japan,Mongolia,Sano International Cricket Ground,Japan,bat,T20,2024,Japan,1,1,0.56,0.0,0.8,0.0,1.0,0.0,0.7777777777777778,0.0,25,5,4,4,9,4,LOW,LOW,MEDIUM,LOW
2024-05-12,Bangladesh,Zimbabwe,"Shere Bangla National Stadium, Mirpur",Zimbabwe,field,T20,2024,Zimbabwe,0,0,0.3835616438356164,0.3858267716535433,0.8,0.2,0.6956521739130435,0.3043478260869565,0.6363636363636364,0.0,146,127,23,23,22,4,HIGH,HIGH,HIGH,LOW
2024-05-12,Japan,Mongolia,Sano International Cricket Ground,Japan,bat,T20,2024,Japan,1,1,0.5769230769230769,0.0,1.0,0.0,1.0,0.0,0.8,0.0,26,6,5,5,10,5,MEDIUM,MEDIUM,MEDIUM,MEDIUM
2024-05-12,Ireland,Pakistan,"Castle Avenue, Dublin",Pakistan,field,T20,2024,Pakistan,0,0,0.4789915966386555,0.6082949308755761,0.6,0.4,0.5,0.5,0.6666666666666666,0.0,119,217,2,2,3,1,LOW,LOW,LOW,LOW
2024-05-12,France,Belgium,Dreux Sport Cricket Club,France,bat,T20,2024,Belgium,0,1,0.55,0.6666666666666666,0.6,0.4,1.0,0.0,1.0,0.6666666666666666,20,18,1,1,3,3,LOW,LOW,LOW,LOW
2024-05-14,Ireland,Pakistan,"Castle Avenue, Dublin",Pakistan,field,T20,2024,Pakistan,0,0,0.475,0.6100917431192661,0.6,0.4,0.3333333333333333,0.6666666666666666,0.5,0.5,120,218,3,3,4,2,LOW,LOW,LOW,LOW
2024-05-18,Netherlands,Scotland,"Sportpark Westvliet, The Hague",Scotland,field,T20,2024,Netherlands,1,0,0.5476190476190477,0.5217391304347826,0.8,0.8,0.4545454545454545,0.5454545454545454,0.0,0.5,84,69,11,11,2,0,MEDIUM,MEDIUM,LOW,LOW
2024-05-19,Ireland,Netherlands,"Sportpark Westvliet, The Hague",Netherlands,field,T20,2024,Ireland,1,0,0.4710743801652892,0.5529411764705883,0.6,0.8,0.4166666666666667,0.5833333333333334,0.5,0.3333333333333333,121,85,12,12,0,3,MEDIUM,MEDIUM,LOW,LOW
2024-05-21,Bangladesh,United States of America,Prairie View Cricket Complex,United States of America,field,T20,2024,United States of America,0,0,0.3809523809523809,0.5909090909090909,0.8,0.8,0.5,0.5,0.5,1.0,147,22,0,0,0,4,LOW,LOW,LOW,LOW
2024-05-22,Scotland,Netherlands,"Sportpark Westvliet, The Hague",Netherlands,field,T20,2024,Scotland,1,0,0.5142857142857142,0.5465116279069767,0.6,0.6,0.5,0.5,0.0,0.25,70,86,12,12,1,4,MEDIUM,MEDIUM,LOW,LOW
2024-05-23,Scotland,Ireland,"Sportpark Westvliet, The Hague",Scotland,bat,T20,2024,Ireland,0,1,0.5211267605633803,0.4754098360655737,0.6,0.6,0.3333333333333333,0.6666666666666666,0.5,1.0,71,122,9,9,2,1,MEDIUM,MEDIUM,LOW,LOW
2024-05-23,West Indies,South Africa,"Sabina Park, Kingston, Jamaica",South Africa,field,T20,2024,West Indies,1,0,0.4418604651162791,0.562874251497006,0.4,0.4,0.4210526315789473,0.5789473684210527,0.3333333333333333,0.5,172,167,19,19,3,0,MEDIUM,MEDIUM,LOW,LOW
2024-05-23,United States of America,Bangladesh,Prairie View Cricket Complex,Bangladesh,field,T20,2024,United States of America,1,0,0.6086956521739131,0.3783783783783784,1.0,0.6,1.0,0.0,1.0,0.0,23,148,1,1,5,1,LOW,LOW,MEDIUM,LOW
2024-05-24,Ireland,Netherlands,"Sportpark Westvliet, The Hague",Netherlands,field,T20,2024,Ireland,1,0,0.4796747967479675,0.5402298850574713,0.6,0.4,0.4615384615384615,0.5384615384615384,1.0,0.2,123,87,13,13,2,5,MEDIUM,MEDIUM,LOW,MEDIUM
2024-05-24,Bulgaria,Gibraltar,"Moara Vlasiei Cricket Ground, Ilfov County",Gibraltar,field,T20,2024,Gibraltar,0,0,0.3928571428571428,0.2352941176470588,0.4,0.8,0.6666666666666666,0.3333333333333333,0.0,0.5,28,34,3,3,2,0,LOW,LOW,LOW,LOW
2024-05-24,Bulgaria,Romania,"Moara Vlasiei Cricket Ground, Ilfov County",Bulgaria,bat,T20,2024,Romania,0,1,0.3793103448275862,0.625,0.4,0.6,0.2,0.8,0.0,0.7777777777777778,29,32,5,5,3,9,MEDIUM,MEDIUM,LOW,MEDIUM
2024-05-25,United States of America,Bangladesh,Prairie View Cricket Complex,Bangladesh,field,T20,2024,Bangladesh,0,0,0.625,0.3758389261744966,1.0,0.4,1.0,0.0,1.0,0.0,24,149,2,2,6,2,LOW,LOW,MEDIUM,LOW
2024-05-25,Romania,Gibraltar,"Moara Vlasiei Cricket Ground, Ilfov County",Romania,bat,T20,2024,Gibraltar,0,1,0.6363636363636364,0.2571428571428571,0.8,0.8,1.0,0.0,0.8,1.0,33,35,1,1,10,1,LOW,LOW,MEDIUM,LOW
2024-05-25,West Indies,South Africa,"Sabina Park, Kingston, Jamaica",West Indies,bat,T20,2024,West Indies,1,1,0.4450867052023121,0.5595238095238095,0.6,0.4,0.45,0.55,0.5,0.0,173,168,20,20,4,1,HIGH,HIGH,LOW,LOW
2024-05-25,England,Pakistan,"Edgbaston, Birmingham",Pakistan,field,T20,2024,England,1,0,0.5321637426900585,0.6118721461187214,0.4,0.6,0.6666666666666666,0.3333333333333333,0.0,0.5,171,219,27,27,2,0,HIGH,HIGH,LOW,LOW
2024-05-26,South Africa,West Indies,"Sabina Park, Kingston, Jamaica",South Africa,bat,T20,2024,West Indies,0,1,0.5562130177514792,0.4482758620689655,0.4,0.6,0.5238095238095238,0.4761904761904761,0.0,0.6,169,174,21,21,2,5,HIGH,HIGH,LOW,MEDIUM
2024-05-26,Romania,Bulgaria,"Moara Vlasiei Cricket Ground, Ilfov County",Bulgaria,field,T20,2024,Romania,1,0,0.6176470588235294,0.3666666666666666,0.8,0.4,0.8333333333333334,0.1666666666666666,0.7272727272727273,0.0,34,30,6,6,11,4,MEDIUM,MEDIUM,MEDIUM,LOW
2024-05-30,Pakistan,England,"Kennington Oval, London",England,field,T20,2024,England,0,0,0.6090909090909091,0.5348837209302325,0.6,0.6,0.3214285714285714,0.6785714285714286,0.5,0.5,220,172,28,28,0,0,HIGH,HIGH,LOW,LOW
2024-06-01,Canada,United States of America,"Grand Prairie Stadium, Dallas",United States of America,field,T20,2024,United States of America,0,0,0.5581395348837209,0.6,0.2,0.8,0.3333333333333333,0.6666666666666666,0.5,0.5,43,25,6,6,0,0,MEDIUM,MEDIUM,LOW,LOW
2024-06-02,Papua New Guinea,West Indies,"Providence Stadium, Guyana",West Indies,field,T20,2024,West Indies,0,0,0.5490196078431373,0.4514285714285714,0.6,0.8,0.5,0.5,0.5,0.4,51,175,0,0,0,5,LOW,LOW,LOW,MEDIUM
2024-06-03,Sri Lanka,South Africa,"Nassau County International Cricket Stadium, New York",Sri Lanka,bat,T20,2024,South Africa,0,1,0.4508670520231214,0.5529411764705883,0.6,0.2,0.3125,0.6875,0.5,0.5,173,170,16,16,0,0,MEDIUM,MEDIUM,LOW,LOW
2024-06-04,Nepal,Netherlands,"Grand Prairie Stadium, Dallas",Netherlands,field,T20,2024,Netherlands,0,0,0.6052631578947368,0.5340909090909091,0.6,0.4,0.4444444444444444,0.5555555555555556,0.5,0.5,76,88,9,9,0,0,MEDIUM,MEDIUM,LOW,LOW
2024-06-05,Ireland,India,"Nassau County International Cricket Stadium, New York",India,field,T20,2024,India,0,0,0.4838709677419355,0.6633663366336634,0.6,0.6,0.0,1.0,0.5,0.5,124,202,7,7,0,0,MEDIUM,MEDIUM,LOW,LOW
2024-06-05,Papua New Guinea,Uganda,"Providence Stadium, Guyana",Uganda,field,T20,2024,Uganda,0,0,0.5384615384615384,0.7894736842105263,0.4,0.8,1.0,0.0,0.0,0.5,52,76,1,1,1,0,LOW,LOW,LOW,LOW
2024-06-05,Australia,Oman,"Kensington Oval, Bridgetown, Barbados",Oman,field,T20,2024,Australia,1,0,0.55,0.5454545454545454,0.8,0.8,0.5,0.5,0.5,0.5,180,66,0,0,0,0,LOW,LOW,LOW,LOW
2024-06-06,Namibia,Scotland,"Kensington Oval, Bridgetown, Barbados",Namibia,bat,T20,2024,Scotland,0,1,0.6507936507936508,0.5138888888888888,0.6,0.6,1.0,0.0,0.5,0.5,63,72,3,3,0,0,LOW,LOW,LOW,LOW
2024-06-07,Canada,Ireland,"Nassau County International Cricket Stadium, New York",Ireland,field,T20,2024,Canada,1,0,0.5454545454545454,0.48,0.0,0.6,0.3333333333333333,0.6666666666666666,0.5,0.0,44,125,3,3,0,1,LOW,LOW,LOW,LOW
2024-06-07,Sri Lanka,Bangladesh,"Grand Prairie Stadium, Dallas",Bangladesh,field,T20,2024,Bangladesh,0,0,0.4482758620689655,0.38,0.6,0.4,0.6875,0.3125,0.5,0.5,174,150,16,16,0,0,MEDIUM,MEDIUM,LOW,LOW
2024-06-08,Netherlands,South Africa,"Nassau County International Cricket Stadium, New York",South Africa,field,T20,2024,South Africa,0,0,0.5393258426966292,0.5555555555555556,0.4,0.4,0.5,0.5,0.5,1.0,89,171,2,2,0,1,LOW,LOW,LOW,LOW
2024-06-08,Australia,England,"Kensington Oval, Bridgetown, Barbados",England,field,T20,2024,Australia,1,0,0.5524861878453039,0.5375722543352601,0.8,0.8,0.4761904761904761,0.5238095238095238,1.0,0.3333333333333333,181,173,21,21,1,6,HIGH,HIGH,LOW,MEDIUM
2024-06-08,West Indies,Uganda,"Providence Stadium, Guyana",West Indies,bat,T20,2024,West Indies,1,1,0.4545454545454545,0.7922077922077922,1.0,0.8,0.5,0.5,0.5,1.0,176,77,0,0,6,1,LOW,LOW,MEDIUM,LOW
2024-06-09,Oman,Scotland,"Sir Vivian Richards Stadium, North Sound, Antigua",Oman,bat,T20,2024,Scotland,0,1,0.5373134328358209,0.5205479452054794,0.6,0.6,0.0,1.0,0.5,0.5,67,73,4,4,0,0,LOW,LOW,LOW,LOW
2024-06-09,France,Isle of Man,Roma Cricket Ground,Isle of Man,field,T20,2024,France,1,0,0.5238095238095238,0.5714285714285714,0.6,0.0,0.5,0.5,0.5,0.5,21,14,0,0,0,0,LOW,LOW,LOW,LOW
2024-06-09,India,Pakistan,"Nassau County International Cricket Stadium, New York",Pakistan,field,T20,2024,India,1,0,0.6650246305418719,0.6063348416289592,0.8,0.4,0.7272727272727273,0.2727272727272727,1.0,0.5,203,221,11,11,1,0,MEDIUM,MEDIUM,LOW,LOW
2024-06-09,Italy,Luxembourg,Roma Cricket Ground,Luxembourg,field,T20,2024,Italy,1,0,0.5652173913043478,0.3928571428571428,0.6,0.6,0.5,0.5,0.5,0.5,23,28,0,0,0,0,LOW,LOW,LOW,LOW
2024-06-09,Portugal,Hungary,"Simar Cricket Ground, Rome",Hungary,field,T20,2024,Portugal,1,0,0.7647058823529411,0.4375,1.0,0.4,0.5,0.5,0.5,0.5,17,16,0,0,0,0,LOW,LOW,LOW,LOW
2024-06-09,Austria,Romania,"Simar Cricket Ground, Rome",Austria,bat,T20,2024,Romania,0,1,0.5454545454545454,0.6285714285714286,0.0,0.8,0.5,0.5,0.5,0.5,22,35,0,0,0,0,LOW,LOW,LOW,LOW
2024-06-10,South Africa,Bangladesh,"Nassau County International Cricket Stadium, New York",South Africa,bat,T20,2024,South Africa,1,1,0.5581395348837209,0.3841059602649007,0.4,0.4,1.0,0.0,1.0,0.5,172,151,8,8,2,0,MEDIUM,MEDIUM,LOW,LOW
2024-06-10,France,Italy,"Simar Cricket Ground, Rome",Italy,field,T20,2024,Italy,0,0,0.5454545454545454,0.5833333333333334,0.8,0.8,0.5,0.5,0.5,0.5,22,24,0,0,0,0,LOW,LOW,LOW,LOW
2024-06-10,Portugal,Romania,Roma Cricket Ground,Portugal,bat,T20,2024,Romania,0,1,0.7777777777777778,0.6388888888888888,1.0,0.8,0.5,0.5,0.5,0.5,18,36,0,0,0,0,LOW,LOW,LOW,LOW
2024-06-10,Isle of Man,Turkey,"Simar Cricket Ground, Rome",Turkey,field,T20,2024,Isle of Man,1,0,0.5333333333333333,0.1428571428571428,0.0,0.2,1.0,0.0,0.5,0.5,15,7,1,1,0,0,LOW,LOW,LOW,LOW
2024-06-10,Israel,Austria,Roma Cricket Ground,Israel,bat,T20,2024,Austria,0,1,0.3333333333333333,0.5217391304347826,0.3333333333333333,0.0,0.5,0.5,0.5,0.5,3,23,0,0,0,0,LOW,LOW,LOW,LOW
2024-06-11,Canada,Pakistan,"Nassau County International Cricket Stadium, New York",Pakistan,field,T20,2024,Pakistan,0,0,0.5555555555555556,0.6036036036036037,0.2,0.4,0.5,0.5,1.0,0.0,45,222,0,0,1,1,LOW,LOW,LOW,LOW
2024-06-11,Namibia,Australia,"Sir Vivian Richards Stadium, North Sound, Antigua",Australia,field,T20,2024,Australia,0,0,0.640625,0.554945054945055,0.4,1.0,0.5,0.5,0.5,0.5,64,182,0,0,0,0,LOW,LOW,LOW,LOW
2024-06-12,United States of America,India,"Nassau County International Cricket Stadium, New York",India,field,T20,2024,India,0,0,0.6153846153846154,0.6666666666666666,0.8,0.8,0.5,0.5,0.5,1.0,26,204,0,0,0,2,LOW,LOW,LOW,LOW
2024-06-12,West Indies,New Zealand,"Brian Lara Stadium, Tarouba, Trinidad",New Zealand,field,T20,2024,West Indies,1,0,0.4576271186440678,0.5454545454545454,1.0,0.4,0.2857142857142857,0.7142857142857143,0.5,0.5,177,198,14,14,4,0,MEDIUM,MEDIUM,LOW,LOW
2024-06-12,Portugal,Austria,"Simar Cricket Ground, Rome",Portugal,bat,T20,2024,Austria,0,1,0.7368421052631579,0.5416666666666666,0.8,0.2,0.5,0.5,1.0,0.0,19,24,0,0,1,1,LOW,LOW,LOW,LOW
2024-06-12,Israel,Hungary,"Simar Cricket Ground, Rome",Israel,bat,T20,2024,Hungary,0,1,0.25,0.4117647058823529,0.25,0.4,1.0,0.0,0.5,0.0,4,17,1,1,0,1,LOW,LOW,LOW,LOW
2024-06-12,Isle of Man,Italy,Roma Cricket Ground,Isle of Man,bat,T20,2024,Italy,0,1,0.5625,0.6,0.2,0.8,0.0,1.0,0.0,1.0,16,25,1,1,1,1,LOW,LOW,LOW,LOW
2024-06-12,Luxembourg,Turkey,Roma Cricket Ground,Turkey,field,T20,2024,Luxembourg,1,0,0.3793103448275862,0.125,0.4,0.2,0.5,0.5,0.0,0.5,29,8,0,0,1,0,LOW,LOW,LOW,LOW
2024-06-13,Portugal,Israel,Roma Cricket Ground,Portugal,bat,T20,2024,Israel,0,1,0.7,0.2,0.6,0.2,0.5,0.5,0.0,0.0,20,5,0,0,1,1,LOW,LOW,LOW,LOW
2024-06-13,Oman,England,"Sir Vivian Richards Stadium, North Sound, Antigua",England,field,T20,2024,England,0,0,0.5294117647058824,0.5344827586206896,0.4,0.6,0.5,0.5,0.0,0.5,68,174,0,0,1,0,LOW,LOW,LOW,LOW
2024-06-13,Bangladesh,Netherlands,"Arnos Vale Ground, Kingstown, St Vincent",Netherlands,field,T20,2024,Bangladesh,1,0,0.3815789473684211,0.5333333333333333,0.4,0.2,0.75,0.25,0.5,0.5,152,90,4,4,0,0,LOW,LOW,LOW,LOW
2024-06-13,Turkey,Italy,"Simar Cricket Ground, Rome",Turkey,bat,T20,2024,Italy,0,1,0.1111111111111111,0.6153846153846154,0.2,1.0,0.5,0.5,0.0,1.0,9,26,0,0,1,1,LOW,LOW,LOW,LOW
2024-06-13,Hungary,Romania,Roma Cricket Ground,Romania,field,T20,2024,Romania,0,0,0.4444444444444444,0.6486486486486487,0.6,0.8,0.5,0.5,0.5,1.0,18,37,2,2,0,1,LOW,LOW,LOW,LOW
2024-06-13,France,Luxembourg,"Simar Cricket Ground, Rome",France,bat,T20,2024,France,1,1,0.5217391304347826,0.4,0.6,0.4,0.6666666666666666,0.3333333333333333,0.0,0.5,23,30,3,3,1,0,LOW,LOW,LOW,LOW
2024-06-14,South Africa,Nepal,"Arnos Vale Ground, Kingstown, St Vincent",Nepal,field,T20,2024,South Africa,1,0,0.5606936416184971,0.5974025974025974,0.6,0.4,0.5,0.5,0.5,0.5,173,77,0,0,0,0,LOW,LOW,LOW,LOW
2024-06-14,Uganda,New Zealand,"Brian Lara Stadium, Tarouba, Trinidad",New Zealand,field,T20,2024,New Zealand,0,0,0.782051282051282,0.542713567839196,0.6,0.4,0.5,0.5,0.5,0.0,78,199,0,0,0,1,LOW,LOW,LOW,LOW
2024-06-14,Norway,Finland,Kerava National Cricket Ground,Finland,field,T20,2024,Norway,1,0,0.3157894736842105,0.4666666666666667,0.4,0.4,1.0,0.0,0.3333333333333333,0.5714285714285714,19,15,1,1,3,7,LOW,LOW,LOW,MEDIUM
2024-06-15,Romania,Israel,"Simar Cricket Ground, Rome",Israel,field,T20,2024,Romania,1,0,0.6578947368421053,0.3333333333333333,0.8,0.4,0.5,0.5,1.0,0.0,38,6,0,0,1,1,LOW,LOW,LOW,LOW
2024-06-15,France,Turkey,Roma Cricket Ground,Turkey,field,T20,2024,France,1,0,0.5416666666666666,0.1,0.6,0.2,0.5,0.5,1.0,0.0,24,10,0,0,1,1,LOW,LOW,LOW,LOW
2024-06-15,Austria,Hungary,"Simar Cricket Ground, Rome",Hungary,field,T20,2024,Austria,1,0,0.56,0.4210526315789473,0.4,0.6,0.5,0.5,0.5,0.5,25,19,0,0,2,2,LOW,LOW,LOW,LOW
2024-06-15,Finland,Norway,Kerava National Cricket Ground,Finland,bat,T20,2024,Norway,0,1,0.4375,0.35,0.2,0.6,0.0,1.0,0.5,0.5,16,20,2,2,8,4,LOW,LOW,MEDIUM,LOW
2024-06-15,England,Namibia,"Sir Vivian Richards Stadium, North Sound, Antigua",Namibia,field,T20,2024,England,1,0,0.5371428571428571,0.6307692307692307,0.6,0.4,0.5,0.5,1.0,0.0,175,65,0,0,1,1,LOW,LOW,LOW,LOW
2024-06-15,Scotland,Australia,"Daren Sammy National Cricket Stadium, Gros Islet, St Lucia",Australia,field,T20,2024,Australia,0,0,0.527027027027027,0.5573770491803278,0.6,1.0,0.5,0.5,0.5,0.2,74,183,0,0,0,5,LOW,LOW,LOW,MEDIUM
2024-06-15,Isle of Man,Luxembourg,Roma Cricket Ground,Isle of Man,bat,T20,2024,Isle of Man,1,1,0.5294117647058824,0.3870967741935484,0.2,0.4,0.5,0.5,0.0,0.5,17,31,0,0,2,2,LOW,LOW,LOW,LOW
2024-06-16,Jersey,Denmark,"Svanholm Park, Brondby",Denmark,field,T20,2024,Jersey,1,0,0.6,0.3870967741935484,0.6,0.2,1.0,0.0,1.0,0.6,29,30,4,4,0,9,LOW,LOW,LOW,MEDIUM
2024-06-16,Denmark,Jersey,"Svanholm Park, Brondby",Jersey,field,T20,2024,Jersey,0,0,0.4,0.5862068965517241,0.2,0.4,0.0,1.0,0.6666666666666666,0.5,31,30,5,5,10,1,MEDIUM,MEDIUM,MEDIUM,LOW
2024-06-16,Bangladesh,Nepal,"Arnos Vale Ground, Kingstown, St Vincent",Nepal,field,T20,2024,Bangladesh,1,0,0.3856209150326797,0.5897435897435898,0.6,0.2,1.0,0.0,1.0,0.0,153,78,1,1,1,1,LOW,LOW,LOW,LOW
2024-06-16,Italy,Romania,"Simar Cricket Ground, Rome",Romania,field,T20,2024,Italy,1,0,0.6296296296296297,0.6666666666666666,1.0,1.0,0.5,0.5,1.0,1.0,27,39,0,0,2,2,LOW,LOW,LOW,LOW
2024-06-16,Sri Lanka,Netherlands,"Daren Sammy National Cricket Stadium, Gros Islet, St Lucia",Netherlands,field,T20,2024,Sri Lanka,1,0,0.4457142857142857,0.5274725274725275,0.4,0.2,1.0,0.0,0.5,0.5,175,91,3,3,0,0,LOW,LOW,LOW,LOW
2024-06-16,France,Austria,"Simar Cricket Ground, Rome",Austria,field,T20,2024,Austria,0,0,0.56,0.5769230769230769,0.6,0.6,0.5,0.5,0.5,0.6666666666666666,25,26,0,0,2,3,LOW,LOW,LOW,LOW
2024-06-16,Luxembourg,Israel,Roma Cricket Ground,Luxembourg,bat,T20,2024,Israel,0,1,0.375,0.2857142857142857,0.2,0.4,0.5,0.5,0.3333333333333333,0.5,32,7,0,0,3,2,LOW,LOW,LOW,LOW
2024-06-16,Ireland,Pakistan,"Central Broward Regional Park Stadium Turf Ground, Lauderhill",Pakistan,field,T20,2024,Pakistan,0,0,0.4761904761904761,0.6053811659192825,0.6,0.4,0.25,0.75,0.5,0.5,126,223,4,4,2,0,LOW,LOW,LOW,LOW
2024-06-16,Finland,Norway,Kerava National Cricket Ground,Finland,bat,T20,2024,Norway,0,1,0.4117647058823529,0.3809523809523809,0.0,0.6,0.0,1.0,0.4444444444444444,0.6,17,21,3,3,9,5,LOW,LOW,MEDIUM,MEDIUM
2024-06-16,Portugal,Isle of Man,Roma Cricket Ground,Portugal,bat,T20,2024,Portugal,1,1,0.6666666666666666,0.5555555555555556,0.4,0.4,0.5,0.5,0.0,0.3333333333333333,21,18,0,0,2,3,LOW,LOW,LOW,LOW
2024-06-17,Cyprus,Estonia,Happy Valley Ground,Cyprus,bat,T20,2024,Estonia,0,1,0.4545454545454545,0.1818181818181818,0.4,0.4,0.75,0.25,0.5,0.1666666666666666,10,10,3,3,5,5,LOW,LOW,MEDIUM,MEDIUM
2024-06-17,Cyprus,Estonia,Happy Valley Ground,Cyprus,bat,T20,2024,Estonia,0,1,0.5,0.1,0.4,0.2,1.0,0.0,0.6,0.0,11,11,4,4,6,6,LOW,LOW,MEDIUM,MEDIUM
2024-06-17,Papua New Guinea,New Zealand,"Brian Lara Stadium, Tarouba, Trinidad",New Zealand,field,T20,2024,New Zealand,0,0,0.5283018867924528,0.545,0.4,0.6,0.5,0.5,0.5,0.5,53,200,0,0,0,2,LOW,LOW,LOW,LOW
2024-06-18,Cyprus,Estonia,Happy Valley Ground,Estonia,field,T20,2024,Cyprus,1,0,0.4166666666666667,0.25,0.2,0.6,0.6,0.4,0.4285714285714285,0.2857142857142857,12,12,5,5,7,7,MEDIUM,MEDIUM,MEDIUM,MEDIUM
2024-06-18,Estonia,Cyprus,Happy Valley Ground,Estonia,bat,T20,2024,Estonia,1,1,0.2307692307692307,0.4615384615384615,0.6,0.2,0.3333333333333333,0.6666666666666666,0.25,0.5,13,13,6,6,8,8,MEDIUM,MEDIUM,MEDIUM,MEDIUM
2024-06-19,Estonia,Cyprus,Happy Valley Ground,Estonia,bat,T20,2024,Estonia,1,1,0.2857142857142857,0.4285714285714285,0.6,0.2,0.4285714285714285,0.5714285714285714,0.3333333333333333,0.4444444444444444,14,14,7,7,9,9,MEDIUM,MEDIUM,MEDIUM,MEDIUM
2024-06-19,Estonia,Cyprus,Happy Valley Ground,Cyprus,field,T20,2024,Cyprus,0,0,0.3333333333333333,0.4,0.8,0.2,0.5,0.5,0.4,0.4,15,15,8,8,10,10,MEDIUM,MEDIUM,MEDIUM,MEDIUM
2024-06-19,South Africa,United States of America,"Sir Vivian Richards Stadium, North Sound, Antigua",United States of America,field,T20,2024,South Africa,1,0,0.5632183908045977,0.5925925925925926,0.8,0.6,0.5,0.5,0.5,1.0,174,27,0,0,0,2,LOW,LOW,LOW,LOW
2024-06-19,West Indies,England,"Daren Sammy National Cricket Stadium, Gros Islet, St Lucia",England,field,T20,2024,England,0,0,0.4606741573033708,0.5397727272727273,1.0,0.8,0.5862068965517241,0.4137931034482758,0.8,0.5,178,176,29,29,5,0,HIGH,HIGH,MEDIUM,LOW
2024-06-20,Bangladesh,Australia,"Sir Vivian Richards Stadium, North Sound, Antigua",Australia,field,T20,2024,Australia,0,0,0.3896103896103896,0.5597826086956522,0.8,1.0,0.4,0.6,0.5,1.0,154,184,10,10,0,1,MEDIUM,MEDIUM,LOW,LOW
2024-06-21,South Africa,England,"Daren Sammy National Cricket Stadium, Gros Islet, St Lucia",England,field,T20,2024,South Africa,1,0,0.5657142857142857,0.5423728813559322,1.0,0.8,0.5,0.5,0.5,1.0,175,177,24,24,0,1,HIGH,HIGH,LOW,LOW
2024-06-21,United States of America,West Indies,"Kensington Oval, Bridgetown, Barbados",West Indies,field,T20,2024,West Indies,0,0,0.5714285714285714,0.4581005586592179,0.4,0.8,0.5,0.5,0.5,0.6666666666666666,28,179,0,0,0,6,LOW,LOW,LOW,MEDIUM
2024-06-22,India,Bangladesh,"Sir Vivian Richards Stadium, North Sound, Antigua",Bangladesh,field,T20,2024,India,1,0,0.6682926829268293,0.3870967741935484,0.8,0.6,0.9230769230769232,0.0769230769230769,0.5,0.0,205,155,13,13,0,1,MEDIUM,MEDIUM,LOW,LOW
2024-06-22,Guernsey,Jersey,"King George V Sports Ground, Castel",Jersey,field,T20,2024,Jersey,0,0,0.5789473684210527,0.625,0.6,0.6,0.0,1.0,0.0,1.0,18,31,1,1,0,0,LOW,LOW,LOW,LOW
2024-06-22,Guernsey,Jersey,"King George V Sports Ground, Castel",Jersey,field,T20,2024,Jersey,0,0,0.6111111111111112,0.6129032258064516,0.8,0.6,0.0,1.0,0.5,0.5,19,32,2,2,1,1,LOW,LOW,LOW,LOW
2024-06-23,Jersey,Guernsey,"Guernsey Rovers Athletic Club Ground, Port Soif",Guernsey,field,T20,2024,Guernsey,0,0,0.6363636363636364,0.55,0.8,0.4,1.0,0.0,0.5,0.5,33,20,3,3,0,0,LOW,LOW,LOW,LOW
2024-06-23,West Indies,South Africa,"Sir Vivian Richards Stadium, North Sound, Antigua",South Africa,field,T20,2024,South Africa,0,0,0.4611111111111111,0.5681818181818182,0.8,1.0,0.5,0.5,0.5,1.0,180,176,22,22,0,1,HIGH,HIGH,LOW,LOW
2024-06-23,United States of America,England,"Kensington Oval, Bridgetown, Barbados",England,field,T20,2024,England,0,0,0.5517241379310345,0.5393258426966292,0.2,0.6,0.5,0.5,0.0,0.2857142857142857,29,178,0,0,1,7,LOW,LOW,LOW,MEDIUM
2024-06-24,India,Australia,"Daren Sammy National Cricket Stadium, Gros Islet, St Lucia",Australia,field,T20,2024,India,1,0,0.6699029126213593,0.5621621621621622,1.0,1.0,0.6333333333333333,0.3666666666666666,0.5,0.3333333333333333,206,185,30,30,0,6,HIGH,HIGH,LOW,MEDIUM
2024-06-27,India,England,"Providence Stadium, Guyana",England,field,T20,2024,India,1,0,0.6714975845410628,0.5418994413407822,1.0,0.8,0.5217391304347826,0.4782608695652174,0.6666666666666666,0.5,207,179,23,23,3,0,HIGH,HIGH,LOW,LOW
2024-06-28,Malawi,Rwanda,"Sikh Union Club Ground, Nairobi",Malawi,bat,T20,2024,Malawi,1,1,0.5714285714285714,0.2727272727272727,0.6,0.0,1.0,0.0,0.5,0.5,7,55,1,1,0,0,LOW,LOW,LOW,LOW
2024-06-29,Rwanda,Kenya,"Sikh Union Club Ground, Nairobi",Rwanda,bat,T20,2024,Kenya,0,1,0.2678571428571428,0.4925373134328358,0.0,0.2,0.0,1.0,0.0,0.5,56,67,4,4,1,0,LOW,LOW,LOW,LOW
2024-06-29,India,South Africa,"Kensington Oval, Bridgetown, Barbados",India,bat,T20,2024,India,1,1,0.6730769230769231,0.5706214689265536,1.0,1.0,0.56,0.44,0.5,0.5,208,177,25,25,0,0,HIGH,HIGH,LOW,LOW
2024-07-01,Malawi,Kenya,"Sikh Union Club Ground, Nairobi",Kenya,field,T20,2024,Kenya,0,0,0.625,0.5,0.8,0.4,0.5,0.5,1.0,1.0,8,68,0,0,1,1,LOW,LOW,LOW,LOW
2024-07-03,Rwanda,Kenya,"Sikh Union Club Ground, Nairobi",Rwanda,bat,T20,2024,Kenya,0,1,0.2631578947368421,0.5072463768115942,0.0,0.6,0.0,1.0,0.0,1.0,57,69,5,5,2,2,MEDIUM,MEDIUM,LOW,LOW
2024-07-05,Kenya,Rwanda,"Sikh Union Club Ground, Nairobi",Kenya,bat,T20,2024,Kenya,1,1,0.5142857142857142,0.2586206896551724,0.6,0.0,1.0,0.0,1.0,0.0,70,58,6,6,3,3,MEDIUM,MEDIUM,LOW,LOW
2024-07-06,Zimbabwe,India,Harare Sports Club,India,field,T20,2024,Zimbabwe,1,0,0.390625,0.6746411483253588,0.2,1.0,0.25,0.75,0.2571428571428571,0.7142857142857143,128,209,8,8,35,7,MEDIUM,MEDIUM,HIGH,MEDIUM
2024-07-07,Jersey,Serbia,Bayer Uerdingen Cricket Ground,Jersey,bat,T20,2024,Jersey,1,1,0.6176470588235294,0.35,0.8,0.6,0.5,0.5,0.5,0.5,34,20,0,0,0,0,LOW,LOW,LOW,LOW
2024-07-07,Switzerland,Belgium,Bayer Uerdingen Cricket Ground,Belgium,field,T20,2024,Belgium,0,0,0.7142857142857143,0.6842105263157895,1.0,0.6,0.5,0.5,0.5,0.0,14,19,0,0,0,2,LOW,LOW,LOW,LOW
2024-07-07,India,Zimbabwe,Harare Sports Club,India,bat,T20,2024,India,1,1,0.6714285714285714,0.3953488372093023,0.8,0.4,0.6666666666666666,0.3333333333333333,0.625,0.2777777777777778,210,129,9,9,8,36,MEDIUM,MEDIUM,MEDIUM,HIGH
2024-07-08,Croatia,Belgium,Bayer Uerdingen Cricket Ground,Croatia,bat,T20,2024,Croatia,1,1,0.2,0.7,0.0,0.8,0.5,0.5,0.5,0.3333333333333333,10,20,0,0,0,3,LOW,LOW,LOW,LOW
2024-07-08,Norway,Sweden,Bayer Uerdingen Cricket Ground,Sweden,field,T20,2024,Norway,1,0,0.4090909090909091,0.4375,0.8,0.8,0.5,0.5,0.4,0.0,22,16,0,0,5,4,LOW,LOW,MEDIUM,LOW
2024-07-08,Germany,Gibraltar,Bayer Uerdingen Cricket Ground,Gibraltar,field,T20,2024,Germany,1,0,0.5869565217391305,0.2777777777777778,0.2,0.8,0.5,0.5,0.8181818181818182,0.5,46,36,0,0,11,0,LOW,LOW,MEDIUM,LOW
2024-07-09,Jersey,Switzerland,Bayer Uerdingen Cricket Ground,Jersey,bat,T20,2024,Jersey,1,1,0.6285714285714286,0.6666666666666666,0.8,0.8,0.5,0.5,1.0,0.0,35,15,0,0,1,1,LOW,LOW,LOW,LOW
2024-07-09,Germany,Sweden,Bayer Uerdingen Cricket Ground,Germany,bat,T20,2024,Germany,1,1,0.5957446808510638,0.4117647058823529,0.4,0.6,1.0,0.0,0.8333333333333334,0.0,47,17,2,2,12,5,LOW,LOW,MEDIUM,MEDIUM
2024-07-09,Slovenia,Norway,Bayer Uerdingen Cricket Ground,Slovenia,bat,T20,2024,Norway,0,1,0.0,0.4347826086956521,0.0,1.0,0.5,0.5,0.5,0.5,4,23,0,0,0,6,LOW,LOW,LOW,MEDIUM
2024-07-10,Croatia,Serbia,Bayer Uerdingen Cricket Ground,Serbia,field,T20,2024,Croatia,1,0,0.2727272727272727,0.3333333333333333,0.2,0.4,0.5,0.5,1.0,0.0,11,21,2,2,1,1,LOW,LOW,LOW,LOW
2024-07-10,Jersey,Belgium,Bayer Uerdingen Cricket Ground,Belgium,field,T20,2024,Jersey,1,0,0.6388888888888888,0.6666666666666666,0.8,0.6,0.5,0.5,1.0,0.25,36,21,0,0,2,4,LOW,LOW,LOW,LOW
2024-07-10,India,Zimbabwe,Harare Sports Club,India,bat,T20,2024,India,1,1,0.6729857819905213,0.3923076923076923,0.8,0.4,0.7,0.3,0.6666666666666666,0.2702702702702703,211,130,10,10,9,37,MEDIUM,MEDIUM,MEDIUM,HIGH
2024-07-10,Gibraltar,Slovenia,Bayer Uerdingen Cricket Ground,Gibraltar,bat,T20,2024,Slovenia,0,1,0.2702702702702703,0.0,0.6,0.0,0.5,0.5,0.0,0.0,37,5,0,0,1,1,LOW,LOW,LOW,LOW
2024-07-11,Gibraltar,Sweden,Bayer Uerdingen Cricket Ground,Sweden,field,T20,2024,Sweden,0,0,0.2631578947368421,0.3888888888888889,0.6,0.6,0.5,0.5,0.0,0.0,38,18,0,0,2,6,LOW,LOW,LOW,MEDIUM
2024-07-11,Switzerland,Serbia,Bayer Uerdingen Cricket Ground,Switzerland,bat,T20,2024,Switzerland,1,1,0.625,0.3181818181818182,0.6,0.2,0.5,0.5,0.0,0.0,16,22,0,0,2,2,LOW,LOW,LOW,LOW
2024-07-11,Norway,Germany,Bayer Uerdingen Cricket Ground,Germany,field,T20,2024,Norway,1,0,0.4583333333333333,0.6041666666666666,1.0,0.6,0.25,0.75,0.5714285714285714,0.8461538461538461,24,48,4,4,7,13,LOW,LOW,MEDIUM,MEDIUM
2024-07-12,Belgium,Serbia,Bayer Uerdingen Cricket Ground,Belgium,bat,T20,2024,Belgium,1,1,0.6363636363636364,0.3043478260869565,0.4,0.0,0.5,0.5,0.2,0.0,22,23,0,0,5,3,LOW,LOW,MEDIUM,LOW
2024-07-12,Kenya,Nigeria,"Sikh Union Club Ground, Nairobi",Kenya,bat,T20,2024,Kenya,1,1,0.5211267605633803,0.5,0.8,0.2,0.8333333333333334,0.1666666666666666,1.0,0.5,71,48,6,6,4,0,MEDIUM,MEDIUM,LOW,LOW
2024-07-13,Slovenia,Sweden,Bayer Uerdingen Cricket Ground,Sweden,field,T20,2024,Sweden,0,0,0.1666666666666666,0.4210526315789473,0.2,0.6,0.5,0.5,0.5,0.1428571428571428,6,19,0,0,2,7,LOW,LOW,LOW,MEDIUM
2024-07-13,Croatia,Switzerland,Bayer Uerdingen Cricket Ground,Switzerland,field,T20,2024,Switzerland,0,0,0.3333333333333333,0.6470588235294118,0.4,0.6,0.5,0.5,1.0,0.3333333333333333,12,17,0,0,2,3,LOW,LOW,LOW,LOW
2024-07-13,Zimbabwe,India,Harare Sports Club,India,field,T20,2024,India,0,0,0.3893129770992366,0.6745283018867925,0.4,0.8,0.2727272727272727,0.7272727272727273,0.2631578947368421,0.7,131,212,11,11,38,10,MEDIUM,MEDIUM,HIGH,MEDIUM
2024-07-13,Norway,Gibraltar,Bayer Uerdingen Cricket Ground,Norway,bat,T20,2024,Norway,1,1,0.48,0.2564102564102564,1.0,0.4,0.5,0.5,0.625,0.0,25,39,0,0,8,3,LOW,LOW,MEDIUM,LOW
2024-07-13,Nigeria,Kenya,"Sikh Union Club Ground, Nairobi",Nigeria,bat,T20,2024,Kenya,0,1,0.4897959183673469,0.5277777777777778,0.2,1.0,0.1428571428571428,0.8571428571428571,0.0,1.0,49,72,7,7,1,5,MEDIUM,MEDIUM,LOW,MEDIUM
2024-07-14,Norway,Jersey,Bayer Uerdingen Cricket Ground,Jersey,field,T20,2024,Jersey,0,0,0.5,0.6486486486486487,1.0,0.8,0.0,1.0,0.6666666666666666,1.0,26,37,1,1,9,3,LOW,LOW,MEDIUM,LOW
2024-07-14,Croatia,Germany,Bayer Uerdingen Cricket Ground,Croatia,bat,T20,2024,Germany,0,1,0.3076923076923077,0.5918367346938775,0.4,0.4,0.5,0.5,0.6666666666666666,0.7857142857142857,13,49,0,0,3,14,LOW,LOW,LOW,MEDIUM
2024-07-14,India,Zimbabwe,Harare Sports Club,Zimbabwe,field,T20,2024,India,1,0,0.676056338028169,0.3863636363636363,0.8,0.4,0.75,0.25,0.7272727272727273,0.2564102564102564,213,132,12,12,11,39,MEDIUM,MEDIUM,MEDIUM,HIGH
2024-07-15,Kenya,Nigeria,"Sikh Union Club Ground, Nairobi",Nigeria,field,T20,2024,Nigeria,0,0,0.5342465753424658,0.48,1.0,0.2,0.875,0.125,1.0,0.0,73,50,8,8,6,2,MEDIUM,MEDIUM,MEDIUM,LOW
2024-07-16,Nigeria,Kenya,"Sikh Union Club Ground, Nairobi",Kenya,field,T20,2024,Nigeria,1,0,0.4901960784313725,0.527027027027027,0.4,0.8,0.2222222222222222,0.7777777777777778,0.3333333333333333,0.8571428571428571,51,74,9,9,3,7,MEDIUM,MEDIUM,LOW,MEDIUM
2024-07-17,Nigeria,Kenya,"Sikh Union Club Ground, Nairobi",Nigeria,bat,T20,2024,Kenya,0,1,0.5,0.52,0.4,0.6,0.3,0.7,0.5,0.75,52,75,10,10,4,8,MEDIUM,MEDIUM,LOW,MEDIUM
2024-07-27,India,Sri Lanka,Pallekele International Cricket Stadium,Sri Lanka,field,T20,2024,India,1,0,0.677570093457944,0.4488636363636363,0.8,0.4,0.6785714285714286,0.3214285714285714,1.0,0.6,214,176,28,28,1,15,HIGH,HIGH,LOW,MEDIUM
2024-07-28,Sri Lanka,India,Pallekele International Cricket Stadium,India,field,T20,2024,India,0,0,0.4463276836158192,0.6790697674418604,0.4,1.0,0.3103448275862069,0.6896551724137931,0.5625,1.0,177,215,29,29,16,2,HIGH,HIGH,MEDIUM,LOW
2024-08-02,Croatia,Spain,"Mladost Cricket Ground, Zagreb",Spain,field,T20,2024,Spain,0,0,0.2857142857142857,0.7407407407407407,0.4,1.0,0.5,0.5,0.5,0.5,14,27,0,0,0,0,LOW,LOW,LOW,LOW
2024-08-03,Croatia,Spain,"Mladost Cricket Ground, Zagreb",Spain,field,T20,2024,Spain,0,0,0.2666666666666666,0.75,0.4,1.0,0.0,1.0,0.0,1.0,15,28,1,1,1,1,LOW,LOW,LOW,LOW
2024-08-03,Croatia,Spain,"Mladost Cricket Ground, Zagreb",Spain,field,T20,2024,Spain,0,0,0.25,0.7586206896551724,0.2,1.0,0.0,1.0,0.0,1.0,16,29,2,2,2,2,LOW,LOW,LOW,LOW
2024-08-04,Spain,Croatia,"Mladost Cricket Ground, Zagreb",Croatia,field,T20,2024,Spain,1,0,0.7666666666666667,0.2352941176470588,1.0,0.0,1.0,0.0,1.0,0.0,30,17,3,3,3,3,LOW,LOW,LOW,LOW
2024-08-04,Spain,Croatia,"Mladost Cricket Ground, Zagreb",Croatia,field,T20,2024,Spain,1,0,0.7741935483870968,0.2222222222222222,1.0,0.0,1.0,0.0,1.0,0.0,31,18,4,4,4,4,LOW,LOW,LOW,LOW
2024-08-17,Fiji,Samoa,"Faleata Oval No 2, Apia",Fiji,bat,T20,2024,Samoa,0,1,0.6,0.0,0.6,0.0,1.0,0.0,0.5,0.5,5,5,2,2,0,0,LOW,LOW,LOW,LOW
2024-08-17,Vanuatu,Cook Islands,"Faleata Oval No 2, Apia",Cook Islands,field,T20,2024,Cook Islands,0,0,0.44,0.6,0.2,0.6,0.5,0.5,0.5,0.5,25,5,2,2,0,0,LOW,LOW,LOW,LOW
2024-08-19,Vanuatu,Fiji,"Faleata Oval No 2, Apia",Fiji,field,T20,2024,Vanuatu,1,0,0.4230769230769231,0.5,0.0,0.4,1.0,0.0,0.0,0.0,26,6,1,1,1,1,LOW,LOW,LOW,LOW
2024-08-19,Samoa,Cook Islands,"Faleata Oval No 2, Apia",Cook Islands,field,T20,2024,Cook Islands,0,0,0.1666666666666666,0.6666666666666666,0.2,0.8,0.0,1.0,1.0,1.0,6,6,1,1,1,1,LOW,LOW,LOW,LOW
2024-08-20,Samoa,Vanuatu,"Faleata Oval No 2, Apia",Samoa,bat,T20,2024,Samoa,1,1,0.1428571428571428,0.4444444444444444,0.2,0.2,0.0,1.0,0.5,0.5,7,27,2,2,2,2,LOW,LOW,LOW,LOW
2024-08-20,Fiji,Cook Islands,"Faleata Oval No 2, Apia",Cook Islands,field,T20,2024,Fiji,1,0,0.4285714285714285,0.7142857142857143,0.2,0.8,0.5,0.5,0.0,1.0,7,7,2,2,2,2,LOW,LOW,LOW,LOW
2024-08-21,Bulgaria,Guernsey,"Guernsey Rovers Athletic Club Ground, Port Soif",Bulgaria,bat,T20,2024,Guernsey,0,1,0.3548387096774194,0.5714285714285714,0.2,0.6,0.0,1.0,0.5,1.0,31,21,1,1,0,1,LOW,LOW,LOW,LOW
2024-08-21,Hong Kong,Kuwait,"Selangor Turf Club, Kuala Lumpur",Kuwait,field,T20,2024,Kuwait,0,0,0.4487179487179487,0.5853658536585366,0.4,0.6,1.0,0.0,0.5,0.5,78,41,3,3,0,0,LOW,LOW,LOW,LOW
2024-08-21,Spain,Cyprus,"King George V Sports Ground, Castel",Cyprus,field,T20,2024,Spain,1,0,0.78125,0.4375,1.0,0.4,0.5,0.5,0.5,0.5,32,16,0,0,0,0,LOW,LOW,LOW,LOW
2024-08-21,Samoa,Fiji,"Faleata Oval No 2, Apia",Fiji,field,T20,2024,Samoa,1,0,0.25,0.5,0.4,0.4,0.3333333333333333,0.6666666666666666,0.6666666666666666,0.3333333333333333,8,8,3,3,3,3,LOW,LOW,LOW,LOW
2024-08-21,Malta,Finland,"Guernsey Rovers Athletic Club Ground, Port Soif",Malta,bat,T20,2024,Finland,0,1,0.4680851063829787,0.3888888888888889,0.0,0.0,0.5,0.5,0.5,0.5,47,18,0,0,0,0,LOW,LOW,LOW,LOW
2024-08-21,Vanuatu,Cook Islands,"Faleata Oval No 2, Apia",Cook Islands,field,T20,2024,Cook Islands,0,0,0.4285714285714285,0.625,0.2,0.6,0.3333333333333333,0.6666666666666666,0.3333333333333333,0.6666666666666666,28,8,3,3,3,3,LOW,LOW,LOW,LOW
2024-08-21,Denmark,Czech Republic,"King George V Sports Ground, Castel",Denmark,bat,T20,2024,Denmark,1,1,0.375,0.5454545454545454,0.0,0.8,0.5,0.5,0.5,0.5,32,22,0,0,0,0,LOW,LOW,LOW,LOW
2024-08-22,Malta,Guernsey,"King George V Sports Ground, Castel",Guernsey,field,T20,2024,Guernsey,0,0,0.4583333333333333,0.5909090909090909,0.0,0.6,0.5,0.5,0.5,0.0,48,22,0,0,0,2,LOW,LOW,LOW,LOW
2024-08-22,Spain,Czech Republic,"Guernsey Rovers Athletic Club Ground, Port Soif",Czech Republic,field,T20,2024,Spain,1,0,0.7878787878787878,0.5217391304347826,1.0,0.8,0.5,0.5,0.5,0.5,33,23,0,0,0,0,LOW,LOW,LOW,LOW
2024-08-22,Denmark,Greece,"Guernsey Rovers Athletic Club Ground, Port Soif",Greece,field,T20,2024,Denmark,1,0,0.3939393939393939,0.2,0.2,0.2,0.5,0.5,0.5,0.5,33,5,0,0,0,0,LOW,LOW,LOW,LOW
2024-08-22,Finland,Estonia,"King George V Sports Ground, Castel",Estonia,field,T20,2024,Estonia,0,0,0.4210526315789473,0.3125,0.2,0.6,0.5,0.5,0.5,0.5,19,16,0,0,0,0,LOW,LOW,LOW,LOW
2024-08-22,Kuwait,Malaysia,"Selangor Turf Club, Kuala Lumpur",Malaysia,field,T20,2024,Malaysia,0,0,0.5952380952380952,0.5441176470588235,0.6,0.4,0.0,1.0,1.0,0.5,42,68,3,3,1,0,LOW,LOW,LOW,LOW
2024-08-23,Malaysia,Hong Kong,"Selangor Turf Club, Kuala Lumpur",Hong Kong,field,T20,2024,Hong Kong,0,0,0.5507246376811594,0.4430379746835443,0.4,0.4,0.6363636363636364,0.3636363636363636,1.0,0.0,69,79,11,11,1,1,MEDIUM,MEDIUM,LOW,LOW
2024-08-23,Samoa,Cook Islands,"Faleata Oval No 2, Apia",Samoa,bat,T20,2024,Cook Islands,0,1,0.3333333333333333,0.6666666666666666,0.6,0.6,0.0,1.0,0.75,0.75,9,9,2,2,4,4,LOW,LOW,LOW,LOW
2024-08-23,South Africa,West Indies,"Brian Lara Stadium, Tarouba, Trinidad",West Indies,field,T20,2024,West Indies,0,0,0.5674157303370787,0.4585635359116022,0.8,0.6,0.5217391304347826,0.4782608695652174,0.5,0.6,178,181,23,23,0,5,HIGH,HIGH,LOW,MEDIUM
2024-08-23,Canada,Netherlands,"Sportpark Maarschalkerweerd, Utrecht",Canada,bat,T20,2024,Netherlands,0,1,0.5434782608695652,0.5217391304347826,0.2,0.2,0.0,1.0,0.5,0.5,46,92,2,2,0,0,LOW,LOW,LOW,LOW
2024-08-23,Vanuatu,Fiji,"Faleata Oval No 2, Apia",Vanuatu,bat,T20,2024,Fiji,0,1,0.4137931034482758,0.4444444444444444,0.2,0.4,1.0,0.0,0.25,0.25,29,9,2,2,4,4,LOW,LOW,LOW,LOW
2024-08-24,Bulgaria,Estonia,"Guernsey Rovers Athletic Club Ground, Port Soif",Estonia,field,T20,2024,Estonia,0,0,0.34375,0.3529411764705882,0.2,0.6,0.5,0.5,0.0,0.5,32,17,0,0,1,0,LOW,LOW,LOW,LOW
2024-08-24,Greece,Cyprus,"King George V Sports Ground, Castel",Greece,bat,T20,2024,Cyprus,0,1,0.1666666666666666,0.4117647058823529,0.2,0.4,0.5,0.5,0.5,0.0,6,17,0,0,0,1,LOW,LOW,LOW,LOW
2024-08-24,Finland,Guernsey,"Guernsey Rovers Athletic Club Ground, Port Soif",Guernsey,field,T20,2024,Finland,1,0,0.4,0.6086956521739131,0.2,0.6,0.5,0.5,1.0,1.0,20,23,0,0,1,2,LOW,LOW,LOW,LOW
2024-08-24,Fiji,Cook Islands,"Faleata Oval No 2, Apia",Cook Islands,field,T20,2024,Fiji,1,0,0.5,0.7,0.4,0.8,0.6666666666666666,0.3333333333333333,0.4,0.8,10,10,3,3,5,5,LOW,LOW,MEDIUM,MEDIUM
2024-08-24,Hong Kong,Kuwait,"Selangor Turf Club, Kuala Lumpur",Kuwait,field,T20,2024,Kuwait,0,0,0.45,0.5813953488372093,0.6,0.6,0.75,0.25,0.5,0.5,80,43,4,4,2,2,LOW,LOW,LOW,LOW
2024-08-24,Samoa,Vanuatu,"Faleata Oval No 2, Apia",Samoa,bat,T20,2024,Samoa,1,1,0.3,0.4,0.6,0.2,0.3333333333333333,0.6666666666666666,0.6,0.2,10,30,3,3,5,5,LOW,LOW,MEDIUM,MEDIUM
2024-08-25,Kuwait,Malaysia,"Selangor Turf Club, Kuala Lumpur",Malaysia,field,T20,2024,Kuwait,1,0,0.5909090909090909,0.5428571428571428,0.6,0.4,0.0,1.0,0.6666666666666666,0.5,44,70,4,4,3,2,LOW,LOW,LOW,LOW
2024-08-25,West Indies,South Africa,"Brian Lara Stadium, Tarouba, Trinidad",South Africa,field,T20,2024,West Indies,1,0,0.4615384615384615,0.5642458100558659,0.6,0.6,0.5,0.5,0.6666666666666666,0.0,182,179,24,24,6,1,HIGH,HIGH,MEDIUM,LOW
2024-08-25,Netherlands,United States of America,"Sportpark Maarschalkerweerd, Utrecht",United States of America,field,T20,2024,Netherlands,1,0,0.5268817204301075,0.5333333333333333,0.4,0.2,1.0,0.0,1.0,0.5,93,30,1,1,1,0,LOW,LOW,LOW,LOW
2024-08-25,Cyprus,Czech Republic,"Guernsey Rovers Athletic Club Ground, Port Soif",Cyprus,bat,T20,2024,Czech Republic,0,1,0.4444444444444444,0.5,0.4,0.6,0.5,0.5,0.5,0.0,18,24,0,0,0,1,LOW,LOW,LOW,LOW
2024-08-25,Estonia,Guernsey,"King George V Sports Ground, Castel",Guernsey,field,T20,2024,Guernsey,0,0,0.3888888888888889,0.5833333333333334,0.8,0.6,0.5,0.5,1.0,0.3333333333333333,18,24,0,0,1,3,LOW,LOW,LOW,LOW
2024-08-25,Greece,Spain,"Guernsey Rovers Athletic Club Ground, Port Soif",Greece,bat,T20,2024,Spain,0,1,0.1428571428571428,0.7941176470588235,0.0,1.0,0.5,0.5,0.0,1.0,7,34,0,0,1,1,LOW,LOW,LOW,LOW
2024-08-25,Malta,Bulgaria,"King George V Sports Ground, Castel",Malta,bat,T20,2024,Malta,1,1,0.4489795918367347,0.3333333333333333,0.0,0.0,1.0,0.0,0.0,0.5,49,33,2,2,1,0,LOW,LOW,LOW,LOW
2024-08-26,Hong Kong,Malaysia,"Selangor Turf Club, Kuala Lumpur",Malaysia,field,T20,2024,Hong Kong,1,0,0.4444444444444444,0.5352112676056338,0.4,0.2,0.4166666666666667,0.5833333333333334,0.3333333333333333,0.3333333333333333,81,71,12,12,3,3,MEDIUM,MEDIUM,LOW,LOW
2024-08-26,Canada,Netherlands,"Sportpark Maarschalkerweerd, Utrecht",Netherlands,field,T20,2024,Canada,1,0,0.5319148936170213,0.5319148936170213,0.2,0.4,0.0,1.0,0.0,1.0,47,94,3,3,1,2,LOW,LOW,LOW,LOW
2024-08-27,United States of America,Canada,"Sportpark Westvliet, The Hague",United States of America,bat,T20,2024,United States of America,1,1,0.5161290322580645,0.5416666666666666,0.0,0.4,0.7142857142857143,0.2857142857142857,0.5,0.5,31,48,7,7,0,0,MEDIUM,MEDIUM,LOW,LOW
2024-08-27,Malta,Estonia,"Guernsey Rovers Athletic Club Ground, Port Soif",Malta,bat,T20,2024,Estonia,0,1,0.46,0.3684210526315789,0.2,0.6,0.5,0.5,0.0,1.0,50,19,0,0,1,1,LOW,LOW,LOW,LOW
2024-08-27,Czech Republic,Greece,"King George V Sports Ground, Castel",Czech Republic,bat,T20,2024,Czech Republic,1,1,0.52,0.125,0.6,0.0,0.5,0.5,0.0,0.0,25,8,0,0,1,1,LOW,LOW,LOW,LOW
2024-08-27,Finland,Bulgaria,"Guernsey Rovers Athletic Club Ground, Port Soif",Finland,bat,T20,2024,Finland,1,1,0.4285714285714285,0.3235294117647059,0.4,0.0,0.5,0.5,1.0,0.0,21,34,0,0,2,2,LOW,LOW,LOW,LOW
2024-08-27,Denmark,Cyprus,"King George V Sports Ground, Castel",Denmark,bat,T20,2024,Denmark,1,1,0.4117647058823529,0.4210526315789473,0.4,0.4,0.5,0.5,1.0,0.5,34,19,0,0,1,2,LOW,LOW,LOW,LOW
2024-08-27,Hong Kong,Kuwait,"Selangor Turf Club, Kuala Lumpur",Kuwait,field,T20,2024,Kuwait,0,0,0.4512195121951219,0.6,0.6,0.6,0.6,0.4,0.5,0.75,82,45,5,5,4,4,MEDIUM,MEDIUM,LOW,LOW
2024-08-27,South Africa,West Indies,"Brian Lara Stadium, Tarouba, Trinidad",West Indies,field,T20,2024,West Indies,0,0,0.5611111111111111,0.4644808743169399,0.4,0.6,0.48,0.52,0.0,0.7142857142857143,180,183,25,25,2,7,HIGH,HIGH,LOW,MEDIUM
2024-08-28,Netherlands,United States of America,"Sportpark Westvliet, The Hague",Netherlands,bat,T20,2024,Netherlands,1,1,0.5263157894736842,0.53125,0.4,0.2,1.0,0.0,0.1666666666666666,1.0,95,32,2,2,6,1,LOW,LOW,MEDIUM,LOW
2024-08-28,Cyprus,Malta,"Guernsey Rovers Athletic Club Ground, Port Soif",Malta,field,T20,2024,Cyprus,1,0,0.4,0.4509803921568627,0.4,0.2,0.5,0.5,0.0,0.0,20,51,0,0,1,2,LOW,LOW,LOW,LOW
2024-08-28,Czech Republic,Estonia,"Guernsey Rovers Athletic Club Ground, Port Soif",Estonia,field,T20,2024,Estonia,0,0,0.5384615384615384,0.4,0.6,0.6,1.0,0.0,0.5,1.0,26,20,1,1,2,2,LOW,LOW,LOW,LOW
2024-08-28,Denmark,Guernsey,"King George V Sports Ground, Castel",Guernsey,field,T20,2024,Guernsey,0,0,0.4285714285714285,0.6,0.6,0.8,0.0,1.0,1.0,0.5,35,25,1,1,2,4,LOW,LOW,LOW,LOW
2024-08-28,Spain,Finland,"King George V Sports Ground, Castel",Finland,field,T20,2024,Spain,1,0,0.8,0.4545454545454545,1.0,0.6,0.5,0.5,1.0,0.0,35,22,0,0,1,1,LOW,LOW,LOW,LOW
2024-08-30,Kuwait,Mongolia,"Bayuemas Oval, Kuala Lumpur",Mongolia,field,T20,2024,Kuwait,1,0,0.6086956521739131,0.0,0.8,0.0,0.5,0.5,0.6,0.5,46,7,0,0,5,0,LOW,LOW,MEDIUM,LOW
2024-08-30,Malaysia,Maldives,"Bayuemas Oval, Kuala Lumpur",Maldives,field,T20,2024,Malaysia,1,0,0.5277777777777778,0.1851851851851851,0.2,0.4,1.0,0.0,0.6666666666666666,0.5,72,27,1,1,15,0,LOW,LOW,MEDIUM,LOW
2024-08-30,Myanmar,Hong Kong,"YSD-UKM Cricket Oval, Bangi",Hong Kong,field,T20,2024,Hong Kong,0,0,0.0,0.4457831325301205,0.0,0.4,0.5,0.5,0.5,0.5,5,83,0,0,0,0,LOW,LOW,LOW,LOW
2024-08-31,Mongolia,Hong Kong,"Bayuemas Oval, Kuala Lumpur",Hong Kong,field,T20,2024,Hong Kong,0,0,0.0,0.4523809523809524,0.0,0.6,0.5,0.5,0.0,0.0,8,84,0,0,1,3,LOW,LOW,LOW,LOW
2024-08-31,Myanmar,Malaysia,"YSD-UKM Cricket Oval, Bangi",Malaysia,field,T20,2024,Malaysia,0,0,0.0,0.5342465753424658,0.0,0.4,0.0,1.0,0.0,0.5,6,73,1,1,1,0,LOW,LOW,LOW,LOW
2024-08-31,Singapore,Maldives,"Bayuemas Oval, Kuala Lumpur",Singapore,bat,T20,2024,Singapore,1,1,0.3414634146341463,0.1785714285714285,0.6,0.2,1.0,0.0,0.5,0.0,41,28,1,1,0,1,LOW,LOW,LOW,LOW
2024-09-02,Hong Kong,Singapore,"Bayuemas Oval, Kuala Lumpur",Singapore,field,T20,2024,Hong Kong,1,0,0.4588235294117647,0.3571428571428571,0.6,0.6,0.6666666666666666,0.3333333333333333,0.25,1.0,85,42,3,3,4,1,LOW,LOW,LOW,LOW
2024-09-02,Kuwait,Maldives,"YSD-UKM Cricket Oval, Bangi",Maldives,field,T20,2024,Kuwait,1,0,0.6170212765957447,0.1724137931034483,0.8,0.2,1.0,0.0,0.5,0.5,47,29,3,3,0,0,LOW,LOW,LOW,LOW
2024-09-02,Myanmar,Mongolia,"YSD-UKM Cricket Oval, Bangi",Mongolia,field,T20,2024,Myanmar,1,0,0.0,0.0,0.0,0.0,0.5,0.5,0.0,0.5,7,9,0,0,2,0,LOW,LOW,LOW,LOW
2024-09-03,Malaysia,Singapore,"YSD-UKM Cricket Oval, Bangi",Malaysia,bat,T20,2024,Malaysia,1,1,0.5405405405405406,0.3488372093023256,0.4,0.6,0.625,0.375,1.0,0.5,74,43,8,8,1,0,MEDIUM,MEDIUM,LOW,LOW
2024-09-03,Myanmar,Kuwait,"Bayuemas Oval, Kuala Lumpur",Kuwait,field,T20,2024,Kuwait,0,0,0.125,0.625,0.2,1.0,0.5,0.5,0.0,0.6666666666666666,8,48,0,0,4,6,LOW,LOW,LOW,MEDIUM
2024-09-03,Maldives,Hong Kong,"YSD-UKM Cricket Oval, Bangi",Hong Kong,field,T20,2024,Hong Kong,0,0,0.1666666666666666,0.4651162790697674,0.0,0.8,0.5,0.5,0.0,1.0,30,86,0,0,1,1,LOW,LOW,LOW,LOW
2024-09-04,Scotland,Australia,"Grange Cricket Club Ground, Raeburn Place, Edinburgh",Australia,field,T20,2024,Australia,0,0,0.52,0.5591397849462365,0.6,0.8,0.0,1.0,0.5555555555555556,0.5,75,186,1,1,9,0,LOW,LOW,MEDIUM,LOW
2024-09-05,Malaysia,Kuwait,"Bayuemas Oval, Kuala Lumpur",Kuwait,field,T20,2024,Kuwait,0,0,0.5466666666666666,0.6326530612244898,0.6,1.0,0.8,0.2,0.6875,0.7142857142857143,75,49,5,5,16,7,MEDIUM,MEDIUM,MEDIUM,MEDIUM
2024-09-05,Mongolia,Singapore,"YSD-UKM Cricket Oval, Bangi",Singapore,field,T20,2024,Singapore,0,0,0.0,0.3409090909090909,0.0,0.4,0.5,0.5,0.0,0.0,10,44,0,0,1,1,LOW,LOW,LOW,LOW
2024-09-05,Myanmar,Maldives,"Bayuemas Oval, Kuala Lumpur",Myanmar,bat,T20,2024,Maldives,0,1,0.1111111111111111,0.1612903225806451,0.2,0.0,0.5,0.5,0.0,0.0,9,31,0,0,5,2,LOW,LOW,MEDIUM,LOW
2024-09-06,Australia,Scotland,"Grange Cricket Club Ground, Raeburn Place, Edinburgh",Scotland,field,T20,2024,Australia,1,0,0.5614973262032086,0.5131578947368421,0.8,0.4,1.0,0.0,1.0,0.5,187,76,2,2,1,10,LOW,LOW,LOW,MEDIUM
2024-09-06,Maldives,Mongolia,"Bayuemas Oval, Kuala Lumpur",Maldives,bat,T20,2024,Maldives,1,1,0.1875,0.0,0.2,0.0,0.5,0.5,0.3333333333333333,0.0,32,11,0,0,3,2,LOW,LOW,LOW,LOW
2024-09-06,Kuwait,Singapore,"YSD-UKM Cricket Oval, Bangi",Singapore,field,T20,2024,Singapore,0,0,0.64,0.3555555555555555,1.0,0.6,1.0,0.0,1.0,0.5,50,45,1,1,1,2,LOW,LOW,LOW,LOW
2024-09-07,Malaysia,Hong Kong,"Bayuemas Oval, Kuala Lumpur",Hong Kong,field,T20,2024,Malaysia,1,0,0.5394736842105263,0.4712643678160919,0.6,0.8,0.5384615384615384,0.4615384615384615,0.6470588235294118,0.4,76,87,13,13,17,5,MEDIUM,MEDIUM,MEDIUM,MEDIUM
2024-09-07,Scotland,Australia,"Grange Cricket Club Ground, Raeburn Place, Edinburgh",Australia,field,T20,2024,Australia,0,0,0.5064935064935064,0.5638297872340425,0.4,0.8,0.0,1.0,0.4545454545454545,1.0,77,188,3,3,11,2,LOW,LOW,MEDIUM,LOW
2024-09-09,Mongolia,Malaysia,"YSD-UKM Cricket Oval, Bangi",Malaysia,field,T20,2024,Malaysia,0,0,0.0,0.5454545454545454,0.0,0.8,0.5,0.5,0.0,1.0,12,77,0,0,2,2,LOW,LOW,LOW,LOW
2024-09-09,Myanmar,Singapore,"Bayuemas Oval, Kuala Lumpur",Singapore,field,T20,2024,Singapore,0,0,0.1,0.3695652173913043,0.2,0.6,0.5,0.5,0.0,0.5,10,46,0,0,6,2,LOW,LOW,MEDIUM,LOW
2024-09-11,Australia,England,"The Rose Bowl, Southampton",England,field,T20,2024,Australia,1,0,0.5661375661375662,0.5388888888888889,0.8,0.6,0.5,0.5,0.5,0.3333333333333333,189,180,22,22,0,3,HIGH,HIGH,LOW,LOW
2024-09-13,Australia,England,"Sophia Gardens, Cardiff",England,field,T20,2024,England,0,0,0.5684210526315789,0.5359116022099447,0.8,0.4,0.5217391304347826,0.4782608695652174,0.5,0.6666666666666666,190,181,23,23,0,3,HIGH,HIGH,LOW,LOW
2024-09-21,Malawi,Lesotho,"Gymkhana Club Ground, Dar-es-Salaam",Lesotho,field,T20,2024,Malawi,1,0,0.5555555555555556,0.1428571428571428,0.6,0.2,0.5,0.5,0.5,0.5,9,7,0,0,0,0,LOW,LOW,LOW,LOW
2024-09-21,Cameroon,Ghana,"Gymkhana Club Ground, Dar-es-Salaam",Cameroon,bat,T20,2024,Ghana,0,1,0.0,0.3125,0.0,0.2,0.5,0.5,0.5,0.5,10,32,0,0,0,0,LOW,LOW,LOW,LOW
2024-09-21,Mali,Tanzania,University of Dar-es-Salaam Ground,Tanzania,field,T20,2024,Tanzania,0,0,0.0,0.5471698113207547,0.0,0.2,0.5,0.5,0.5,0.5,4,53,0,0,0,0,LOW,LOW,LOW,LOW
2024-09-22,Mali,Cameroon,"Gymkhana Club Ground, Dar-es-Salaam",Mali,bat,T20,2024,Cameroon,0,1,0.0,0.0,0.0,0.0,0.5,0.5,0.5,0.0,5,11,0,0,0,1,LOW,LOW,LOW,LOW
2024-09-22,Malawi,Ghana,University of Dar-es-Salaam Ground,Ghana,field,T20,2024,Malawi,1,0,0.6,0.3333333333333333,0.6,0.2,0.0,1.0,0.5,0.5,10,33,1,1,0,0,LOW,LOW,LOW,LOW
2024-09-24,Mali,Malawi,University of Dar-es-Salaam Ground,Mali,bat,T20,2024,Malawi,0,1,0.0,0.6363636363636364,0.0,0.8,0.5,0.5,0.0,1.0,6,11,0,0,1,1,LOW,LOW,LOW,LOW
2024-09-24,Ghana,Lesotho,University of Dar-es-Salaam Ground,Ghana,bat,T20,2024,Ghana,1,1,0.3235294117647059,0.125,0.2,0.2,0.5,0.5,0.0,0.5,34,8,0,0,1,0,LOW,LOW,LOW,LOW
2024-09-24,Cameroon,Tanzania,"Gymkhana Club Ground, Dar-es-Salaam",Cameroon,bat,T20,2024,Tanzania,0,1,0.0833333333333333,0.5555555555555556,0.2,0.4,0.0,1.0,0.5,0.5,12,54,2,2,2,0,LOW,LOW,LOW,LOW
2024-09-25,Lesotho,Mali,"Gymkhana Club Ground, Dar-es-Salaam",Mali,field,T20,2024,Lesotho,1,0,0.1111111111111111,0.0,0.0,0.0,1.0,0.0,0.0,0.0,9,7,1,1,1,1,LOW,LOW,LOW,LOW
2024-09-25,Ghana,Tanzania,University of Dar-es-Salaam Ground,Ghana,bat,T20,2024,Tanzania,0,1,0.3428571428571428,0.5636363636363636,0.4,0.6,0.0,1.0,0.5,1.0,35,55,1,1,2,1,LOW,LOW,LOW,LOW
2024-09-25,Cameroon,Malawi,University of Dar-es-Salaam Ground,Malawi,field,T20,2024,Malawi,0,0,0.0769230769230769,0.6666666666666666,0.2,0.8,0.5,0.5,0.5,1.0,13,12,0,0,0,2,LOW,LOW,LOW,LOW
2024-09-25,Japan,Indonesia,"Yeonhui Cricket Ground, Incheon",Japan,bat,T20,2024,Japan,1,1,0.5925925925925926,0.5,1.0,0.4,0.5,0.5,0.5,0.5,27,26,4,4,0,0,LOW,LOW,LOW,LOW
2024-09-26,Japan,Philippines,"Yeonhui Cricket Ground, Incheon",Japan,bat,T20,2024,Japan,1,1,0.6071428571428571,0.2777777777777778,1.0,0.6,1.0,0.0,1.0,0.5,28,18,2,2,1,0,LOW,LOW,LOW,LOW
2024-09-26,Tanzania,Malawi,"Gymkhana Club Ground, Dar-es-Salaam",Tanzania,bat,T20,2024,Tanzania,1,1,0.5714285714285714,0.6923076923076923,0.6,0.8,1.0,0.0,1.0,1.0,56,13,1,1,1,1,LOW,LOW,LOW,LOW
2024-09-26,Lesotho,Cameroon,University of Dar-es-Salaam Ground,Cameroon,field,T20,2024,Cameroon,0,0,0.2,0.0714285714285714,0.2,0.2,0.5,0.5,0.0,0.0,10,14,0,0,1,1,LOW,LOW,LOW,LOW
2024-09-26,Mali,Ghana,"Gymkhana Club Ground, Dar-es-Salaam",Mali,bat,T20,2024,Ghana,0,1,0.0,0.3333333333333333,0.0,0.4,0.5,0.5,0.0,1.0,8,36,0,0,2,1,LOW,LOW,LOW,LOW
2024-09-27,Ireland,South Africa,"Zayed Cricket Stadium, Abu Dhabi",South Africa,field,T20,2024/25,South Africa,0,0,0.4724409448818897,0.5580110497237569,0.4,0.2,0.0,1.0,0.5,0.5,127,181,5,5,2,2,MEDIUM,MEDIUM,LOW,LOW
2024-09-28,South Korea,Indonesia,"Yeonhui Cricket Ground, Incheon",South Korea,bat,T20,2024,Indonesia,0,1,0.0,0.4814814814814814,0.0,0.4,0.0,1.0,0.5,0.0,3,27,2,2,0,1,LOW,LOW,LOW,LOW
2024-09-28,Philippines,Japan,"Yeonhui Cricket Ground, Incheon",Philippines,bat,T20,2024,Japan,0,1,0.2631578947368421,0.6206896551724138,0.4,1.0,0.0,1.0,0.0,1.0,19,29,3,3,1,2,LOW,LOW,LOW,LOW
2024-09-28,Canada,Nepal,"Maple Leaf North-West Ground, King City",Nepal,field,T20,2024,Canada,1,0,0.5306122448979592,0.5822784810126582,0.4,0.0,0.0,1.0,0.5,0.5,49,79,1,1,0,0,LOW,LOW,LOW,LOW
2024-09-29,United Arab Emirates,Namibia,"Wanderers Cricket Ground, Windhoek",Namibia,field,T20,2024,United Arab Emirates,1,0,0.5185185185185185,0.6212121212121212,0.8,0.4,1.0,0.0,0.5,0.8888888888888888,81,66,1,1,0,9,LOW,LOW,LOW,MEDIUM
2024-09-29,Nepal,Oman,"Maple Leaf North-West Ground, King City",Oman,field,T20,2024,Nepal,1,0,0.575,0.5217391304347826,0.0,0.2,0.6,0.4,0.0,0.5,80,69,5,5,1,0,MEDIUM,MEDIUM,LOW,LOW
2024-09-29,South Korea,Japan,"Yeonhui Cricket Ground, Incheon",South Korea,bat,T20,2024,Japan,0,1,0.0,0.6333333333333333,0.0,1.0,0.0,1.0,0.0,1.0,4,30,1,1,1,3,LOW,LOW,LOW,LOW
2024-09-29,Philippines,Indonesia,"Yeonhui Cricket Ground, Incheon",Indonesia,field,T20,2024,Philippines,1,0,0.25,0.5,0.4,0.4,0.6,0.4,0.0,0.5,20,28,5,5,2,2,MEDIUM,MEDIUM,LOW,LOW
2024-09-29,Ireland,South Africa,"Zayed Cricket Stadium, Abu Dhabi",South Africa,field,T20,2024/25,Ireland,1,0,0.46875,0.5604395604395604,0.2,0.2,0.0,1.0,0.3333333333333333,0.6666666666666666,128,182,6,6,3,3,MEDIUM,MEDIUM,LOW,LOW
2024-09-30,Serbia,Gibraltar,Europa Sports Complex,Gibraltar,field,T20,2024,Gibraltar,0,0,0.28,0.2682926829268293,0.0,0.2,0.0,1.0,0.0,0.5384615384615384,24,40,2,2,2,12,LOW,LOW,LOW,MEDIUM
2024-09-30,Serbia,Gibraltar,Europa Sports Complex,Serbia,bat,T20,2024,Gibraltar,0,1,0.2916666666666667,0.25,0.0,0.2,0.0,1.0,0.0,0.5,25,41,3,3,3,13,LOW,LOW,LOW,MEDIUM
2024-09-30,United States of America,United Arab Emirates,"Wanderers Cricket Ground, Windhoek",United States of America,bat,T20,2024,United States of America,1,1,0.5151515151515151,0.524390243902439,0.2,0.8,0.0,1.0,0.5,1.0,33,82,1,1,0,1,LOW,LOW,LOW,LOW
2024-09-30,Canada,Oman,"Maple Leaf North-West Ground, King City",Oman,field,T20,2024,Oman,0,0,0.54,0.5142857142857142,0.4,0.0,0.6,0.4,1.0,0.0,50,70,5,5,1,1,MEDIUM,MEDIUM,LOW,LOW
2024-10-01,United States of America,Namibia,"Wanderers Cricket Ground, Windhoek",United States of America,bat,T20,2024,United States of America,1,1,0.5294117647058824,0.6119402985074627,0.4,0.2,0.5,0.5,1.0,0.8,34,67,0,0,1,10,LOW,LOW,LOW,MEDIUM
2024-10-01,Philippines,South Korea,"Yeonhui Cricket Ground, Incheon",South Korea,field,T20,2024,Philippines,1,0,0.2857142857142857,0.0,0.6,0.0,0.5,0.5,0.3333333333333333,0.0,21,5,0,0,3,2,LOW,LOW,LOW,LOW
2024-10-01,Japan,Indonesia,"Yeonhui Cricket Ground, Incheon",Indonesia,field,T20,2024,Japan,1,0,0.6451612903225806,0.4827586206896552,1.0,0.2,0.6,0.4,1.0,0.3333333333333333,31,29,5,5,4,3,MEDIUM,MEDIUM,LOW,LOW
2024-10-01,Nepal,Canada,"Maple Leaf North-West Ground, King City",Canada,field,T20,2024,Canada,0,0,0.5802469135802469,0.5294117647058824,0.2,0.4,0.5,0.5,0.5,0.5,81,51,2,2,2,2,LOW,LOW,LOW,LOW
2024-10-02,Japan,Philippines,"Yeonhui Cricket Ground, Incheon",Japan,bat,T20,2024,Japan,1,1,0.65625,0.3181818181818182,1.0,0.6,1.0,0.0,1.0,0.5,32,22,4,4,5,4,LOW,LOW,MEDIUM,LOW
2024-10-02,Namibia,United Arab Emirates,"Wanderers Cricket Ground, Windhoek",Namibia,bat,T20,2024,United Arab Emirates,0,1,0.6029411764705882,0.5180722891566265,0.0,0.8,0.0,1.0,0.7272727272727273,0.5,68,83,2,2,11,2,LOW,LOW,MEDIUM,LOW
2024-10-02,Indonesia,South Korea,"Yeonhui Cricket Ground, Incheon",Indonesia,bat,T20,2024,Indonesia,1,1,0.4666666666666667,0.0,0.2,0.0,1.0,0.0,0.25,0.0,30,6,3,3,4,3,LOW,LOW,LOW,LOW
2024-10-02,Nepal,Oman,"Maple Leaf North-West Ground, King City",Oman,field,T20,2024,Nepal,1,0,0.573170731707317,0.5211267605633803,0.2,0.2,0.6666666666666666,0.3333333333333333,0.3333333333333333,0.5,82,71,6,6,3,2,MEDIUM,MEDIUM,LOW,LOW
2024-10-03,Oman,Canada,"Maple Leaf North-West Ground, King City",Canada,field,T20,2024,Canada,0,0,0.5138888888888888,0.5384615384615384,0.2,0.6,0.5,0.5,0.3333333333333333,0.6666666666666666,72,52,6,6,3,3,MEDIUM,MEDIUM,LOW,LOW
2024-10-04,Japan,South Korea,"Yeonhui Cricket Ground, Incheon",Japan,bat,T20,2024,Japan,1,1,0.6666666666666666,0.0,1.0,0.0,1.0,0.0,1.0,0.0,33,7,2,2,6,4,LOW,LOW,MEDIUM,LOW
2024-10-04,Indonesia,Philippines,"Yeonhui Cricket Ground, Incheon",Indonesia,bat,T20,2024,Indonesia,1,1,0.4838709677419355,0.3043478260869565,0.4,0.4,0.3333333333333333,0.6666666666666666,0.4,0.4,31,23,6,6,5,5,MEDIUM,MEDIUM,MEDIUM,MEDIUM
2024-10-04,United Arab Emirates,United States of America,"Wanderers Cricket Ground, Windhoek",United Arab Emirates,bat,T20,2024,United Arab Emirates,1,1,0.5238095238095238,0.5428571428571428,0.8,0.6,0.5,0.5,0.6666666666666666,1.0,84,35,2,2,3,2,LOW,LOW,LOW,LOW
2024-10-05,Namibia,United States of America,"Wanderers Cricket Ground, Windhoek",Namibia,bat,T20,2024,United States of America,0,1,0.5942028985507246,0.5277777777777778,0.0,0.6,0.0,1.0,0.6666666666666666,0.6666666666666666,69,36,1,1,12,3,LOW,LOW,MEDIUM,LOW
2024-10-05,Philippines,South Korea,"Yeonhui Cricket Ground, Incheon",Philippines,bat,T20,2024,Philippines,1,1,0.2916666666666667,0.0,0.4,0.0,1.0,0.0,0.3333333333333333,0.0,24,8,1,1,6,5,LOW,LOW,MEDIUM,MEDIUM
2024-10-05,Japan,Indonesia,"Yeonhui Cricket Ground, Incheon",Japan,bat,T20,2024,Japan,1,1,0.6764705882352942,0.5,1.0,0.6,0.6666666666666666,0.3333333333333333,1.0,0.5,34,32,6,6,7,6,MEDIUM,MEDIUM,MEDIUM,MEDIUM
2024-10-06,Bangladesh,India,"Shrimant Madhavrao Scindia Cricket Stadium, Gwalior",India,field,T20,2024/25,India,0,0,0.3846153846153846,0.6805555555555556,0.4,1.0,0.0714285714285714,0.9285714285714286,0.5,0.5,156,216,14,14,0,0,MEDIUM,MEDIUM,LOW,LOW
2024-10-09,Malawi,Rwanda,"TCA Oval, Blantyre",Malawi,bat,T20,2024/25,Rwanda,0,1,0.6428571428571429,0.2542372881355932,0.8,0.0,1.0,0.0,0.5,0.5,14,59,2,2,0,0,LOW,LOW,LOW,LOW
2024-10-09,India,Bangladesh,"Arun Jaitley Stadium, Delhi",Bangladesh,field,T20,2024/25,India,1,0,0.6820276497695853,0.3821656050955414,1.0,0.4,0.9333333333333332,0.0666666666666666,0.0,0.5,217,157,15,15,1,0,MEDIUM,MEDIUM,LOW,LOW
2024-10-10,Malawi,Rwanda,"TCA Oval, Blantyre",Rwanda,field,T20,2024/25,Rwanda,0,0,0.6,0.2666666666666666,0.6,0.2,0.6666666666666666,0.3333333333333333,0.0,1.0,15,60,3,3,1,1,LOW,LOW,LOW,LOW
2024-10-12,India,Bangladesh,"Rajiv Gandhi International Stadium, Uppal, Hyderabad",India,bat,T20,2024/25,India,1,1,0.6834862385321101,0.379746835443038,1.0,0.2,0.9375,0.0625,1.0,0.5,218,158,16,16,1,0,MEDIUM,MEDIUM,LOW,LOW
2024-10-12,Brazil,Mexico,Sao Fernando Polo and Cricket Club,Mexico,field,T20,2024/25,Brazil,1,0,0.5,0.6666666666666666,0.5,0.6,0.5,0.5,0.5,0.5,0,6,0,0,0,0,LOW,LOW,LOW,LOW
2024-10-13,Mexico,Argentina,Sao Fernando Polo and Cricket Club,Argentina,field,T20,2024/25,Argentina,0,0,0.5714285714285714,0.3333333333333333,0.6,0.6,0.0,1.0,0.0,0.5,7,12,1,1,1,0,LOW,LOW,LOW,LOW
2024-10-13,Sri Lanka,West Indies,Rangiri Dambulla International Stadium,West Indies,field,T20,2024/25,West Indies,0,0,0.4438202247191011,0.4673913043478261,0.2,0.8,0.5333333333333333,0.4666666666666667,0.5,0.5,178,184,15,15,0,0,MEDIUM,MEDIUM,LOW,LOW
2024-10-13,Malawi,Rwanda,"TCA Oval, Blantyre",Rwanda,field,T20,2024/25,Rwanda,0,0,0.5625,0.2786885245901639,0.4,0.4,0.5,0.5,0.0,1.0,16,61,4,4,2,2,LOW,LOW,LOW,LOW
2024-10-15,Sri Lanka,West Indies,Rangiri Dambulla International Stadium,Sri Lanka,bat,T20,2024/25,Sri Lanka,1,1,0.441340782122905,0.4702702702702703,0.2,0.8,0.5,0.5,0.0,1.0,179,185,16,16,1,1,MEDIUM,MEDIUM,LOW,LOW
2024-10-17,Nepal,United States of America,"Grand Prairie Stadium, Dallas",United States of America,field,T20,2024/25,Nepal,1,0,0.5783132530120482,0.5405405405405406,0.4,0.6,0.5,0.5,0.0,1.0,83,37,0,0,1,1,LOW,LOW,LOW,LOW
2024-10-17,West Indies,Sri Lanka,Rangiri Dambulla International Stadium,West Indies,bat,T20,2024/25,Sri Lanka,0,1,0.4677419354838709,0.4444444444444444,0.8,0.4,0.4705882352941176,0.5294117647058824,0.5,0.5,186,180,17,17,2,2,MEDIUM,MEDIUM,LOW,LOW
2024-10-18,Kenya,Seychelles,"Sikh Union Club Ground, Nairobi",Kenya,bat,T20,2024/25,Kenya,1,1,0.5263157894736842,0.2857142857142857,0.6,0.2,1.0,0.0,0.7777777777777778,0.5,76,7,1,1,9,0,LOW,LOW,MEDIUM,LOW
2024-10-19,Indonesia,Maldives,Gelephu International Cricket Ground,Indonesia,bat,T20,2024/25,Maldives,0,1,0.4848484848484848,0.2121212121212121,0.4,0.4,0.5,0.5,0.5,0.5,33,33,0,0,0,0,LOW,LOW,LOW,LOW
2024-10-19,Thailand,Bhutan,Gelephu International Cricket Ground,Bhutan,field,T20,2024/25,Thailand,1,0,0.4,0.3684210526315789,0.6,0.2,0.5,0.5,0.5,0.5,30,19,4,4,0,0,LOW,LOW,LOW,LOW
2024-10-19,Zimbabwe,Seychelles,"Gymkhana Club Ground, Nairobi",Seychelles,field,T20,2024/25,Zimbabwe,1,0,0.3834586466165413,0.25,0.2,0.2,0.5,0.5,0.5,0.5,133,8,0,0,0,0,LOW,LOW,LOW,LOW
2024-10-19,Kenya,Mozambique,"Ruaraka Sports Club Ground, Nairobi",Mozambique,field,T20,2024/25,Kenya,1,0,0.5324675324675324,0.3846153846153846,0.6,0.8,0.5,0.5,0.5,0.5,77,13,0,0,0,0,LOW,LOW,LOW,LOW
2024-10-20,Indonesia,Thailand,Gelephu International Cricket Ground,Indonesia,bat,T20,2024/25,Thailand,0,1,0.4705882352941176,0.4193548387096774,0.4,0.6,0.3333333333333333,0.6666666666666666,0.0,1.0,34,31,6,6,1,1,MEDIUM,MEDIUM,LOW,LOW
2024-10-20,Rwanda,Kenya,"Gymkhana Club Ground, Nairobi",Rwanda,bat,T20,2024/25,Kenya,0,1,0.2903225806451613,0.5384615384615384,0.6,0.6,0.0,1.0,0.2857142857142857,0.4615384615384615,62,78,7,7,7,13,MEDIUM,MEDIUM,MEDIUM,MEDIUM
2024-10-20,Mozambique,Zimbabwe,"Gymkhana Club Ground, Nairobi",Zimbabwe,field,T20,2024/25,Zimbabwe,0,0,0.3571428571428571,0.3880597014925373,0.6,0.2,0.5,0.5,0.5,1.0,14,134,0,0,0,1,LOW,LOW,LOW,LOW
2024-10-20,Maldives,Bhutan,Gelephu International Cricket Ground,Bhutan,field,T20,2024/25,Bhutan,0,0,0.2352941176470588,0.35,0.6,0.2,0.5,0.5,1.0,0.0,34,20,6,6,1,1,MEDIUM,MEDIUM,LOW,LOW
2024-10-20,United States of America,Nepal,"Grand Prairie Stadium, Dallas",United States of America,bat,T20,2024/25,Nepal,0,1,0.5263157894736842,0.5833333333333334,0.6,0.6,0.0,1.0,0.5,0.5,38,84,1,1,2,2,LOW,LOW,LOW,LOW
2024-10-22,Thailand,Maldives,Gelephu International Cricket Ground,Thailand,bat,T20,2024/25,Thailand,1,1,0.4375,0.2285714285714285,0.8,0.6,0.6,0.4,1.0,0.5,32,35,5,5,2,2,MEDIUM,MEDIUM,LOW,LOW
2024-10-22,Zimbabwe,Rwanda,"Ruaraka Sports Club Ground, Nairobi",Zimbabwe,bat,T20,2024/25,Zimbabwe,1,1,0.3925925925925926,0.2857142857142857,0.4,0.6,1.0,0.0,0.5,0.5,135,63,1,1,0,0,LOW,LOW,LOW,LOW
2024-10-22,Kenya,Gambia,"Gymkhana Club Ground, Nairobi",Kenya,bat,T20,2024/25,Kenya,1,1,0.5443037974683544,0.1666666666666666,0.8,0.2,0.5,0.5,0.5,0.5,79,6,0,0,14,0,LOW,LOW,MEDIUM,LOW
2024-10-22,Mozambique,Seychelles,"Gymkhana Club Ground, Nairobi",Mozambique,bat,T20,2024/25,Mozambique,1,1,0.3333333333333333,0.2222222222222222,0.4,0.0,0.5,0.5,0.0,0.0,15,9,0,0,1,1,LOW,LOW,LOW,LOW
2024-10-22,Bhutan,Indonesia,Gelephu International Cricket Ground,Bhutan,bat,T20,2024/25,Bhutan,1,1,0.3809523809523809,0.4571428571428571,0.4,0.4,0.0,1.0,0.5,0.0,21,35,1,1,2,2,LOW,LOW,LOW,LOW
2024-10-23,Zimbabwe,Gambia,"Ruaraka Sports Club Ground, Nairobi",Zimbabwe,bat,T20,2024/25,Zimbabwe,1,1,0.3970588235294117,0.1428571428571428,0.6,0.2,0.5,0.5,1.0,0.5,136,7,0,0,1,0,LOW,LOW,LOW,LOW
2024-10-23,Rwanda,Mozambique,"Gymkhana Club Ground, Nairobi",Rwanda,bat,T20,2024/25,Mozambique,0,1,0.28125,0.375,0.6,0.4,0.5,0.5,0.25,0.5,64,16,0,0,8,2,LOW,LOW,MEDIUM,LOW
2024-10-23,Seychelles,Kenya,"Ruaraka Sports Club Ground, Nairobi",Seychelles,bat,T20,2024/25,Kenya,0,1,0.2,0.55,0.0,1.0,0.0,1.0,0.5,1.0,10,80,2,2,0,1,LOW,LOW,LOW,LOW
2024-10-23,Bhutan,Maldives,Gelephu International Cricket Ground,Bhutan,bat,T20,2024/25,Maldives,0,1,0.4090909090909091,0.2222222222222222,0.6,0.6,0.5714285714285714,0.4285714285714285,0.6666666666666666,0.3333333333333333,22,36,7,7,3,3,MEDIUM,MEDIUM,LOW,LOW
2024-10-23,Thailand,Indonesia,Gelephu International Cricket Ground,Thailand,bat,T20,2024/25,Thailand,1,1,0.4545454545454545,0.4444444444444444,1.0,0.2,0.7142857142857143,0.2857142857142857,1.0,0.0,33,36,7,7,3,3,MEDIUM,MEDIUM,LOW,LOW
2024-10-24,Indonesia,Bhutan,Gelephu International Cricket Ground,Indonesia,bat,T20,2024/25,Bhutan,0,1,0.4324324324324324,0.391304347826087,0.0,0.6,0.5,0.5,0.0,0.5,37,23,2,2,4,4,LOW,LOW,LOW,LOW
2024-10-24,Zimbabwe,Kenya,"Gymkhana Club Ground, Nairobi",Zimbabwe,bat,T20,2024/25,Zimbabwe,1,1,0.4014598540145985,0.5555555555555556,0.8,1.0,1.0,0.0,1.0,0.5333333333333333,137,81,2,2,2,15,LOW,LOW,LOW,MEDIUM
2024-10-24,Gambia,Mozambique,"Ruaraka Sports Club Ground, Nairobi",Gambia,bat,T20,2024/25,Mozambique,0,1,0.125,0.4117647058823529,0.2,0.6,0.0,1.0,0.0,0.0,8,17,1,1,1,1,LOW,LOW,LOW,LOW
2024-10-24,Rwanda,Seychelles,"Ruaraka Sports Club Ground, Nairobi",Rwanda,bat,T20,2024/25,Rwanda,1,1,0.2769230769230769,0.1818181818181818,0.4,0.0,1.0,0.0,0.0,0.0,65,11,1,1,1,1,LOW,LOW,LOW,LOW
2024-10-28,Bahrain,Uganda,Jinja Cricket Ground,Uganda,field,T20,2024/25,Bahrain,1,0,0.5,0.7721518987341772,0.4,0.4,0.5,0.5,0.5,0.5,46,79,0,0,0,0,LOW,LOW,LOW,LOW
2024-10-29,Bahrain,Uganda,Jinja Cricket Ground,Bahrain,bat,T20,2024/25,Uganda,0,1,0.5106382978723404,0.7625,0.4,0.4,1.0,0.0,1.0,0.0,47,80,1,1,1,1,LOW,LOW,LOW,LOW
2024-11-08,India,South Africa,"Kingsmead, Durban",South Africa,field,T20,2024/25,India,1,0,0.684931506849315,0.5573770491803278,1.0,0.2,0.5769230769230769,0.4230769230769231,0.5,0.0,219,183,26,26,0,3,HIGH,HIGH,LOW,LOW
2024-11-09,New Zealand,Sri Lanka,Rangiri Dambulla International Stadium,New Zealand,bat,T20,2024/25,Sri Lanka,0,1,0.5472636815920398,0.4475138121546961,0.6,0.4,0.65,0.35,0.5,0.6666666666666666,201,181,20,20,0,3,HIGH,HIGH,LOW,LOW
2024-11-09,West Indies,England,"Kensington Oval, Bridgetown, Barbados",England,field,T20,2024/25,England,0,0,0.46524064171123,0.5384615384615384,0.6,0.4,0.5666666666666667,0.4333333333333333,0.7142857142857143,0.375,187,182,30,30,7,8,HIGH,HIGH,MEDIUM,MEDIUM
2024-11-10,West Indies,England,"Kensington Oval, Bridgetown, Barbados",England,field,T20,2024/25,England,0,0,0.4627659574468085,0.5409836065573771,0.4,0.6,0.5483870967741935,0.4516129032258064,0.625,0.4444444444444444,188,183,31,31,8,9,HIGH,HIGH,MEDIUM,MEDIUM
2024-11-10,India,South Africa,"St George's Park, Gqeberha",South Africa,field,T20,2024/25,South Africa,0,0,0.6863636363636364,0.5543478260869565,1.0,0.2,0.5925925925925926,0.4074074074074074,0.0,1.0,220,184,27,27,1,1,HIGH,HIGH,LOW,LOW
2024-11-10,New Zealand,Sri Lanka,Rangiri Dambulla International Stadium,Sri Lanka,field,T20,2024/25,New Zealand,1,0,0.5445544554455446,0.4505494505494505,0.4,0.6,0.6190476190476191,0.3809523809523809,0.0,0.75,202,182,21,21,1,4,HIGH,HIGH,LOW,LOW
2024-11-12,Indonesia,Myanmar,Udayana Cricket Ground,Myanmar,field,T20,2024/25,Indonesia,1,0,0.4210526315789473,0.0909090909090909,0.0,0.2,0.5,0.5,0.5,0.5,38,11,0,0,16,0,LOW,LOW,MEDIUM,LOW
2024-11-13,India,South Africa,"SuperSport Park, Centurion",South Africa,field,T20,2024/25,India,1,0,0.6832579185520362,0.5567567567567567,0.8,0.4,0.5714285714285714,0.4285714285714285,0.5,0.25,221,185,28,28,0,4,HIGH,HIGH,LOW,LOW
2024-11-13,Netherlands,Oman,Al Amerat Cricket Ground Oman Cricket (Ministry Turf 1),Oman,field,T20,2024/25,Oman,0,0,0.53125,0.5068493150684932,0.6,0.2,0.6666666666666666,0.3333333333333333,0.4285714285714285,0.5,96,73,3,3,7,34,LOW,LOW,MEDIUM,HIGH
2024-11-13,Myanmar,Indonesia,Udayana Cricket Ground,Myanmar,bat,T20,2024/25,Indonesia,0,1,0.0833333333333333,0.4358974358974359,0.2,0.2,0.0,1.0,0.0,0.5294117647058824,12,39,1,1,1,17,LOW,LOW,LOW,MEDIUM
2024-11-14,Netherlands,Oman,Al Amerat Cricket Ground Oman Cricket (Ministry Turf 1),Oman,field,T20,2024/25,Netherlands,1,0,0.5257731958762887,0.5135135135135135,0.6,0.4,0.5,0.5,0.375,0.5142857142857142,97,74,4,4,8,35,LOW,LOW,MEDIUM,HIGH
2024-11-14,West Indies,England,"Daren Sammy National Cricket Stadium, Gros Islet, St Lucia",England,field,T20,2024/25,England,0,0,0.4603174603174603,0.5434782608695652,0.2,0.6,0.53125,0.46875,0.6666666666666666,0.5,189,184,32,32,6,2,HIGH,HIGH,MEDIUM,LOW
2024-11-14,Australia,Pakistan,"Brisbane Cricket Ground, Woolloongabba, Brisbane",Pakistan,field,T20,2024/25,Australia,1,0,0.5654450261780105,0.6071428571428571,0.8,0.4,0.4782608695652174,0.5217391304347826,1.0,0.5,191,224,23,23,2,0,HIGH,HIGH,LOW,LOW
2024-11-15,India,South Africa,"The Wanderers Stadium, Johannesburg",India,bat,T20,2024/25,India,1,1,0.6846846846846847,0.553763440860215,0.8,0.4,0.5862068965517241,0.4137931034482758,1.0,0.25,222,186,29,29,1,4,HIGH,HIGH,LOW,LOW
2024-11-15,Myanmar,Indonesia,Udayana Cricket Ground,Indonesia,field,T20,2024/25,Indonesia,0,0,0.0769230769230769,0.45,0.0,0.4,0.0,1.0,0.0,0.5555555555555556,13,40,2,2,2,18,LOW,LOW,LOW,MEDIUM
2024-11-16,Netherlands,Oman,Al Amerat Cricket Ground Oman Cricket (Ministry Turf 1),Oman,field,T20,2024/25,Netherlands,1,0,0.5306122448979592,0.5066666666666667,0.6,0.4,0.6,0.4,0.4444444444444444,0.5,98,75,5,5,9,36,MEDIUM,MEDIUM,MEDIUM,HIGH
2024-11-16,Myanmar,Indonesia,Udayana Cricket Ground,Myanmar,bat,T20,2024/25,Indonesia,0,1,0.0714285714285714,0.4634146341463415,0.0,0.6,0.0,1.0,0.0,0.5789473684210527,14,41,3,3,3,19,LOW,LOW,LOW,MEDIUM
2024-11-16,Australia,Pakistan,Sydney Cricket Ground,Australia,bat,T20,2024/25,Australia,1,1,0.5677083333333334,0.6044444444444445,0.8,0.4,0.5,0.5,0.6,1.0,192,225,24,24,10,2,HIGH,HIGH,MEDIUM,LOW
2024-11-16,England,West Indies,"Daren Sammy National Cricket Stadium, Gros Islet, St Lucia",West Indies,field,T20,2024/25,West Indies,0,0,0.5459459459459459,0.4578947368421052,0.8,0.0,0.4848484848484848,0.5151515151515151,0.6666666666666666,0.5714285714285714,185,190,33,33,3,7,HIGH,HIGH,LOW,MEDIUM
2024-11-17,Indonesia,Myanmar,Udayana Cricket Ground,Indonesia,bat,T20,2024/25,Indonesia,1,1,0.4761904761904761,0.0666666666666666,0.8,0.0,1.0,0.0,0.6,0.0,42,15,4,4,20,4,LOW,LOW,HIGH,LOW
2024-11-18,Pakistan,Australia,"Bellerive Oval, Hobart",Pakistan,bat,T20,2024/25,Australia,0,1,0.6017699115044248,0.5699481865284974,0.4,0.8,0.48,0.52,0.5,1.0,226,193,25,25,0,1,HIGH,HIGH,LOW,LOW
2024-11-19,Thailand,Qatar,"West End Park International Cricket Stadium, Doha",Qatar,field,T20,2024/25,Qatar,0,0,0.4705882352941176,0.5384615384615384,1.0,0.6,0.5,0.5,0.5,0.6666666666666666,34,26,0,0,0,9,LOW,LOW,LOW,MEDIUM
2024-11-19,United Arab Emirates,Bhutan,University of Doha for Science and Technology,Bhutan,field,T20,2024/25,United Arab Emirates,1,0,0.5294117647058824,0.4166666666666667,0.8,0.6,0.5,0.5,0.5,0.5,85,24,0,0,0,0,LOW,LOW,LOW,LOW
2024-11-19,Myanmar,Indonesia,Udayana Cricket Ground,Myanmar,bat,T20,2024/25,Indonesia,0,1,0.0625,0.4883720930232558,0.0,1.0,0.0,1.0,0.0,0.6190476190476191,16,43,5,5,5,21,MEDIUM,MEDIUM,MEDIUM,HIGH
2024-11-19,Bahrain,Saudi Arabia,"West End Park International Cricket Stadium, Doha",Saudi Arabia,field,T20,2024/25,Bahrain,1,0,0.5,0.5185185185185185,0.4,0.4,0.6,0.4,0.625,0.4285714285714285,48,27,5,5,8,7,MEDIUM,MEDIUM,MEDIUM,MEDIUM
2024-11-20,Thailand,Cambodia,"West End Park International Cricket Stadium, Doha",Cambodia,field,T20,2024/25,Thailand,1,0,0.4571428571428571,0.4,0.8,0.0,0.5,0.5,0.0,0.5,35,15,0,0,1,0,LOW,LOW,LOW,LOW
2024-11-20,Bhutan,Qatar,University of Doha for Science and Technology,Qatar,field,T20,2024/25,Qatar,0,0,0.4,0.5555555555555556,0.6,0.6,0.5,0.5,0.0,0.5,25,27,0,0,1,2,LOW,LOW,LOW,LOW
2024-11-20,United Arab Emirates,Saudi Arabia,"West End Park International Cricket Stadium, Doha",United Arab Emirates,bat,T20,2024/25,United Arab Emirates,1,1,0.5348837209302325,0.5,0.8,0.2,1.0,0.0,0.3333333333333333,0.375,86,28,1,1,3,8,LOW,LOW,LOW,MEDIUM
2024-11-22,Bahrain,Thailand,University of Doha for Science and Technology,Bahrain,bat,T20,2024/25,Thailand,0,1,0.5102040816326531,0.4722222222222222,0.6,0.8,0.5,0.5,0.5,0.5,49,36,0,0,0,0,LOW,LOW,LOW,LOW
2024-11-22,Saudi Arabia,Bhutan,University of Doha for Science and Technology,Bhutan,field,T20,2024/25,Saudi Arabia,1,0,0.4827586206896552,0.3846153846153846,0.2,0.4,1.0,0.0,0.5,0.0,29,26,2,2,0,2,LOW,LOW,LOW,LOW
2024-11-22,Cambodia,United Arab Emirates,"West End Park International Cricket Stadium, Doha",United Arab Emirates,field,T20,2024/25,United Arab Emirates,0,0,0.375,0.5402298850574713,0.0,0.8,0.0,1.0,0.0,0.5,16,87,1,1,1,4,LOW,LOW,LOW,LOW
2024-11-23,United Arab Emirates,Thailand,University of Doha for Science and Technology,United Arab Emirates,bat,T20,2024/25,United Arab Emirates,1,1,0.5454545454545454,0.4864864864864865,1.0,0.8,0.5,0.5,1.0,1.0,88,37,0,0,1,1,LOW,LOW,LOW,LOW
2024-11-23,Nigeria,St Helena,University of Lagos Cricket Oval,Nigeria,bat,T20,2024/25,Nigeria,1,1,0.490566037735849,0.3333333333333333,0.4,0.3333333333333333,0.5,0.5,0.8,0.5,53,3,0,0,5,0,LOW,LOW,MEDIUM,LOW
2024-11-23,Sierra Leone,Ivory Coast,"Tafawa Balewa Square Cricket Oval, Lagos",Sierra Leone,bat,T20,2024/25,Sierra Leone,1,1,0.375,0.5,0.4,0.5,0.5,0.5,0.2222222222222222,0.5,24,0,0,0,9,0,LOW,LOW,MEDIUM,LOW
2024-11-23,Botswana,Eswatini,"Tafawa Balewa Square Cricket Oval, Lagos",Botswana,bat,T20,2024/25,Botswana,1,1,0.3076923076923077,0.2,0.2,0.2,0.5,0.5,0.5,0.5,26,5,0,0,0,0,LOW,LOW,LOW,LOW
2024-11-23,Qatar,Cambodia,University of Doha for Science and Technology,Qatar,bat,T20,2024/25,Qatar,1,1,0.5714285714285714,0.3529411764705882,0.8,0.0,0.5,0.5,0.6666666666666666,0.5,28,17,0,0,3,0,LOW,LOW,LOW,LOW
2024-11-23,Bahrain,Bhutan,"West End Park International Cricket Stadium, Doha",Bhutan,field,T20,2024/25,Bahrain,1,0,0.5,0.3703703703703703,0.6,0.2,0.5,0.5,0.6666666666666666,0.5,50,27,0,0,9,0,LOW,LOW,MEDIUM,LOW
2024-11-24,Eswatini,St Helena,University of Lagos Cricket Oval,Eswatini,bat,T20,2024/25,Eswatini,1,1,0.1666666666666666,0.25,0.0,0.25,0.5,0.5,0.5,0.0,6,4,0,0,0,1,LOW,LOW,LOW,LOW
2024-11-24,Nigeria,Ivory Coast,"Tafawa Balewa Square Cricket Oval, Lagos",Nigeria,bat,T20,2024/25,Nigeria,1,1,0.5,0.0,0.6,0.0,0.5,0.5,1.0,0.0,54,1,0,0,10,1,LOW,LOW,MEDIUM,LOW
2024-11-24,Sierra Leone,Botswana,University of Lagos Cricket Oval,Sierra Leone,bat,T20,2024/25,Botswana,0,1,0.4,0.3333333333333333,0.4,0.4,0.0,1.0,0.2,0.5,25,27,1,1,5,0,LOW,LOW,MEDIUM,LOW
2024-11-25,Qatar,Bahrain,"West End Park International Cricket Stadium, Doha",Bahrain,field,T20,2024/25,Qatar,1,0,0.5862068965517241,0.5098039215686274,1.0,0.6,0.3333333333333333,0.6666666666666666,0.7,0.7,29,51,3,3,10,10,LOW,LOW,MEDIUM,MEDIUM
2024-11-25,Thailand,Bhutan,"West End Park International Cricket Stadium, Doha",Thailand,bat,T20,2024/25,Thailand,1,1,0.4736842105263157,0.3571428571428571,0.6,0.2,0.6,0.4,0.5,0.0,38,28,5,5,2,1,MEDIUM,MEDIUM,LOW,LOW
2024-11-25,Cambodia,Saudi Arabia,University of Doha for Science and Technology,Saudi Arabia,field,T20,2024/25,Saudi Arabia,0,0,0.3333333333333333,0.5,0.0,0.2,0.0,1.0,0.0,1.0,18,30,1,1,1,1,LOW,LOW,LOW,LOW
2024-11-26,St Helena,Sierra Leone,"Nigeria Cricket Federation Oval 1, Abuja",Sierra Leone,field,T20,2024/25,Sierra Leone,0,0,0.2,0.3846153846153846,0.2,0.4,0.5,0.5,0.5,0.5,5,26,0,0,0,0,LOW,LOW,LOW,LOW
2024-11-26,Eswatini,Nigeria,"Nigeria Cricket Federation Oval 1, Abuja",Eswatini,bat,T20,2024/25,Nigeria,0,1,0.2857142857142857,0.509090909090909,0.2,0.8,0.0,1.0,0.5,0.5,7,55,1,1,0,0,LOW,LOW,LOW,LOW
2024-11-26,United Arab Emirates,Qatar,"West End Park International Cricket Stadium, Doha",United Arab Emirates,bat,T20,2024/25,United Arab Emirates,1,1,0.550561797752809,0.6,1.0,1.0,1.0,0.0,0.6,0.7272727272727273,89,30,2,2,5,11,LOW,LOW,MEDIUM,MEDIUM
2024-11-26,Thailand,Saudi Arabia,"West End Park International Cricket Stadium, Doha",Saudi Arabia,field,T20,2024/25,Saudi Arabia,0,0,0.4871794871794871,0.5161290322580645,0.6,0.4,0.0,1.0,0.6666666666666666,0.3333333333333333,39,31,2,2,3,9,LOW,LOW,LOW,MEDIUM
2024-11-26,Bahrain,Cambodia,University of Doha for Science and Technology,Cambodia,field,T20,2024/25,Bahrain,1,0,0.5,0.3157894736842105,0.4,0.0,1.0,0.0,0.0,0.0,52,19,1,1,1,2,LOW,LOW,LOW,LOW
2024-11-26,Ivory Coast,Botswana,"Nigeria Cricket Federation Oval 2, Abuja",Botswana,field,T20,2024/25,Botswana,0,0,0.0,0.3571428571428571,0.0,0.4,0.5,0.5,0.5,0.5,2,28,0,0,0,0,LOW,LOW,LOW,LOW
2024-11-27,St Helena,Botswana,"Nigeria Cricket Federation Oval 1, Abuja",St Helena,bat,T20,2024/25,Botswana,0,1,0.1666666666666666,0.3793103448275862,0.2,0.6,0.5,0.5,0.0,0.5,6,29,0,0,1,0,LOW,LOW,LOW,LOW
2024-11-27,Ivory Coast,Eswatini,"Nigeria Cricket Federation Oval 2, Abuja",Ivory Coast,bat,T20,2024/25,Eswatini,0,1,0.0,0.25,0.0,0.2,0.5,0.5,0.0,0.5,3,8,0,0,1,0,LOW,LOW,LOW,LOW
2024-11-27,Nigeria,Sierra Leone,"Nigeria Cricket Federation Oval 2, Abuja",Sierra Leone,field,T20,2024/25,Nigeria,1,0,0.5178571428571429,0.4074074074074074,0.8,0.6,0.8888888888888888,0.1111111111111111,0.5,0.5,56,27,9,9,0,0,MEDIUM,MEDIUM,LOW,LOW
2024-11-28,Bhutan,Cambodia,"West End Park International Cricket Stadium, Doha",Cambodia,field,T20,2024/25,Cambodia,0,0,0.3448275862068966,0.3,0.0,0.0,0.5,0.5,0.0,0.0,29,20,0,0,2,2,LOW,LOW,LOW,LOW
2024-11-28,Saudi Arabia,Qatar,University of Doha for Science and Technology,Qatar,field,T20,2024/25,Qatar,0,0,0.53125,0.5806451612903226,0.6,0.8,0.0,1.0,1.0,0.75,32,31,1,1,2,4,LOW,LOW,LOW,LOW
2024-11-28,Ivory Coast,St Helena,"Nigeria Cricket Federation Oval 1, Abuja",Ivory Coast,bat,T20,2024/25,St Helena,0,1,0.0,0.1428571428571428,0.0,0.0,0.5,0.5,0.5,0.0,4,7,0,0,0,2,LOW,LOW,LOW,LOW
2024-11-28,Sierra Leone,Eswatini,"Nigeria Cricket Federation Oval 2, Abuja",Sierra Leone,bat,T20,2024/25,Sierra Leone,1,1,0.3928571428571428,0.3333333333333333,0.6,0.4,1.0,0.0,0.0,1.0,28,9,1,1,1,1,LOW,LOW,LOW,LOW
2024-11-28,Nigeria,Botswana,"Nigeria Cricket Federation Oval 2, Abuja",Nigeria,bat,T20,2024/25,Nigeria,1,1,0.5263157894736842,0.4,0.8,0.8,1.0,0.0,1.0,1.0,57,30,1,1,1,1,LOW,LOW,LOW,LOW
2024-11-28,Bahrain,United Arab Emirates,University of Doha for Science and Technology,Bahrain,bat,T20,2024/25,United Arab Emirates,0,1,0.5094339622641509,0.5555555555555556,0.6,1.0,0.5,0.5,0.5,1.0,53,90,4,4,2,2,LOW,LOW,LOW,LOW
2024-12-01,Pakistan,Zimbabwe,"Queens Sports Club, Bulawayo",Pakistan,bat,T20,2024/25,Pakistan,1,1,0.5991189427312775,0.4057971014492754,0.4,1.0,0.8823529411764706,0.1176470588235294,0.5,0.7,227,138,17,17,0,10,MEDIUM,MEDIUM,LOW,MEDIUM
2024-12-02,Bermuda,Argentina,"Hurlingham Club Ground, Buenos Aires",Argentina,field,T20,2024/25,Bermuda,1,0,0.64,0.3846153846153846,0.8,0.8,1.0,0.0,1.0,0.0,25,13,3,3,1,1,LOW,LOW,LOW,LOW
2024-12-03,Zimbabwe,Pakistan,"Queens Sports Club, Bulawayo",Zimbabwe,bat,T20,2024/25,Pakistan,0,1,0.4028776978417266,0.6008771929824561,0.8,0.4,0.1111111111111111,0.8888888888888888,0.6363636363636364,1.0,139,228,18,18,11,1,MEDIUM,MEDIUM,MEDIUM,LOW
2024-12-04,Rwanda,Nigeria,"Gahanga International Cricket Stadium, Rwanda",Rwanda,bat,T20,2024/25,Nigeria,0,1,0.2878787878787879,0.5344827586206896,0.4,1.0,0.0,1.0,0.05,0.5,66,58,4,4,20,0,LOW,LOW,HIGH,LOW
2024-12-04,Uganda,Botswana,"Gahanga International Cricket Stadium, Rwanda",Botswana,field,T20,2024/25,Uganda,1,0,0.7654320987654321,0.3870967741935484,0.4,0.8,1.0,0.0,0.9,0.5,81,31,4,4,20,0,LOW,LOW,HIGH,LOW
2024-12-05,Pakistan,Zimbabwe,"Queens Sports Club, Bulawayo",Pakistan,bat,T20,2024/25,Zimbabwe,0,1,0.6026200873362445,0.4,0.4,0.6,0.8947368421052632,0.1052631578947368,1.0,0.5833333333333334,229,140,19,19,2,12,MEDIUM,MEDIUM,LOW,MEDIUM
2024-12-05,Uganda,Rwanda,"Gahanga International Cricket Stadium, Rwanda",Rwanda,field,T20,2024/25,Uganda,1,0,0.7682926829268293,0.2835820895522388,0.4,0.2,1.0,0.0,0.9047619047619048,0.0476190476190476,82,67,15,15,21,21,MEDIUM,MEDIUM,HIGH,HIGH
2024-12-05,Nigeria,Botswana,"Gahanga International Cricket Stadium, Rwanda",Botswana,field,T20,2024/25,Nigeria,1,0,0.5423728813559322,0.375,1.0,0.6,1.0,0.0,1.0,0.0,59,32,2,2,1,1,LOW,LOW,LOW,LOW
2024-12-06,Nigeria,Uganda,"Gahanga International Cricket Stadium, Rwanda",Nigeria,bat,T20,2024/25,Uganda,0,1,0.55,0.7710843373493976,1.0,0.6,0.0,1.0,1.0,0.9090909090909092,60,83,6,6,2,22,MEDIUM,MEDIUM,LOW,HIGH
2024-12-06,Panama,Suriname,"St Albans Club, Buenos Aires",Panama,bat,T20,2024/25,Panama,1,1,0.1818181818181818,0.5,0.0,0.5,0.5,0.5,0.5,0.5,11,0,0,0,0,0,LOW,LOW,LOW,LOW
2024-12-06,Botswana,Rwanda,"Gahanga International Cricket Stadium, Rwanda",Rwanda,field,T20,2024/25,Rwanda,0,0,0.3636363636363636,0.2794117647058823,0.4,0.2,0.0,1.0,0.0,0.0454545454545454,33,68,3,3,2,22,LOW,LOW,LOW,HIGH
2024-12-06,Bahamas,Brazil,"St George's College Ground, Buenos Aires",Bahamas,bat,T20,2024/25,Bahamas,1,1,0.25,1.0,0.2,1.0,0.5,0.5,0.5,0.5,8,1,0,0,0,0,LOW,LOW,LOW,LOW
2024-12-07,Mexico,Brazil,"Hurlingham Club Ground, Buenos Aires",Mexico,bat,T20,2024/25,Mexico,1,1,0.5,0.5,0.4,0.5,0.0,1.0,0.5,0.5,8,2,1,1,0,0,LOW,LOW,LOW,LOW
2024-12-07,Uganda,Rwanda,"Gahanga International Cricket Stadium, Rwanda",Rwanda,field,T20,2024/25,Uganda,1,0,0.7738095238095238,0.2898550724637681,0.8,0.4,1.0,0.0,0.9130434782608696,0.0869565217391304,84,69,16,16,23,23,MEDIUM,MEDIUM,HIGH,HIGH
2024-12-07,Argentina,Belize,"St George's College Ground, Buenos Aires",Belize,field,T20,2024/25,Argentina,1,0,0.3571428571428571,0.2,0.6,0.2,1.0,0.0,0.5,0.5,14,5,1,1,0,0,LOW,LOW,LOW,LOW
2024-12-07,Nigeria,Botswana,"Gahanga International Cricket Stadium, Rwanda",Nigeria,bat,T20,2024/25,Botswana,0,1,0.5409836065573771,0.3529411764705882,0.8,0.2,1.0,0.0,0.6666666666666666,0.0,61,34,3,3,3,3,LOW,LOW,LOW,LOW
2024-12-07,Cayman Islands,Panama,"St George's College Ground, Buenos Aires",Cayman Islands,bat,T20,2024/25,Cayman Islands,1,1,0.2857142857142857,0.25,0.4,0.2,1.0,0.0,0.5,0.5,14,12,2,2,0,0,LOW,LOW,LOW,LOW
2024-12-07,Bermuda,Suriname,"Hurlingham Club Ground, Buenos Aires",Bermuda,bat,T20,2024/25,Bermuda,1,1,0.6538461538461539,0.0,0.8,0.0,0.5,0.5,1.0,0.5,26,1,0,0,2,0,LOW,LOW,LOW,LOW
2024-12-08,Cayman Islands,Belize,"Hurlingham Club Ground, Buenos Aires",Cayman Islands,bat,T20,2024/25,Cayman Islands,1,1,0.3333333333333333,0.1666666666666666,0.4,0.2,0.5,0.5,1.0,0.5,15,6,0,0,1,0,LOW,LOW,LOW,LOW
2024-12-08,Suriname,Brazil,"St Albans Club, Buenos Aires",Suriname,bat,T20,2024/25,Brazil,0,1,0.0,0.3333333333333333,0.0,0.3333333333333333,0.5,0.5,0.0,0.5,2,3,0,0,1,0,LOW,LOW,LOW,LOW
2024-12-08,Bahamas,Argentina,"Hurlingham Club Ground, Buenos Aires",Bahamas,bat,T20,2024/25,Bahamas,1,1,0.3333333333333333,0.4,0.4,0.8,0.5,0.5,0.5,0.0,9,15,2,2,2,2,LOW,LOW,LOW,LOW
2024-12-08,Panama,Bermuda,"St Albans Club, Buenos Aires",Panama,bat,T20,2024/25,Bermuda,0,1,0.2307692307692307,0.6666666666666666,0.2,0.8,0.0,1.0,1.0,1.0,13,27,3,3,1,2,LOW,LOW,LOW,LOW
2024-12-08,Rwanda,Botswana,"Gahanga International Cricket Stadium, Rwanda",Rwanda,bat,T20,2024/25,Botswana,0,1,0.2857142857142857,0.3714285714285714,0.4,0.2,1.0,0.0,0.0833333333333333,0.25,70,35,4,4,24,4,LOW,LOW,HIGH,LOW
2024-12-08,Nigeria,Uganda,"Gahanga International Cricket Stadium, Rwanda",Uganda,field,T20,2024/25,Uganda,0,0,0.532258064516129,0.7764705882352941,0.6,1.0,0.0,1.0,0.5,0.9166666666666666,62,85,7,7,4,24,MEDIUM,MEDIUM,LOW,HIGH
2024-12-09,Uganda,Botswana,"Gahanga International Cricket Stadium, Rwanda",Botswana,field,T20,2024/25,Uganda,1,0,0.7790697674418605,0.3888888888888889,1.0,0.4,1.0,0.0,0.92,0.4,86,36,5,5,25,5,MEDIUM,MEDIUM,HIGH,MEDIUM
2024-12-09,Nigeria,Rwanda,"Gahanga International Cricket Stadium, Rwanda",Nigeria,bat,T20,2024/25,Rwanda,0,1,0.5238095238095238,0.2816901408450704,0.4,0.2,1.0,0.0,0.4,0.08,63,71,5,5,5,25,MEDIUM,MEDIUM,MEDIUM,HIGH
2024-12-10,Mexico,Bermuda,"Hurlingham Club Ground, Buenos Aires",Mexico,bat,T20,2024/25,Bermuda,0,1,0.5555555555555556,0.6785714285714286,0.4,0.8,0.5,0.5,1.0,1.0,9,28,0,0,1,3,LOW,LOW,LOW,LOW
2024-12-10,Bahamas,Belize,"St Albans Club, Buenos Aires",Belize,field,T20,2024/25,Bahamas,1,0,0.4,0.1428571428571428,0.4,0.0,0.5,0.5,0.0,0.5,10,7,0,0,2,0,LOW,LOW,LOW,LOW
2024-12-10,Panama,Argentina,"St Albans Club, Buenos Aires",Panama,bat,T20,2024/25,Argentina,0,1,0.2142857142857142,0.375,0.2,0.6,1.0,0.0,0.5,0.5,14,16,1,1,2,2,LOW,LOW,LOW,LOW
2024-12-10,South Africa,Pakistan,"Kingsmead, Durban",South Africa,bat,T20,2024/25,South Africa,1,1,0.5508021390374331,0.6,0.2,0.4,0.4285714285714285,0.5714285714285714,0.0,0.5,187,230,21,21,4,0,HIGH,HIGH,LOW,LOW
2024-12-10,Cayman Islands,Suriname,"Hurlingham Club Ground, Buenos Aires",Suriname,field,T20,2024/25,Suriname,0,0,0.375,0.0,0.4,0.0,0.5,0.5,1.0,0.0,16,3,0,0,2,1,LOW,LOW,LOW,LOW
2024-12-11,Suriname,Argentina,"Hurlingham Club Ground, Buenos Aires",Suriname,bat,T20,2024/25,Argentina,0,1,0.25,0.4117647058823529,0.25,0.6,0.5,0.5,0.5,0.0,4,17,0,0,2,3,LOW,LOW,LOW,LOW
2024-12-11,Mexico,Cayman Islands,"St George's College Ground, Buenos Aires",Mexico,bat,T20,2024/25,Cayman Islands,0,1,0.5,0.3529411764705882,0.4,0.4,0.5,0.5,0.5,1.0,10,17,0,0,0,1,LOW,LOW,LOW,LOW
2024-12-11,Bahamas,Panama,"Hurlingham Club Ground, Buenos Aires",Bahamas,bat,T20,2024/25,Bahamas,1,1,0.4545454545454545,0.2,0.6,0.2,0.5,0.5,0.6666666666666666,0.3333333333333333,11,15,2,2,3,3,LOW,LOW,LOW,LOW
2024-12-11,Bermuda,Brazil,"St George's College Ground, Buenos Aires",Brazil,field,T20,2024/25,Bermuda,1,0,0.6896551724137931,0.5,0.8,0.5,0.5,0.5,0.5,0.0,29,4,0,0,0,1,LOW,LOW,LOW,LOW
2024-12-11,Uganda,Nigeria,"Gahanga International Cricket Stadium, Rwanda",Nigeria,field,T20,2024/25,Uganda,1,0,0.7816091954022989,0.515625,1.0,0.2,1.0,0.0,0.9230769230769232,0.3333333333333333,87,64,8,8,26,6,MEDIUM,MEDIUM,HIGH,MEDIUM
2024-12-11,Rwanda,Botswana,"Gahanga International Cricket Stadium, Rwanda",Botswana,field,T20,2024/25,Rwanda,1,0,0.2916666666666667,0.3783783783783784,0.4,0.4,0.8,0.2,0.1153846153846153,0.3333333333333333,72,37,5,5,26,6,MEDIUM,MEDIUM,HIGH,MEDIUM
2024-12-12,Panama,Brazil,"Belgrano Athletic Club Ground, Buenos Aires",Panama,bat,T20,2024/25,Brazil,0,1,0.1875,0.4,0.2,0.4,0.5,0.5,0.0,0.5,16,5,0,0,1,0,LOW,LOW,LOW,LOW
2024-12-12,Botswana,Nigeria,"Gahanga International Cricket Stadium, Rwanda",Botswana,bat,T20,2024/25,Nigeria,0,1,0.3684210526315789,0.5076923076923077,0.4,0.0,0.25,0.75,0.2857142857142857,0.2857142857142857,38,65,4,4,7,7,LOW,LOW,MEDIUM,MEDIUM
2024-12-12,Suriname,Mexico,"St George's College Ground, Buenos Aires",Mexico,field,T20,2024/25,Mexico,0,0,0.2,0.4545454545454545,0.2,0.2,0.5,0.5,0.5,0.0,5,11,0,0,0,1,LOW,LOW,LOW,LOW
2024-12-12,Uganda,Rwanda,"Gahanga International Cricket Stadium, Rwanda",Rwanda,field,T20,2024/25,Uganda,1,0,0.7840909090909091,0.3013698630136986,1.0,0.6,1.0,0.0,0.925925925925926,0.1481481481481481,88,73,17,17,27,27,MEDIUM,MEDIUM,HIGH,HIGH
2024-12-12,Bermuda,Belize,"St George's College Ground, Buenos Aires",Belize,field,T20,2024/25,Bermuda,1,0,0.7,0.125,1.0,0.0,1.0,0.0,1.0,0.0,30,8,1,1,1,1,LOW,LOW,LOW,LOW
2024-12-12,Bahamas,Cayman Islands,"Belgrano Athletic Club Ground, Buenos Aires",Bahamas,bat,T20,2024/25,Cayman Islands,0,1,0.5,0.3888888888888889,0.8,0.6,0.0,1.0,0.5,1.0,12,18,1,1,0,1,LOW,LOW,LOW,LOW
2024-12-13,Nigeria,Rwanda,"Gahanga International Cricket Stadium, Rwanda",Nigeria,bat,T20,2024/25,Nigeria,1,1,0.5151515151515151,0.2972972972972973,0.2,0.4,0.8333333333333334,0.1666666666666666,0.375,0.1428571428571428,66,74,6,6,8,28,MEDIUM,MEDIUM,MEDIUM,HIGH
2024-12-13,Bahrain,United Arab Emirates,"ICC Academy, Dubai",Bahrain,bat,T20,2024/25,United Arab Emirates,0,1,0.5,0.5604395604395604,0.4,1.0,0.4,0.6,0.5,0.6666666666666666,54,91,5,5,0,3,MEDIUM,MEDIUM,LOW,LOW
2024-12-13,Pakistan,South Africa,"SuperSport Park, Centurion",Pakistan,bat,T20,2024/25,South Africa,0,1,0.5974025974025974,0.5531914893617021,0.4,0.4,0.5454545454545454,0.4545454545454545,1.0,0.2,231,188,22,22,2,5,HIGH,HIGH,LOW,MEDIUM
2024-12-13,Uganda,Botswana,"Gahanga International Cricket Stadium, Rwanda",Uganda,bat,T20,2024/25,Uganda,1,1,0.7865168539325843,0.358974358974359,1.0,0.4,1.0,0.0,0.9285714285714286,0.25,89,39,6,6,28,8,MEDIUM,MEDIUM,HIGH,MEDIUM
2024-12-13,Saudi Arabia,Kuwait,"ICC Academy, Dubai",Kuwait,field,T20,2024/25,Kuwait,0,0,0.5151515151515151,0.6274509803921569,0.6,0.8,0.3333333333333333,0.6666666666666666,0.5,0.5,33,51,3,3,0,0,LOW,LOW,LOW,LOW
2024-12-14,Bahrain,Kuwait,"ICC Academy, Dubai",Kuwait,field,T20,2024/25,Bahrain,1,0,0.4909090909090909,0.6346153846153846,0.4,0.8,0.1818181818181818,0.8181818181818182,0.0,1.0,55,52,11,11,1,1,MEDIUM,MEDIUM,LOW,LOW
2024-12-14,Oman,Qatar,"ICC Academy, Dubai",Qatar,field,T20,2024/25,Oman,1,0,0.5,0.59375,0.2,0.8,0.5,0.5,0.5,0.5,76,32,0,0,0,0,LOW,LOW,LOW,LOW
2024-12-14,Nigeria,Uganda,"Gahanga International Cricket Stadium, Rwanda",Nigeria,bat,T20,2024/25,Uganda,0,1,0.5223880597014925,0.7888888888888889,0.4,1.0,0.0,1.0,0.4444444444444444,0.9310344827586208,67,90,9,9,9,29,MEDIUM,MEDIUM,MEDIUM,HIGH
2024-12-14,Bahamas,Suriname,"Belgrano Athletic Club Ground, Buenos Aires",Bahamas,bat,T20,2024/25,Bahamas,1,1,0.4615384615384615,0.1666666666666666,0.8,0.2,0.5,0.5,0.0,0.5,13,6,0,0,1,0,LOW,LOW,LOW,LOW
2024-12-14,Argentina,Mexico,"Belgrano Athletic Club Ground, Buenos Aires",Mexico,field,T20,2024/25,Argentina,1,0,0.4444444444444444,0.5,0.6,0.4,1.0,0.0,0.0,0.5,18,12,2,2,3,0,LOW,LOW,LOW,LOW
2024-12-14,Panama,Belize,"St Albans Club, Buenos Aires",Panama,bat,T20,2024/25,Belize,0,1,0.1764705882352941,0.1111111111111111,0.0,0.0,0.0,1.0,0.3333333333333333,0.0,17,9,1,1,3,1,LOW,LOW,LOW,LOW
2024-12-14,Cayman Islands,Brazil,"St Albans Club, Buenos Aires",Cayman Islands,bat,T20,2024/25,Cayman Islands,1,1,0.4210526315789473,0.5,0.8,0.4,0.5,0.5,0.5,1.0,19,6,0,0,2,1,LOW,LOW,LOW,LOW
2024-12-15,Cayman Islands,Argentina,"Hurlingham Club Ground, Buenos Aires",Argentina,field,T20,2024/25,Cayman Islands,1,0,0.45,0.4736842105263157,0.8,0.8,1.0,0.0,0.6666666666666666,0.25,20,19,1,1,3,4,LOW,LOW,LOW,LOW
2024-12-15,Bangladesh,West Indies,"Arnos Vale Ground, Kingstown, St Vincent",West Indies,field,T20,2024/25,Bangladesh,1,0,0.3773584905660377,0.4607329842931937,0.0,0.2,0.3571428571428571,0.6428571428571429,1.0,0.5,159,191,14,14,2,0,MEDIUM,MEDIUM,LOW,LOW
2024-12-15,Bermuda,Bahamas,"Belgrano Athletic Club Ground, Buenos Aires",Bermuda,bat,T20,2024/25,Bermuda,1,1,0.7096774193548387,0.5,1.0,0.8,1.0,0.0,1.0,0.5,31,14,2,2,3,2,LOW,LOW,LOW,LOW
2024-12-15,Qatar,Saudi Arabia,"ICC Academy, Dubai",Saudi Arabia,field,T20,2024/25,Saudi Arabia,0,0,0.5757575757575758,0.5,0.6,0.6,1.0,0.0,0.0,0.0,33,34,2,2,1,1,LOW,LOW,LOW,LOW
2024-12-15,Panama,Mexico,"Hurlingham Club Ground, Buenos Aires",Mexico,field,T20,2024/25,Panama,1,0,0.1666666666666666,0.4615384615384615,0.0,0.4,0.5,0.5,0.25,0.5,18,13,0,0,4,2,LOW,LOW,LOW,LOW
2024-12-15,Brazil,Belize,"Belgrano Athletic Club Ground, Buenos Aires",Brazil,bat,T20,2024/25,Belize,0,1,0.4285714285714285,0.2,0.4,0.2,0.5,0.5,1.0,0.5,7,10,0,0,1,0,LOW,LOW,LOW,LOW
2024-12-15,United Arab Emirates,Oman,"ICC Academy, Dubai",Oman,field,T20,2024/25,United Arab Emirates,1,0,0.5652173913043478,0.5064935064935064,1.0,0.4,0.4285714285714285,0.5714285714285714,0.75,1.0,92,77,7,7,4,1,MEDIUM,MEDIUM,LOW,LOW
2024-12-16,Bermuda,Cayman Islands,"St Albans Club, Buenos Aires",Bermuda,bat,T20,2024/25,Bermuda,1,1,0.71875,0.4761904761904761,1.0,0.8,1.0,0.0,1.0,0.6666666666666666,32,21,4,4,3,3,LOW,LOW,LOW,LOW
2024-12-16,Argentina,Brazil,"St George's College Ground, Buenos Aires",Brazil,field,T20,2024/25,Argentina,1,0,0.45,0.375,0.6,0.4,0.5,0.5,1.0,0.0,20,8,0,0,1,2,LOW,LOW,LOW,LOW
2024-12-16,Belize,Suriname,"St Albans Club, Buenos Aires",Belize,bat,T20,2024/25,Suriname,0,1,0.2727272727272727,0.1428571428571428,0.4,0.2,0.5,0.5,0.5,0.0,11,7,0,0,2,2,LOW,LOW,LOW,LOW
2024-12-16,United Arab Emirates,Kuwait,"ICC Academy, Dubai",United Arab Emirates,bat,T20,2024/25,United Arab Emirates,1,1,0.5698924731182796,0.6226415094339622,1.0,0.6,0.75,0.25,0.8,0.5,93,53,4,4,5,2,LOW,LOW,MEDIUM,LOW
2024-12-16,Bahamas,Mexico,"St George's College Ground, Buenos Aires",Bahamas,bat,T20,2024/25,Bahamas,1,1,0.4666666666666667,0.4285714285714285,0.6,0.2,0.5,0.5,1.0,0.5,15,14,0,0,1,2,LOW,LOW,LOW,LOW
2024-12-16,Saudi Arabia,Bahrain,"ICC Academy, Dubai",Bahrain,field,T20,2024/25,Bahrain,0,0,0.5142857142857142,0.5,0.6,0.4,0.3333333333333333,0.6666666666666666,0.5,0.5,35,56,6,6,2,2,MEDIUM,MEDIUM,LOW,LOW
2024-12-17,Oman,Bahrain,"ICC Academy, Dubai",Bahrain,field,T20,2024/25,Oman,1,0,0.5,0.5087719298245614,0.4,0.6,0.6,0.4,0.5,0.6666666666666666,78,57,5,5,2,3,MEDIUM,MEDIUM,LOW,LOW
2024-12-17,Bangladesh,West Indies,"Arnos Vale Ground, Kingstown, St Vincent",West Indies,field,T20,2024/25,Bangladesh,1,0,0.38125,0.4583333333333333,0.2,0.2,0.4,0.6,1.0,0.0,160,192,15,15,3,1,MEDIUM,MEDIUM,LOW,LOW
2024-12-17,Qatar,Kuwait,"ICC Academy, Dubai",Kuwait,field,T20,2024/25,Kuwait,0,0,0.5588235294117647,0.6111111111111112,0.4,0.4,0.4,0.6,0.0,0.3333333333333333,34,54,5,5,2,3,MEDIUM,MEDIUM,LOW,LOW
2024-12-18,Oman,Saudi Arabia,"ICC Academy, Dubai",Saudi Arabia,field,T20,2024/25,Saudi Arabia,0,0,0.5063291139240507,0.5,0.4,0.4,1.0,0.0,0.6666666666666666,0.3333333333333333,79,36,2,2,3,3,LOW,LOW,LOW,LOW
2024-12-18,United Arab Emirates,Qatar,"ICC Academy, Dubai",United Arab Emirates,bat,T20,2024/25,United Arab Emirates,1,1,0.574468085106383,0.5428571428571428,1.0,0.2,1.0,0.0,0.8333333333333334,0.0,94,35,3,3,6,3,LOW,LOW,MEDIUM,LOW
2024-12-19,Bangladesh,West Indies,"Arnos Vale Ground, Kingstown, St Vincent",Bangladesh,bat,T20,2024/25,Bangladesh,1,1,0.3850931677018633,0.4559585492227979,0.4,0.2,0.4375,0.5625,1.0,0.0,161,193,16,16,4,2,MEDIUM,MEDIUM,LOW,LOW
2024-12-19,Saudi Arabia,United Arab Emirates,"ICC Academy, Dubai",United Arab Emirates,field,T20,2024/25,Saudi Arabia,1,0,0.5135135135135135,0.5789473684210527,0.4,1.0,0.0,1.0,0.5,0.8571428571428571,37,95,2,2,4,7,LOW,LOW,LOW,MEDIUM
2024-12-20,Bahrain,Qatar,"ICC Academy, Dubai",Qatar,field,T20,2024/25,Qatar,0,0,0.5,0.5277777777777778,0.4,0.2,0.5,0.5,0.5,0.0,58,36,4,4,4,4,LOW,LOW,LOW,LOW
2024-12-20,Oman,Kuwait,"ICC Academy, Dubai",Oman,bat,T20,2024/25,Kuwait,0,1,0.5,0.6181818181818182,0.4,0.4,1.0,0.0,0.5,0.5,80,55,2,2,4,4,LOW,LOW,LOW,LOW
2024-12-21,United Arab Emirates,Kuwait,Dubai International Cricket Stadium,United Arab Emirates,bat,T20,2024/25,United Arab Emirates,1,1,0.5729166666666666,0.625,0.8,0.6,0.8,0.2,0.1818181818181818,0.5,96,56,5,5,11,0,MEDIUM,MEDIUM,MEDIUM,LOW
2024-12-28,New Zealand,Sri Lanka,"Bay Oval, Mount Maunganui",Sri Lanka,field,T20,2024/25,New Zealand,1,0,0.5467980295566502,0.448087431693989,0.6,0.6,0.6363636363636364,0.3636363636363636,0.5,0.5,203,183,22,22,2,0,HIGH,HIGH,LOW,LOW
2024-12-30,New Zealand,Sri Lanka,"Bay Oval, Mount Maunganui",Sri Lanka,field,T20,2024/25,New Zealand,1,0,0.5490196078431373,0.4456521739130434,0.8,0.6,0.6521739130434783,0.3478260869565217,0.6666666666666666,0.0,204,184,23,23,3,1,HIGH,HIGH,LOW,LOW
2025-01-02,Sri Lanka,New Zealand,"Saxton Oval, Nelson",New Zealand,field,T20,2024/25,Sri Lanka,1,0,0.4432432432432432,0.551219512195122,0.4,0.8,0.3333333333333333,0.6666666666666666,0.5,0.5,185,205,24,24,0,0,HIGH,HIGH,LOW,LOW
2025-01-22,England,India,"Eden Gardens, Kolkata",India,field,T20,2024/25,India,0,0,0.543010752688172,0.6860986547085202,0.8,0.8,0.4583333333333333,0.5416666666666666,0.5,1.0,186,223,24,24,0,4,HIGH,HIGH,LOW,LOW
2025-01-25,England,India,"MA Chidambaram Stadium, Chepauk, Chennai",India,field,T20,2024/25,India,0,0,0.5401069518716578,0.6875,0.6,0.8,0.44,0.56,0.5,0.5,187,224,25,25,0,0,HIGH,HIGH,LOW,LOW
2025-01-28,England,India,"Saurashtra Cricket Association Stadium, Rajkot",India,field,T20,2024/25,England,1,0,0.5372340425531915,0.6888888888888889,0.4,0.8,0.4230769230769231,0.5769230769230769,0.5,1.0,188,225,26,26,0,2,HIGH,HIGH,LOW,LOW
2025-01-31,India,England,"Maharashtra Cricket Association Stadium, Pune",England,field,T20,2024/25,India,1,0,0.6858407079646017,0.5396825396825397,0.8,0.4,0.5555555555555556,0.4444444444444444,0.0,0.5,226,189,27,27,1,0,HIGH,HIGH,LOW,LOW
2025-02-02,India,England,"Wankhede Stadium, Mumbai",England,field,T20,2024/25,India,1,0,0.6872246696035242,0.5368421052631579,0.8,0.2,0.5714285714285714,0.4285714285714285,1.0,0.5,227,190,28,28,1,0,HIGH,HIGH,LOW,LOW
2025-02-03,Hungary,Malta,Marsa Sports Club,Malta,field,T20,2024/25,Hungary,1,0,0.4,0.4423076923076923,0.4,0.2,0.5,0.5,0.5,0.5833333333333334,20,52,2,2,6,24,LOW,LOW,MEDIUM,HIGH
2025-02-03,Malta,Austria,Marsa Sports Club,Austria,field,T20,2024/25,Austria,0,0,0.4339622641509434,0.5925925925925926,0.2,0.8,0.5,0.5,0.56,0.5,53,27,0,0,25,0,LOW,LOW,HIGH,LOW
2025-02-04,Malta,Hungary,Marsa Sports Club,Malta,bat,T20,2024/25,Hungary,0,1,0.4259259259259259,0.4285714285714285,0.2,0.4,0.3333333333333333,0.6666666666666666,0.5384615384615384,0.5714285714285714,54,21,3,3,26,7,LOW,LOW,HIGH,MEDIUM
2025-02-04,Hungary,Austria,Marsa Sports Club,Hungary,bat,T20,2024/25,Austria,0,1,0.4545454545454545,0.6071428571428571,0.6,1.0,0.0,1.0,0.625,1.0,22,28,1,1,8,1,LOW,LOW,MEDIUM,LOW
2025-02-05,Malta,Austria,Marsa Sports Club,Austria,field,T20,2024/25,Austria,0,0,0.4181818181818181,0.6206896551724138,0.0,1.0,0.0,1.0,0.5185185185185185,1.0,55,29,1,1,27,2,LOW,LOW,HIGH,LOW
2025-02-05,Austria,Hungary,Marsa Sports Club,Hungary,field,T20,2024/25,Hungary,0,0,0.6333333333333333,0.4347826086956521,1.0,0.4,1.0,0.0,1.0,0.5555555555555556,30,23,2,2,3,9,LOW,LOW,LOW,MEDIUM
2025-02-19,Bahrain,Indonesia,Udayana Cricket Ground,Indonesia,field,T20,2024/25,Bahrain,1,0,0.4915254237288136,0.5,0.4,1.0,0.5,0.5,0.5,0.6363636363636364,59,44,0,0,0,22,LOW,LOW,LOW,HIGH
2025-02-20,Indonesia,Bahrain,Udayana Cricket Ground,Bahrain,field,T20,2024/25,Bahrain,0,0,0.4888888888888889,0.5,0.8,0.6,0.0,1.0,0.6086956521739131,1.0,45,60,1,1,23,1,LOW,LOW,HIGH,LOW
2025-02-20,Oman,United States of America,Al Amerat Cricket Ground Oman Cricket (Ministry Turf 1),United States of America,field,T20,2024/25,United States of America,0,0,0.4938271604938271,0.5128205128205128,0.4,0.4,0.5,0.5,0.4864864864864865,0.5,81,39,0,0,37,0,LOW,LOW,HIGH,LOW
2025-02-21,Oman,United States of America,Al Amerat Cricket Ground Oman Cricket (Ministry Turf 1),United States of America,field,T20,2024/25,United States of America,0,0,0.4878048780487805,0.525,0.2,0.4,0.0,1.0,0.4736842105263157,1.0,82,40,1,1,38,1,LOW,LOW,HIGH,LOW
2025-02-22,Bahrain,Indonesia,Udayana Cricket Ground,Indonesia,field,T20,2024/25,Indonesia,0,0,0.5081967213114754,0.4782608695652174,0.6,0.6,1.0,0.0,1.0,0.5833333333333334,61,46,2,2,2,24,LOW,LOW,LOW,HIGH
2025-02-23,Ireland,Zimbabwe,Harare Sports Club,Zimbabwe,field,T20,2024/25,Zimbabwe,0,0,0.4728682170542636,0.4042553191489361,0.2,0.6,0.5333333333333333,0.4666666666666667,0.5,0.25,129,141,15,15,6,40,MEDIUM,MEDIUM,MEDIUM,HIGH
2025-02-23,Oman,United States of America,Al Amerat Cricket Ground Oman Cricket (Ministry Turf 1),Oman,bat,T20,2024/25,United States of America,0,1,0.4819277108433735,0.5365853658536586,0.2,0.6,0.0,1.0,0.4615384615384615,1.0,83,41,2,2,39,2,LOW,LOW,HIGH,LOW
2025-02-23,Bahrain,Indonesia,Udayana Cricket Ground,Indonesia,field,T20,2024/25,Bahrain,1,0,0.5,0.4893617021276595,0.4,0.6,0.6666666666666666,0.3333333333333333,0.6666666666666666,0.6,62,47,3,3,3,25,LOW,LOW,LOW,HIGH
2025-02-24,Indonesia,Bahrain,Udayana Cricket Ground,Indonesia,bat,T20,2024/25,Bahrain,0,1,0.4791666666666667,0.5079365079365079,0.4,0.6,0.25,0.75,0.5769230769230769,0.75,48,63,4,4,26,4,LOW,LOW,HIGH,LOW
2025-02-28,Bahrain,Singapore,Singapore National Cricket Ground,Singapore,field,T20,2024/25,Bahrain,1,0,0.515625,0.3829787234042553,0.8,0.6,1.0,0.0,0.5,0.5,64,47,1,1,0,0,LOW,LOW,LOW,LOW
2025-03-01,Singapore,Bahrain,Singapore National Cricket Ground,Singapore,bat,T20,2024/25,Bahrain,0,1,0.375,0.5230769230769231,0.6,0.8,0.0,1.0,0.0,1.0,48,65,2,2,1,1,LOW,LOW,LOW,LOW
2025-03-02,Singapore,Bahrain,Singapore National Cricket Ground,Singapore,bat,T20,2024/25,Bahrain,0,1,0.3673469387755102,0.5303030303030303,0.6,0.8,0.0,1.0,0.0,1.0,49,66,3,3,2,2,LOW,LOW,LOW,LOW
2025-03-10,Malaysia,Bahrain,"Bayuemas Oval, Kuala Lumpur",Bahrain,field,T20,2024/25,Bahrain,0,0,0.5512820512820513,0.5373134328358209,0.8,1.0,0.4,0.6,0.6666666666666666,1.0,78,67,5,5,18,5,MEDIUM,MEDIUM,MEDIUM,MEDIUM
2025-03-11,Hong Kong,Bahrain,"Bayuemas Oval, Kuala Lumpur",Hong Kong,bat,T20,2024/25,Bahrain,0,1,0.4659090909090909,0.5441176470588235,0.8,1.0,0.5,0.5,0.3333333333333333,1.0,88,68,2,2,6,6,LOW,LOW,MEDIUM,MEDIUM
2025-03-12,Hong Kong,Malaysia,"Bayuemas Oval, Kuala Lumpur",Hong Kong,bat,T20,2024/25,Hong Kong,1,1,0.4606741573033708,0.5443037974683544,0.6,0.6,0.4285714285714285,0.5714285714285714,0.2857142857142857,0.631578947368421,89,79,14,14,7,19,MEDIUM,MEDIUM,MEDIUM,MEDIUM
2025-03-13,Bahrain,Malaysia,"Bayuemas Oval, Kuala Lumpur",Malaysia,field,T20,2024/25,Bahrain,1,0,0.5507246376811594,0.5375,1.0,0.4,0.6666666666666666,0.3333333333333333,1.0,0.6,69,80,6,6,7,20,MEDIUM,MEDIUM,MEDIUM,HIGH
2025-03-15,Malaysia,Hong Kong,"Bayuemas Oval, Kuala Lumpur",Malaysia,bat,T20,2024/25,Hong Kong,0,1,0.5308641975308642,0.4666666666666667,0.4,0.6,0.5333333333333333,0.4666666666666667,0.5714285714285714,0.375,81,90,15,15,21,8,MEDIUM,MEDIUM,HIGH,MEDIUM
2025-03-16,Pakistan,New Zealand,"Hagley Oval, Christchurch",New Zealand,field,T20,2024/25,New Zealand,0,0,0.5948275862068966,0.5485436893203883,0.4,0.6,0.5476190476190477,0.4523809523809524,0.7142857142857143,0.5714285714285714,232,206,42,42,7,7,HIGH,HIGH,MEDIUM,MEDIUM
2025-03-17,Hong Kong,Bahrain,"Bayuemas Oval, Kuala Lumpur",Hong Kong,bat,T20,2024/25,Bahrain,0,1,0.4725274725274725,0.5571428571428572,0.6,1.0,0.3333333333333333,0.6666666666666666,0.4444444444444444,1.0,91,70,3,3,9,8,LOW,LOW,MEDIUM,MEDIUM
2025-03-18,Pakistan,New Zealand,"University Oval, Dunedin",New Zealand,field,T20,2024/25,New Zealand,0,0,0.592274678111588,0.5507246376811594,0.2,0.8,0.5348837209302325,0.4651162790697674,0.0,1.0,233,207,43,43,1,2,HIGH,HIGH,LOW,LOW
2025-03-19,Canada,Namibia,"Namibia Cricket Ground, Windhoek",Namibia,field,T20,2024/25,Namibia,0,0,0.5471698113207547,0.5857142857142857,0.6,0.0,0.5,0.5,0.5,0.5,53,70,0,0,0,0,LOW,LOW,LOW,LOW
2025-03-21,New Zealand,Pakistan,"Eden Park, Auckland",Pakistan,field,T20,2024/25,Pakistan,0,0,0.5528846153846154,0.5897435897435898,0.8,0.0,0.4772727272727273,0.5227272727272727,0.3333333333333333,0.0,208,234,44,44,3,1,HIGH,HIGH,LOW,LOW
2025-03-22,Canada,Namibia,"Namibia Cricket Ground, Windhoek",Canada,bat,T20,2024/25,Namibia,0,1,0.5370370370370371,0.5915492957746479,0.6,0.2,0.0,1.0,0.0,1.0,54,71,1,1,1,1,LOW,LOW,LOW,LOW
2025-03-23,New Zealand,Pakistan,"Bay Oval, Mount Maunganui",Pakistan,field,T20,2024/25,New Zealand,1,0,0.5502392344497608,0.5914893617021276,0.6,0.2,0.4666666666666667,0.5333333333333333,0.75,0.5,209,235,45,45,4,0,HIGH,HIGH,LOW,LOW
2025-03-23,Canada,Namibia,"Namibia Cricket Ground, Windhoek",Namibia,field,T20,2024/25,Namibia,0,0,0.5272727272727272,0.5972222222222222,0.4,0.4,0.0,1.0,0.0,1.0,55,72,2,2,2,2,LOW,LOW,LOW,LOW
2025-03-26,Pakistan,New Zealand,"Sky Stadium, Wellington",New Zealand,field,T20,2024/25,New Zealand,0,0,0.5889830508474576,0.5523809523809524,0.2,0.6,0.5217391304347826,0.4782608695652174,0.5,0.0,236,210,46,46,0,1,HIGH,HIGH,LOW,LOW
2025-04-07,Norway,Portugal,Santarem Cricket Ground,Portugal,field,T20,2025,Norway,1,0,0.4814814814814814,0.6818181818181818,0.8,0.4,0.5,0.5,0.5,1.0,27,22,0,0,0,3,LOW,LOW,LOW,LOW
2025-04-08,Norway,Portugal,Santarem Cricket Ground,Norway,bat,T20,2025,Portugal,0,1,0.5,0.6521739130434783,0.8,0.2,1.0,0.0,1.0,0.75,28,23,1,1,1,4,LOW,LOW,LOW,LOW
2025-04-09,Hong Kong,Kuwait,"Mission Road Ground, Mong Kok, Hong Kong",Kuwait,field,T20,2025,Kuwait,0,0,0.4673913043478261,0.6140350877192983,0.4,0.4,0.5,0.5,0.9090909090909092,0.25,92,57,6,6,11,4,MEDIUM,MEDIUM,MEDIUM,LOW
2025-04-09,Qatar,Nepal,"Mission Road Ground, Mong Kok, Hong Kong",Nepal,field,T20,2025,Nepal,0,0,0.5405405405405406,0.5882352941176471,0.2,0.8,0.5,0.5,0.5,0.3333333333333333,37,85,2,2,0,3,LOW,LOW,LOW,LOW
2025-04-09,Portugal,Norway,Santarem Cricket Ground,Portugal,bat,T20,2025,Portugal,1,1,0.6666666666666666,0.4827586206896552,0.4,0.6,0.5,0.5,0.8,0.5,24,29,2,2,5,2,LOW,LOW,MEDIUM,LOW
2025-04-10,Kuwait,Nepal,"Mission Road Ground, Mong Kok, Hong Kong",Nepal,field,T20,2025,Nepal,0,0,0.6206896551724138,0.5930232558139535,0.6,0.8,0.0,1.0,0.4,0.5,58,86,1,1,5,4,LOW,LOW,MEDIUM,LOW
2025-04-10,Hong Kong,Qatar,"Mission Road Ground, Mong Kok, Hong Kong",Qatar,field,T20,2025,Hong Kong,1,0,0.4623655913978494,0.5263157894736842,0.4,0.2,0.6666666666666666,0.3333333333333333,0.8333333333333334,0.0,93,38,3,3,12,1,LOW,LOW,MEDIUM,LOW
2025-04-12,Qatar,Kuwait,"Mission Road Ground, Mong Kok, Hong Kong",Kuwait,field,T20,2025,Kuwait,0,0,0.5128205128205128,0.6101694915254238,0.2,0.6,0.3333333333333333,0.6666666666666666,0.0,0.3333333333333333,39,59,6,6,2,6,MEDIUM,MEDIUM,LOW,MEDIUM
2025-04-13,Hong Kong,Qatar,"Mission Road Ground, Mong Kok, Hong Kong",Qatar,field,T20,2025,Hong Kong,1,0,0.4680851063829787,0.5,0.6,0.2,0.75,0.25,0.8461538461538461,0.0,94,40,4,4,13,3,LOW,LOW,MEDIUM,LOW
2025-04-13,Kuwait,Nepal,"Mission Road Ground, Mong Kok, Hong Kong",Nepal,field,T20,2025,Kuwait,1,0,0.6166666666666667,0.5977011494252874,0.6,1.0,0.0,1.0,0.4285714285714285,0.6,60,87,2,2,7,5,LOW,LOW,MEDIUM,MEDIUM
2025-04-17,Mexico,Costa Rica,"Clayton Panama, Panama City",Costa Rica,field,T20,2025,Mexico,1,0,0.4,0.25,0.2,0.25,0.75,0.25,0.5,0.5,15,4,4,4,0,0,LOW,LOW,LOW,LOW
2025-04-17,Panama,Turks and Caicos Island,"Clayton Panama, Panama City",Panama,bat,T20,2025,Panama,1,1,0.2105263157894736,0.5,0.2,0.5,0.5,0.5,0.5,0.5,19,0,0,0,0,0,LOW,LOW,LOW,LOW
2025-04-18,Costa Rica,Panama,"Clayton Panama, Panama City",Costa Rica,bat,T20,2025,Panama,0,1,0.2,0.25,0.2,0.4,0.5,0.5,0.0,1.0,5,20,0,0,1,1,LOW,LOW,LOW,LOW
2025-04-18,Turks and Caicos Island,Mexico,"Clayton Panama, Panama City",Turks and Caicos Island,bat,T20,2025,Mexico,0,1,0.0,0.4375,0.0,0.4,0.5,0.5,0.0,1.0,1,16,0,0,1,1,LOW,LOW,LOW,LOW
2025-04-19,Costa Rica,Turks and Caicos Island,"Clayton Panama, Panama City",Costa Rica,bat,T20,2025,Turks and Caicos Island,0,1,0.1666666666666666,0.0,0.2,0.0,0.5,0.5,0.0,0.0,6,2,0,0,2,2,LOW,LOW,LOW,LOW
2025-04-19,Panama,Mexico,"Clayton Panama, Panama City",Panama,bat,T20,2025,Panama,1,1,0.2857142857142857,0.4705882352941176,0.6,0.4,1.0,0.0,1.0,1.0,21,17,1,1,2,2,LOW,LOW,LOW,LOW
2025-04-19,Bermuda,Canada,"Jimmy Powell Oval, Cayman Islands",Bermuda,bat,T20,2025,Canada,0,1,0.7272727272727273,0.5178571428571429,1.0,0.4,0.5,0.5,0.5,0.5,33,56,2,2,0,0,LOW,LOW,LOW,LOW
2025-04-19,United States of America,Cayman Islands,"Jimmy Powell Oval, Cayman Islands",United States of America,bat,T20,2025,United States of America,1,1,0.5476190476190477,0.4545454545454545,0.6,0.8,1.0,0.0,0.5,0.5,42,22,2,2,0,0,LOW,LOW,LOW,LOW
2025-04-20,United States of America,Bahamas,"Jimmy Powell Oval, Cayman Islands",United States of America,bat,T20,2025,United States of America,1,1,0.5581395348837209,0.5,0.8,0.6,1.0,0.0,1.0,0.5,43,16,1,1,1,0,LOW,LOW,LOW,LOW
2025-04-20,Bermuda,Cayman Islands,"Jimmy Powell Oval, Cayman Islands",Bermuda,bat,T20,2025,Bermuda,1,1,0.7058823529411765,0.4347826086956521,0.8,0.6,1.0,0.0,0.0,0.0,34,23,5,5,1,1,MEDIUM,MEDIUM,LOW,LOW
2025-04-20,Turks and Caicos Island,Costa Rica,"Clayton Panama, Panama City",Turks and Caicos Island,bat,T20,2025,Costa Rica,0,1,0.3333333333333333,0.1428571428571428,0.3333333333333333,0.2,1.0,0.0,0.3333333333333333,0.0,3,7,1,1,3,3,LOW,LOW,LOW,LOW
2025-04-21,Bahamas,Canada,"Jimmy Powell Oval, Cayman Islands",Bahamas,bat,T20,2025,Canada,0,1,0.4705882352941176,0.5263157894736842,0.4,0.4,0.5,0.5,0.0,1.0,17,57,0,0,1,1,LOW,LOW,LOW,LOW
2025-04-21,Bermuda,United States of America,"Jimmy Powell Oval, Cayman Islands",Bermuda,bat,T20,2025,United States of America,0,1,0.7142857142857143,0.5681818181818182,0.8,1.0,0.6666666666666666,0.3333333333333333,0.5,1.0,35,44,3,3,2,2,LOW,LOW,LOW,LOW
2025-04-23,Canada,Cayman Islands,"Jimmy Powell Oval, Cayman Islands",Cayman Islands,field,T20,2025,Canada,1,0,0.5344827586206896,0.4166666666666667,0.4,0.4,1.0,0.0,1.0,0.0,58,24,4,4,2,2,LOW,LOW,LOW,LOW
2025-04-23,Bahamas,Bermuda,"Jimmy Powell Oval, Cayman Islands",Bahamas,bat,T20,2025,Bermuda,0,1,0.4444444444444444,0.6944444444444444,0.4,0.6,0.0,1.0,0.0,0.3333333333333333,18,36,3,3,2,3,LOW,LOW,LOW,LOW
2025-04-24,Canada,United States of America,"Jimmy Powell Oval, Cayman Islands",Canada,bat,T20,2025,Canada,1,1,0.5423728813559322,0.5777777777777777,0.6,1.0,0.25,0.75,1.0,1.0,59,45,8,8,3,3,MEDIUM,MEDIUM,LOW,LOW
2025-04-24,Malaysia,Singapore,"Bayuemas Oval, Kuala Lumpur",Malaysia,bat,T20,2025,Malaysia,1,1,0.524390243902439,0.36,0.2,0.4,0.6666666666666666,0.3333333333333333,0.5454545454545454,0.6666666666666666,82,50,9,9,22,3,MEDIUM,MEDIUM,HIGH,LOW
2025-04-24,Cayman Islands,Bahamas,"Jimmy Powell Oval, Cayman Islands",Cayman Islands,bat,T20,2025,Cayman Islands,1,1,0.4,0.4210526315789473,0.2,0.2,1.0,0.0,0.0,0.0,25,19,2,2,3,3,LOW,LOW,LOW,LOW
2025-04-24,Saudi Arabia,Thailand,"Bayuemas Oval, Kuala Lumpur",Saudi Arabia,bat,T20,2025,Saudi Arabia,1,1,0.5263157894736842,0.475,0.6,0.6,1.0,0.0,0.5,0.75,38,40,3,3,0,4,LOW,LOW,LOW,LOW
2025-04-25,Thailand,Malaysia,"Bayuemas Oval, Kuala Lumpur",Malaysia,field,T20,2025,Malaysia,0,0,0.4634146341463415,0.5301204819277109,0.4,0.2,0.0,1.0,0.6,0.5652173913043478,41,83,6,6,5,23,MEDIUM,MEDIUM,MEDIUM,HIGH
2025-04-25,Saudi Arabia,Singapore,"Bayuemas Oval, Kuala Lumpur",Saudi Arabia,bat,T20,2025,Saudi Arabia,1,1,0.5384615384615384,0.3529411764705882,0.8,0.2,0.5,0.5,1.0,0.5,39,51,0,0,1,4,LOW,LOW,LOW,LOW
2025-04-26,Bermuda,United States of America,"Jimmy Powell Oval, Cayman Islands",Bermuda,bat,T20,2025,United States of America,0,1,0.7027027027027027,0.5652173913043478,0.6,0.8,0.5,0.5,0.5,0.75,37,46,4,4,4,4,LOW,LOW,LOW,LOW
2025-04-26,Cayman Islands,Canada,"Jimmy Powell Oval, Cayman Islands",Cayman Islands,bat,T20,2025,Canada,0,1,0.4230769230769231,0.55,0.2,0.8,0.0,1.0,0.25,1.0,26,60,5,5,4,4,MEDIUM,MEDIUM,LOW,LOW
2025-04-26,Saudi Arabia,Malaysia,"Bayuemas Oval, Kuala Lumpur",Saudi Arabia,bat,T20,2025,Malaysia,0,1,0.55,0.5357142857142857,0.8,0.4,0.0,1.0,1.0,0.5833333333333334,40,84,1,1,2,24,LOW,LOW,LOW,HIGH
2025-04-26,Singapore,Thailand,"Bayuemas Oval, Kuala Lumpur",Singapore,bat,T20,2025,Singapore,1,1,0.3461538461538461,0.4523809523809524,0.0,0.2,0.5,0.5,0.4,0.5,52,42,2,2,5,6,LOW,LOW,MEDIUM,MEDIUM
2025-04-27,Canada,United States of America,"Jimmy Powell Oval, Cayman Islands",Canada,bat,T20,2025,United States of America,0,1,0.5573770491803278,0.574468085106383,1.0,0.8,0.3333333333333333,0.6666666666666666,1.0,0.8,61,47,9,9,5,5,MEDIUM,MEDIUM,MEDIUM,MEDIUM
2025-04-28,Saudi Arabia,Thailand,"Bayuemas Oval, Kuala Lumpur",Thailand,field,T20,2025,Saudi Arabia,1,0,0.5365853658536586,0.4418604651162791,0.8,0.2,1.0,0.0,0.6666666666666666,0.4285714285714285,41,43,4,4,3,7,LOW,LOW,LOW,MEDIUM
2025-04-29,Malaysia,Thailand,"Bayuemas Oval, Kuala Lumpur",Thailand,field,T20,2025,Malaysia,1,0,0.5411764705882353,0.4318181818181818,0.6,0.0,1.0,0.0,0.6,0.375,85,44,7,7,25,8,MEDIUM,MEDIUM,HIGH,MEDIUM
2025-04-29,Singapore,Saudi Arabia,"Bayuemas Oval, Kuala Lumpur",Singapore,bat,T20,2025,Saudi Arabia,0,1,0.3584905660377358,0.5476190476190477,0.2,0.8,0.0,1.0,0.5,0.75,53,42,1,1,6,4,LOW,LOW,MEDIUM,LOW
2025-04-30,Malaysia,Saudi Arabia,"Bayuemas Oval, Kuala Lumpur",Saudi Arabia,field,T20,2025,Saudi Arabia,0,0,0.5465116279069767,0.5581395348837209,0.8,0.8,1.0,0.0,0.6153846153846154,0.8,86,43,2,2,26,5,LOW,LOW,HIGH,MEDIUM
2025-05-02,Singapore,Thailand,"Bayuemas Oval, Kuala Lumpur",Singapore,bat,T20,2025,Singapore,1,1,0.3518518518518518,0.4222222222222222,0.2,0.0,0.6666666666666666,0.3333333333333333,0.4285714285714285,0.3333333333333333,54,45,3,3,7,9,LOW,LOW,MEDIUM,MEDIUM
2025-05-02,Malaysia,Saudi Arabia,"Bayuemas Oval, Kuala Lumpur",Malaysia,bat,T20,2025,Malaysia,1,1,0.5402298850574713,0.5681818181818182,0.8,0.8,0.6666666666666666,0.3333333333333333,0.5925925925925926,0.8333333333333334,87,44,3,3,27,6,LOW,LOW,HIGH,MEDIUM
2025-05-06,Malta,Estonia,Marsa Sports Club,Estonia,field,T20,2025,Malta,1,0,0.4107142857142857,0.4285714285714285,0.0,0.8,0.0,1.0,0.5,0.5,56,21,1,1,28,0,LOW,LOW,HIGH,LOW
2025-05-06,Malta,Estonia,Marsa Sports Club,Estonia,field,T20,2025,Estonia,0,0,0.4210526315789473,0.4090909090909091,0.2,0.6,0.5,0.5,0.5172413793103449,0.0,57,22,2,2,29,1,LOW,LOW,HIGH,LOW
2025-05-07,Thailand,Cook Islands,Sano International Cricket Ground,Thailand,bat,T20,2025,Cook Islands,0,1,0.4130434782608695,0.6363636363636364,0.0,0.6,0.5,0.5,0.5,0.5,46,11,0,0,0,0,LOW,LOW,LOW,LOW
2025-05-07,Malta,Estonia,Marsa Sports Club,Estonia,field,T20,2025,Malta,1,0,0.4137931034482758,0.4347826086956521,0.2,0.6,0.3333333333333333,0.6666666666666666,0.5,0.5,58,23,3,3,30,2,LOW,LOW,HIGH,LOW
2025-05-08,Japan,Thailand,Sano International Cricket Ground,Japan,bat,T20,2025,Japan,1,1,0.6857142857142857,0.4042553191489361,1.0,0.0,1.0,0.0,0.8181818181818182,0.0,35,47,1,1,11,1,LOW,LOW,MEDIUM,LOW
2025-05-09,Cook Islands,Thailand,Sano International Cricket Ground,Thailand,field,T20,2025,Thailand,0,0,0.6666666666666666,0.3958333333333333,0.6,0.0,1.0,0.0,1.0,0.0,12,48,1,1,1,2,LOW,LOW,LOW,LOW
2025-05-09,Japan,Cook Islands,Sano International Cricket Ground,Cook Islands,field,T20,2025,Japan,1,0,0.6944444444444444,0.6153846153846154,1.0,0.6,0.5,0.5,0.8333333333333334,0.5,36,13,0,0,12,2,LOW,LOW,MEDIUM,LOW
2025-05-11,Japan,Thailand,Sano International Cricket Ground,Japan,bat,T20,2025,Thailand,0,1,0.7027027027027027,0.4081632653061224,1.0,0.2,1.0,0.0,0.8461538461538461,0.3333333333333333,37,49,2,2,13,3,LOW,LOW,MEDIUM,LOW
2025-05-13,Cook Islands,Japan,Sano International Cricket Ground,Cook Islands,bat,T20,2025,Japan,0,1,0.5714285714285714,0.6842105263157895,0.4,0.8,0.0,1.0,0.3333333333333333,0.7857142857142857,14,38,1,1,3,14,LOW,LOW,LOW,MEDIUM
2025-05-14,Japan,Cook Islands,Sano International Cricket Ground,Cook Islands,field,T20,2025,Japan,1,0,0.6923076923076923,0.5333333333333333,0.8,0.2,1.0,0.0,0.8,0.25,39,15,2,2,15,4,LOW,LOW,MEDIUM,LOW
2025-05-17,Bangladesh,United Arab Emirates,Sharjah Cricket Stadium,United Arab Emirates,field,T20,2025,Bangladesh,1,0,0.3888888888888889,0.5773195876288659,0.6,0.8,1.0,0.0,0.0,0.5,162,97,3,3,2,0,LOW,LOW,LOW,LOW
2025-05-17,Austria,Slovenia,"Velden Cricket Ground, Latschach",Slovenia,field,T20,2025,Austria,1,0,0.6129032258064516,0.1428571428571428,0.8,0.2,1.0,0.0,0.5,0.5,31,7,1,1,0,0,LOW,LOW,LOW,LOW
2025-05-18,Slovenia,Austria,"Ballpark Ground, Graz",Slovenia,bat,T20,2025,Austria,0,1,0.125,0.625,0.2,0.8,0.0,1.0,0.5,0.5,8,32,2,2,0,0,LOW,LOW,LOW,LOW
2025-05-18,Austria,Slovenia,"Ballpark Ground, Graz",Austria,bat,T20,2025,Austria,1,1,0.6363636363636364,0.1111111111111111,0.8,0.2,1.0,0.0,1.0,0.0,33,9,3,3,1,1,LOW,LOW,LOW,LOW
2025-05-19,Bangladesh,United Arab Emirates,Sharjah Cricket Stadium,United Arab Emirates,field,T20,2025,United Arab Emirates,0,0,0.3926380368098159,0.5714285714285714,0.8,0.6,1.0,0.0,0.3333333333333333,0.0,163,98,4,4,3,1,LOW,LOW,LOW,LOW
2025-05-21,Bangladesh,United Arab Emirates,Sharjah Cricket Stadium,United Arab Emirates,field,T20,2025,United Arab Emirates,0,0,0.3902439024390244,0.5757575757575758,0.8,0.6,0.8,0.2,0.25,0.5,164,99,5,5,4,2,MEDIUM,MEDIUM,LOW,LOW
2025-05-28,Pakistan,Bangladesh,"Gaddafi Stadium, Lahore",Pakistan,bat,T20,2025,Pakistan,1,1,0.5864978902953587,0.3878787878787879,0.2,0.6,0.8421052631578947,0.1578947368421052,0.4444444444444444,0.5,237,165,19,19,9,0,MEDIUM,MEDIUM,MEDIUM,LOW
2025-05-30,Malta,Belgium,"Stars Arena Hofstade, Zemst",Malta,bat,T20,2025,Belgium,0,1,0.423728813559322,0.6521739130434783,0.4,0.6,0.2857142857142857,0.7142857142857143,0.5,0.5,59,23,7,7,0,0,MEDIUM,MEDIUM,LOW,LOW
2025-05-30,Belgium,Portugal,"Stars Arena Hofstade, Zemst",Belgium,bat,T20,2025,Portugal,0,1,0.6666666666666666,0.68,0.6,0.6,0.0,1.0,1.0,0.5,24,25,1,1,1,0,LOW,LOW,LOW,LOW
2025-05-30,Austria,Switzerland,"Velden Cricket Ground, Latschach",Austria,bat,T20,2025,Austria,1,1,0.6470588235294118,0.6666666666666666,0.8,0.6,0.5,0.5,1.0,0.5,34,18,0,0,1,0,LOW,LOW,LOW,LOW
2025-05-30,Pakistan,Bangladesh,"Gaddafi Stadium, Lahore",Pakistan,bat,T20,2025,Pakistan,1,1,0.5882352941176471,0.3855421686746988,0.4,0.4,0.85,0.15,0.5,0.0,238,166,20,20,10,1,HIGH,HIGH,MEDIUM,LOW
2025-05-30,Malta,Portugal,"Stars Arena Hofstade, Zemst",Portugal,field,T20,2025,Portugal,0,0,0.4166666666666667,0.6923076923076923,0.4,0.8,0.0,1.0,0.0,1.0,60,26,4,4,1,1,LOW,LOW,LOW,LOW
2025-05-31,Austria,Switzerland,"Velden Cricket Ground, Latschach",Switzerland,field,T20,2025,Austria,1,0,0.6571428571428571,0.631578947368421,0.8,0.4,1.0,0.0,1.0,0.0,35,19,1,1,2,1,LOW,LOW,LOW,LOW
2025-05-31,Austria,Switzerland,"Velden Cricket Ground, Latschach",Austria,bat,T20,2025,Switzerland,0,1,0.6666666666666666,0.6,1.0,0.4,1.0,0.0,1.0,0.0,36,20,2,2,3,2,LOW,LOW,LOW,LOW
2025-05-31,Belgium,Malta,"Stars Arena Hofstade, Zemst",Malta,field,T20,2025,Belgium,1,0,0.64,0.4098360655737705,0.4,0.4,0.75,0.25,0.5,0.0,25,61,8,8,2,2,MEDIUM,MEDIUM,LOW,LOW
2025-05-31,Malta,Portugal,"Stars Arena Hofstade, Zemst",Malta,bat,T20,2025,Portugal,0,1,0.4032258064516129,0.7037037037037037,0.2,0.8,0.0,1.0,0.0,1.0,62,27,5,5,3,2,MEDIUM,MEDIUM,LOW,LOW
2025-05-31,Belgium,Portugal,"Stars Arena Hofstade, Zemst",Belgium,bat,T20,2025,Portugal,0,1,0.6538461538461539,0.7142857142857143,0.6,1.0,0.0,1.0,0.6666666666666666,1.0,26,28,2,2,3,3,LOW,LOW,LOW,LOW
2025-06-01,Bangladesh,Pakistan,"Gaddafi Stadium, Lahore",Pakistan,field,T20,2025,Pakistan,0,0,0.3832335329341317,0.5899581589958159,0.2,0.6,0.1428571428571428,0.8571428571428571,0.0,0.5454545454545454,167,239,21,21,2,11,HIGH,HIGH,LOW,MEDIUM
2025-06-01,Belgium,Portugal,"Stars Arena Hofstade, Zemst",Portugal,field,T20,2025,Belgium,1,0,0.6296296296296297,0.7241379310344828,0.6,1.0,0.0,1.0,0.5,1.0,27,29,3,3,4,4,LOW,LOW,LOW,LOW
2025-06-01,Austria,Switzerland,"Velden Cricket Ground, Latschach",Austria,bat,T20,2025,Austria,1,1,0.6486486486486487,0.6190476190476191,0.8,0.6,0.6666666666666666,0.3333333333333333,0.75,0.3333333333333333,37,21,3,3,4,3,LOW,LOW,LOW,LOW
2025-06-06,Jersey,Guernsey,"Grainville, St Saviour",Guernsey,field,T20,2025,Guernsey,0,0,0.6578947368421053,0.6153846153846154,0.8,0.8,0.75,0.25,0.5,0.5,38,26,4,4,0,0,LOW,LOW,LOW,LOW
2025-06-06,England,West Indies,"Riverside Ground, Chester-le-Street",England,bat,T20,2025,England,1,1,0.5340314136125655,0.4536082474226804,0.2,0.2,0.4705882352941176,0.5294117647058824,1.0,0.5,191,194,34,34,1,0,HIGH,HIGH,LOW,LOW
2025-06-07,Slovenia,Serbia,Lisicji Jarak Cricket Ground,Slovenia,bat,T20,2025,Serbia,0,1,0.1,0.2692307692307692,0.2,0.0,0.5,0.5,0.5,0.6666666666666666,10,26,0,0,0,3,LOW,LOW,LOW,LOW
2025-06-07,Jersey,Guernsey,"Grainville, St Saviour",Jersey,bat,T20,2025,Jersey,1,1,0.6410256410256411,0.6296296296296297,0.8,0.8,0.6,0.4,0.0,1.0,39,27,5,5,1,1,MEDIUM,MEDIUM,LOW,LOW
2025-06-07,Guernsey,Jersey,"Grainville, St Saviour",Jersey,field,T20,2025,Jersey,0,0,0.6071428571428571,0.65,0.6,0.8,0.3333333333333333,0.6666666666666666,0.5,0.5,28,40,6,6,2,2,MEDIUM,MEDIUM,LOW,LOW
2025-06-08,West Indies,England,"County Ground, Bristol",England,field,T20,2025,England,0,0,0.4512820512820513,0.5364583333333334,0.2,0.4,0.5142857142857142,0.4857142857142857,0.5,1.0,195,192,35,35,0,1,HIGH,HIGH,LOW,LOW
2025-06-08,Czech Republic,Austria,"Scott Page Field, Vinor",Austria,field,T20,2025,Austria,0,0,0.5185185185185185,0.6578947368421053,0.4,0.8,0.25,0.75,0.5555555555555556,0.7142857142857143,27,38,4,4,9,7,LOW,LOW,MEDIUM,MEDIUM
2025-06-08,Serbia,Slovenia,Lisicji Jarak Cricket Ground,Slovenia,field,T20,2025,Serbia,1,0,0.2962962962962963,0.0909090909090909,0.2,0.0,1.0,0.0,0.75,0.0,27,11,1,1,4,1,LOW,LOW,LOW,LOW
2025-06-08,Norway,Czech Republic,"Scott Page Field, Vinor",Norway,bat,T20,2025,Norway,1,1,0.4666666666666667,0.5,0.4,0.4,0.5,0.5,0.5,0.5,30,28,0,0,0,10,LOW,LOW,LOW,MEDIUM
2025-06-09,Austria,Czech Republic,"Scott Page Field, Vinor",Austria,bat,T20,2025,Austria,1,1,0.65,0.4827586206896552,0.6,0.4,0.8,0.2,0.6666666666666666,0.4545454545454545,39,29,5,5,8,11,MEDIUM,MEDIUM,MEDIUM,MEDIUM
2025-06-09,Norway,Austria,"Scott Page Field, Vinor",Norway,bat,T20,2025,Norway,1,1,0.4838709677419355,0.6666666666666666,0.4,0.8,0.0,1.0,1.0,0.75,31,40,1,1,1,9,LOW,LOW,LOW,MEDIUM
2025-06-10,Norway,Austria,"Scott Page Field, Vinor",Norway,bat,T20,2025,Austria,0,1,0.5,0.6585365853658537,0.6,0.6,0.5,0.5,1.0,0.7,32,41,2,2,2,10,LOW,LOW,LOW,MEDIUM
2025-06-10,Norway,Czech Republic,"Scott Page Field, Vinor",Czech Republic,field,T20,2025,Norway,1,0,0.4848484848484848,0.4666666666666667,0.4,0.2,1.0,0.0,0.6666666666666666,0.4166666666666667,33,30,1,1,3,12,LOW,LOW,LOW,MEDIUM
2025-06-10,England,West Indies,"The Rose Bowl, Southampton",West Indies,field,T20,2025,England,1,0,0.538860103626943,0.4489795918367347,0.6,0.0,0.5,0.5,0.25,0.5,193,196,36,36,4,0,HIGH,HIGH,LOW,LOW
2025-06-11,Indonesia,Cambodia,Udayana Cricket Ground,Cambodia,field,T20,2025,Cambodia,0,0,0.4693877551020408,0.3333333333333333,0.2,0.2,0.5714285714285714,0.4285714285714285,0.5555555555555556,0.3333333333333333,49,21,7,7,27,6,MEDIUM,MEDIUM,HIGH,MEDIUM
2025-06-12,Indonesia,Cambodia,Udayana Cricket Ground,Cambodia,field,T20,2025,Cambodia,0,0,0.46,0.3636363636363636,0.2,0.4,0.5,0.5,0.5357142857142857,0.4285714285714285,50,22,8,8,28,7,MEDIUM,MEDIUM,HIGH,MEDIUM
2025-06-12,Indonesia,Cambodia,Udayana Cricket Ground,Indonesia,bat,T20,2025,Cambodia,0,1,0.4509803921568627,0.391304347826087,0.2,0.6,0.4444444444444444,0.5555555555555556,0.5172413793103449,0.5,51,23,9,9,29,8,MEDIUM,MEDIUM,HIGH,MEDIUM
2025-06-12,Canada,Bahamas,"Maple Leaf North-East Ground, King City",Canada,bat,T20,2025,Canada,1,1,0.5483870967741935,0.4,0.8,0.2,1.0,0.0,0.5,0.5,62,20,1,1,0,0,LOW,LOW,LOW,LOW
2025-06-12,Bermuda,Cayman Islands,"Maple Leaf North-East Ground, King City",Bermuda,bat,T20,2025,Bermuda,1,1,0.6842105263157895,0.4074074074074074,0.4,0.2,1.0,0.0,0.5,0.5,38,27,6,6,0,0,MEDIUM,MEDIUM,LOW,LOW
2025-06-13,Bermuda,Bahamas,"Maple Leaf North-East Ground, King City",Bermuda,bat,T20,2025,Bermuda,1,1,0.6923076923076923,0.3809523809523809,0.6,0.0,1.0,0.0,1.0,0.0,39,21,4,4,1,1,LOW,LOW,LOW,LOW
2025-06-13,Canada,Cayman Islands,"Maple Leaf North-East Ground, King City",Canada,bat,T20,2025,Canada,1,1,0.5555555555555556,0.3928571428571428,0.8,0.2,1.0,0.0,1.0,0.0,63,28,6,6,1,1,MEDIUM,MEDIUM,LOW,LOW
2025-06-13,Denmark,Finland,"Ishoj Cricket Club, Vejledalen",Finland,field,T20,2025,Denmark,1,0,0.4166666666666667,0.4347826086956521,0.6,0.6,0.8,0.2,0.5,0.5,36,23,5,5,0,0,MEDIUM,MEDIUM,LOW,LOW
2025-06-14,Denmark,Sweden,Koge Cricket Club,Denmark,bat,T20,2025,Denmark,1,1,0.4210526315789473,0.4761904761904761,0.6,0.6,0.3333333333333333,0.6666666666666666,0.0,0.5,37,20,3,3,0,0,LOW,LOW,LOW,LOW
2025-06-14,Denmark,Norway,Koge Cricket Club,Denmark,bat,T20,2025,Norway,0,1,0.4324324324324324,0.5,0.8,0.6,1.0,0.0,0.5,0.5,38,34,2,2,1,0,LOW,LOW,LOW,LOW
2025-06-14,Finland,Norway,"Ishoj Cricket Club, Vejledalen",Finland,bat,T20,2025,Finland,1,1,0.4,0.5142857142857142,0.4,0.8,0.0,1.0,0.0,0.5,24,35,4,4,1,0,LOW,LOW,LOW,LOW
2025-06-14,Cambodia,Indonesia,Udayana Cricket Ground,Indonesia,field,T20,2025,Indonesia,0,0,0.4166666666666667,0.4423076923076923,0.8,0.0,0.6,0.4,0.5555555555555556,0.5,24,52,10,10,9,30,MEDIUM,MEDIUM,MEDIUM,HIGH
2025-06-14,Sweden,Finland,"Ishoj Cricket Club, Vejledalen",Finland,field,T20,2025,Sweden,1,0,0.45,0.4166666666666667,0.6,0.4,0.4,0.6,0.5,0.0,21,25,5,5,0,2,MEDIUM,MEDIUM,LOW,LOW
2025-06-15,Indonesia,Cambodia,Udayana Cricket Ground,Cambodia,field,T20,2025,Cambodia,0,0,0.4528301886792453,0.4,0.2,0.8,0.4545454545454545,0.5454545454545454,0.5161290322580645,0.5,53,25,11,11,31,10,MEDIUM,MEDIUM,HIGH,MEDIUM
2025-06-15,West Indies,Ireland,"Bready Cricket Club, Magheramason, Bready",Ireland,field,T20,2025,West Indies,1,0,0.4467005076142132,0.4692307692307692,0.0,0.2,0.5,0.5,0.5,0.6666666666666666,197,130,6,6,0,3,MEDIUM,MEDIUM,LOW,LOW
2025-06-15,Cayman Islands,Bahamas,"Maple Leaf North-West Ground, King City",Bahamas,field,T20,2025,Cayman Islands,1,0,0.3793103448275862,0.3636363636363636,0.2,0.0,1.0,0.0,0.5,0.5,29,22,3,3,0,0,LOW,LOW,LOW,LOW
2025-06-15,Canada,Bermuda,"Maple Leaf North-West Ground, King City",Bermuda,field,T20,2025,Canada,1,0,0.5625,0.7,0.8,0.6,0.6666666666666666,0.3333333333333333,0.75,0.5,64,40,3,3,4,0,LOW,LOW,LOW,LOW
2025-06-15,Finland,Norway,"Ishoj Cricket Club, Vejledalen",Finland,bat,T20,2025,Finland,1,1,0.4230769230769231,0.5,0.4,0.6,0.2,0.8,0.3333333333333333,0.0,26,36,5,5,3,1,MEDIUM,MEDIUM,LOW,LOW
2025-06-15,Sweden,Norway,"Ishoj Cricket Club, Vejledalen",Sweden,bat,T20,2025,Norway,0,1,0.4545454545454545,0.4864864864864865,0.6,0.4,0.0,1.0,1.0,0.0,22,37,1,1,1,2,LOW,LOW,LOW,LOW
2025-06-15,Scotland,Netherlands,"Titwood, Glasgow",Netherlands,field,T20,2025,Scotland,1,0,0.5,0.5353535353535354,0.2,0.6,0.5384615384615384,0.4615384615384615,0.5,0.5,78,99,13,13,0,0,MEDIUM,MEDIUM,LOW,LOW
2025-06-15,Indonesia,Cambodia,Udayana Cricket Ground,Indonesia,bat,T20,2025,Cambodia,0,1,0.4444444444444444,0.4230769230769231,0.2,0.8,0.4166666666666667,0.5833333333333334,0.5,0.5454545454545454,54,26,12,12,32,11,MEDIUM,MEDIUM,HIGH,MEDIUM
2025-06-16,Bahamas,Bermuda,"Maple Leaf North-West Ground, King City",Bahamas,bat,T20,2025,Bermuda,0,1,0.3478260869565217,0.6829268292682927,0.0,0.6,0.0,1.0,0.0,0.0,23,41,5,5,1,1,MEDIUM,MEDIUM,LOW,LOW
2025-06-16,Canada,Cayman Islands,"Maple Leaf North-West Ground, King City",Cayman Islands,field,T20,2025,Canada,1,0,0.5692307692307692,0.4,0.8,0.4,1.0,0.0,0.8,1.0,65,30,7,7,5,1,MEDIUM,MEDIUM,MEDIUM,LOW
2025-06-16,Cambodia,Indonesia,Udayana Cricket Ground,Indonesia,field,T20,2025,Indonesia,0,0,0.4444444444444444,0.4363636363636363,0.8,0.2,0.6153846153846154,0.3846153846153846,0.5833333333333334,0.4848484848484848,27,55,13,13,12,33,MEDIUM,MEDIUM,MEDIUM,HIGH
2025-06-17,Scotland,Nepal,"Titwood, Glasgow",Nepal,field,T20,2025,Nepal,0,0,0.5063291139240507,0.5909090909090909,0.2,0.8,0.5,0.5,1.0,0.5,79,88,0,0,1,0,LOW,LOW,LOW,LOW
2025-06-18,Netherlands,Scotland,"Titwood, Glasgow",Scotland,field,T20,2025,Netherlands,1,0,0.53,0.5,0.6,0.2,0.4285714285714285,0.5714285714285714,0.0,0.5,100,80,14,14,1,2,MEDIUM,MEDIUM,LOW,LOW
2025-06-18,Bahamas,Canada,"Maple Leaf North-West Ground, King City",Canada,field,T20,2025,Canada,0,0,0.3333333333333333,0.5757575757575758,0.0,0.8,0.0,1.0,0.0,0.8333333333333334,24,66,2,2,2,6,LOW,LOW,LOW,MEDIUM
2025-06-18,Cayman Islands,Bermuda,"Maple Leaf North-West Ground, King City",Bermuda,field,T20,2025,Bermuda,0,0,0.3870967741935484,0.6904761904761905,0.2,0.6,0.0,1.0,0.5,0.5,31,42,7,7,2,2,MEDIUM,MEDIUM,LOW,LOW
2025-06-19,Bermuda,Bahamas,"Maple Leaf North-West Ground, King City",Bahamas,field,T20,2025,Bermuda,1,0,0.6976744186046512,0.32,0.8,0.0,1.0,0.0,0.6666666666666666,0.0,43,25,6,6,3,3,MEDIUM,MEDIUM,LOW,LOW
2025-06-19,Netherlands,Nepal,"Titwood, Glasgow",Nepal,field,T20,2025,Nepal,0,0,0.5346534653465347,0.5955056179775281,0.6,0.8,0.6,0.4,0.5,1.0,101,89,10,10,2,1,MEDIUM,MEDIUM,LOW,LOW
2025-06-19,Canada,Cayman Islands,"Maple Leaf North-West Ground, King City",Cayman Islands,field,T20,2025,Canada,1,0,0.582089552238806,0.375,1.0,0.2,1.0,0.0,0.8571428571428571,0.3333333333333333,67,32,8,8,7,3,MEDIUM,MEDIUM,MEDIUM,LOW
2025-06-20,Scotland,Nepal,"Titwood, Glasgow",Scotland,bat,T20,2025,Scotland,1,1,0.4938271604938271,0.6,0.2,0.8,0.0,1.0,0.3333333333333333,1.0,81,90,1,1,3,2,LOW,LOW,LOW,LOW
2025-06-21,Hungary,Slovenia,"GB Oval, Szodliget",Hungary,bat,T20,2025,Hungary,1,1,0.48,0.0769230769230769,0.8,0.0,1.0,0.0,1.0,0.0,24,12,0,0,2,0,LOW,LOW,LOW,LOW
2025-06-21,Switzerland,Luxembourg,Pierre Werner Cricket Ground,Luxembourg,field,T20,2025,Switzerland,1,0,0.6086956521739131,0.3529411764705882,0.4,0.2,0.6666666666666666,0.3333333333333333,1.0,0.0,22,33,2,2,0,2,LOW,LOW,LOW,LOW
2025-06-21,Hungary,Slovenia,"GB Oval, Szodliget",Hungary,bat,T20,2025,Hungary,1,1,0.4583333333333333,0.0833333333333333,0.6,0.0,0.5,0.5,1.0,0.5,25,13,1,1,3,1,LOW,LOW,LOW,LOW
2025-06-21,Bahamas,Canada,"Maple Leaf North-West Ground, King City",Canada,field,T20,2025,Canada,0,0,0.3076923076923077,0.5882352941176471,0.0,1.0,0.0,1.0,0.0,0.875,26,68,3,3,4,8,LOW,LOW,LOW,MEDIUM
2025-06-21,Bermuda,Cayman Islands,"Maple Leaf North-West Ground, King City",Cayman Islands,field,T20,2025,Cayman Islands,0,0,0.7045454545454546,0.3636363636363636,0.8,0.2,1.0,0.0,0.75,0.25,44,33,8,8,4,4,MEDIUM,MEDIUM,LOW,LOW
2025-06-21,Switzerland,Luxembourg,Pierre Werner Cricket Ground,Switzerland,bat,T20,2025,Switzerland,1,1,0.5909090909090909,0.3636363636363636,0.4,0.2,0.5,0.5,0.5,0.0,23,34,3,3,1,3,LOW,LOW,LOW,LOW
2025-06-22,Switzerland,Luxembourg,Pierre Werner Cricket Ground,Switzerland,bat,T20,2025,Luxembourg,0,1,0.625,0.3428571428571428,0.6,0.0,0.75,0.25,1.0,0.0,24,35,4,4,2,4,LOW,LOW,LOW,LOW
2025-06-22,Cayman Islands,Bahamas,"Maple Leaf North-West Ground, King City",Bahamas,field,T20,2025,Cayman Islands,1,0,0.3823529411764705,0.2962962962962963,0.4,0.0,1.0,0.0,0.4,0.0,34,27,4,4,5,5,LOW,LOW,MEDIUM,MEDIUM
2025-06-22,Slovenia,Hungary,"GB Oval, Szodliget",Slovenia,bat,T20,2025,Hungary,0,1,0.0714285714285714,0.5,0.0,0.8,0.0,1.0,0.0,1.0,14,26,2,2,2,4,LOW,LOW,LOW,LOW
2025-06-26,France,Malta,"Moara Vlasiei Cricket Ground, Ilfov County",France,bat,T20,2025,Malta,0,1,0.5384615384615384,0.3968253968253968,0.6,0.2,0.6666666666666666,0.3333333333333333,0.5,0.375,26,63,6,6,0,8,MEDIUM,MEDIUM,LOW,MEDIUM
2025-06-26,Belgium,Malta,"Moara Vlasiei Cricket Ground, Ilfov County",Malta,field,T20,2025,Belgium,1,0,0.6428571428571429,0.40625,0.6,0.2,0.7777777777777778,0.2222222222222222,0.5,0.4444444444444444,28,64,9,9,0,9,MEDIUM,MEDIUM,LOW,MEDIUM
2025-06-27,Belgium,France,"Moara Vlasiei Cricket Ground, Ilfov County",Belgium,bat,T20,2025,Belgium,1,1,0.6551724137931034,0.5185185185185185,0.6,0.4,0.5,0.5,1.0,0.0,29,27,2,2,1,1,LOW,LOW,LOW,LOW
2025-06-27,Hungary,Austria,"Moara Vlasiei Cricket Ground, Ilfov County",Austria,field,T20,2025,Austria,0,0,0.5185185185185185,0.6666666666666666,0.8,0.8,0.3333333333333333,0.6666666666666666,0.5,0.5,27,42,3,3,4,0,LOW,LOW,LOW,LOW
2025-06-27,Hungary,Romania,"Moara Vlasiei Cricket Ground, Ilfov County",Romania,field,T20,2025,Romania,0,0,0.5,0.65,0.8,0.8,0.3333333333333333,0.6666666666666666,0.4,0.75,28,40,3,3,5,12,LOW,LOW,MEDIUM,MEDIUM
2025-06-28,Belgium,Austria,"Moara Vlasiei Cricket Ground, Ilfov County",Austria,field,T20,2025,Austria,0,0,0.6666666666666666,0.6744186046511628,0.8,0.8,0.5,0.5,1.0,1.0,30,43,0,0,2,1,LOW,LOW,LOW,LOW
2025-06-28,Malta,Romania,"Moara Vlasiei Cricket Ground, Ilfov County",Romania,field,T20,2025,Malta,1,0,0.4,0.6585365853658537,0.2,0.8,0.4444444444444444,0.5555555555555556,0.4,0.7692307692307693,65,41,9,9,10,13,MEDIUM,MEDIUM,MEDIUM,MEDIUM
2025-06-29,Hungary,France,"Moara Vlasiei Cricket Ground, Ilfov County",France,field,T20,2025,Hungary,1,0,0.4827586206896552,0.5,0.6,0.4,0.5,0.5,0.3333333333333333,0.0,29,28,0,0,6,2,LOW,LOW,MEDIUM,LOW
2025-07-05,Jersey,Netherlands,"Sportpark Westvliet, Voorburg",Netherlands,field,T20,2025,Netherlands,0,0,0.6585365853658537,0.5294117647058824,0.8,0.6,0.5,0.5,0.5,0.5,41,102,0,0,0,0,LOW,LOW,LOW,LOW
2025-07-05,Malawi,Germany,"TCA Oval, Blantyre",Germany,field,T20,2025,Germany,0,0,0.5294117647058824,0.6,0.2,0.6,0.5,0.5,0.0,0.5,17,50,0,0,3,0,LOW,LOW,LOW,LOW
2025-07-05,Guernsey,Italy,"Sportpark Westvliet, Voorburg",Italy,field,T20,2025,Italy,0,0,0.5862068965517241,0.6428571428571429,0.6,1.0,0.0,1.0,0.5,0.5,29,28,1,1,0,0,LOW,LOW,LOW,LOW
2025-07-06,Philippines,Indonesia,Udayana Cricket Ground,Indonesia,field,T20,2025,Philippines,1,0,0.32,0.4464285714285714,0.6,0.4,0.5714285714285714,0.4285714285714285,0.6,0.5,25,56,7,7,5,34,MEDIUM,MEDIUM,MEDIUM,HIGH
2025-07-06,Bahrain,Germany,"TCA Oval, Blantyre",Bahrain,bat,T20,2025,Bahrain,1,1,0.5633802816901409,0.6078431372549019,1.0,0.8,1.0,0.0,0.5,1.0,71,51,1,1,0,1,LOW,LOW,LOW,LOW
2025-07-07,Tanzania,Germany,"TCA Oval, Blantyre",Tanzania,bat,T20,2025,Germany,0,1,0.5789473684210527,0.5961538461538461,0.8,0.6,0.5,0.5,0.5,0.5,57,52,0,0,0,2,LOW,LOW,LOW,LOW
2025-07-07,Indonesia,Philippines,Udayana Cricket Ground,Philippines,field,T20,2025,Indonesia,1,0,0.4385964912280701,0.3461538461538461,0.4,0.6,0.375,0.625,0.4857142857142857,0.6666666666666666,57,26,8,8,35,6,MEDIUM,MEDIUM,HIGH,MEDIUM
2025-07-07,South Korea,Philippines,Udayana Cricket Ground,Philippines,field,T20,2025,Philippines,0,0,0.0,0.3333333333333333,0.0,0.4,0.0,1.0,0.5,0.5714285714285714,9,27,2,2,0,7,LOW,LOW,LOW,MEDIUM
2025-07-07,Malawi,Bahrain,"TCA Oval, Blantyre",Malawi,bat,T20,2025,Bahrain,0,1,0.5,0.5694444444444444,0.0,1.0,0.5,0.5,0.0,1.0,18,72,0,0,4,1,LOW,LOW,LOW,LOW
2025-07-08,Indonesia,South Korea,Udayana Cricket Ground,South Korea,field,T20,2025,Indonesia,1,0,0.4482758620689655,0.0,0.4,0.0,1.0,0.0,0.5,0.0,58,10,4,4,36,1,LOW,LOW,HIGH,LOW
2025-07-08,Jersey,Guernsey,"Sportpark Westvliet, Voorburg",Guernsey,field,T20,2025,Jersey,1,0,0.6428571428571429,0.5666666666666667,0.6,0.4,0.7142857142857143,0.2857142857142857,0.0,0.0,42,30,7,7,1,1,MEDIUM,MEDIUM,LOW,LOW
2025-07-08,Scotland,Netherlands,"Sportpark Westvliet, Voorburg",Scotland,bat,T20,2025,Scotland,1,1,0.5,0.5339805825242718,0.4,0.6,0.5333333333333333,0.4666666666666667,0.5,1.0,82,103,15,15,0,1,MEDIUM,MEDIUM,LOW,LOW
2025-07-08,Bahrain,Tanzania,"TCA Oval, Blantyre",Tanzania,field,T20,2025,Tanzania,0,0,0.5753424657534246,0.5689655172413793,1.0,0.8,1.0,0.0,1.0,0.0,73,58,1,1,2,1,LOW,LOW,LOW,LOW
2025-07-09,Netherlands,Guernsey,"Sportpark Westvliet, Voorburg",Netherlands,bat,T20,2025,Netherlands,1,1,0.5288461538461539,0.5483870967741935,0.4,0.2,0.5,0.5,0.5,0.0,104,31,0,0,2,2,LOW,LOW,LOW,LOW
2025-07-09,Italy,Scotland,"Sportpark Westvliet, Voorburg",Italy,bat,T20,2025,Italy,1,1,0.6551724137931034,0.5060240963855421,1.0,0.6,0.0,1.0,1.0,1.0,29,83,1,1,1,1,LOW,LOW,LOW,LOW
2025-07-09,South Korea,Philippines,Udayana Cricket Ground,Philippines,field,T20,2025,South Korea,1,0,0.0,0.3571428571428571,0.0,0.6,0.0,1.0,0.0,0.625,11,28,3,3,2,8,LOW,LOW,LOW,MEDIUM
2025-07-09,South Korea,Indonesia,Udayana Cricket Ground,South Korea,bat,T20,2025,Indonesia,0,1,0.0833333333333333,0.4576271186440678,0.2,0.6,0.0,1.0,0.3333333333333333,0.5135135135135135,12,59,5,5,3,37,MEDIUM,MEDIUM,LOW,HIGH
2025-07-10,Malawi,Germany,"TCA Oval, Blantyre",Malawi,bat,T20,2025,Malawi,1,1,0.4736842105263157,0.6037735849056604,0.0,0.6,0.0,1.0,0.0,0.6666666666666666,19,53,1,1,5,3,LOW,LOW,MEDIUM,LOW
2025-07-10,Tanzania,Bahrain,"TCA Oval, Blantyre",Bahrain,field,T20,2025,Bahrain,0,0,0.576271186440678,0.5675675675675675,0.8,0.8,0.5,0.5,0.5,0.6666666666666666,59,74,2,2,2,3,LOW,LOW,LOW,LOW
2025-07-10,Bangladesh,Sri Lanka,Pallekele International Cricket Stadium,Sri Lanka,field,T20,2025,Sri Lanka,0,0,0.3809523809523809,0.4462365591397849,0.0,0.4,0.3529411764705882,0.6470588235294118,0.0,0.5294117647058824,168,186,17,17,3,17,MEDIUM,MEDIUM,LOW,MEDIUM
2025-07-10,Indonesia,Philippines,Udayana Cricket Ground,Indonesia,bat,T20,2025,Philippines,0,1,0.4666666666666667,0.3448275862068966,0.8,0.6,0.4444444444444444,0.5555555555555556,0.5263157894736842,0.5555555555555556,60,29,9,9,38,9,MEDIUM,MEDIUM,HIGH,MEDIUM
2025-07-10,Bulgaria,Gibraltar,"Vassil Levski National Sports Academy, Sofia",Gibraltar,field,T20,2025,Gibraltar,0,0,0.3142857142857143,0.2857142857142857,0.0,0.4,0.5,0.5,0.5,0.5,35,42,4,4,0,0,LOW,LOW,LOW,LOW
2025-07-10,Philippines,South Korea,Udayana Cricket Ground,Philippines,bat,T20,2025,Philippines,1,1,0.3666666666666666,0.0769230769230769,0.6,0.2,0.75,0.25,0.6,0.25,30,13,4,4,10,4,LOW,LOW,MEDIUM,LOW
2025-07-10,Turkey,Bulgaria,"Vassil Levski National Sports Academy, Sofia",Bulgaria,field,T20,2025,Bulgaria,0,0,0.0909090909090909,0.3055555555555556,0.0,0.0,0.0,1.0,0.5,0.0,11,36,1,1,0,1,LOW,LOW,LOW,LOW
2025-07-11,Turkey,Gibraltar,"Vassil Levski National Sports Academy, Sofia",Gibraltar,field,T20,2025,Gibraltar,0,0,0.0833333333333333,0.3023255813953488,0.0,0.6,0.5,0.5,0.0,1.0,12,43,0,0,1,1,LOW,LOW,LOW,LOW
2025-07-11,Italy,Netherlands,"Sportpark Westvliet, Voorburg",Italy,bat,T20,2025,Netherlands,0,1,0.6666666666666666,0.5333333333333333,1.0,0.6,0.5,0.5,1.0,0.6666666666666666,30,105,0,0,2,3,LOW,LOW,LOW,LOW
2025-07-11,Scotland,Jersey,"Sportpark Westvliet, Voorburg",Jersey,field,T20,2025,Jersey,0,0,0.5,0.6511627906976745,0.4,0.6,1.0,0.0,0.5,0.5,84,43,1,1,2,2,LOW,LOW,LOW,LOW
2025-07-11,Gibraltar,Bulgaria,"Vassil Levski National Sports Academy, Sofia",Bulgaria,field,T20,2025,Bulgaria,0,0,0.3181818181818182,0.3243243243243243,0.8,0.2,0.6,0.4,1.0,0.5,44,37,5,5,2,2,MEDIUM,MEDIUM,LOW,LOW
2025-07-12,Turkey,Gibraltar,"Vassil Levski National Sports Academy, Sofia",Turkey,bat,T20,2025,Gibraltar,0,1,0.0769230769230769,0.3111111111111111,0.0,0.8,0.0,1.0,0.0,0.6666666666666666,13,45,1,1,2,3,LOW,LOW,LOW,LOW
2025-07-12,Turkey,Bulgaria,"Vassil Levski National Sports Academy, Sofia",Bulgaria,field,T20,2025,Turkey,1,0,0.0714285714285714,0.3421052631578947,0.0,0.4,0.0,1.0,0.0,0.6666666666666666,14,38,2,2,3,3,LOW,LOW,LOW,LOW
2025-07-12,Malawi,Bahrain,"TCA Oval, Blantyre",Malawi,bat,T20,2025,Bahrain,0,1,0.5,0.5733333333333334,0.2,0.8,0.0,1.0,0.1666666666666666,0.75,20,75,1,1,6,4,LOW,LOW,MEDIUM,LOW
2025-07-12,Indonesia,South Korea,Udayana Cricket Ground,South Korea,field,T20,2025,South Korea,0,0,0.4590163934426229,0.0666666666666666,0.6,0.2,1.0,0.0,0.5128205128205128,0.1666666666666666,61,14,6,6,39,5,MEDIUM,MEDIUM,HIGH,MEDIUM
2025-07-12,Philippines,South Korea,Udayana Cricket Ground,Philippines,bat,T20,2025,Philippines,1,1,0.3870967741935484,0.0714285714285714,0.6,0.2,0.8,0.2,0.6363636363636364,0.2,31,15,5,5,11,6,MEDIUM,MEDIUM,MEDIUM,MEDIUM
2025-07-12,Germany,Tanzania,"TCA Oval, Blantyre",Tanzania,field,T20,2025,Tanzania,0,0,0.5925925925925926,0.5666666666666667,0.6,0.6,1.0,0.0,0.5,0.3333333333333333,54,60,1,1,4,3,LOW,LOW,LOW,LOW
2025-07-13,Gibraltar,Bulgaria,"Vassil Levski National Sports Academy, Sofia",Bulgaria,field,T20,2025,Bulgaria,0,0,0.3260869565217391,0.3333333333333333,0.8,0.4,0.5,0.5,0.75,0.5,46,39,6,6,4,4,MEDIUM,MEDIUM,LOW,LOW
2025-07-13,Bahrain,Tanzania,"TCA Oval, Blantyre",Tanzania,field,T20,2025,Tanzania,0,0,0.5789473684210527,0.5737704918032787,0.8,0.6,0.6666666666666666,0.3333333333333333,0.8,0.5,76,61,3,3,5,4,LOW,LOW,MEDIUM,LOW
2025-07-13,Germany,Malawi,"TCA Oval, Blantyre",Germany,bat,T20,2025,Germany,1,1,0.5818181818181818,0.4761904761904761,0.4,0.2,0.5,0.5,0.4,0.1428571428571428,55,21,2,2,5,7,LOW,LOW,MEDIUM,MEDIUM
2025-07-13,Indonesia,Philippines,Udayana Cricket Ground,Philippines,field,T20,2025,Philippines,0,0,0.4516129032258064,0.40625,0.6,0.8,0.4,0.6,0.5,0.6666666666666666,62,32,10,10,40,12,MEDIUM,MEDIUM,HIGH,MEDIUM
2025-07-13,Bangladesh,Sri Lanka,Rangiri Dambulla International Stadium,Sri Lanka,field,T20,2025,Bangladesh,1,0,0.378698224852071,0.4491978609625668,0.0,0.4,0.3333333333333333,0.6666666666666666,0.5,0.6,169,187,18,18,0,5,MEDIUM,MEDIUM,LOW,MEDIUM
2025-07-13,South Korea,Indonesia,Udayana Cricket Ground,South Korea,bat,T20,2025,Indonesia,0,1,0.125,0.4444444444444444,0.4,0.4,0.1428571428571428,0.8571428571428571,0.2857142857142857,0.4878048780487805,16,63,7,7,7,41,MEDIUM,MEDIUM,MEDIUM,HIGH
2025-07-14,Zimbabwe,South Africa,Harare Sports Club,South Africa,field,T20,2025,South Africa,0,0,0.4084507042253521,0.5555555555555556,0.6,0.6,0.0,1.0,0.2682926829268293,0.5,142,189,5,5,41,0,MEDIUM,MEDIUM,HIGH,LOW
2025-07-16,New Zealand,South Africa,Harare Sports Club,South Africa,field,T20,2025,New Zealand,1,0,0.5545023696682464,0.5578947368421052,0.8,0.6,0.2666666666666666,0.7333333333333333,1.0,1.0,211,190,15,15,3,1,MEDIUM,MEDIUM,LOW,LOW
2025-07-16,Sri Lanka,Bangladesh,"R Premadasa Stadium, Colombo",Sri Lanka,bat,T20,2025,Bangladesh,0,1,0.4468085106382978,0.3823529411764705,0.4,0.2,0.631578947368421,0.3684210526315789,0.3636363636363636,0.5,188,170,19,19,11,0,MEDIUM,MEDIUM,MEDIUM,LOW
2025-07-17,Kenya,Nigeria,Entebbe Cricket Oval,Kenya,bat,T20,2025,Kenya,1,1,0.5487804878048781,0.5147058823529411,0.8,0.4,0.7272727272727273,0.2727272727272727,0.6,0.1666666666666666,82,68,11,11,5,6,MEDIUM,MEDIUM,MEDIUM,MEDIUM
2025-07-18,Uganda,Nigeria,Entebbe Cricket Oval,Uganda,bat,T20,2025,Uganda,1,1,0.7912087912087912,0.5072463768115942,1.0,0.4,1.0,0.0,0.8,0.1428571428571428,91,69,10,10,5,7,MEDIUM,MEDIUM,MEDIUM,MEDIUM
2025-07-18,Rwanda,Bahrain,"Gahanga International Cricket Stadium, Rwanda",Bahrain,field,T20,2025,Bahrain,0,0,0.2933333333333333,0.5714285714285714,0.4,0.6,0.5,0.5,0.1379310344827586,0.5,75,77,0,0,29,0,LOW,LOW,HIGH,LOW
2025-07-18,Zimbabwe,New Zealand,Harare Sports Club,New Zealand,field,T20,2025,New Zealand,0,0,0.4055944055944055,0.5566037735849056,0.4,0.8,0.0,1.0,0.2619047619047619,1.0,143,212,6,6,42,4,MEDIUM,MEDIUM,HIGH,LOW
2025-07-18,Hong Kong,Malaysia,Singapore National Cricket Ground,Malaysia,field,T20,2025,Malaysia,0,0,0.4736842105263157,0.5454545454545454,0.6,0.8,0.5,0.5,0.5,0.5,95,88,16,16,0,0,MEDIUM,MEDIUM,LOW,LOW
2025-07-18,Singapore,Samoa,Singapore National Cricket Ground,Singapore,bat,T20,2025,Singapore,1,1,0.3636363636363636,0.3636363636363636,0.4,0.6,0.5,0.5,0.0,0.5,55,11,0,0,3,0,LOW,LOW,LOW,LOW
2025-07-19,Qatar,Saudi Arabia,"West End Park International Cricket Stadium, Doha",Qatar,bat,T20,2025,Saudi Arabia,0,1,0.4878048780487805,0.5555555555555556,0.2,0.6,0.6666666666666666,0.3333333333333333,0.6666666666666666,0.4,41,45,3,3,12,10,LOW,LOW,MEDIUM,MEDIUM
2025-07-19,Singapore,Malaysia,Singapore National Cricket Ground,Malaysia,field,T20,2025,Malaysia,0,0,0.375,0.550561797752809,0.6,0.8,0.3,0.7,0.25,1.0,56,89,10,10,4,1,MEDIUM,MEDIUM,LOW,LOW
2025-07-19,Hong Kong,Samoa,Singapore National Cricket Ground,Hong Kong,bat,T20,2025,Hong Kong,1,1,0.46875,0.3333333333333333,0.4,0.6,0.5,0.5,0.0,0.0,96,12,0,0,1,1,LOW,LOW,LOW,LOW
2025-07-19,Malawi,Rwanda,"Gahanga International Cricket Stadium, Rwanda",Malawi,bat,T20,2025,Rwanda,0,1,0.4545454545454545,0.2894736842105263,0.2,0.4,0.4,0.6,0.5,0.1333333333333333,22,76,5,5,0,30,MEDIUM,MEDIUM,LOW,HIGH
2025-07-19,Uganda,United Arab Emirates,Entebbe Cricket Oval,Uganda,bat,T20,2025,Uganda,1,1,0.7934782608695652,0.58,1.0,0.6,0.5,0.5,0.8333333333333334,0.5,92,100,0,0,6,0,LOW,LOW,MEDIUM,LOW
2025-07-19,Malawi,Bahrain,"Gahanga International Cricket Stadium, Rwanda",Bahrain,field,T20,2025,Bahrain,0,0,0.4347826086956521,0.5769230769230769,0.2,0.6,0.0,1.0,0.0,1.0,23,78,2,2,1,1,LOW,LOW,LOW,LOW
2025-07-20,West Indies,Australia,"Sabina Park, Kingston, Jamaica",Australia,field,T20,2025,Australia,0,0,0.4494949494949495,0.5721649484536082,0.2,0.8,0.5,0.5,0.6666666666666666,0.5,198,194,22,22,6,0,HIGH,HIGH,MEDIUM,LOW
2025-07-20,Zimbabwe,South Africa,Harare Sports Club,South Africa,field,T20,2025,South Africa,0,0,0.4027777777777778,0.5549738219895288,0.4,0.6,0.0,1.0,0.2558139534883721,0.5,144,191,6,6,43,2,MEDIUM,MEDIUM,HIGH,LOW
2025-07-20,Hong Kong,Singapore,Singapore National Cricket Ground,Singapore,field,T20,2025,Hong Kong,1,0,0.4742268041237113,0.3684210526315789,0.6,0.6,0.75,0.25,0.5,0.2,97,57,4,4,2,5,LOW,LOW,LOW,MEDIUM
2025-07-20,Rwanda,Bahrain,"Gahanga International Cricket Stadium, Rwanda",Rwanda,bat,T20,2025,Bahrain,0,1,0.2987012987012987,0.5875,0.4,0.8,0.0,1.0,0.1612903225806451,1.0,77,79,1,1,31,2,LOW,LOW,HIGH,LOW
2025-07-20,Samoa,Malaysia,Singapore National Cricket Ground,Samoa,bat,T20,2025,Malaysia,0,1,0.3076923076923077,0.5555555555555556,0.4,0.8,0.5,0.5,0.0,1.0,13,90,0,0,2,2,LOW,LOW,LOW,LOW
2025-07-20,Pakistan,Bangladesh,"Shere Bangla National Stadium, Mirpur",Bangladesh,field,T20,2025,Bangladesh,0,0,0.5916666666666667,0.3859649122807017,0.6,0.4,0.8636363636363636,0.1363636363636363,1.0,0.6086956521739131,240,171,22,22,3,23,HIGH,HIGH,LOW,HIGH
2025-07-20,Malawi,Bahrain,"Gahanga International Cricket Stadium, Rwanda",Bahrain,field,T20,2025,Bahrain,0,0,0.4166666666666667,0.5822784810126582,0.2,0.8,0.0,1.0,0.0,1.0,24,80,3,3,2,3,LOW,LOW,LOW,LOW
2025-07-21,Nigeria,United Arab Emirates,Entebbe Cricket Oval,Nigeria,bat,T20,2025,United Arab Emirates,0,1,0.5,0.5742574257425742,0.4,0.6,0.0,1.0,0.125,0.0,70,101,1,1,8,1,LOW,LOW,MEDIUM,LOW
2025-07-21,Uganda,Kenya,Entebbe Cricket Oval,Uganda,bat,T20,2025,Uganda,1,1,0.7956989247311828,0.5542168674698795,1.0,0.8,0.6923076923076923,0.3076923076923077,0.8571428571428571,0.6666666666666666,93,83,13,13,7,6,MEDIUM,MEDIUM,MEDIUM,MEDIUM
2025-07-21,Saudi Arabia,Qatar,"West End Park International Cricket Stadium, Doha",Qatar,field,T20,2025,Qatar,0,0,0.5652173913043478,0.4761904761904761,0.8,0.0,0.5,0.5,0.4545454545454545,0.6153846153846154,46,42,4,4,11,13,LOW,LOW,MEDIUM,MEDIUM
2025-07-22,Bangladesh,Pakistan,"Shere Bangla National Stadium, Mirpur",Pakistan,field,T20,2025,Bangladesh,1,0,0.3895348837209302,0.5892116182572614,0.6,0.6,0.1739130434782608,0.8260869565217391,0.625,0.75,172,241,23,23,24,4,HIGH,HIGH,HIGH,LOW
2025-07-22,Hong Kong,Malaysia,Singapore National Cricket Ground,Malaysia,field,T20,2025,Malaysia,0,0,0.4795918367346938,0.5604395604395604,0.8,0.8,0.4705882352941176,0.5294117647058824,0.6666666666666666,1.0,98,91,17,17,3,3,MEDIUM,MEDIUM,LOW,LOW
2025-07-22,South Africa,New Zealand,Harare Sports Club,New Zealand,field,T20,2025,New Zealand,0,0,0.5572916666666666,0.5586854460093896,0.8,0.8,0.6875,0.3125,0.6666666666666666,1.0,192,213,16,16,3,5,MEDIUM,MEDIUM,LOW,MEDIUM
2025-07-22,Malawi,Rwanda,"Gahanga International Cricket Stadium, Rwanda",Malawi,bat,T20,2025,Rwanda,0,1,0.4,0.2911392405063291,0.0,0.2,0.3333333333333333,0.6666666666666666,0.0,0.1515151515151515,25,78,6,6,3,32,MEDIUM,MEDIUM,LOW,HIGH
2025-07-22,Samoa,Singapore,Singapore National Cricket Ground,Samoa,bat,T20,2025,Singapore,0,1,0.2857142857142857,0.3620689655172414,0.2,0.4,0.0,1.0,0.0,0.1666666666666666,14,58,1,1,3,6,LOW,LOW,LOW,MEDIUM
2025-07-22,West Indies,Australia,"Sabina Park, Kingston, Jamaica",Australia,field,T20,2025,Australia,0,0,0.4472361809045226,0.5743589743589743,0.2,0.8,0.4782608695652174,0.5217391304347826,0.5714285714285714,1.0,199,195,23,23,7,1,HIGH,HIGH,MEDIUM,LOW
2025-07-22,Uganda,Nigeria,Entebbe Cricket Oval,Uganda,bat,T20,2025,Uganda,1,1,0.7978723404255319,0.4929577464788732,1.0,0.2,1.0,0.0,0.875,0.1111111111111111,94,71,11,11,8,9,MEDIUM,MEDIUM,MEDIUM,MEDIUM
2025-07-22,Qatar,Saudi Arabia,"West End Park International Cricket Stadium, Doha",Saudi Arabia,field,T20,2025,Qatar,1,0,0.4883720930232558,0.5531914893617021,0.2,0.6,0.6,0.4,0.6428571428571429,0.4166666666666667,43,47,5,5,14,12,MEDIUM,MEDIUM,MEDIUM,MEDIUM
2025-07-22,Bahrain,Rwanda,"Gahanga International Cricket Stadium, Rwanda",Rwanda,field,T20,2025,Bahrain,1,0,0.5925925925925926,0.2948717948717949,0.8,0.2,1.0,0.0,1.0,0.15625,81,79,2,2,4,33,LOW,LOW,LOW,HIGH
2025-07-23,Bahrain,Malawi,"Gahanga International Cricket Stadium, Rwanda",Bahrain,bat,T20,2025,Bahrain,1,1,0.5975609756097561,0.3846153846153846,1.0,0.0,1.0,0.0,1.0,0.0,82,26,4,4,5,4,LOW,LOW,MEDIUM,LOW
2025-07-23,Kenya,United Arab Emirates,Entebbe Cricket Oval,Kenya,bat,T20,2025,United Arab Emirates,0,1,0.5476190476190477,0.5784313725490197,0.6,0.6,0.5,0.5,0.5714285714285714,0.5,84,102,0,0,7,2,LOW,LOW,MEDIUM,LOW
2025-07-23,Rwanda,Malawi,"Gahanga International Cricket Stadium, Rwanda",Malawi,field,T20,2025,Malawi,0,0,0.3,0.3703703703703703,0.4,0.0,0.7142857142857143,0.2857142857142857,0.1764705882352941,0.0,80,27,7,7,34,5,MEDIUM,MEDIUM,HIGH,MEDIUM
2025-07-23,Samoa,Hong Kong,Singapore National Cricket Ground,Hong Kong,field,T20,2025,Hong Kong,0,0,0.2666666666666666,0.4747474747474747,0.2,0.6,0.0,1.0,0.0,0.5,15,99,1,1,4,4,LOW,LOW,LOW,LOW
2025-07-23,Malaysia,Singapore,Singapore National Cricket Ground,Singapore,field,T20,2025,Malaysia,1,0,0.5652173913043478,0.3728813559322034,1.0,0.6,0.7272727272727273,0.2727272727272727,1.0,0.2857142857142857,92,59,11,11,4,7,MEDIUM,MEDIUM,LOW,MEDIUM
2025-07-24,Pakistan,Bangladesh,"Shere Bangla National Stadium, Mirpur",Bangladesh,field,T20,2025,Pakistan,1,0,0.5867768595041323,0.3930635838150289,0.6,0.8,0.7916666666666666,0.2083333333333333,0.6,0.64,242,173,24,24,5,25,HIGH,HIGH,MEDIUM,HIGH
2025-07-24,Samoa,Malaysia,Singapore National Cricket Ground,Malaysia,field,T20,2025,Malaysia,0,0,0.25,0.5698924731182796,0.0,1.0,0.0,1.0,0.0,1.0,16,93,1,1,5,5,LOW,LOW,MEDIUM,MEDIUM
2025-07-24,New Zealand,Zimbabwe,Harare Sports Club,New Zealand,bat,T20,2025,New Zealand,1,1,0.5607476635514018,0.4,1.0,0.4,1.0,0.0,1.0,0.25,214,145,7,7,6,44,MEDIUM,MEDIUM,MEDIUM,HIGH
2025-07-24,Hong Kong,Singapore,Singapore National Cricket Ground,Hong Kong,bat,T20,2025,Hong Kong,1,1,0.48,0.3666666666666666,0.6,0.4,0.8,0.2,0.6,0.25,100,60,5,5,5,8,MEDIUM,MEDIUM,MEDIUM,MEDIUM
2025-07-25,West Indies,Australia,"Warner Park, Basseterre, St Kitts",Australia,field,T20,2025,Australia,0,0,0.445,0.576530612244898,0.2,1.0,0.4583333333333333,0.5416666666666666,0.5,0.5,200,196,24,24,2,0,HIGH,HIGH,LOW,LOW
2025-07-25,Bahrain,Rwanda,"Gahanga International Cricket Stadium, Rwanda",Rwanda,field,T20,2025,Bahrain,1,0,0.6071428571428571,0.2962962962962963,1.0,0.4,1.0,0.0,1.0,0.1714285714285714,83,81,3,3,6,35,LOW,LOW,MEDIUM,HIGH
2025-07-25,Hungary,Luxembourg,"GB Oval, Szodliget",Hungary,bat,T20,2025,Hungary,1,1,0.4838709677419355,0.3611111111111111,0.4,0.2,0.0,1.0,0.8333333333333334,0.5,30,36,1,1,5,0,LOW,LOW,MEDIUM,LOW
2025-07-25,Malawi,Bahrain,"Gahanga International Cricket Stadium, Rwanda",Malawi,bat,T20,2025,Bahrain,0,1,0.3928571428571428,0.6024096385542169,0.2,1.0,0.0,1.0,0.1666666666666666,1.0,28,84,5,5,6,7,MEDIUM,MEDIUM,MEDIUM,MEDIUM
2025-07-25,Kenya,Uganda,Entebbe Cricket Oval,Uganda,field,T20,2025,Uganda,0,0,0.5411764705882353,0.8,0.4,1.0,0.2857142857142857,0.7142857142857143,0.5,0.8888888888888888,85,95,14,14,8,9,MEDIUM,MEDIUM,MEDIUM,MEDIUM
2025-07-25,Romania,Austria,"GB Oval, Szodliget",Romania,bat,T20,2025,Austria,0,1,0.6428571428571429,0.6818181818181818,0.6,0.8,1.0,0.0,0.5,0.5,42,44,1,1,0,0,LOW,LOW,LOW,LOW
2025-07-25,Hungary,Romania,"GB Oval, Szodliget",Hungary,bat,T20,2025,Romania,0,1,0.5,0.627906976744186,0.6,0.4,0.25,0.75,1.0,0.0,31,43,4,4,6,1,LOW,LOW,MEDIUM,LOW
2025-07-26,New Zealand,South Africa,Harare Sports Club,South Africa,field,T20,2025,New Zealand,1,0,0.5627906976744186,0.5544041450777202,1.0,0.6,0.3529411764705882,0.6470588235294118,1.0,0.5,215,193,17,17,7,4,MEDIUM,MEDIUM,MEDIUM,LOW
2025-07-26,United Arab Emirates,Nigeria,Entebbe Cricket Oval,United Arab Emirates,bat,T20,2025,United Arab Emirates,1,1,0.5825242718446602,0.4861111111111111,0.8,0.0,1.0,0.0,0.6666666666666666,0.1,103,72,2,2,3,10,LOW,LOW,LOW,MEDIUM
2025-07-26,Finland,Estonia,Estonian National Cricket and Rugby Field,Finland,bat,T20,2025,Estonia,0,1,0.4444444444444444,0.4166666666666667,0.4,0.6,0.0,1.0,0.5,0.5,27,24,1,1,0,0,LOW,LOW,LOW,LOW
2025-07-26,West Indies,Australia,"Warner Park, Basseterre, St Kitts",Australia,field,T20,2025,Australia,0,0,0.4427860696517413,0.5786802030456852,0.2,1.0,0.44,0.56,0.3333333333333333,1.0,201,197,25,25,3,1,HIGH,HIGH,LOW,LOW
2025-07-26,Hong Kong,Malaysia,Singapore National Cricket Ground,Malaysia,field,T20,2025,Malaysia,0,0,0.4851485148514851,0.574468085106383,0.8,1.0,0.4444444444444444,0.5555555555555556,0.6666666666666666,1.0,101,94,18,18,6,6,MEDIUM,MEDIUM,MEDIUM,MEDIUM
2025-07-26,Rwanda,Malawi,"Gahanga International Cricket Stadium, Rwanda",Malawi,field,T20,2025,Malawi,0,0,0.2926829268292683,0.3793103448275862,0.2,0.2,0.625,0.375,0.1666666666666666,0.1428571428571428,82,29,8,8,36,7,MEDIUM,MEDIUM,HIGH,MEDIUM
2025-07-26,Romania,Luxembourg,"GB Oval, Szodliget",Luxembourg,field,T20,2025,Romania,1,0,0.6363636363636364,0.3421052631578947,0.4,0.2,0.6666666666666666,0.3333333333333333,0.5,0.0,44,37,3,3,2,1,LOW,LOW,LOW,LOW
2025-07-26,Austria,Luxembourg,"GB Oval, Szodliget",Austria,bat,T20,2025,Austria,1,1,0.6888888888888889,0.3513513513513513,1.0,0.2,0.75,0.25,1.0,0.0,45,38,4,4,1,2,LOW,LOW,LOW,LOW
2025-07-26,Hungary,Austria,"GB Oval, Szodliget",Austria,field,T20,2025,Austria,0,0,0.5,0.6956521739130435,0.4,1.0,0.25,0.75,0.8571428571428571,1.0,32,46,4,4,7,2,LOW,LOW,MEDIUM,LOW
2025-07-27,Bahrain,Malawi,"Gahanga International Cricket Stadium, Rwanda",Malawi,field,T20,2025,Bahrain,1,0,0.611764705882353,0.4,1.0,0.4,1.0,0.0,1.0,0.25,85,30,6,6,8,8,MEDIUM,MEDIUM,MEDIUM,MEDIUM
2025-07-27,Estonia,Finland,Estonian National Cricket and Rugby Field,Finland,field,T20,2025,Finland,0,0,0.44,0.4285714285714285,0.6,0.4,1.0,0.0,1.0,0.0,25,28,2,2,1,1,LOW,LOW,LOW,LOW
2025-07-27,Hungary,Luxembourg,"GB Oval, Szodliget",Luxembourg,field,T20,2025,Hungary,1,0,0.4848484848484848,0.3333333333333333,0.4,0.2,0.5,0.5,0.75,0.0,33,39,2,2,8,3,LOW,LOW,MEDIUM,LOW
2025-07-27,Nigeria,Kenya,Entebbe Cricket Oval,Nigeria,bat,T20,2025,Kenya,0,1,0.4794520547945205,0.5348837209302325,0.0,0.2,0.25,0.75,0.0909090909090909,0.4444444444444444,73,86,12,12,11,9,MEDIUM,MEDIUM,MEDIUM,MEDIUM
2025-07-27,Uganda,United Arab Emirates,Entebbe Cricket Oval,Uganda,bat,T20,2025,Uganda,1,1,0.8020833333333334,0.5865384615384616,1.0,0.8,1.0,0.0,0.9,0.75,96,104,1,1,10,4,LOW,LOW,MEDIUM,LOW
2025-07-28,West Indies,Australia,"Warner Park, Basseterre, St Kitts",Australia,field,T20,2025,Australia,0,0,0.4405940594059406,0.5808080808080808,0.2,1.0,0.4230769230769231,0.5769230769230769,0.25,1.0,202,198,26,26,4,2,HIGH,HIGH,LOW,LOW
2025-07-31,Pakistan,West Indies,"Central Broward Regional Park Stadium Turf Ground, Lauderhill",West Indies,field,T20,2025,Pakistan,1,0,0.588477366255144,0.438423645320197,0.6,0.0,0.8333333333333334,0.1666666666666666,1.0,0.25,243,203,18,18,1,4,MEDIUM,MEDIUM,LOW,LOW
2025-08-02,Pakistan,West Indies,"Central Broward Regional Park Stadium Turf Ground, Lauderhill",Pakistan,bat,T20,2025,West Indies,0,1,0.5901639344262295,0.4362745098039216,0.6,0.0,0.8421052631578947,0.1578947368421052,1.0,0.2,244,204,19,19,2,5,MEDIUM,MEDIUM,LOW,MEDIUM
2025-08-02,Switzerland,Estonia,Estonian National Cricket and Rugby Field,Switzerland,bat,T20,2025,Switzerland,1,1,0.6,0.4230769230769231,0.6,0.4,1.0,0.0,0.5,0.5,25,26,1,1,0,2,LOW,LOW,LOW,LOW
2025-08-03,Switzerland,Estonia,Estonian National Cricket and Rugby Field,Switzerland,bat,T20,2025,Switzerland,1,1,0.6296296296296297,0.3928571428571428,0.8,0.2,1.0,0.0,1.0,0.25,26,27,2,2,1,3,LOW,LOW,LOW,LOW
2025-08-03,Switzerland,Estonia,Estonian National Cricket and Rugby Field,Switzerland,bat,T20,2025,Switzerland,1,1,0.6153846153846154,0.4074074074074074,0.6,0.4,1.0,0.0,1.0,0.3333333333333333,27,28,3,3,2,4,LOW,LOW,LOW,LOW
2025-08-03,Pakistan,West Indies,"Central Broward Regional Park Stadium Turf Ground, Lauderhill",Pakistan,bat,T20,2025,Pakistan,1,1,0.5877551020408164,0.4390243902439024,0.4,0.2,0.8,0.2,0.6666666666666666,0.3333333333333333,245,205,20,20,3,6,HIGH,HIGH,LOW,MEDIUM
2025-08-07,Croatia,Cyprus,"Mladost Cricket Ground, Zagreb",Croatia,bat,T20,2025,Cyprus,0,1,0.2,0.4545454545454545,0.0,0.6,0.0,1.0,0.0,1.0,19,21,0,0,5,0,LOW,LOW,MEDIUM,LOW
2025-08-07,Cyprus,Croatia,"Mladost Cricket Ground, Zagreb",Croatia,field,T20,2025,Cyprus,1,0,0.4285714285714285,0.2105263157894736,0.4,0.0,0.5,0.5,0.5,0.0,22,20,1,1,1,6,LOW,LOW,LOW,MEDIUM
2025-08-08,Croatia,Cyprus,"Mladost Cricket Ground, Zagreb",Croatia,bat,T20,2025,Cyprus,0,1,0.1904761904761904,0.4782608695652174,0.0,0.6,0.0,1.0,0.0,1.0,21,23,2,2,7,2,LOW,LOW,MEDIUM,LOW
2025-08-08,Norway,France,"Botkyrka Cricket Center, Stockholm",France,field,T20,2025,Norway,1,0,0.5,0.4827586206896552,0.6,0.2,0.3333333333333333,0.6666666666666666,0.5,0.5,38,29,3,3,0,0,LOW,LOW,LOW,LOW
2025-08-08,Cyprus,Croatia,"Mladost Cricket Ground, Zagreb",Cyprus,bat,T20,2025,Cyprus,1,1,0.5,0.1818181818181818,0.8,0.0,1.0,0.0,1.0,0.0,24,22,3,3,3,8,LOW,LOW,LOW,MEDIUM
2025-08-08,Sweden,Austria,"Botkyrka Cricket Center, Stockholm",Sweden,bat,T20,2025,Austria,0,1,0.4347826086956521,0.7021276595744681,0.6,1.0,0.0,1.0,0.5,0.5,23,47,2,2,0,0,LOW,LOW,LOW,LOW
2025-08-09,France,Austria,"Botkyrka Cricket Center, Stockholm",France,bat,T20,2025,Austria,0,1,0.4666666666666667,0.7083333333333334,0.0,1.0,0.0,1.0,0.0,1.0,30,48,1,1,1,1,LOW,LOW,LOW,LOW
2025-08-09,Norway,Sweden,"Botkyrka Cricket Center, Stockholm",Norway,bat,T20,2025,Norway,1,1,0.5128205128205128,0.4166666666666667,0.6,0.4,1.0,0.0,1.0,0.0,39,24,2,2,1,1,LOW,LOW,LOW,LOW
2025-08-10,Norway,Austria,"Botkyrka Cricket Center, Stockholm",Austria,field,T20,2025,Austria,0,0,0.525,0.7142857142857143,0.6,1.0,0.3333333333333333,0.6666666666666666,1.0,1.0,40,49,3,3,2,2,LOW,LOW,LOW,LOW
2025-08-10,Sweden,France,"Botkyrka Cricket Center, Stockholm",Sweden,bat,T20,2025,France,0,1,0.4,0.4516129032258064,0.2,0.0,0.5,0.5,0.0,0.0,25,31,0,0,2,2,LOW,LOW,LOW,LOW
2025-08-10,Australia,South Africa,"Marrara Stadium, Darwin",South Africa,field,T20,2025,Australia,1,0,0.5829145728643216,0.5515463917525774,1.0,0.4,0.68,0.32,0.5,0.5,199,194,25,25,0,0,HIGH,HIGH,LOW,LOW
2025-08-12,South Africa,Australia,"Marrara Stadium, Darwin",Australia,field,T20,2025,South Africa,1,0,0.5487179487179488,0.585,0.2,1.0,0.3076923076923077,0.6923076923076923,0.0,1.0,195,200,26,26,1,1,HIGH,HIGH,LOW,LOW
2025-08-14,Guernsey,Papua New Guinea,"King George V Sports Ground, Castel",Papua New Guinea,field,T20,2025,Papua New Guinea,0,0,0.53125,0.5185185185185185,0.0,0.2,0.5,0.5,0.6,0.5,32,54,0,0,5,0,LOW,LOW,MEDIUM,LOW
2025-08-16,South Africa,Australia,"Cazaly's Stadium, Cairns",Australia,field,T20,2025,Australia,0,0,0.5510204081632653,0.582089552238806,0.4,0.8,0.3333333333333333,0.6666666666666666,0.5,0.5,196,201,27,27,0,0,HIGH,HIGH,LOW,LOW
2025-08-17,Sweden,Norway,"Stubberudmyra Cricket Ground, Oslo",Sweden,bat,T20,2025,Norway,0,1,0.3846153846153846,0.5121951219512195,0.0,0.6,0.0,1.0,0.5,0.5,26,41,3,3,0,0,LOW,LOW,LOW,LOW
2025-08-17,Norway,Hungary,"Stubberudmyra Cricket Ground, Oslo",Norway,bat,T20,2025,Norway,1,1,0.5238095238095238,0.5,0.8,0.6,0.5,0.5,1.0,0.5,42,34,0,0,1,0,LOW,LOW,LOW,LOW
2025-08-17,Sweden,Hungary,"Stubberudmyra Cricket Ground, Oslo",Hungary,field,T20,2025,Sweden,1,0,0.3703703703703703,0.4857142857142857,0.0,0.4,0.5,0.5,0.0,0.0,27,35,0,0,1,1,LOW,LOW,LOW,LOW
2025-08-21,Czech Republic,Romania,"Moara Vlasiei Cricket Ground, Ilfov County",Romania,field,T20,2025,Czech Republic,1,0,0.4516129032258064,0.6444444444444445,0.0,0.6,0.0,1.0,0.0,0.7142857142857143,31,45,2,2,2,14,LOW,LOW,LOW,MEDIUM
2025-08-21,Romania,Czech Republic,"Moara Vlasiei Cricket Ground, Ilfov County",Romania,bat,T20,2025,Romania,1,1,0.6304347826086957,0.46875,0.4,0.2,0.6666666666666666,0.3333333333333333,0.6666666666666666,0.3333333333333333,46,32,3,3,15,3,LOW,LOW,MEDIUM,LOW
2025-08-22,Romania,Czech Republic,"Moara Vlasiei Cricket Ground, Ilfov County",Romania,bat,T20,2025,Czech Republic,0,1,0.6382978723404256,0.4545454545454545,0.6,0.2,0.75,0.25,0.6875,0.25,47,33,4,4,16,4,LOW,LOW,MEDIUM,LOW
2025-08-22,Romania,Czech Republic,"Moara Vlasiei Cricket Ground, Ilfov County",Czech Republic,field,T20,2025,Romania,1,0,0.625,0.4705882352941176,0.6,0.4,0.6,0.4,0.6470588235294118,0.4,48,34,5,5,17,5,MEDIUM,MEDIUM,MEDIUM,MEDIUM
2025-08-23,Austria,Belgium,"Velden Cricket Ground, Latschach",Austria,bat,T20,2025,Austria,1,1,0.72,0.6451612903225806,1.0,0.6,1.0,0.0,0.8,0.5,50,31,1,1,5,0,LOW,LOW,MEDIUM,LOW
2025-08-23,Belgium,Austria,"Velden Cricket Ground, Latschach",Austria,field,T20,2025,Austria,0,0,0.625,0.7254901960784313,0.6,1.0,0.0,1.0,0.0,0.8333333333333334,32,51,2,2,1,6,LOW,LOW,LOW,MEDIUM
2025-08-24,Belgium,Austria,"Velden Cricket Ground, Latschach",Belgium,bat,T20,2025,Austria,0,1,0.6060606060606061,0.7307692307692307,0.4,1.0,0.0,1.0,0.0,0.8571428571428571,33,52,3,3,2,7,LOW,LOW,LOW,MEDIUM
2025-08-24,Belgium,Austria,"Velden Cricket Ground, Latschach",Austria,field,T20,2025,Austria,0,0,0.5882352941176471,0.7358490566037735,0.2,1.0,0.0,1.0,0.0,0.875,34,53,4,4,3,8,LOW,LOW,LOW,MEDIUM
2025-08-30,Netherlands,Bangladesh,Sylhet International Cricket Stadium,Bangladesh,field,T20,2025,Bangladesh,0,0,0.5377358490566038,0.3908045977011494,0.6,0.8,0.2,0.8,0.5,0.2,106,174,5,5,0,5,MEDIUM,MEDIUM,LOW,MEDIUM
2025-08-30,Pakistan,United Arab Emirates,Sharjah Cricket Stadium,Pakistan,bat,T20,2025,Pakistan,1,1,0.5894308943089431,0.580952380952381,0.6,0.6,1.0,0.0,1.0,0.6666666666666666,246,105,1,1,3,3,LOW,LOW,LOW,LOW
2025-09-01,Netherlands,Bangladesh,Sylhet International Cricket Stadium,Bangladesh,field,T20,2025,Bangladesh,0,0,0.5327102803738317,0.3942857142857143,0.6,0.8,0.1666666666666666,0.8333333333333334,0.0,0.3333333333333333,107,175,6,6,1,6,MEDIUM,MEDIUM,LOW,MEDIUM
2025-09-03,Zimbabwe,Sri Lanka,Harare Sports Club,Sri Lanka,field,T20,2025,Sri Lanka,0,0,0.3972602739726027,0.4444444444444444,0.2,0.4,0.2,0.8,0.2444444444444444,0.5,146,189,5,5,45,0,MEDIUM,MEDIUM,HIGH,LOW
2025-09-04,Pakistan,United Arab Emirates,Sharjah Cricket Stadium,Pakistan,bat,T20,2025,Pakistan,1,1,0.5910931174089069,0.5754716981132075,0.8,0.6,1.0,0.0,1.0,0.5,247,106,2,2,4,4,LOW,LOW,LOW,LOW
2025-09-06,Sri Lanka,Zimbabwe,Harare Sports Club,Zimbabwe,field,T20,2025,Zimbabwe,0,0,0.4473684210526316,0.3945578231292517,0.6,0.0,0.8333333333333334,0.1666666666666666,1.0,0.2391304347826087,190,147,6,6,1,46,MEDIUM,MEDIUM,LOW,HIGH
2025-09-07,Zimbabwe,Sri Lanka,Harare Sports Club,Sri Lanka,field,T20,2025,Sri Lanka,0,0,0.3986486486486486,0.4450261780104712,0.2,0.4,0.2857142857142857,0.7142857142857143,0.2553191489361702,0.5,148,191,7,7,47,2,MEDIUM,MEDIUM,HIGH,LOW
2025-09-10,United Arab Emirates,India,Dubai International Cricket Stadium,India,field,T20,2025,India,0,0,0.5700934579439252,0.6885964912280702,0.4,0.8,0.0,1.0,0.25,0.5,107,228,1,1,12,8,LOW,LOW,MEDIUM,MEDIUM
2025-09-10,South Africa,England,"Sophia Gardens, Cardiff",England,field,T20,2025,South Africa,1,0,0.5482233502538071,0.5412371134020618,0.2,0.6,0.52,0.48,1.0,0.75,197,194,25,25,1,4,HIGH,HIGH,LOW,LOW
2025-09-11,Hong Kong,Bangladesh,"Zayed Cricket Stadium, Abu Dhabi",Bangladesh,field,T20,2025,Bangladesh,0,0,0.4803921568627451,0.3977272727272727,0.6,0.8,1.0,0.0,0.5,0.0,102,176,1,1,0,2,LOW,LOW,LOW,LOW
2025-09-12,Eswatini,Mozambique,Malkerns Country Club oval,Eswatini,bat,T20,2025,Eswatini,1,1,0.3,0.4444444444444444,0.4,0.6,0.0,1.0,0.5,0.5,10,18,1,1,0,0,LOW,LOW,LOW,LOW
2025-09-12,Eswatini,Mozambique,Malkerns Country Club oval,Eswatini,bat,T20,2025,Eswatini,1,1,0.3636363636363636,0.4210526315789473,0.6,0.6,0.5,0.5,1.0,0.0,11,19,2,2,1,1,LOW,LOW,LOW,LOW
2025-09-12,Pakistan,Oman,Dubai International Cricket Stadium,Pakistan,bat,T20,2025,Pakistan,1,1,0.592741935483871,0.4761904761904761,0.8,0.0,0.5,0.5,0.5333333333333333,0.3333333333333333,248,84,0,0,30,3,LOW,LOW,HIGH,LOW
2025-09-12,England,South Africa,"Old Trafford, Manchester",South Africa,field,T20,2025,England,1,0,0.5384615384615384,0.5505050505050505,0.6,0.4,0.4615384615384615,0.5384615384615384,1.0,0.5,195,198,26,26,2,0,HIGH,HIGH,LOW,LOW
2025-09-13,Eswatini,Mozambique,Malkerns Country Club oval,Eswatini,bat,T20,2025,Eswatini,1,1,0.4166666666666667,0.4,0.6,0.6,0.6666666666666666,0.3333333333333333,1.0,0.0,12,20,3,3,2,2,LOW,LOW,LOW,LOW
2025-09-13,Bangladesh,Sri Lanka,"Zayed Cricket Stadium, Abu Dhabi",Sri Lanka,field,T20,2025,Sri Lanka,0,0,0.4011299435028249,0.4479166666666667,0.8,0.4,0.4,0.6,0.3333333333333333,1.0,177,192,20,20,3,3,HIGH,HIGH,LOW,LOW
2025-09-14,Pakistan,India,Dubai International Cricket Stadium,Pakistan,bat,T20,2025,India,0,1,0.5943775100401606,0.6899563318777293,0.8,0.8,0.25,0.75,0.5483870967741935,0.5555555555555556,249,229,12,12,31,9,MEDIUM,MEDIUM,HIGH,MEDIUM
2025-09-15,Zimbabwe,Namibia,"Queens Sports Club, Bulawayo",Namibia,field,T20,2025/26,Zimbabwe,1,0,0.3959731543624161,0.6027397260273972,0.2,0.6,0.4615384615384615,0.5384615384615384,0.6153846153846154,0.6,149,73,13,13,13,5,MEDIUM,MEDIUM,MEDIUM,MEDIUM
2025-09-15,United Arab Emirates,Oman,"Zayed Cricket Stadium, Abu Dhabi",Oman,field,T20,2025,United Arab Emirates,1,0,0.5648148148148148,0.4705882352941176,0.2,0.0,0.5,0.5,0.5,0.5,108,85,8,8,0,0,MEDIUM,MEDIUM,LOW,LOW
2025-09-15,Hong Kong,Sri Lanka,Dubai International Cricket Stadium,Sri Lanka,field,T20,2025,Sri Lanka,0,0,0.4757281553398058,0.4507772020725388,0.4,0.6,0.5,0.5,0.3333333333333333,0.7142857142857143,103,193,0,0,3,7,LOW,LOW,LOW,MEDIUM
2025-09-16,Namibia,Zimbabwe,"Queens Sports Club, Bulawayo",Zimbabwe,field,T20,2025/26,Zimbabwe,0,0,0.5945945945945946,0.4,0.6,0.4,0.5,0.5,0.5,0.6428571428571429,74,150,14,14,6,14,MEDIUM,MEDIUM,MEDIUM,MEDIUM
2025-09-17,Ireland,England,"The Village, Malahide, Dublin",England,field,T20,2025,England,0,0,0.465648854961832,0.5408163265306123,0.2,0.8,1.0,0.0,0.0,0.5,131,196,1,1,3,0,LOW,LOW,LOW,LOW
2025-09-17,Pakistan,United Arab Emirates,Dubai International Cricket Stadium,United Arab Emirates,field,T20,2025,Pakistan,1,0,0.592,0.5688073394495413,0.8,0.2,1.0,0.0,0.53125,0.2307692307692307,250,109,3,3,32,13,LOW,LOW,HIGH,MEDIUM
2025-09-18,Namibia,Zimbabwe,"Queens Sports Club, Bulawayo",Namibia,bat,T20,2025/26,Namibia,1,1,0.5866666666666667,0.4039735099337748,0.6,0.6,0.4666666666666667,0.5333333333333333,0.4285714285714285,0.6666666666666666,75,151,15,15,7,15,MEDIUM,MEDIUM,MEDIUM,MEDIUM
2025-09-19,India,Oman,"Zayed Cricket Stadium, Abu Dhabi",India,bat,T20,2025,India,1,1,0.691304347826087,0.4651162790697674,0.8,0.0,0.5,0.5,0.5,0.0,230,86,0,0,0,1,LOW,LOW,LOW,LOW
2025-09-20,Sri Lanka,Bangladesh,Dubai International Cricket Stadium,Bangladesh,field,T20,2025,Bangladesh,0,0,0.4536082474226804,0.398876404494382,0.8,0.6,0.6190476190476191,0.3809523809523809,0.75,0.5,194,178,21,21,8,4,HIGH,HIGH,MEDIUM,LOW
2025-09-21,Ireland,England,"The Village, Malahide, Dublin",England,field,T20,2025,England,0,0,0.4621212121212121,0.5431472081218274,0.2,0.8,0.5,0.5,0.0,1.0,132,197,2,2,4,1,LOW,LOW,LOW,LOW
2025-09-21,Pakistan,India,Dubai International Cricket Stadium,India,field,T20,2025,India,0,0,0.5936254980079682,0.6926406926406926,0.8,1.0,0.2307692307692307,0.7692307692307693,0.5454545454545454,0.6,251,231,13,13,33,10,MEDIUM,MEDIUM,HIGH,MEDIUM
2025-09-23,Sri Lanka,Pakistan,"Zayed Cricket Stadium, Abu Dhabi",Pakistan,field,T20,2025,Pakistan,0,0,0.4512820512820513,0.5912698412698413,0.6,0.6,0.4347826086956521,0.5652173913043478,1.0,1.0,195,252,23,23,4,1,HIGH,HIGH,LOW,LOW
2025-09-24,India,Bangladesh,Dubai International Cricket Stadium,Bangladesh,field,T20,2025,India,1,0,0.6939655172413793,0.4022346368715084,1.0,0.8,0.9411764705882352,0.0588235294117647,0.6363636363636364,0.6,232,179,17,17,11,5,MEDIUM,MEDIUM,MEDIUM,MEDIUM
2025-09-25,Pakistan,Bangladesh,Dubai International Cricket Stadium,Bangladesh,field,T20,2025,Pakistan,1,0,0.5928853754940712,0.4,0.6,0.6,0.8,0.2,0.5294117647058824,0.5,253,180,25,25,34,6,HIGH,HIGH,HIGH,MEDIUM
2025-09-26,Botswana,Tanzania,"Takashinga Sports Club, Highfield, Harare",Botswana,bat,T20,2025/26,Tanzania,0,1,0.35,0.5806451612903226,0.2,0.6,0.0,1.0,0.5,0.5,40,62,2,2,0,0,LOW,LOW,LOW,LOW
2025-09-26,Uganda,Zimbabwe,Harare Sports Club,Uganda,bat,T20,2025/26,Zimbabwe,0,1,0.8041237113402062,0.4013157894736842,1.0,0.6,1.0,0.0,0.5,0.25,97,152,1,1,0,48,LOW,LOW,LOW,HIGH
2025-09-26,Malawi,Nigeria,"Takashinga Sports Club, Highfield, Harare",Nigeria,field,T20,2025/26,Nigeria,0,0,0.3870967741935484,0.4729729729729729,0.4,0.0,0.5,0.5,0.5,0.5,31,74,0,0,0,0,LOW,LOW,LOW,LOW
2025-09-26,Namibia,Kenya,Harare Sports Club,Kenya,field,T20,2025/26,Namibia,1,0,0.5921052631578947,0.5402298850574713,0.6,0.4,1.0,0.0,0.5,0.5,76,87,2,2,0,0,LOW,LOW,LOW,LOW
2025-09-27,Nepal,West Indies,Sharjah Cricket Stadium,West Indies,field,T20,2025,Nepal,1,0,0.5934065934065934,0.4368932038834951,0.6,0.2,0.5,0.5,0.5,1.0,91,206,0,0,0,1,LOW,LOW,LOW,LOW
2025-09-28,Tanzania,Uganda,"Takashinga Sports Club, Highfield, Harare",Uganda,field,T20,2025/26,Tanzania,1,0,0.5873015873015873,0.7959183673469388,0.8,0.8,0.1428571428571428,0.8571428571428571,1.0,0.5,63,98,14,14,1,0,MEDIUM,MEDIUM,LOW,LOW
2025-09-28,Malawi,Kenya,"Takashinga Sports Club, Highfield, Harare",Malawi,bat,T20,2025/26,Malawi,1,1,0.375,0.5340909090909091,0.4,0.2,0.0,1.0,0.0,0.5,32,88,1,1,1,0,LOW,LOW,LOW,LOW
2025-09-28,Zimbabwe,Botswana,Harare Sports Club,Botswana,field,T20,2025/26,Zimbabwe,1,0,0.4052287581699346,0.3414634146341463,0.6,0.0,0.5,0.5,0.2653061224489796,0.5,153,41,0,0,49,0,LOW,LOW,HIGH,LOW
2025-09-28,Namibia,Nigeria,Harare Sports Club,Nigeria,field,T20,2025/26,Namibia,1,0,0.5974025974025974,0.48,0.6,0.2,0.5,0.5,1.0,0.5,77,75,2,2,1,0,LOW,LOW,LOW,LOW
2025-09-28,Pakistan,India,Dubai International Cricket Stadium,India,field,T20,2025,India,0,0,0.594488188976378,0.6952789699570815,0.6,1.0,0.2142857142857142,0.7857142857142857,0.5428571428571428,0.6666666666666666,254,233,14,14,35,12,MEDIUM,MEDIUM,HIGH,MEDIUM
2025-09-29,Nepal,West Indies,Sharjah Cricket Stadium,Nepal,bat,T20,2025,Nepal,1,1,0.5978260869565217,0.4347826086956521,0.6,0.2,1.0,0.0,1.0,0.5,92,207,1,1,1,2,LOW,LOW,LOW,LOW
2025-09-29,Kuwait,Oman,Al Amerat Cricket Ground Oman Cricket (Ministry Turf 1),Oman,field,T20,2025/26,Oman,0,0,0.6229508196721312,0.4597701149425287,0.6,0.0,0.3333333333333333,0.6666666666666666,0.7777777777777778,0.45,61,87,3,3,9,40,LOW,LOW,MEDIUM,HIGH
2025-09-30,Malawi,Namibia,Harare Sports Club,Malawi,bat,T20,2025/26,Namibia,0,1,0.3939393939393939,0.6025641025641025,0.4,0.6,0.5,0.5,0.5,1.0,33,78,0,0,0,2,LOW,LOW,LOW,LOW
2025-09-30,Nepal,West Indies,Sharjah Cricket Stadium,West Indies,field,T20,2025,West Indies,0,0,0.6021505376344086,0.4326923076923077,0.8,0.2,1.0,0.0,1.0,0.3333333333333333,93,208,2,2,2,3,LOW,LOW,LOW,LOW
2025-09-30,Nigeria,Kenya,"Takashinga Sports Club, Highfield, Harare",Nigeria,bat,T20,2025/26,Kenya,0,1,0.4736842105263157,0.5280898876404494,0.2,0.2,0.2307692307692307,0.7692307692307693,1.0,0.0,76,89,13,13,1,1,MEDIUM,MEDIUM,LOW,LOW
2025-09-30,Zimbabwe,Tanzania,Harare Sports Club,Tanzania,field,T20,2025/26,Zimbabwe,1,0,0.4090909090909091,0.59375,0.8,0.8,1.0,0.0,0.28,0.5,154,64,2,2,50,0,LOW,LOW,HIGH,LOW
2025-09-30,Botswana,Uganda,"Takashinga Sports Club, Highfield, Harare",Uganda,field,T20,2025/26,Uganda,0,0,0.3333333333333333,0.7878787878787878,0.0,0.6,0.0,1.0,0.0,0.0,42,99,7,7,1,1,MEDIUM,MEDIUM,LOW,LOW
2025-10-01,New Zealand,Australia,"Bay Oval, Mount Maunganui",Australia,field,T20,2025/26,Australia,0,0,0.5648148148148148,0.5841584158415841,1.0,0.8,0.2777777777777778,0.7222222222222222,0.8,0.5,216,202,18,18,5,0,MEDIUM,MEDIUM,MEDIUM,LOW
2025-10-02,Namibia,Tanzania,Harare Sports Club,Tanzania,field,T20,2025/26,Namibia,1,0,0.6075949367088608,0.5846153846153846,0.8,0.8,1.0,0.0,1.0,0.0,79,65,2,2,3,1,LOW,LOW,LOW,LOW
2025-10-02,Nigeria,Botswana,"Takashinga Sports Club, Highfield, Harare",Nigeria,bat,T20,2025/26,Nigeria,1,1,0.4675324675324675,0.3255813953488372,0.2,0.0,0.8,0.2,0.5,0.0,77,43,5,5,2,2,MEDIUM,MEDIUM,LOW,LOW
2025-10-02,Kenya,Zimbabwe,Harare Sports Club,Kenya,bat,T20,2025/26,Zimbabwe,0,1,0.5333333333333333,0.4129032258064516,0.4,0.8,0.0,1.0,0.0,0.2941176470588235,90,155,3,3,1,51,LOW,LOW,LOW,HIGH
2025-10-02,Uganda,Malawi,"Takashinga Sports Club, Highfield, Harare",Uganda,bat,T20,2025/26,Uganda,1,1,0.79,0.3823529411764705,0.6,0.4,1.0,0.0,0.5,0.5,100,34,1,1,2,2,LOW,LOW,LOW,LOW
2025-10-04,Malawi,Botswana,"Takashinga Sports Club, Highfield, Harare",Malawi,bat,T20,2025/26,Malawi,1,1,0.3714285714285714,0.3181818181818182,0.2,0.0,0.5,0.5,0.3333333333333333,0.0,35,44,0,0,3,3,LOW,LOW,LOW,LOW
2025-10-04,Uganda,Nigeria,"Takashinga Sports Club, Highfield, Harare",Uganda,bat,T20,2025/26,Uganda,1,1,0.7920792079207921,0.4743589743589743,0.6,0.4,1.0,0.0,0.6666666666666666,0.6666666666666666,101,78,12,12,3,3,MEDIUM,MEDIUM,LOW,LOW
2025-10-04,Kenya,Tanzania,Harare Sports Club,Tanzania,field,T20,2025/26,Kenya,1,0,0.5274725274725275,0.5757575757575758,0.4,0.6,0.5,0.5,0.0,0.0,91,66,4,4,2,2,LOW,LOW,LOW,LOW
2025-10-04,New Zealand,Australia,"Bay Oval, Mount Maunganui",Australia,field,T20,2025/26,Australia,0,0,0.5622119815668203,0.5862068965517241,0.8,0.8,0.2631578947368421,0.7368421052631579,0.6666666666666666,1.0,217,203,19,19,6,1,MEDIUM,MEDIUM,MEDIUM,LOW
2025-10-04,Namibia,Zimbabwe,Harare Sports Club,Zimbabwe,field,T20,2025/26,Zimbabwe,0,0,0.6125,0.4166666666666667,1.0,0.8,0.5,0.5,1.0,0.3076923076923077,80,156,16,16,4,52,MEDIUM,MEDIUM,LOW,HIGH
2025-10-08,Qatar,United Arab Emirates,Al Amerat Cricket Ground Oman Cricket (Ministry Turf 1),Qatar,bat,T20,2025/26,United Arab Emirates,0,1,0.5,0.5636363636363636,0.4,0.2,0.0,1.0,0.3333333333333333,0.7333333333333333,44,110,4,4,3,15,LOW,LOW,LOW,MEDIUM
2025-10-08,Nepal,Kuwait,Al Amerat Cricket Ground Oman Cricket (Ministry Turf 1),Kuwait,field,T20,2025/26,Nepal,1,0,0.5957446808510638,0.6129032258064516,0.6,0.6,0.6666666666666666,0.3333333333333333,0.5333333333333333,0.7,94,62,3,3,15,10,LOW,LOW,MEDIUM,MEDIUM
2025-10-08,Samoa,Oman,Al Amerat Cricket Ground Oman Cricket (Ministry Turf 2),Oman,field,T20,2025/26,Oman,0,0,0.2352941176470588,0.4659090909090909,0.0,0.2,0.5,0.5,0.5,0.6,17,88,0,0,0,5,LOW,LOW,LOW,MEDIUM
2025-10-09,Malaysia,Qatar,Al Amerat Cricket Ground Oman Cricket (Ministry Turf 2),Qatar,field,T20,2025/26,Qatar,0,0,0.5789473684210527,0.4888888888888889,1.0,0.4,0.3333333333333333,0.6666666666666666,0.5,0.3333333333333333,95,45,3,3,2,3,LOW,LOW,LOW,LOW
2025-10-09,Kuwait,Japan,Al Amerat Cricket Ground Oman Cricket (Ministry Turf 1),Japan,field,T20,2025/26,Japan,0,0,0.6031746031746031,0.7,0.4,0.8,0.5,0.5,0.6363636363636364,0.5,63,40,0,0,11,0,LOW,LOW,MEDIUM,LOW
2025-10-09,Papua New Guinea,Samoa,Al Amerat Cricket Ground Oman Cricket (Ministry Turf 1),Papua New Guinea,bat,T20,2025/26,Samoa,0,1,0.5272727272727272,0.2222222222222222,0.2,0.0,0.5,0.5,0.1666666666666666,0.5,55,18,0,0,6,0,LOW,LOW,MEDIUM,LOW
2025-10-10,Oman,Papua New Guinea,Al Amerat Cricket Ground Oman Cricket (Ministry Turf 1),Papua New Guinea,field,T20,2025/26,Oman,1,0,0.4719101123595505,0.5178571428571429,0.4,0.2,0.75,0.25,0.4634146341463415,0.1428571428571428,89,56,4,4,41,7,LOW,LOW,HIGH,MEDIUM
2025-10-10,Malaysia,United Arab Emirates,Al Amerat Cricket Ground Oman Cricket (Ministry Turf 2),United Arab Emirates,field,T20,2025/26,United Arab Emirates,0,0,0.5729166666666666,0.5675675675675675,0.8,0.4,0.5,0.5,0.3333333333333333,0.8,96,111,0,0,3,5,LOW,LOW,LOW,MEDIUM
2025-10-10,Japan,Nepal,Al Amerat Cricket Ground Oman Cricket (Ministry Turf 1),Nepal,field,T20,2025/26,Nepal,0,0,0.7073170731707317,0.6,0.8,0.6,0.5,0.5,1.0,0.5625,41,95,0,0,1,16,LOW,LOW,LOW,MEDIUM
2025-10-11,South Africa,Namibia,"Namibia Cricket Ground, Windhoek",South Africa,bat,T20,2025/26,Namibia,0,1,0.5477386934673367,0.6049382716049383,0.4,0.8,0.5,0.5,0.5,1.0,199,81,0,0,0,3,LOW,LOW,LOW,LOW
2025-10-12,Japan,Samoa,Al Amerat Cricket Ground Oman Cricket (Ministry Turf 1),Samoa,field,T20,2025/26,Japan,1,0,0.6904761904761905,0.2631578947368421,0.6,0.2,0.5,0.5,0.5,1.0,42,19,0,0,2,1,LOW,LOW,LOW,LOW
2025-10-12,Nepal,United Arab Emirates,Al Amerat Cricket Ground Oman Cricket (Ministry Turf 1),Nepal,bat,T20,2025/26,Nepal,1,1,0.6041666666666666,0.5714285714285714,0.8,0.6,0.5,0.5,0.5882352941176471,0.75,96,112,10,10,17,16,MEDIUM,MEDIUM,MEDIUM,MEDIUM
2025-10-12,Oman,Qatar,Al Amerat Cricket Ground Oman Cricket (Ministry Turf 2),Qatar,field,T20,2025/26,Oman,1,0,0.4777777777777778,0.5,0.6,0.6,1.0,0.0,0.6666666666666666,0.5,90,46,1,1,6,4,LOW,LOW,MEDIUM,LOW
2025-10-13,United Arab Emirates,Oman,Al Amerat Cricket Ground Oman Cricket (Ministry Turf 1),United Arab Emirates,bat,T20,2025/26,Oman,0,1,0.5663716814159292,0.4835164835164835,0.6,0.8,0.5555555555555556,0.4444444444444444,0.7058823529411765,0.4761904761904761,113,91,9,9,17,42,MEDIUM,MEDIUM,MEDIUM,HIGH
2025-10-13,Nepal,Qatar,Al Amerat Cricket Ground Oman Cricket (Ministry Turf 1),Qatar,field,T20,2025/26,Nepal,1,0,0.6082474226804123,0.4893617021276595,0.8,0.6,0.6666666666666666,0.3333333333333333,0.6111111111111112,0.25,97,47,3,3,18,4,LOW,LOW,MEDIUM,LOW
2025-10-15,United Arab Emirates,Samoa,Al Amerat Cricket Ground Oman Cricket (Ministry Turf 1),Samoa,field,T20,2025/26,United Arab Emirates,1,0,0.5614035087719298,0.25,0.4,0.2,0.5,0.5,0.6666666666666666,0.5,114,20,0,0,18,2,LOW,LOW,MEDIUM,LOW
2025-10-15,Japan,Qatar,Al Amerat Cricket Ground Oman Cricket (Ministry Turf 2),Qatar,field,T20,2025/26,Qatar,0,0,0.6976744186046512,0.4791666666666667,0.8,0.4,0.5,0.5,0.5,0.4,43,48,0,0,0,5,LOW,LOW,LOW,MEDIUM
2025-10-15,Nepal,Oman,Al Amerat Cricket Ground Oman Cricket (Ministry Turf 1),Nepal,bat,T20,2025/26,Nepal,1,1,0.6122448979591837,0.4891304347826087,0.8,1.0,0.7142857142857143,0.2857142857142857,0.631578947368421,0.4883720930232558,98,92,7,7,19,43,MEDIUM,MEDIUM,MEDIUM,HIGH
2025-10-16,Samoa,Qatar,Al Amerat Cricket Ground Oman Cricket (Ministry Turf 1),Qatar,field,T20,2025/26,Qatar,0,0,0.238095238095238,0.4897959183673469,0.2,0.4,0.5,0.5,0.3333333333333333,0.2,21,49,0,0,3,5,LOW,LOW,LOW,MEDIUM
2025-10-16,Japan,United Arab Emirates,Al Amerat Cricket Ground Oman Cricket (Ministry Turf 1),United Arab Emirates,field,T20,2025/26,United Arab Emirates,0,0,0.6818181818181818,0.5652173913043478,0.6,0.6,0.5,0.5,0.6666666666666666,0.6842105263157895,44,115,0,0,3,19,LOW,LOW,LOW,MEDIUM
2025-10-17,Japan,Oman,Al Amerat Cricket Ground Oman Cricket (Ministry Turf 2),Oman,field,T20,2025/26,Oman,0,0,0.6666666666666666,0.4838709677419355,0.4,0.8,0.5,0.5,0.0,0.7142857142857143,45,93,0,0,1,7,LOW,LOW,LOW,MEDIUM
2025-10-17,Nepal,Samoa,Al Amerat Cricket Ground Oman Cricket (Ministry Turf 1),Samoa,field,T20,2025/26,Nepal,1,0,0.6161616161616161,0.2272727272727272,1.0,0.2,0.5,0.5,0.65,0.25,99,22,0,0,20,4,LOW,LOW,HIGH,LOW
2025-10-18,Romania,Austria,"Moara Vlasiei Cricket Ground, Ilfov County",Austria,field,T20,2025/26,Austria,0,0,0.64,0.7272727272727273,0.6,0.8,0.6666666666666666,0.3333333333333333,0.6842105263157895,0.6666666666666666,49,54,2,2,18,2,LOW,LOW,MEDIUM,LOW
2025-10-18,Austria,Romania,"Moara Vlasiei Cricket Ground, Ilfov County",Austria,bat,T20,2025/26,Romania,0,1,0.7407407407407407,0.6326530612244898,1.0,0.6,0.5,0.5,1.0,0.6666666666666666,55,50,3,3,3,19,LOW,LOW,LOW,MEDIUM
2025-10-19,Romania,Austria,"Moara Vlasiei Cricket Ground, Ilfov County",Austria,field,T20,2025/26,Austria,0,0,0.6153846153846154,0.7368421052631579,0.4,0.8,0.4,0.6,0.6190476190476191,0.8,51,56,4,4,20,4,LOW,LOW,HIGH,LOW
2025-10-19,Austria,Romania,"Moara Vlasiei Cricket Ground, Ilfov County",Romania,field,T20,2025/26,Austria,1,0,0.7321428571428571,0.6274509803921569,0.8,0.6,0.5,0.5,0.75,0.65,57,52,5,5,5,21,MEDIUM,MEDIUM,MEDIUM,HIGH
2025-10-20,England,New Zealand,"Hagley Oval, Christchurch",New Zealand,field,T20,2025/26,England,1,0,0.5454545454545454,0.5596330275229358,0.8,0.6,0.6,0.4,0.5,0.625,198,218,25,25,0,8,HIGH,HIGH,LOW,MEDIUM
2025-10-27,West Indies,Bangladesh,"Bir Sreshtho Flight Lieutenant Matiur Rahman Stadium, Chattogram",West Indies,bat,T20,2025/26,West Indies,1,1,0.4354066985645933,0.3977900552486187,0.4,0.4,0.5294117647058824,0.4705882352941176,0.5,0.5,209,181,17,17,0,0,MEDIUM,MEDIUM,LOW,LOW
2025-10-28,South Africa,Pakistan,Rawalpindi Cricket Stadium,Pakistan,field,T20,2025/26,South Africa,1,0,0.545,0.592156862745098,0.4,0.6,0.4782608695652174,0.5217391304347826,0.5,0.6666666666666666,200,255,23,23,0,6,HIGH,HIGH,LOW,MEDIUM
2025-10-29,West Indies,Bangladesh,"Bir Sreshtho Flight Lieutenant Matiur Rahman Stadium, Chattogram",West Indies,bat,T20,2025/26,West Indies,1,1,0.4380952380952381,0.3956043956043956,0.4,0.2,0.5555555555555556,0.4444444444444444,1.0,0.0,210,182,18,18,1,1,MEDIUM,MEDIUM,LOW,LOW
2025-10-31,Cyprus,Serbia,Happy Valley Ground,Cyprus,bat,T20,2025/26,Cyprus,1,1,0.52,0.3214285714285714,1.0,0.4,0.0,1.0,0.4545454545454545,0.5,25,28,1,1,11,0,LOW,LOW,MEDIUM,LOW
2025-10-31,Cyprus,Serbia,Happy Valley Ground 2,Cyprus,bat,T20,2025/26,Cyprus,1,1,0.5384615384615384,0.3103448275862069,1.0,0.4,0.5,0.5,0.5,0.5,26,29,2,2,0,0,LOW,LOW,LOW,LOW
2025-10-31,India,Australia,Melbourne Cricket Ground,Australia,field,T20,2025/26,Australia,0,0,0.6965811965811965,0.5882352941176471,1.0,0.8,0.6451612903225806,0.3548387096774194,0.8,0.6428571428571429,234,204,31,31,5,14,HIGH,HIGH,MEDIUM,MEDIUM
2025-10-31,South Africa,Pakistan,"Gaddafi Stadium, Lahore",Pakistan,field,T20,2025/26,Pakistan,0,0,0.5472636815920398,0.58984375,0.4,0.4,0.5,0.5,0.5,0.5833333333333334,201,256,24,24,0,12,HIGH,HIGH,LOW,MEDIUM
2025-10-31,Bangladesh,West Indies,"Bir Sreshtho Flight Lieutenant Matiur Rahman Stadium, Chattogram",Bangladesh,bat,T20,2025/26,West Indies,0,1,0.3934426229508196,0.4407582938388625,0.2,0.6,0.4210526315789473,0.5789473684210527,0.0,1.0,183,211,19,19,2,2,MEDIUM,MEDIUM,LOW,LOW
2025-11-01,South Africa,Pakistan,"Gaddafi Stadium, Lahore",Pakistan,field,T20,2025/26,Pakistan,0,0,0.5445544554455446,0.5914396887159533,0.4,0.6,0.48,0.52,0.0,0.6153846153846154,202,257,25,25,1,13,HIGH,HIGH,LOW,MEDIUM
2025-11-01,Serbia,Bulgaria,Happy Valley Ground 2,Bulgaria,field,T20,2025/26,Bulgaria,0,0,0.3,0.35,0.4,0.6,0.375,0.625,0.0,0.5,30,40,8,8,1,0,MEDIUM,MEDIUM,LOW,LOW
2025-11-01,Bulgaria,Serbia,Happy Valley Ground 2,Serbia,field,T20,2025/26,Bulgaria,1,0,0.3658536585365853,0.2903225806451613,0.8,0.4,0.6666666666666666,0.3333333333333333,1.0,0.0,41,31,9,9,1,2,MEDIUM,MEDIUM,LOW,LOW
2025-11-02,Australia,India,"Bellerive Oval, Hobart",India,field,T20,2025/26,India,0,0,0.5902439024390244,0.6936170212765957,0.8,0.8,0.375,0.625,1.0,0.5,205,235,32,32,2,0,HIGH,HIGH,LOW,LOW
2025-11-02,Bulgaria,Cyprus,Happy Valley Ground 2,Cyprus,field,T20,2025/26,Cyprus,0,0,0.3809523809523809,0.5555555555555556,0.8,1.0,0.5,0.5,1.0,1.0,42,27,0,0,2,1,LOW,LOW,LOW,LOW
2025-11-02,Cyprus,Bulgaria,Happy Valley Ground 2,Bulgaria,field,T20,2025/26,Cyprus,1,0,0.5714285714285714,0.3720930232558139,1.0,0.6,1.0,0.0,1.0,0.6666666666666666,28,43,1,1,2,3,LOW,LOW,LOW,LOW
2025-11-03,Bulgaria,Cyprus,Happy Valley Ground 2,Bulgaria,bat,T20,2025/26,Cyprus,0,1,0.3636363636363636,0.5862068965517241,0.6,1.0,0.0,1.0,0.5,1.0,44,29,2,2,4,3,LOW,LOW,LOW,LOW
2025-11-03,Bulgaria,Cyprus,Happy Valley Ground 2,Bulgaria,bat,T20,2025/26,Cyprus,0,1,0.3555555555555555,0.6,0.4,1.0,0.0,1.0,0.4,1.0,45,30,3,3,5,4,LOW,LOW,MEDIUM,LOW
2025-11-05,West Indies,New Zealand,"Eden Park, Auckland",New Zealand,field,T20,2025/26,West Indies,1,0,0.4433962264150943,0.5570776255707762,0.8,0.4,0.3333333333333333,0.6666666666666666,0.5,0.25,212,219,15,15,0,4,MEDIUM,MEDIUM,LOW,LOW
2025-11-06,Timor-Leste,Indonesia,Udayana Cricket Ground,Timor-Leste,bat,T20,2025/26,Indonesia,0,1,0.5,0.453125,0.5,0.4,0.5,0.5,0.5,0.5,0,64,0,0,0,42,LOW,LOW,LOW,HIGH
2025-11-06,India,Australia,Carrara Oval,Australia,field,T20,2025/26,India,1,0,0.6949152542372882,0.587378640776699,0.8,0.8,0.6363636363636364,0.3636363636363636,0.5,0.5,236,206,33,33,0,2,HIGH,HIGH,LOW,LOW
2025-11-06,Myanmar,Indonesia,Udayana Cricket Ground,Myanmar,bat,T20,2025/26,Indonesia,0,1,0.0588235294117647,0.4615384615384615,0.0,0.4,0.0,1.0,0.0,0.5116279069767442,17,65,6,6,6,43,MEDIUM,MEDIUM,MEDIUM,HIGH
2025-11-06,New Zealand,West Indies,"Eden Park, Auckland",West Indies,field,T20,2025/26,New Zealand,1,0,0.5545454545454546,0.4460093896713615,0.2,1.0,0.625,0.375,0.2,1.0,220,213,16,16,5,1,MEDIUM,MEDIUM,MEDIUM,LOW
2025-11-07,Timor-Leste,Myanmar,Udayana Cricket Ground,Timor-Leste,bat,T20,2025/26,Myanmar,0,1,0.0,0.0555555555555555,0.0,0.0,0.5,0.5,0.0,0.0,1,18,0,0,1,7,LOW,LOW,LOW,MEDIUM
2025-11-08,Indonesia,Myanmar,Udayana Cricket Ground,Indonesia,bat,T20,2025/26,Indonesia,1,1,0.4776119402985074,0.1052631578947368,0.8,0.2,1.0,0.0,0.5333333333333333,0.125,66,19,7,7,44,8,MEDIUM,MEDIUM,HIGH,MEDIUM
2025-11-08,Timor-Leste,Indonesia,Udayana Cricket Ground,Indonesia,field,T20,2025/26,Indonesia,0,0,0.0,0.4696969696969697,0.0,0.6,0.0,1.0,0.0,0.5227272727272727,2,67,1,1,2,45,LOW,LOW,LOW,HIGH
2025-11-09,Timor-Leste,Myanmar,Udayana Cricket Ground,Timor-Leste,bat,T20,2025/26,Myanmar,0,1,0.0,0.1,0.0,0.2,0.0,1.0,0.0,0.1111111111111111,3,20,1,1,3,9,LOW,LOW,LOW,MEDIUM
2025-11-09,New Zealand,West Indies,"Saxton Oval, Nelson",New Zealand,bat,T20,2025/26,New Zealand,1,1,0.5565610859728507,0.4439252336448598,0.2,0.8,0.6470588235294118,0.3529411764705882,0.0,0.5,221,214,17,17,1,0,MEDIUM,MEDIUM,LOW,LOW
2025-11-11,Myanmar,Indonesia,Udayana Cricket Ground,Indonesia,field,T20,2025/26,Indonesia,0,0,0.1428571428571428,0.4852941176470588,0.4,1.0,0.0,1.0,0.2,0.5434782608695652,21,68,8,8,10,46,MEDIUM,MEDIUM,MEDIUM,HIGH
2025-11-11,Timor-Leste,Indonesia,Udayana Cricket Ground,Timor-Leste,bat,T20,2025/26,Indonesia,0,1,0.0,0.4927536231884058,0.0,1.0,0.0,1.0,0.0,0.5531914893617021,4,69,2,2,4,47,LOW,LOW,LOW,HIGH
2025-11-12,Qatar,Hong Kong,"West End Park International Cricket Stadium, Doha",Qatar,bat,T20,2025/26,Qatar,1,1,0.5,0.4711538461538461,0.6,0.4,0.2,0.8,0.6666666666666666,0.5,50,104,5,5,15,0,MEDIUM,MEDIUM,MEDIUM,LOW
2025-11-12,Myanmar,Timor-Leste,Udayana Cricket Ground,Myanmar,bat,T20,2025/26,Myanmar,1,1,0.1363636363636363,0.0,0.4,0.0,1.0,0.0,0.1818181818181818,0.0,22,5,2,2,11,5,LOW,LOW,MEDIUM,MEDIUM
2025-11-13,Hong Kong,Qatar,University of Doha for Science and Technology,Qatar,field,T20,2025/26,Hong Kong,1,0,0.4666666666666667,0.5098039215686274,0.2,0.6,0.6666666666666666,0.3333333333333333,0.5,0.8,105,51,6,6,2,5,MEDIUM,MEDIUM,LOW,MEDIUM
2025-11-13,Timor-Leste,Indonesia,Udayana Cricket Ground,Indonesia,field,T20,2025/26,Indonesia,0,0,0.0,0.5,0.0,1.0,0.0,1.0,0.0,0.5625,6,70,3,3,6,48,LOW,LOW,MEDIUM,HIGH
2025-11-13,West Indies,New Zealand,"University Oval, Dunedin",New Zealand,field,T20,2025/26,New Zealand,0,0,0.4418604651162791,0.5585585585585585,0.6,0.4,0.3333333333333333,0.6666666666666666,0.5,1.0,215,222,18,18,0,3,MEDIUM,MEDIUM,LOW,LOW
2025-11-13,Myanmar,Indonesia,Udayana Cricket Ground,Myanmar,bat,T20,2025/26,Indonesia,0,1,0.1739130434782608,0.5070422535211268,0.6,1.0,0.0,1.0,0.25,0.5714285714285714,23,71,9,9,12,49,MEDIUM,MEDIUM,MEDIUM,HIGH
2025-11-14,Myanmar,Timor-Leste,Udayana Cricket Ground,Myanmar,bat,T20,2025/26,Myanmar,1,1,0.1666666666666666,0.0,0.4,0.0,1.0,0.0,0.2307692307692307,0.0,24,7,3,3,13,7,LOW,LOW,MEDIUM,MEDIUM
2025-11-16,United Arab Emirates,Oman,"West End Park International Cricket Stadium, Doha",United Arab Emirates,bat,T20,2025/26,Oman,0,1,0.5689655172413793,0.4893617021276595,0.6,0.8,0.5,0.5,0.6666666666666666,0.6666666666666666,116,94,10,10,6,3,MEDIUM,MEDIUM,MEDIUM,LOW
2025-11-18,Bahrain,Indonesia,Udayana Cricket Ground,Indonesia,field,T20,2025/26,Bahrain,1,0,0.6162790697674418,0.5138888888888888,1.0,1.0,0.8,0.2,0.8,0.58,86,72,5,5,5,50,MEDIUM,MEDIUM,MEDIUM,HIGH
2025-11-18,Zimbabwe,Pakistan,Rawalpindi Cricket Stadium,Pakistan,field,T20,2025/26,Pakistan,0,0,0.4203821656050955,0.5930232558139535,1.0,0.6,0.15,0.85,0.0,0.5714285714285714,157,258,20,20,3,7,HIGH,HIGH,LOW,MEDIUM
2025-11-19,Bahrain,Indonesia,Udayana Cricket Ground,Indonesia,field,T20,2025/26,Bahrain,1,0,0.6206896551724138,0.5068493150684932,1.0,0.8,0.8333333333333334,0.1666666666666666,0.8333333333333334,0.5686274509803921,87,73,6,6,6,51,MEDIUM,MEDIUM,MEDIUM,HIGH
2025-11-20,Zimbabwe,Sri Lanka,Rawalpindi Cricket Stadium,Sri Lanka,field,T20,2025/26,Zimbabwe,1,0,0.4177215189873418,0.4489795918367347,0.8,0.6,0.25,0.75,0.0,0.5,158,196,8,8,4,0,MEDIUM,MEDIUM,LOW,LOW
2025-11-21,Indonesia,Bahrain,Udayana Cricket Ground,Bahrain,field,T20,2025/26,Bahrain,0,0,0.5,0.625,0.6,1.0,0.1428571428571428,0.8571428571428571,0.5576923076923077,0.8571428571428571,74,88,7,7,52,7,MEDIUM,MEDIUM,HIGH,MEDIUM
2025-11-22,Sri Lanka,Pakistan,Rawalpindi Cricket Stadium,Sri Lanka,bat,T20,2025/26,Pakistan,0,1,0.4467005076142132,0.5945945945945946,0.4,0.6,0.4166666666666667,0.5833333333333334,0.0,0.625,197,259,24,24,1,8,HIGH,HIGH,LOW,MEDIUM
2025-11-23,Pakistan,Zimbabwe,Rawalpindi Cricket Stadium,Pakistan,bat,T20,2025/26,Pakistan,1,1,0.5961538461538461,0.4213836477987421,0.8,0.8,0.8571428571428571,0.1428571428571428,0.6666666666666666,0.2,260,159,21,21,9,5,HIGH,HIGH,MEDIUM,MEDIUM
2025-11-25,Bahrain,Malaysia,"Bayuemas Oval, Kuala Lumpur",Malaysia,field,T20,2025/26,Malaysia,0,0,0.6292134831460674,0.5670103092783505,1.0,0.6,0.7142857142857143,0.2857142857142857,1.0,0.6071428571428571,89,97,7,7,9,28,MEDIUM,MEDIUM,MEDIUM,HIGH
2025-11-25,Zimbabwe,Sri Lanka,Rawalpindi Cricket Stadium,Zimbabwe,bat,T20,2025/26,Sri Lanka,0,1,0.41875,0.4444444444444444,0.6,0.2,0.3333333333333333,0.6666666666666666,0.1666666666666666,0.0,160,198,9,9,6,2,MEDIUM,MEDIUM,MEDIUM,LOW
2025-11-27,Sri Lanka,Pakistan,Rawalpindi Cricket Stadium,Pakistan,field,T20,2025/26,Sri Lanka,1,0,0.4472361809045226,0.5977011494252874,0.2,1.0,0.4,0.6,0.3333333333333333,0.7,199,261,25,25,3,10,HIGH,HIGH,LOW,MEDIUM
2025-11-27,Ireland,Bangladesh,"Bir Sreshtho Flight Lieutenant Matiur Rahman Stadium, Chattogram",Bangladesh,field,T20,2025/26,Ireland,1,0,0.4586466165413533,0.391304347826087,0.2,0.0,0.4,0.6,0.5,0.0,133,184,5,5,0,3,MEDIUM,MEDIUM,LOW,LOW
2025-11-28,Brazil,Argentina,"St Albans Club, Buenos Aires",Brazil,bat,T20,2025/26,Argentina,0,1,0.3333333333333333,0.4761904761904761,0.2,0.8,0.0,1.0,0.5,0.6666666666666666,9,21,1,1,2,3,LOW,LOW,LOW,LOW
2025-11-29,Ireland,Bangladesh,"Bir Sreshtho Flight Lieutenant Matiur Rahman Stadium, Chattogram",Ireland,bat,T20,2025/26,Bangladesh,0,1,0.4626865671641791,0.3891891891891892,0.2,0.0,0.5,0.5,1.0,0.0,134,185,6,6,1,4,MEDIUM,MEDIUM,LOW,LOW
2025-11-29,Sri Lanka,Pakistan,Rawalpindi Cricket Stadium,Pakistan,field,T20,2025/26,Pakistan,0,0,0.45,0.5954198473282443,0.4,0.8,0.4230769230769231,0.5769230769230769,0.5,0.6363636363636364,200,262,26,26,4,11,HIGH,HIGH,LOW,MEDIUM
2025-11-30,Argentina,Brazil,"St Albans Club, Buenos Aires",Brazil,field,T20,2025/26,Argentina,1,0,0.5,0.3,0.8,0.2,1.0,0.0,0.75,0.3333333333333333,22,10,2,2,4,3,LOW,LOW,LOW,LOW
2025-11-30,Thailand,Bahrain,"Bayuemas Oval, Kuala Lumpur",Bahrain,field,T20,2025/26,Bahrain,0,0,0.42,0.6222222222222222,0.4,0.8,1.0,0.0,0.3,0.9,50,90,1,1,10,10,LOW,LOW,MEDIUM,MEDIUM
2025-12-02,Ireland,Bangladesh,"Bir Sreshtho Flight Lieutenant Matiur Rahman Stadium, Chattogram",Ireland,bat,T20,2025/26,Bangladesh,0,1,0.4592592592592592,0.3924731182795699,0.2,0.2,0.4285714285714285,0.5714285714285714,0.5,0.2,135,186,7,7,2,5,MEDIUM,MEDIUM,LOW,MEDIUM
2025-12-04,Sierra Leone,Rwanda,"Nigeria Cricket Federation Oval 1, Abuja",Rwanda,field,T20,2025/26,Rwanda,0,0,0.4137931034482758,0.2891566265060241,0.6,0.2,0.3333333333333333,0.6666666666666666,1.0,0.5,29,83,3,3,1,0,LOW,LOW,LOW,LOW
2025-12-04,Nigeria,Zambia,"Nigeria Cricket Federation Oval 1, Abuja",Zambia,field,T20,2025/26,Nigeria,1,0,0.4683544303797468,0.5,0.4,0.5,0.5,0.5,1.0,0.5,79,0,0,0,1,0,LOW,LOW,LOW,LOW
2025-12-05,Nigeria,Sierra Leone,"Nigeria Cricket Federation Oval 1, Abuja",Nigeria,bat,T20,2025/26,Nigeria,1,1,0.475,0.4,0.4,0.4,0.9,0.1,1.0,0.5,80,30,10,10,2,2,MEDIUM,MEDIUM,LOW,LOW
2025-12-05,Zambia,Rwanda,"Nigeria Cricket Federation Oval 1, Abuja",Rwanda,field,T20,2025/26,Rwanda,0,0,0.0,0.2976190476190476,0.0,0.4,0.5,0.5,0.0,1.0,1,84,0,0,1,1,LOW,LOW,LOW,LOW
2025-12-05,Croatia,Spain,La Manga Club Top Ground,Croatia,bat,T20,2025/26,Spain,0,1,0.1739130434782608,0.8055555555555556,0.0,1.0,0.0,1.0,0.5,1.0,23,36,5,5,0,2,MEDIUM,MEDIUM,LOW,LOW
2025-12-06,Nigeria,Rwanda,"Nigeria Cricket Federation Oval 1, Abuja",Rwanda,field,T20,2025/26,Nigeria,1,0,0.4814814814814814,0.3058823529411765,0.6,0.4,0.8571428571428571,0.1428571428571428,1.0,1.0,81,85,7,7,3,2,MEDIUM,MEDIUM,LOW,LOW
2025-12-06,Zambia,Sierra Leone,"Nigeria Cricket Federation Oval 1, Abuja",Zambia,bat,T20,2025/26,Zambia,1,1,0.0,0.3870967741935484,0.0,0.4,0.5,0.5,0.0,0.3333333333333333,2,31,0,0,2,3,LOW,LOW,LOW,LOW
2025-12-06,Spain,Croatia,La Manga Club Top Ground,Spain,bat,T20,2025/26,Spain,1,1,0.8108108108108109,0.1666666666666666,1.0,0.0,1.0,0.0,1.0,0.0,37,24,6,6,3,1,MEDIUM,MEDIUM,LOW,LOW
2025-12-06,Croatia,Spain,La Manga Club Top Ground,Spain,field,T20,2025/26,Spain,0,0,0.16,0.8157894736842105,0.0,1.0,0.0,1.0,0.0,1.0,25,38,7,7,2,4,MEDIUM,MEDIUM,LOW,LOW
2025-12-07,Spain,Croatia,La Manga Club Top Ground,Spain,bat,T20,2025/26,Spain,1,1,0.8205128205128205,0.1538461538461538,1.0,0.0,1.0,0.0,1.0,0.0,39,26,8,8,5,3,MEDIUM,MEDIUM,MEDIUM,LOW
2025-12-07,Croatia,Spain,La Manga Club Top Ground,Spain,field,T20,2025/26,Spain,0,0,0.1481481481481481,0.825,0.0,1.0,0.0,1.0,0.0,1.0,27,40,9,9,4,6,MEDIUM,MEDIUM,LOW,MEDIUM
2025-12-07,Sierra Leone,Nigeria,"Nigeria Cricket Federation Oval 1, Abuja",Nigeria,field,T20,2025/26,Nigeria,0,0,0.375,0.4878048780487805,0.2,0.8,0.0909090909090909,0.9090909090909092,0.25,1.0,32,82,11,11,4,4,MEDIUM,MEDIUM,LOW,LOW
2025-12-07,Zambia,Rwanda,"Nigeria Cricket Federation Oval 1, Abuja",Zambia,bat,T20,2025/26,Rwanda,0,1,0.3333333333333333,0.3023255813953488,0.3333333333333333,0.4,0.0,1.0,0.3333333333333333,0.6666666666666666,3,86,1,1,3,3,LOW,LOW,LOW,LOW
2025-12-08,Nigeria,Zambia,"Nigeria Cricket Federation Oval 1, Abuja",Zambia,field,T20,2025/26,Nigeria,1,0,0.4939759036144578,0.25,0.8,0.25,1.0,0.0,1.0,0.25,83,4,1,1,5,4,LOW,LOW,MEDIUM,LOW
2025-12-08,Rwanda,Sierra Leone,"Nigeria Cricket Federation Oval 1, Abuja",Sierra Leone,field,T20,2025/26,Rwanda,1,0,0.3103448275862069,0.3636363636363636,0.6,0.2,0.75,0.25,0.75,0.2,87,33,4,4,4,5,LOW,LOW,LOW,MEDIUM
2025-12-09,Rwanda,Nigeria,"Nigeria Cricket Federation Oval 1, Abuja",Nigeria,field,T20,2025/26,Rwanda,1,0,0.3181818181818182,0.5,0.8,1.0,0.125,0.875,0.8,1.0,88,84,8,8,5,6,MEDIUM,MEDIUM,MEDIUM,MEDIUM
2025-12-09,India,South Africa,"Barabati Stadium, Cuttack",South Africa,field,T20,2025/26,India,1,0,0.6962025316455697,0.541871921182266,0.8,0.2,0.6,0.4,0.0,1.0,237,203,30,30,1,1,HIGH,HIGH,LOW,LOW
2025-12-09,Sierra Leone,Zambia,"Nigeria Cricket Federation Oval 1, Abuja",Sierra Leone,bat,T20,2025/26,Zambia,0,1,0.3529411764705882,0.2,0.0,0.2,0.0,1.0,0.1666666666666666,0.2,34,5,1,1,6,5,LOW,LOW,MEDIUM,MEDIUM
2025-12-09,Bahrain,Bhutan,Gelephu International Cricket Ground,Bhutan,field,T20,2025/26,Bahrain,1,0,0.6263736263736264,0.3333333333333333,0.8,0.0,1.0,0.0,0.5,0.6,91,30,1,1,0,5,LOW,LOW,LOW,MEDIUM
2025-12-09,Malaysia,Philippines,"Terdthai Cricket Ground, Bangkok",Philippines,field,T20,2025/26,Malaysia,1,0,0.5714285714285714,0.4242424242424242,0.6,0.8,0.5,0.5,0.5,0.5,98,33,0,0,0,0,LOW,LOW,LOW,LOW
2025-12-09,Thailand,Indonesia,"Terdthai Cricket Ground, Bangkok",Indonesia,field,T20,2025/26,Indonesia,0,0,0.4117647058823529,0.4933333333333333,0.4,0.4,0.75,0.25,0.625,0.25,51,75,8,8,8,4,MEDIUM,MEDIUM,MEDIUM,LOW
2025-12-10,Indonesia,Malaysia,"Terdthai Cricket Ground, Bangkok",Malaysia,field,T20,2025/26,Malaysia,0,0,0.5,0.5757575757575758,0.4,0.6,0.5,0.5,0.4,1.0,76,99,0,0,5,1,LOW,LOW,MEDIUM,LOW
2025-12-10,Philippines,Singapore,"Terdthai Cricket Ground, Bangkok",Philippines,bat,T20,2025/26,Philippines,1,1,0.4117647058823529,0.360655737704918,0.8,0.2,0.5,0.5,0.0,0.6,34,61,0,0,1,5,LOW,LOW,LOW,MEDIUM
2025-12-11,Zambia,Rwanda,"Nigeria Cricket Federation Oval 1, Abuja",Rwanda,field,T20,2025/26,Zambia,1,0,0.3333333333333333,0.3258426966292135,0.4,0.8,0.0,1.0,0.3333333333333333,0.8333333333333334,6,89,2,2,6,6,LOW,LOW,MEDIUM,MEDIUM
2025-12-11,Nigeria,Sierra Leone,"Nigeria Cricket Federation Oval 1, Abuja",Nigeria,bat,T20,2025/26,Nigeria,1,1,0.4941176470588235,0.3428571428571428,0.8,0.0,0.9166666666666666,0.0833333333333333,0.8571428571428571,0.1428571428571428,85,35,12,12,7,7,MEDIUM,MEDIUM,MEDIUM,MEDIUM
2025-12-11,Philippines,Indonesia,"Terdthai Cricket Ground, Bangkok",Philippines,bat,T20,2025/26,Philippines,1,1,0.4285714285714285,0.4935064935064935,0.8,0.2,0.6363636363636364,0.3636363636363636,0.5,0.3333333333333333,35,77,11,11,2,6,MEDIUM,MEDIUM,LOW,MEDIUM
2025-12-11,South Africa,India,"Maharaja Yadavindra Singh International Cricket Stadium, New Chandigarh",India,field,T20,2025/26,South Africa,1,0,0.5392156862745098,0.6974789915966386,0.2,0.8,0.3870967741935484,0.6129032258064516,0.5,0.5,204,238,31,31,0,0,HIGH,HIGH,LOW,LOW
2025-12-11,Bahrain,Bhutan,Gelephu International Cricket Ground,Bhutan,field,T20,2025/26,Bahrain,1,0,0.6304347826086957,0.3225806451612903,0.8,0.0,1.0,0.0,1.0,0.5,92,31,2,2,1,6,LOW,LOW,LOW,MEDIUM
2025-12-11,Singapore,Thailand,"Terdthai Cricket Ground, Bangkok",Thailand,field,T20,2025/26,Singapore,1,0,0.3548387096774194,0.4038461538461538,0.2,0.4,0.75,0.25,0.5,0.5555555555555556,62,52,4,4,6,9,LOW,LOW,MEDIUM,MEDIUM
2025-12-12,Indonesia,Singapore,"Terdthai Cricket Ground, Bangkok",Singapore,field,T20,2025/26,Singapore,0,0,0.4871794871794871,0.365079365079365,0.2,0.4,0.5,0.5,0.2857142857142857,0.5714285714285714,78,63,0,0,7,7,LOW,LOW,MEDIUM,MEDIUM
2025-12-12,Bahrain,Bhutan,Gelephu International Cricket Ground,Bhutan,field,T20,2025/26,Bahrain,1,0,0.6344086021505376,0.3125,0.8,0.0,1.0,0.0,1.0,0.4285714285714285,93,32,3,3,2,7,LOW,LOW,LOW,MEDIUM
2025-12-12,Rwanda,Sierra Leone,"Nigeria Cricket Federation Oval 1, Abuja",Rwanda,bat,T20,2025/26,Rwanda,1,1,0.3222222222222222,0.3333333333333333,0.6,0.0,0.8,0.2,0.7142857142857143,0.125,90,36,5,5,7,8,MEDIUM,MEDIUM,MEDIUM,MEDIUM
2025-12-12,Thailand,Malaysia,"Terdthai Cricket Ground, Bangkok",Malaysia,field,T20,2025/26,Malaysia,0,0,0.3962264150943396,0.58,0.4,0.6,0.0,1.0,0.5,1.0,53,100,8,8,10,2,MEDIUM,MEDIUM,MEDIUM,LOW
2025-12-12,Nigeria,Zambia,"Nigeria Cricket Federation Oval 1, Abuja",Nigeria,bat,T20,2025/26,Nigeria,1,1,0.5,0.4285714285714285,0.8,0.6,1.0,0.0,0.875,0.4285714285714285,86,7,2,2,8,7,LOW,LOW,MEDIUM,MEDIUM
2025-12-13,Bhutan,Bahrain,Gelephu International Cricket Ground,Bahrain,field,T20,2025/26,Bahrain,0,0,0.303030303030303,0.6382978723404256,0.0,0.8,0.0,1.0,0.375,1.0,33,94,4,4,8,3,LOW,LOW,MEDIUM,LOW
2025-12-13,Zambia,Sierra Leone,"Nigeria Cricket Federation Oval 1, Abuja",Zambia,bat,T20,2025/26,Sierra Leone,0,1,0.375,0.3243243243243243,0.4,0.0,1.0,0.0,0.375,0.1111111111111111,8,37,2,2,8,9,LOW,LOW,MEDIUM,MEDIUM
2025-12-13,Singapore,Malaysia,"Terdthai Cricket Ground, Bangkok",Singapore,bat,T20,2025/26,Malaysia,0,1,0.375,0.5841584158415841,0.4,0.8,0.25,0.75,0.625,1.0,64,101,12,12,8,3,MEDIUM,MEDIUM,MEDIUM,LOW
2025-12-13,Thailand,Philippines,"Terdthai Cricket Ground, Bangkok",Philippines,field,T20,2025/26,Philippines,0,0,0.3888888888888889,0.4444444444444444,0.2,0.8,0.5,0.5,0.4545454545454545,0.6666666666666666,54,36,0,0,11,3,LOW,LOW,MEDIUM,LOW
2025-12-13,Nigeria,Rwanda,"Nigeria Cricket Federation Oval 1, Abuja",Nigeria,bat,T20,2025/26,Nigeria,1,1,0.5057471264367817,0.3296703296703296,0.8,0.8,0.7777777777777778,0.2222222222222222,0.8888888888888888,0.75,87,91,9,9,9,8,MEDIUM,MEDIUM,MEDIUM,MEDIUM
2025-12-14,Nigeria,Rwanda,"Nigeria Cricket Federation Oval 1, Abuja",Nigeria,bat,T20,2025/26,Nigeria,1,1,0.5113636363636364,0.3260869565217391,0.8,0.6,0.8,0.2,0.9,0.6666666666666666,88,92,10,10,10,9,MEDIUM,MEDIUM,MEDIUM,MEDIUM
2025-12-14,Zambia,Sierra Leone,"Nigeria Cricket Federation Oval 1, Abuja",Sierra Leone,field,T20,2025/26,Zambia,1,0,0.3333333333333333,0.3421052631578947,0.4,0.2,0.6666666666666666,0.3333333333333333,0.3333333333333333,0.2,9,38,3,3,9,10,LOW,LOW,MEDIUM,MEDIUM
2025-12-14,South Africa,India,"Himachal Pradesh Cricket Association Stadium, Dharamsala",India,field,T20,2025/26,India,0,0,0.5414634146341464,0.694560669456067,0.4,0.6,0.40625,0.59375,0.5,1.0,205,239,32,32,0,2,HIGH,HIGH,LOW,LOW
2025-12-19,India,South Africa,"Narendra Modi Stadium, Ahmedabad",South Africa,field,T20,2025/26,India,1,0,0.6958333333333333,0.5388349514563107,0.8,0.2,0.6060606060606061,0.3939393939393939,1.0,0.5,240,206,33,33,1,0,HIGH,HIGH,LOW,LOW
2025-12-23,Indonesia,Cambodia,Udayana Cricket Ground,Indonesia,bat,T20,2025/26,Indonesia,1,1,0.4810126582278481,0.4285714285714285,0.2,0.6,0.4285714285714285,0.5714285714285714,0.5471698113207547,0.5384615384615384,79,28,14,14,53,13,MEDIUM,MEDIUM,HIGH,MEDIUM
2025-12-23,Indonesia,Cambodia,Udayana Cricket Ground,Cambodia,field,T20,2025/26,Indonesia,1,0,0.4875,0.4137931034482758,0.4,0.4,0.4666666666666667,0.5333333333333333,0.5555555555555556,0.5,80,29,15,15,54,14,MEDIUM,MEDIUM,HIGH,MEDIUM
2025-12-23,Myanmar,Bhutan,Gelephu International Cricket Ground,Bhutan,field,T20,2025/26,Bhutan,0,0,0.2,0.2941176470588235,0.6,0.0,0.0,1.0,0.5,0.3333333333333333,25,34,1,1,0,9,LOW,LOW,LOW,MEDIUM
2025-12-24,Bhutan,Myanmar,Gelephu International Cricket Ground,Myanmar,field,T20,2025/26,Bhutan,1,0,0.3142857142857143,0.1923076923076923,0.2,0.4,1.0,0.0,0.4,0.0,35,26,2,2,10,1,LOW,LOW,MEDIUM,LOW
2025-12-24,Cambodia,Indonesia,Udayana Cricket Ground,Indonesia,field,T20,2025/26,Indonesia,0,0,0.4,0.4938271604938271,0.4,0.4,0.5,0.5,0.4666666666666667,0.5636363636363636,30,81,16,16,15,55,MEDIUM,MEDIUM,MEDIUM,HIGH
2025-12-25,Indonesia,Cambodia,Udayana Cricket Ground,Indonesia,bat,T20,2025/26,Indonesia,1,1,0.5,0.3870967741935484,0.6,0.2,0.5294117647058824,0.4705882352941176,0.5714285714285714,0.4375,82,31,17,17,56,16,MEDIUM,MEDIUM,HIGH,MEDIUM
2025-12-26,Bhutan,Myanmar,Gelephu International Cricket Ground,Myanmar,field,T20,2025/26,Bhutan,1,0,0.3333333333333333,0.1851851851851851,0.4,0.4,1.0,0.0,0.4545454545454545,0.0,36,27,3,3,11,2,LOW,LOW,MEDIUM,LOW
2025-12-26,Cambodia,Indonesia,Udayana Cricket Ground,Indonesia,field,T20,2025/26,Indonesia,0,0,0.375,0.5060240963855421,0.0,0.8,0.4444444444444444,0.5555555555555556,0.4117647058823529,0.5789473684210527,32,83,18,18,17,57,MEDIUM,MEDIUM,MEDIUM,HIGH
2025-12-27,Cambodia,Indonesia,Udayana Cricket Ground,Indonesia,field,T20,2025/26,Indonesia,0,0,0.3529411764705882,0.5176470588235295,0.0,1.0,0.4,0.6,0.3684210526315789,0.5932203389830508,33,84,19,19,18,58,MEDIUM,MEDIUM,MEDIUM,HIGH
2025-12-27,Cambodia,Indonesia,Udayana Cricket Ground,Cambodia,bat,T20,2025/26,Indonesia,0,1,0.3636363636363636,0.5119047619047619,0.0,1.0,0.4210526315789473,0.5789473684210527,0.3888888888888889,0.5862068965517241,34,85,20,20,19,59,HIGH,HIGH,MEDIUM,HIGH
2025-12-27,Bhutan,Myanmar,Gelephu International Cricket Ground,Myanmar,field,T20,2025/26,Bhutan,1,0,0.3513513513513513,0.1785714285714285,0.6,0.2,1.0,0.0,0.5,0.0,37,28,4,4,12,3,LOW,LOW,MEDIUM,LOW
2025-12-29,Bhutan,Myanmar,Gelephu International Cricket Ground,Bhutan,bat,T20,2025/26,Bhutan,1,1,0.3684210526315789,0.1724137931034483,0.8,0.2,1.0,0.0,0.5384615384615384,0.0,38,29,5,5,13,4,MEDIUM,MEDIUM,MEDIUM,LOW
2025-12-29,Cambodia,Indonesia,Udayana Cricket Ground,Indonesia,field,T20,2025/26,Indonesia,0,0,0.3428571428571428,0.5232558139534884,0.0,1.0,0.3809523809523809,0.6190476190476191,0.35,0.6,35,86,21,21,20,60,HIGH,HIGH,HIGH,HIGH
2026-01-07,Sri Lanka,Pakistan,Rangiri Dambulla International Stadium,Pakistan,field,T20,2025/26,Pakistan,0,0,0.4477611940298507,0.596958174904943,0.4,0.8,0.4074074074074074,0.5925925925925926,0.5,0.5,201,263,27,27,6,0,HIGH,HIGH,MEDIUM,LOW
2026-01-11,Sri Lanka,Pakistan,Rangiri Dambulla International Stadium,Pakistan,field,T20,2025/26,Sri Lanka,1,0,0.4455445544554455,0.5984848484848485,0.4,0.8,0.3928571428571428,0.6071428571428571,0.4285714285714285,1.0,202,264,28,28,7,1,HIGH,HIGH,MEDIUM,LOW
2026-01-21,India,New Zealand,"Vidarbha Cricket Association Stadium, Jamtha, Nagpur",New Zealand,field,T20,2025/26,India,1,0,0.6970954356846473,0.5605381165919282,0.8,0.6,0.5454545454545454,0.4545454545454545,1.0,0.5,241,223,22,22,1,0,HIGH,HIGH,LOW,LOW
2026-01-23,Italy,Ireland,"7he Sevens Stadium, Dubai",Ireland,field,T20,2025/26,Ireland,0,0,0.6451612903225806,0.4558823529411764,0.8,0.2,0.0,1.0,0.5,0.5,31,136,1,1,0,0,LOW,LOW,LOW,LOW
2026-01-23,New Zealand,India,"Shaheed Veer Narayan Singh International Stadium, Raipur",India,field,T20,2025/26,India,0,0,0.5580357142857143,0.6983471074380165,0.6,0.8,0.4347826086956521,0.5652173913043478,0.5,1.0,224,242,23,23,0,1,HIGH,HIGH,LOW,LOW
2026-01-25,New Zealand,India,"Barsapara Cricket Stadium, Guwahati",India,field,T20,2025/26,India,0,0,0.5555555555555556,0.6995884773662552,0.6,0.8,0.4166666666666667,0.5833333333333334,0.5,0.5,225,243,24,24,0,2,HIGH,HIGH,LOW,LOW
2026-01-25,Ireland,Italy,"7he Sevens Stadium, Dubai",Italy,field,T20,2025/26,Ireland,1,0,0.4598540145985401,0.625,0.4,0.6,1.0,0.0,1.0,0.0,137,32,2,2,1,1,LOW,LOW,LOW,LOW
2026-01-26,Ireland,Italy,"7he Sevens Stadium, Dubai",Italy,field,T20,2025/26,Italy,0,0,0.463768115942029,0.6060606060606061,0.6,0.4,1.0,0.0,1.0,0.0,138,33,3,3,2,2,LOW,LOW,LOW,LOW
2026-01-27,West Indies,South Africa,"Boland Park, Paarl",South Africa,field,T20,2025/26,South Africa,0,0,0.4398148148148148,0.5362318840579711,0.4,0.2,0.5384615384615384,0.4615384615384615,0.5,0.5,216,207,26,26,0,0,HIGH,HIGH,LOW,LOW
2026-01-28,New Zealand,India,"Dr. Y.S. Rajasekhara Reddy ACA-VDCA Cricket Stadium, Visakhapatnam",India,field,T20,2025/26,New Zealand,1,0,0.5530973451327433,0.7008196721311475,0.4,1.0,0.4,0.6,0.5,1.0,226,244,25,25,0,2,HIGH,HIGH,LOW,LOW
2026-01-29,Pakistan,Australia,"Gaddafi Stadium, Lahore",Pakistan,bat,T20,2025/26,Pakistan,1,1,0.5962264150943396,0.5845410628019324,0.6,0.6,0.4615384615384615,0.5384615384615384,0.6428571428571429,1.0,265,207,26,26,14,1,HIGH,HIGH,MEDIUM,LOW
2026-01-29,Ireland,United Arab Emirates,Dubai International Cricket Stadium,Ireland,bat,T20,2025/26,Ireland,1,1,0.460431654676259,0.5641025641025641,0.4,0.4,0.3636363636363636,0.6363636363636364,0.9,0.2142857142857142,139,117,11,11,10,14,MEDIUM,MEDIUM,MEDIUM,MEDIUM
2026-01-29,West Indies,South Africa,"SuperSport Park, Centurion",South Africa,field,T20,2025/26,South Africa,0,0,0.4377880184331797,0.5384615384615384,0.2,0.4,0.5185185185185185,0.4814814814814814,0.5,0.3333333333333333,217,208,27,27,2,6,HIGH,HIGH,LOW,MEDIUM
2026-01-30,Sri Lanka,England,Pallekele International Cricket Stadium,England,field,T20,2025/26,England,0,0,0.4482758620689655,0.5477386934673367,0.6,0.8,0.2857142857142857,0.7142857142857143,0.5555555555555556,0.3333333333333333,203,199,14,14,18,3,MEDIUM,MEDIUM,MEDIUM,LOW
2026-01-31,Ireland,United Arab Emirates,Dubai International Cricket Stadium,United Arab Emirates,field,T20,2025/26,Ireland,1,0,0.4642857142857143,0.559322033898305,0.6,0.4,0.4166666666666667,0.5833333333333334,0.9090909090909092,0.2,140,118,12,12,11,15,MEDIUM,MEDIUM,MEDIUM,MEDIUM
2026-01-31,India,New Zealand,"Greenfield International Stadium, Thiruvananthapuram",India,bat,T20,2025/26,India,1,1,0.6979591836734694,0.5550660792951542,0.8,0.4,0.5769230769230769,0.4230769230769231,1.0,0.5,245,227,26,26,2,0,HIGH,HIGH,LOW,LOW
2026-01-31,Pakistan,Australia,"Gaddafi Stadium, Lahore",Pakistan,bat,T20,2025/26,Pakistan,1,1,0.5977443609022557,0.5817307692307693,0.6,0.4,0.4814814814814814,0.5185185185185185,0.6666666666666666,0.5,266,208,27,27,15,2,HIGH,HIGH,MEDIUM,LOW
2026-01-31,West Indies,South Africa,"The Wanderers Stadium, Johannesburg",South Africa,field,T20,2025/26,West Indies,1,0,0.4357798165137614,0.5406698564593302,0.0,0.6,0.5,0.5,1.0,0.2,218,209,28,28,1,5,HIGH,HIGH,LOW,MEDIUM
2026-02-01,Sri Lanka,England,Pallekele International Cricket Stadium,England,field,T20,2025/26,England,0,0,0.446078431372549,0.55,0.4,1.0,0.2666666666666666,0.7333333333333333,0.5263157894736842,0.5,204,200,15,15,19,4,MEDIUM,MEDIUM,MEDIUM,LOW
2026-02-01,Pakistan,Australia,"Gaddafi Stadium, Lahore",Pakistan,bat,T20,2025/26,Pakistan,1,1,0.599250936329588,0.5789473684210527,0.8,0.2,0.5,0.5,0.6875,0.3333333333333333,267,209,28,28,16,3,HIGH,HIGH,MEDIUM,LOW
2026-02-03,England,Sri Lanka,Pallekele International Cricket Stadium,England,bat,T20,2025/26,England,1,1,0.5522388059701493,0.4439024390243902,1.0,0.2,0.75,0.25,0.6,0.5,201,205,16,16,5,20,MEDIUM,MEDIUM,MEDIUM,HIGH
2026-02-07,West Indies,Scotland,"Eden Gardens, Kolkata",Scotland,field,T20,2025/26,West Indies,1,0,0.4383561643835616,0.4941176470588235,0.2,0.4,0.0,1.0,0.0,0.5,219,85,1,1,3,0,LOW,LOW,LOW,LOW
2026-02-07,Netherlands,Pakistan,"Sinhalese Sports Club Ground, Colombo",Pakistan,field,T20,2025/26,Pakistan,0,0,0.5277777777777778,0.6007462686567164,0.4,0.8,0.0,1.0,0.5,0.5,108,268,2,2,0,0,LOW,LOW,LOW,LOW
2026-02-07,India,United States of America,"Wankhede Stadium, Mumbai",United States of America,field,T20,2025/26,India,1,0,0.6991869918699187,0.5833333333333334,0.8,0.8,1.0,0.0,1.0,0.5,246,48,1,1,2,0,LOW,LOW,LOW,LOW
2026-02-08,England,Nepal,"Wankhede Stadium, Mumbai",England,bat,T20,2025/26,England,1,1,0.5544554455445545,0.62,1.0,1.0,0.5,0.5,0.0,0.5,202,100,0,0,1,0,LOW,LOW,LOW,LOW
2026-02-08,Sri Lanka,Ireland,"R Premadasa Stadium, Colombo",Ireland,field,T20,2025/26,Sri Lanka,1,0,0.441747572815534,0.4680851063829787,0.2,0.8,1.0,0.0,0.3333333333333333,0.5,206,141,3,3,12,0,LOW,LOW,MEDIUM,LOW
2026-02-09,Oman,Zimbabwe,"Sinhalese Sports Club Ground, Colombo",Zimbabwe,field,T20,2025/26,Zimbabwe,0,0,0.4947368421052631,0.4161490683229814,0.8,0.4,0.5,0.5,0.5,0.5,95,161,0,0,0,0,LOW,LOW,LOW,LOW
2026-02-09,South Africa,Canada,"Narendra Modi Stadium, Ahmedabad",Canada,field,T20,2025/26,South Africa,1,0,0.5380952380952381,0.5942028985507246,0.4,1.0,0.5,0.5,0.0,0.5,210,69,0,0,1,0,LOW,LOW,LOW,LOW
2026-02-09,Scotland,Italy,"Eden Gardens, Kolkata",Italy,field,T20,2025/26,Scotland,1,0,0.4883720930232558,0.6176470588235294,0.4,0.4,0.5,0.5,0.0,0.5,86,34,2,2,1,0,LOW,LOW,LOW,LOW
2026-02-10,Namibia,Netherlands,"Arun Jaitley Stadium, Delhi",Netherlands,field,T20,2025/26,Netherlands,0,0,0.6097560975609756,0.5229357798165137,0.8,0.4,0.25,0.75,0.5,0.5,82,109,4,4,0,0,LOW,LOW,LOW,LOW
2026-02-10,United Arab Emirates,New Zealand,"MA Chidambaram Stadium, Chepauk, Chennai",United Arab Emirates,bat,T20,2025/26,New Zealand,0,1,0.5546218487394958,0.5526315789473685,0.4,0.2,0.3333333333333333,0.6666666666666666,0.5,0.5,119,228,3,3,0,0,LOW,LOW,LOW,LOW
2026-02-10,Pakistan,United States of America,"Sinhalese Sports Club Ground, Colombo",United States of America,field,T20,2025/26,Pakistan,1,0,0.6022304832713755,0.5714285714285714,0.8,0.6,0.5,0.5,1.0,0.5,269,49,0,0,1,0,LOW,LOW,LOW,LOW
2026-02-11,Australia,Ireland,"R Premadasa Stadium, Colombo",Australia,bat,T20,2025/26,Australia,1,1,0.5761904761904761,0.4647887323943662,0.0,0.6,1.0,0.0,1.0,0.0,210,142,2,2,2,1,LOW,LOW,LOW,LOW
2026-02-11,West Indies,England,"Wankhede Stadium, Mumbai",England,field,T20,2025/26,West Indies,1,0,0.4409090909090909,0.5566502463054187,0.4,1.0,0.4864864864864865,0.5135135135135135,0.5,0.5,220,203,37,37,0,2,HIGH,HIGH,LOW,LOW
2026-02-11,Qatar,Bahrain,"West End Park International Cricket Stadium, Doha",Bahrain,field,T20,2025/26,Qatar,1,0,0.5,0.6421052631578947,0.6,1.0,0.6,0.4,0.6875,0.6363636363636364,52,95,5,5,16,11,MEDIUM,MEDIUM,MEDIUM,MEDIUM
2026-02-12,Sri Lanka,Oman,Pallekele International Cricket Stadium,Oman,field,T20,2025/26,Sri Lanka,1,0,0.4444444444444444,0.4895833333333333,0.4,0.6,0.5,0.5,0.4761904761904761,0.5,207,96,0,0,21,0,LOW,LOW,HIGH,LOW
2026-02-12,Nepal,Italy,"Wankhede Stadium, Mumbai",Italy,field,T20,2025/26,Italy,0,0,0.6138613861386139,0.6,0.8,0.2,0.5,0.5,0.0,0.5,101,35,0,0,1,0,LOW,LOW,LOW,LOW
2026-02-12,India,Namibia,"Arun Jaitley Stadium, Delhi",Namibia,field,T20,2025/26,India,1,0,0.7004048582995951,0.6024096385542169,0.8,0.6,1.0,0.0,0.5,0.0,247,83,1,1,2,1,LOW,LOW,LOW,LOW
2026-02-13,Qatar,Bahrain,"West End Park International Cricket Stadium, Doha",Bahrain,field,T20,2025/26,Qatar,1,0,0.5094339622641509,0.6354166666666666,0.8,0.8,0.6666666666666666,0.3333333333333333,0.7058823529411765,0.5833333333333334,53,96,6,6,17,12,MEDIUM,MEDIUM,MEDIUM,MEDIUM
2026-02-13,Canada,United Arab Emirates,"Arun Jaitley Stadium, Delhi",Canada,bat,T20,2025/26,United Arab Emirates,0,1,0.5857142857142857,0.55,0.8,0.2,0.0,1.0,0.5,0.5,70,120,1,1,0,0,LOW,LOW,LOW,LOW
2026-02-13,United States of America,Netherlands,"MA Chidambaram Stadium, Chepauk, Chennai",Netherlands,field,T20,2025/26,United States of America,1,0,0.56,0.5272727272727272,0.4,0.4,0.0,1.0,0.5,0.5,50,110,3,3,0,0,LOW,LOW,LOW,LOW
2026-02-13,Zimbabwe,Australia,"R Premadasa Stadium, Colombo",Australia,field,T20,2025/26,Zimbabwe,1,0,0.419753086419753,0.5781990521327014,0.4,0.2,0.3333333333333333,0.6666666666666666,0.3333333333333333,1.0,162,211,3,3,3,3,LOW,LOW,LOW,LOW
2026-02-14,Qatar,Bahrain,"West End Park International Cricket Stadium, Doha",Bahrain,field,T20,2025/26,Bahrain,0,0,0.5185185185185185,0.6288659793814433,0.8,0.6,0.7142857142857143,0.2857142857142857,0.7222222222222222,0.5384615384615384,54,97,7,7,18,13,MEDIUM,MEDIUM,MEDIUM,MEDIUM
2026-02-14,New Zealand,South Africa,"Narendra Modi Stadium, Ahmedabad",South Africa,field,T20,2025/26,South Africa,0,0,0.5545851528384279,0.5402843601895735,0.4,0.6,0.3888888888888889,0.6111111111111112,0.0,0.5,229,211,18,18,1,2,MEDIUM,MEDIUM,LOW,LOW
2026-02-14,Scotland,England,"Eden Gardens, Kolkata",England,field,T20,2025/26,England,0,0,0.4942528735632184,0.553921568627451,0.4,0.8,0.5,0.5,0.5,0.0,87,204,0,0,2,1,LOW,LOW,LOW,LOW
2026-02-14,Ireland,Oman,"Sinhalese Sports Club Ground, Colombo",Oman,field,T20,2025/26,Ireland,1,0,0.4615384615384615,0.4845360824742268,0.4,0.4,0.6666666666666666,0.3333333333333333,0.5,0.0,143,97,6,6,0,1,MEDIUM,MEDIUM,LOW,LOW
2026-02-15,Nepal,West Indies,"Wankhede Stadium, Mumbai",West Indies,field,T20,2025/26,West Indies,0,0,0.6078431372549019,0.4434389140271493,0.6,0.6,0.6666666666666666,0.3333333333333333,0.0,1.0,102,221,3,3,2,1,LOW,LOW,LOW,LOW
2026-02-15,United States of America,Namibia,"MA Chidambaram Stadium, Chepauk, Chennai",United States of America,bat,T20,2025/26,United States of America,1,1,0.5686274509803921,0.5952380952380952,0.6,0.4,1.0,0.0,1.0,0.5,51,84,2,2,1,0,LOW,LOW,LOW,LOW
2026-02-15,Qatar,Bahrain,"West End Park International Cricket Stadium, Doha",Qatar,bat,T20,2025/26,Qatar,1,1,0.509090909090909,0.6326530612244898,0.6,0.6,0.625,0.375,0.6842105263157895,0.5714285714285714,55,98,8,8,19,14,MEDIUM,MEDIUM,MEDIUM,MEDIUM
2026-02-15,India,Pakistan,"R Premadasa Stadium, Colombo",Pakistan,field,T20,2025/26,India,1,0,0.7016129032258065,0.6037037037037037,0.8,1.0,0.8,0.2,0.3333333333333333,0.5,248,270,15,15,3,0,MEDIUM,MEDIUM,LOW,LOW
2026-02-16,Australia,Sri Lanka,Pallekele International Cricket Stadium,Sri Lanka,field,T20,2025/26,Sri Lanka,0,0,0.5754716981132075,0.4471153846153846,0.2,0.4,0.6,0.4,0.25,0.5,212,208,25,25,4,22,HIGH,HIGH,LOW,HIGH
2026-02-16,England,Italy,"Eden Gardens, Kolkata",England,bat,T20,2025/26,England,1,1,0.5560975609756098,0.6111111111111112,0.8,0.4,0.5,0.5,0.5,0.0,205,36,0,0,2,1,LOW,LOW,LOW,LOW
2026-02-17,Scotland,Nepal,"Wankhede Stadium, Mumbai",Nepal,field,T20,2025/26,Nepal,0,0,0.4886363636363636,0.6019417475728155,0.2,0.4,0.5,0.5,0.5,0.0,88,103,2,2,0,3,LOW,LOW,LOW,LOW
2026-02-17,Canada,New Zealand,"MA Chidambaram Stadium, Chepauk, Chennai",Canada,bat,T20,2025/26,New Zealand,0,1,0.5774647887323944,0.5521739130434783,0.6,0.4,0.5,0.5,0.5,1.0,71,230,0,0,0,1,LOW,LOW,LOW,LOW
2026-02-18,Pakistan,Namibia,"Sinhalese Sports Club Ground, Colombo",Pakistan,bat,T20,2025/26,Pakistan,1,1,0.6014760147601476,0.5882352941176471,0.8,0.2,1.0,0.0,1.0,0.5,271,85,1,1,2,0,LOW,LOW,LOW,LOW
2026-02-18,India,Netherlands,"Narendra Modi Stadium, Ahmedabad",India,bat,T20,2025/26,India,1,1,0.7028112449799196,0.5225225225225225,0.8,0.2,1.0,0.0,1.0,0.5,249,111,1,1,2,0,LOW,LOW,LOW,LOW
2026-02-18,United Arab Emirates,South Africa,"Arun Jaitley Stadium, Delhi",South Africa,field,T20,2025/26,South Africa,0,0,0.5537190082644629,0.5424528301886793,0.2,0.8,0.5,0.5,1.0,1.0,121,212,0,0,1,1,LOW,LOW,LOW,LOW
2026-02-19,West Indies,Italy,"Eden Gardens, Kolkata",Italy,field,T20,2025/26,West Indies,1,0,0.4459459459459459,0.5945945945945946,0.8,0.4,0.5,0.5,0.25,0.0,222,37,0,0,4,2,LOW,LOW,LOW,LOW
2026-02-19,Sri Lanka,Zimbabwe,"R Premadasa Stadium, Colombo",Sri Lanka,bat,T20,2025/26,Zimbabwe,0,1,0.4497607655502392,0.4233128834355828,0.6,0.6,0.7,0.3,0.3846153846153846,0.5,209,163,10,10,13,4,MEDIUM,MEDIUM,MEDIUM,LOW
2026-02-20,Oman,Australia,Pallekele International Cricket Stadium,Australia,field,T20,2025/26,Australia,0,0,0.4795918367346938,0.5727699530516432,0.4,0.2,0.0,1.0,0.0,0.2,98,213,1,1,1,5,LOW,LOW,LOW,MEDIUM
2026-02-22,England,Sri Lanka,Pallekele International Cricket Stadium,Sri Lanka,field,T20,2025/26,England,1,0,0.558252427184466,0.4476190476190476,0.8,0.6,0.7647058823529411,0.2352941176470588,0.6666666666666666,0.5217391304347826,206,210,17,17,6,23,MEDIUM,MEDIUM,MEDIUM,HIGH
2026-02-22,South Africa,India,"Narendra Modi Stadium, Ahmedabad",South Africa,bat,T20,2025/26,South Africa,1,1,0.5446009389671361,0.704,0.8,1.0,0.3823529411764705,0.6176470588235294,0.6666666666666666,1.0,213,250,34,34,3,3,HIGH,HIGH,LOW,LOW
2026-02-23,West Indies,Zimbabwe,"Wankhede Stadium, Mumbai",Zimbabwe,field,T20,2025/26,West Indies,1,0,0.4484304932735426,0.4268292682926829,1.0,0.6,0.75,0.25,1.0,0.5,223,164,4,4,2,0,LOW,LOW,LOW,LOW
2026-02-24,Pakistan,England,Pallekele International Cricket Stadium,Pakistan,bat,T20,2025/26,England,0,1,0.6029411764705882,0.5603864734299517,0.8,0.8,0.3103448275862069,0.6896551724137931,1.0,0.7142857142857143,272,207,29,29,2,7,HIGH,HIGH,LOW,MEDIUM
2026-02-25,Bhutan,Bahrain,"Terdthai Cricket Ground, Bangkok",Bhutan,bat,T20,2025/26,Bahrain,0,1,0.3846153846153846,0.6262626262626263,1.0,0.4,0.0,1.0,0.1428571428571428,0.5,39,99,5,5,7,0,MEDIUM,MEDIUM,MEDIUM,LOW
2026-02-25,Japan,Thailand,"Terdthai Cricket Ground, Bangkok",Thailand,field,T20,2025/26,Japan,1,0,0.6521739130434783,0.3818181818181818,0.2,0.0,0.6666666666666666,0.3333333333333333,0.4,0.4166666666666667,46,55,3,3,5,12,LOW,LOW,MEDIUM,MEDIUM
2026-02-25,Kuwait,Hong Kong,"Mission Road Ground, Mong Kok, Hong Kong",Hong Kong,field,T20,2025/26,Hong Kong,0,0,0.59375,0.4716981132075472,0.4,0.2,0.5714285714285714,0.4285714285714285,0.5,0.8571428571428571,64,106,7,7,8,14,MEDIUM,MEDIUM,MEDIUM,MEDIUM
2026-02-25,New Zealand,Sri Lanka,"R Premadasa Stadium, Colombo",Sri Lanka,field,T20,2025/26,New Zealand,1,0,0.5541125541125541,0.4454976303317535,0.6,0.6,0.64,0.36,0.5,0.3571428571428571,231,211,25,25,0,14,HIGH,HIGH,LOW,MEDIUM
2026-02-26,India,Zimbabwe,"MA Chidambaram Stadium, Chepauk, Chennai",Zimbabwe,field,T20,2025/26,India,1,0,0.701195219123506,0.4242424242424242,0.8,0.6,0.7692307692307693,0.2307692307692307,1.0,0.5,251,165,13,13,1,0,MEDIUM,MEDIUM,LOW,LOW
2026-02-26,Thailand,Bhutan,"Terdthai Cricket Ground, Bangkok",Bhutan,field,T20,2025/26,Thailand,1,0,0.375,0.375,0.0,0.8,0.6666666666666666,0.3333333333333333,0.3846153846153846,0.125,56,40,6,6,13,8,MEDIUM,MEDIUM,MEDIUM,MEDIUM
2026-02-26,Bahrain,Japan,"Terdthai Cricket Ground, Bangkok",Bahrain,bat,T20,2025/26,Japan,0,1,0.63,0.6595744680851063,0.4,0.4,0.5,0.5,1.0,0.5,100,47,0,0,1,6,LOW,LOW,LOW,MEDIUM
2026-02-26,Hong Kong,Kuwait,"Mission Road Ground, Mong Kok, Hong Kong",Kuwait,field,T20,2025/26,Hong Kong,1,0,0.4766355140186916,0.5846153846153846,0.4,0.2,0.5,0.5,0.8666666666666667,0.4444444444444444,107,65,8,8,15,9,MEDIUM,MEDIUM,MEDIUM,MEDIUM
2026-02-26,West Indies,South Africa,"Narendra Modi Stadium, Ahmedabad",South Africa,field,T20,2025/26,South Africa,0,0,0.4508928571428571,0.5467289719626168,1.0,0.8,0.5172413793103449,0.4827586206896552,0.5,0.75,224,214,29,29,0,4,HIGH,HIGH,LOW,LOW
2026-02-27,New Zealand,England,"R Premadasa Stadium, Colombo",New Zealand,bat,T20,2025/26,England,0,1,0.5560344827586207,0.5625,0.6,0.8,0.3846153846153846,0.6153846153846154,1.0,0.5,232,208,26,26,1,0,HIGH,HIGH,LOW,LOW
2026-02-27,Japan,Bhutan,"Terdthai Cricket Ground, Bangkok",Japan,bat,T20,2025/26,Japan,1,1,0.6666666666666666,0.3658536585365853,0.4,0.6,0.5,0.5,0.5714285714285714,0.1111111111111111,48,41,0,0,7,9,LOW,LOW,MEDIUM,MEDIUM
2026-02-27,Bahrain,Thailand,"Terdthai Cricket Ground, Bangkok",Thailand,field,T20,2025/26,Bahrain,1,0,0.6237623762376238,0.3859649122807017,0.4,0.2,0.5,0.5,0.5,0.4285714285714285,101,57,2,2,2,14,LOW,LOW,LOW,MEDIUM
2026-02-28,Pakistan,Sri Lanka,Pallekele International Cricket Stadium,Sri Lanka,field,T20,2025/26,Pakistan,1,0,0.6007326007326007,0.4433962264150943,0.6,0.4,0.5862068965517241,0.4137931034482758,0.6666666666666666,0.5,273,212,29,29,3,24,HIGH,HIGH,LOW,HIGH
2026-02-28,Bhutan,Thailand,"Terdthai Cricket Ground, Bangkok",Bhutan,bat,T20,2025/26,Bhutan,1,1,0.3571428571428571,0.3793103448275862,0.4,0.2,0.2857142857142857,0.7142857142857143,0.1,0.4,42,58,7,7,10,15,MEDIUM,MEDIUM,MEDIUM,MEDIUM
2026-03-01,Zimbabwe,South Africa,"Arun Jaitley Stadium, Delhi",Zimbabwe,bat,T20,2025/26,South Africa,0,1,0.4216867469879518,0.5488372093023256,0.6,1.0,0.0,1.0,0.5,1.0,166,215,7,7,0,2,MEDIUM,MEDIUM,LOW,LOW
2026-03-01,Hong Kong,Kuwait,"Mission Road Ground, Mong Kok, Hong Kong",Kuwait,field,T20,2025/26,Kuwait,0,0,0.4814814814814814,0.5757575757575758,0.6,0.0,0.5555555555555556,0.4444444444444444,0.875,0.4,108,66,9,9,16,10,MEDIUM,MEDIUM,MEDIUM,MEDIUM
2026-03-01,West Indies,India,"Eden Gardens, Kolkata",India,field,T20,2025/26,India,0,0,0.4488888888888889,0.7023809523809523,0.8,0.8,0.3448275862068966,0.6551724137931034,0.4,1.0,225,252,29,29,5,5,HIGH,HIGH,MEDIUM,MEDIUM
2026-03-04,South Africa,New Zealand,"Eden Gardens, Kolkata",New Zealand,field,T20,2025/26,New Zealand,0,0,0.5509259259259259,0.5536480686695279,1.0,0.6,0.631578947368421,0.3684210526315789,0.5,0.0,216,233,19,19,0,1,MEDIUM,MEDIUM,LOW,LOW
2026-03-05,India,England,"Wankhede Stadium, Mumbai",England,field,T20,2025/26,India,1,0,0.7035573122529645,0.5645933014354066,0.8,1.0,0.5862068965517241,0.4137931034482758,1.0,0.3333333333333333,253,209,29,29,3,3,HIGH,HIGH,LOW,LOW
2026-03-07,Malaysia,Bahrain,"Bayuemas Oval, Kuala Lumpur",Malaysia,bat,T20,2025/26,Malaysia,1,1,0.5882352941176471,0.6274509803921569,1.0,0.6,0.375,0.625,0.6206896551724138,0.9090909090909092,102,102,8,8,29,11,MEDIUM,MEDIUM,HIGH,MEDIUM
2026-03-08,Mexico,Suriname,"Jimmy Powell Oval, Cayman Islands",Suriname,field,T20,2025/26,Mexico,1,0,0.4444444444444444,0.25,0.4,0.4,1.0,0.0,0.5,0.5,18,8,1,1,0,0,LOW,LOW,LOW,LOW
2026-03-08,India,New Zealand,"Narendra Modi Stadium, Ahmedabad",New Zealand,field,T20,2025/26,India,1,0,0.7047244094488189,0.5555555555555556,0.8,0.6,0.5925925925925926,0.4074074074074074,0.75,0.0,254,234,27,27,4,2,HIGH,HIGH,LOW,LOW
2026-03-08,Argentina,Cayman Islands,"Jimmy Powell Oval, Cayman Islands",Argentina,bat,T20,2025/26,Cayman Islands,0,1,0.5217391304347826,0.4,0.8,0.4,0.0,1.0,0.5,0.2,23,35,2,2,0,5,LOW,LOW,LOW,MEDIUM
2026-03-08,Bahrain,Malaysia,"Bayuemas Oval, Kuala Lumpur",Bahrain,bat,T20,2025/26,Bahrain,1,1,0.6213592233009708,0.5922330097087378,0.4,1.0,0.5555555555555556,0.4444444444444444,0.8333333333333334,0.6333333333333333,103,103,9,9,12,30,MEDIUM,MEDIUM,MEDIUM,HIGH
2026-03-09,Mexico,Cayman Islands,"Jimmy Powell Oval, Cayman Islands",Mexico,bat,T20,2025/26,Cayman Islands,0,1,0.4736842105263157,0.4166666666666667,0.6,0.6,0.0,1.0,1.0,0.3333333333333333,19,36,1,1,1,6,LOW,LOW,LOW,MEDIUM
2026-03-09,Argentina,Suriname,"Jimmy Powell Oval, Cayman Islands",Argentina,bat,T20,2025/26,Argentina,1,1,0.5,0.2222222222222222,0.6,0.2,1.0,0.0,0.0,0.0,24,9,1,1,1,1,LOW,LOW,LOW,LOW
2026-03-09,Lesotho,Botswana,"Botswana Cricket Association Oval 1, Gaborone",Botswana,field,T20,2025/26,Botswana,0,0,0.1818181818181818,0.3111111111111111,0.2,0.0,0.0,1.0,0.5,0.5,11,45,1,1,0,0,LOW,LOW,LOW,LOW
2026-03-10,Lesotho,Botswana,"Botswana Cricket Association Oval 1, Gaborone",Lesotho,bat,T20,2025/26,Botswana,0,1,0.1666666666666666,0.3260869565217391,0.2,0.2,0.0,1.0,0.0,1.0,12,46,2,2,1,1,LOW,LOW,LOW,LOW
2026-03-10,Malaysia,Bahrain,"Bayuemas Oval, Kuala Lumpur",Malaysia,bat,T20,2025/26,Bahrain,0,1,0.5865384615384616,0.625,0.8,0.6,0.4,0.6,0.6129032258064516,0.8461538461538461,104,104,10,10,31,13,MEDIUM,MEDIUM,HIGH,MEDIUM
2026-03-11,Argentina,Mexico,"Jimmy Powell Oval, Cayman Islands",Mexico,field,T20,2025/26,Argentina,1,0,0.52,0.45,0.8,0.6,1.0,0.0,0.5,0.5,25,20,3,3,2,2,LOW,LOW,LOW,LOW
2026-03-11,Suriname,Cayman Islands,"Jimmy Powell Oval, Cayman Islands",Cayman Islands,field,T20,2025/26,Cayman Islands,0,0,0.2,0.4324324324324324,0.2,0.8,1.0,0.0,0.0,0.4285714285714285,10,37,1,1,2,7,LOW,LOW,LOW,MEDIUM
2026-03-12,Botswana,Lesotho,"Botswana Cricket Association Oval 1, Gaborone",Botswana,bat,T20,2025/26,Botswana,1,1,0.3404255319148936,0.1538461538461538,0.4,0.2,1.0,0.0,1.0,0.0,47,13,3,3,2,2,LOW,LOW,LOW,LOW
2026-03-12,Suriname,Argentina,"Jimmy Powell Oval, Cayman Islands",Suriname,bat,T20,2025/26,Argentina,0,1,0.1818181818181818,0.5384615384615384,0.2,0.8,0.0,1.0,0.0,0.6666666666666666,11,26,2,2,3,3,LOW,LOW,LOW,LOW
2026-03-12,Cayman Islands,Mexico,"Jimmy Powell Oval, Cayman Islands",Cayman Islands,bat,T20,2025/26,Cayman Islands,1,1,0.4473684210526316,0.4285714285714285,1.0,0.4,1.0,0.0,0.5,0.3333333333333333,38,21,2,2,8,3,LOW,LOW,MEDIUM,LOW
2026-03-13,Botswana,Lesotho,"Botswana Cricket Association Oval 1, Gaborone",Botswana,bat,T20,2025/26,Botswana,1,1,0.3541666666666667,0.1428571428571428,0.6,0.2,1.0,0.0,1.0,0.0,48,14,4,4,3,3,LOW,LOW,LOW,LOW
2026-03-14,Cyprus,Austria,Happy Valley Ground 2,Austria,field,T20,2025/26,Cyprus,1,0,0.6129032258064516,0.7413793103448276,1.0,0.8,0.5,0.5,1.0,0.5,31,58,0,0,5,0,LOW,LOW,MEDIUM,LOW
2026-03-14,Suriname,Cayman Islands,"Jimmy Powell Oval, Cayman Islands",Suriname,bat,T20,2025/26,Cayman Islands,0,1,0.1666666666666666,0.4615384615384615,0.2,1.0,0.5,0.5,0.0,0.5555555555555556,12,39,2,2,4,9,LOW,LOW,LOW,MEDIUM
2026-03-14,Argentina,Mexico,"Jimmy Powell Oval, Cayman Islands",Argentina,bat,T20,2025/26,Argentina,1,1,0.5555555555555556,0.4090909090909091,0.8,0.2,1.0,0.0,0.75,0.25,27,22,4,4,4,4,LOW,LOW,LOW,LOW
2026-03-15,Argentina,Cayman Islands,"Jimmy Powell Oval, Cayman Islands",Argentina,bat,T20,2025/26,Cayman Islands,0,1,0.5714285714285714,0.475,0.8,1.0,0.0,1.0,0.8,0.6,28,40,3,3,5,10,LOW,LOW,MEDIUM,MEDIUM
2026-03-15,Botswana,Lesotho,"Botswana Cricket Association Oval 1, Gaborone",Botswana,bat,T20,2025/26,Botswana,1,1,0.3673469387755102,0.1333333333333333,0.8,0.0,1.0,0.0,1.0,0.0,49,15,5,5,4,4,MEDIUM,MEDIUM,LOW,LOW
2026-03-15,New Zealand,South Africa,"Bay Oval, Mount Maunganui",New Zealand,bat,T20,2025/26,South Africa,0,1,0.5531914893617021,0.5483870967741935,0.6,0.8,0.4,0.6,0.5714285714285714,0.5,235,217,20,20,7,0,HIGH,HIGH,MEDIUM,LOW
2026-03-15,Mexico,Suriname,"Jimmy Powell Oval, Cayman Islands",Suriname,field,T20,2025/26,Suriname,0,0,0.391304347826087,0.1538461538461538,0.2,0.0,1.0,0.0,0.2,0.0,23,13,2,2,5,5,LOW,LOW,MEDIUM,MEDIUM
2026-03-16,Cyprus,Austria,Happy Valley Ground 2,Cyprus,bat,T20,2025/26,Austria,0,1,0.625,0.7288135593220338,1.0,0.6,1.0,0.0,1.0,0.0,32,59,1,1,6,1,LOW,LOW,MEDIUM,LOW
2026-03-17,New Zealand,South Africa,"Seddon Park, Hamilton",South Africa,field,T20,2025/26,New Zealand,1,0,0.5508474576271186,0.5504587155963303,0.4,0.8,0.3809523809523809,0.6190476190476191,1.0,0.5,236,218,21,21,1,0,HIGH,HIGH,LOW,LOW
2026-03-20,South Africa,New Zealand,"Eden Park, Auckland",New Zealand,field,T20,2025/26,New Zealand,0,0,0.547945205479452,0.5527426160337553,0.6,0.4,0.5909090909090909,0.4090909090909091,0.5,0.3333333333333333,219,237,22,22,0,6,HIGH,HIGH,LOW,MEDIUM
2026-03-22,South Africa,New Zealand,"Sky Stadium, Wellington",South Africa,bat,T20,2025/26,South Africa,1,1,0.5454545454545454,0.5546218487394958,0.4,0.6,0.5652173913043478,0.4347826086956521,0.5,0.5,220,238,23,23,0,2,HIGH,HIGH,LOW,LOW
2026-03-24,Eswatini,St Helena,"Achimota Senior Secondary School A Field, Accra",Eswatini,bat,T20,2025/26,Eswatini,1,1,0.4615384615384615,0.25,0.8,0.2,1.0,0.0,0.5,0.5,13,8,1,1,0,0,LOW,LOW,LOW,LOW
2026-03-24,Malawi,Tanzania,"Achimota Senior Secondary School A Field, Accra",Tanzania,field,T20,2025/26,Tanzania,0,0,0.3888888888888889,0.5671641791044776,0.4,0.4,0.0,1.0,0.5,0.0,36,67,2,2,0,1,LOW,LOW,LOW,LOW
2026-03-24,Seychelles,Ghana,"Achimota Senior Secondary School B Field, Accra",Ghana,field,T20,2025/26,Ghana,0,0,0.1666666666666666,0.3513513513513513,0.0,0.6,0.0,1.0,0.5,0.0,12,37,1,1,0,2,LOW,LOW,LOW,LOW
2026-03-25,St Helena,Seychelles,"Achimota Senior Secondary School A Field, Accra",Seychelles,field,T20,2025/26,Seychelles,0,0,0.2222222222222222,0.1538461538461538,0.2,0.0,0.5,0.5,0.0,0.5,9,13,0,0,1,0,LOW,LOW,LOW,LOW
2026-03-25,South Africa,New Zealand,"Hagley Oval, Christchurch",New Zealand,field,T20,2025/26,South Africa,1,0,0.5475113122171946,0.5523012552301255,0.4,0.4,0.5833333333333334,0.4166666666666667,0.5,0.5555555555555556,221,239,24,24,0,9,HIGH,HIGH,LOW,MEDIUM
2026-03-25,Malawi,Ghana,"Achimota Senior Secondary School A Field, Accra",Ghana,field,T20,2025/26,Ghana,0,0,0.3783783783783784,0.3684210526315789,0.4,0.6,0.5,0.5,0.0,0.0,37,38,2,2,1,1,LOW,LOW,LOW,LOW
2026-03-25,Tanzania,Eswatini,"Achimota Senior Secondary School B Field, Accra",Eswatini,field,T20,2025/26,Tanzania,1,0,0.5735294117647058,0.5,0.4,0.8,1.0,0.0,0.5,0.5,68,14,1,1,2,0,LOW,LOW,LOW,LOW
2026-03-27,Eswatini,Malawi,"Achimota Senior Secondary School B Field, Accra",Eswatini,bat,T20,2025/26,Malawi,0,1,0.4666666666666667,0.3684210526315789,0.8,0.2,0.5,0.5,0.0,0.5,15,38,0,0,1,0,LOW,LOW,LOW,LOW
2026-03-27,St Helena,Ghana,"Achimota Senior Secondary School A Field, Accra",Ghana,field,T20,2025/26,Ghana,0,0,0.2,0.3846153846153846,0.2,0.8,0.5,0.5,0.0,0.5,10,39,0,0,2,2,LOW,LOW,LOW,LOW
2026-03-27,Tanzania,Seychelles,"Achimota Senior Secondary School B Field, Accra",Tanzania,bat,T20,2025/26,Tanzania,1,1,0.5797101449275363,0.2142857142857142,0.4,0.2,0.5,0.5,0.6666666666666666,0.0,69,14,0,0,3,1,LOW,LOW,LOW,LOW
2026-03-28,Tanzania,St Helena,"Achimota Senior Secondary School B Field, Accra",Tanzania,bat,T20,2025/26,Tanzania,1,1,0.5857142857142857,0.1818181818181818,0.6,0.2,0.5,0.5,0.75,0.5,70,11,0,0,4,0,LOW,LOW,LOW,LOW
2026-03-28,Ghana,Eswatini,"Achimota Senior Secondary School B Field, Accra",Ghana,bat,T20,2025/26,Ghana,1,1,0.4,0.4375,0.8,0.6,0.5,0.5,0.3333333333333333,0.0,40,16,0,0,3,2,LOW,LOW,LOW,LOW
2026-03-28,Seychelles,Malawi,"Achimota Senior Secondary School A Field, Accra",Malawi,field,T20,2025/26,Malawi,0,0,0.2,0.3846153846153846,0.2,0.4,0.0,1.0,1.0,0.0,15,39,1,1,1,2,LOW,LOW,LOW,LOW
2026-04-02,Mexico,Costa Rica,"Reforma Athletic Club, Naucalpan",Mexico,bat,T20,2026,Mexico,1,1,0.375,0.25,0.0,0.2,0.8,0.2,0.5,0.5,24,8,5,5,0,0,MEDIUM,MEDIUM,LOW,LOW
2026-04-03,Costa Rica,Brazil,"Reforma Athletic Club, Naucalpan",Costa Rica,bat,T20,2026,Brazil,0,1,0.2222222222222222,0.2727272727272727,0.2,0.0,0.5,0.5,0.0,0.5,9,11,0,0,1,0,LOW,LOW,LOW,LOW
2026-04-03,Mexico,Brazil,"Reforma Athletic Club, Naucalpan",Brazil,field,T20,2026,Mexico,1,0,0.4,0.3333333333333333,0.2,0.2,0.5,0.5,1.0,1.0,25,12,2,2,1,1,LOW,LOW,LOW,LOW
2026-04-04,Costa Rica,Mexico,"Reforma Athletic Club, Naucalpan",Costa Rica,bat,T20,2026,Mexico,0,1,0.1818181818181818,0.4230769230769231,0.2,0.4,0.1666666666666666,0.8333333333333334,0.0,1.0,10,26,6,6,2,2,MEDIUM,MEDIUM,LOW,LOW
2026-04-04,Brazil,Costa Rica,"Reforma Athletic Club, Naucalpan",Costa Rica,field,T20,2026,Brazil,1,0,0.3076923076923077,0.2,0.2,0.2,1.0,0.0,0.5,0.0,13,11,1,1,2,3,LOW,LOW,LOW,LOW
2026-04-05,Norway,France,Santarem Cricket Ground,Norway,bat,T20,2026,Norway,1,1,0.5348837209302325,0.46875,0.8,0.2,0.5,0.5,0.3333333333333333,0.5,43,32,4,4,3,0,LOW,LOW,LOW,LOW
2026-04-05,France,Portugal,Santarem Cricket Ground,France,bat,T20,2026,Portugal,0,1,0.4545454545454545,0.7,0.2,0.8,0.5,0.5,0.0,0.8333333333333334,33,30,0,0,1,6,LOW,LOW,LOW,MEDIUM
2026-04-05,Mexico,Brazil,"Reforma Athletic Club, Naucalpan",Mexico,bat,T20,2026,Brazil,0,1,0.4444444444444444,0.3571428571428571,0.6,0.4,0.6666666666666666,0.3333333333333333,1.0,0.6666666666666666,27,14,3,3,3,3,LOW,LOW,LOW,LOW
2026-04-06,Portugal,Norway,Santarem Cricket Ground,Portugal,bat,T20,2026,Portugal,1,1,0.7096774193548387,0.5454545454545454,0.8,0.8,0.6666666666666666,0.3333333333333333,0.8571428571428571,0.5,31,44,3,3,7,4,LOW,LOW,MEDIUM,LOW
2026-04-06,Portugal,France,Santarem Cricket Ground,Portugal,bat,T20,2026,Portugal,1,1,0.71875,0.4411764705882353,0.8,0.2,1.0,0.0,0.875,0.0,32,34,1,1,8,2,LOW,LOW,MEDIUM,LOW
2026-04-07,France,Norway,Santarem Cricket Ground,Norway,field,T20,2026,France,1,0,0.4285714285714285,0.5333333333333333,0.2,0.6,0.4,0.6,0.0,0.4,35,45,5,5,3,5,MEDIUM,MEDIUM,LOW,MEDIUM
2026-04-07,Indonesia,Sweden,Udayana Cricket Ground,Sweden,field,T20,2026,Sweden,0,0,0.5287356321839081,0.3928571428571428,1.0,0.2,0.5,0.5,0.6065573770491803,0.5,87,28,0,0,61,0,LOW,LOW,HIGH,LOW
2026-04-07,Indonesia,Sweden,Udayana Cricket Ground,Indonesia,bat,T20,2026,Sweden,0,1,0.5227272727272727,0.4137931034482758,0.8,0.4,0.0,1.0,0.5967741935483871,1.0,88,29,1,1,62,1,LOW,LOW,HIGH,LOW
2026-04-08,Portugal,France,Santarem Cricket Ground,Portugal,bat,T20,2026,France,0,1,0.7272727272727273,0.4444444444444444,0.8,0.4,1.0,0.0,0.8888888888888888,0.25,33,36,2,2,9,4,LOW,LOW,MEDIUM,LOW
2026-04-08,Portugal,Norway,Santarem Cricket Ground,Portugal,bat,T20,2026,Portugal,1,1,0.7058823529411765,0.5217391304347826,0.6,0.6,0.75,0.25,0.8,0.3333333333333333,34,46,4,4,10,6,LOW,LOW,MEDIUM,MEDIUM
2026-04-09,Indonesia,Sweden,Udayana Cricket Ground,Sweden,field,T20,2026,Sweden,0,0,0.5111111111111111,0.4516129032258064,0.4,0.8,0.0,1.0,0.578125,1.0,89,30,2,2,63,2,LOW,LOW,HIGH,LOW
2026-04-09,Portugal,France,Santarem Cricket Ground,France,field,T20,2026,Portugal,1,0,0.7142857142857143,0.4594594594594595,0.8,0.4,0.6666666666666666,0.3333333333333333,0.8181818181818182,0.4,35,37,3,3,11,5,LOW,LOW,MEDIUM,MEDIUM
2026-04-09,Norway,France,Santarem Cricket Ground,Norway,bat,T20,2026,France,0,1,0.5106382978723404,0.4473684210526316,0.4,0.4,0.5,0.5,0.2857142857142857,0.3333333333333333,47,38,6,6,7,6,MEDIUM,MEDIUM,MEDIUM,MEDIUM
2026-04-09,Sweden,Indonesia,Udayana Cricket Ground,Sweden,bat,T20,2026,Sweden,1,1,0.4333333333333333,0.5168539325842697,0.6,0.6,1.0,0.0,1.0,0.5873015873015873,31,90,3,3,3,64,LOW,LOW,LOW,HIGH
2026-04-11,Indonesia,Sweden,Udayana Cricket Ground,Sweden,field,T20,2026,Sweden,0,0,0.5,0.4848484848484848,0.0,1.0,0.0,1.0,0.5606060606060606,1.0,91,32,4,4,65,4,LOW,LOW,HIGH,LOW
2026-04-11,Sweden,Indonesia,Udayana Cricket Ground,Sweden,bat,T20,2026,Sweden,1,1,0.46875,0.5054945054945055,1.0,0.2,1.0,0.0,1.0,0.5692307692307692,33,92,5,5,5,66,MEDIUM,MEDIUM,MEDIUM,HIGH
2026-04-13,Sweden,Indonesia,Udayana Cricket Ground,Sweden,bat,T20,2026,Sweden,1,1,0.5,0.4946236559139785,1.0,0.0,1.0,0.0,1.0,0.5522388059701493,34,93,6,6,6,67,MEDIUM,MEDIUM,MEDIUM,HIGH
2026-04-13,Sweden,Indonesia,Udayana Cricket Ground,Sweden,bat,T20,2026,Indonesia,0,1,0.5142857142857142,0.4893617021276595,1.0,0.0,1.0,0.0,1.0,0.5441176470588235,35,94,7,7,7,68,MEDIUM,MEDIUM,MEDIUM,HIGH
2026-04-15,Namibia,Scotland,"Namibia Cricket Ground, Windhoek",Namibia,bat,T20,2026,Scotland,0,1,0.5813953488372093,0.4831460674157303,0.2,0.2,0.75,0.25,1.0,0.5,86,89,4,4,4,0,LOW,LOW,LOW,LOW
2026-04-17,Scotland,Namibia,"Namibia Cricket Ground, Windhoek",Namibia,field,T20,2026,Scotland,1,0,0.4888888888888889,0.5747126436781609,0.4,0.0,0.4,0.6,1.0,0.8,90,87,5,5,1,5,MEDIUM,MEDIUM,LOW,MEDIUM
2026-04-18,Scotland,Namibia,"Namibia Cricket Ground, Windhoek",Scotland,bat,T20,2026,Namibia,0,1,0.4945054945054945,0.5681818181818182,0.6,0.0,0.5,0.5,1.0,0.6666666666666666,91,88,6,6,2,6,MEDIUM,MEDIUM,LOW,MEDIUM
2026-04-20,Nepal,United Arab Emirates,"Tribhuvan University International Cricket Ground, Kirtipur",Nepal,bat,T20,2026,United Arab Emirates,0,1,0.6057692307692307,0.5491803278688525,0.4,0.2,0.5454545454545454,0.4545454545454545,0.6842105263157895,1.0,104,122,11,11,19,1,MEDIUM,MEDIUM,MEDIUM,LOW
2026-04-21,United Arab Emirates,Nepal,"Tribhuvan University International Cricket Ground, Kirtipur",Nepal,field,T20,2026,Nepal,0,0,0.5528455284552846,0.6,0.4,0.2,0.5,0.5,1.0,0.65,123,105,12,12,2,20,MEDIUM,MEDIUM,LOW,HIGH
2026-04-27,New Zealand,Bangladesh,"Bir Sreshtho Flight Lieutenant Matiur Rahman Stadium, Chattogram",Bangladesh,field,T20,2026,Bangladesh,0,0,0.55,0.3957219251336898,0.4,0.4,0.7894736842105263,0.2105263157894736,0.5,0.3333333333333333,240,187,19,19,0,6,MEDIUM,MEDIUM,LOW,MEDIUM
2026-05-01,Austria,Germany,Bayer Uerdingen Cricket Ground,Germany,field,T20,2026,Germany,0,0,0.7333333333333333,0.5892857142857143,0.8,0.4,0.2,0.8,0.75,0.8,60,56,5,5,4,15,MEDIUM,MEDIUM,LOW,MEDIUM
2026-05-01,Germany,Austria,Bayer Uerdingen Cricket Ground,Austria,field,T20,2026,Germany,1,0,0.5964912280701754,0.7213114754098361,0.6,0.6,0.8333333333333334,0.1666666666666666,0.8125,0.6,57,61,6,6,16,5,MEDIUM,MEDIUM,MEDIUM,MEDIUM
2026-05-01,Indonesia,Malaysia,"Bayuemas Oval, Kuala Lumpur",Malaysia,field,T20,2026,Malaysia,0,0,0.4947368421052631,0.580952380952381,0.2,0.6,0.0,1.0,0.5,0.59375,95,105,1,1,0,32,LOW,LOW,LOW,HIGH
2026-05-02,Bangladesh,New Zealand,"Shere Bangla National Stadium, Mirpur",New Zealand,field,T20,2026,New Zealand,0,0,0.3989361702127659,0.5477178423236515,0.6,0.4,0.25,0.75,0.6153846153846154,0.4,188,241,20,20,26,5,HIGH,HIGH,HIGH,MEDIUM
2026-05-02,Isle of Man,Guernsey,"King George V Sports Ground, Castel",Guernsey,field,T20,2026,Guernsey,0,0,0.5263157894736842,0.5151515151515151,0.4,0.0,0.0,1.0,0.5,0.5,19,33,1,1,0,6,LOW,LOW,LOW,MEDIUM
2026-05-02,Malaysia,Indonesia,"Bayuemas Oval, Kuala Lumpur",Indonesia,field,T20,2026,Malaysia,1,0,0.5849056603773585,0.4895833333333333,0.6,0.2,1.0,0.0,0.6060606060606061,0.0,106,96,2,2,33,1,LOW,LOW,HIGH,LOW
2026-05-02,Germany,Austria,Bayer Uerdingen Cricket Ground,Germany,bat,T20,2026,Austria,0,1,0.603448275862069,0.7096774193548387,0.6,0.4,0.8571428571428571,0.1428571428571428,0.8235294117647058,0.5,58,62,7,7,17,6,MEDIUM,MEDIUM,MEDIUM,MEDIUM
2026-05-03,Guernsey,Isle of Man,"King George V Sports Ground, Castel",Isle of Man,field,T20,2026,Guernsey,1,0,0.5294117647058824,0.5,0.2,0.4,1.0,0.0,0.5714285714285714,0.0,34,20,2,2,7,1,LOW,LOW,MEDIUM,LOW
2026-05-03,Austria,Germany,Bayer Uerdingen Cricket Ground,Austria,bat,T20,2026,Germany,0,1,0.7142857142857143,0.5932203389830508,0.4,0.6,0.25,0.75,0.5714285714285714,0.7777777777777778,63,59,8,8,7,18,MEDIUM,MEDIUM,MEDIUM,MEDIUM
2026-05-04,Malaysia,Indonesia,"Bayuemas Oval, Kuala Lumpur",Malaysia,bat,T20,2026,Malaysia,1,1,0.5887850467289719,0.4845360824742268,0.6,0.2,1.0,0.0,0.6176470588235294,0.0,107,97,3,3,34,2,LOW,LOW,HIGH,LOW
2026-05-05,Indonesia,Malaysia,"Bayuemas Oval, Kuala Lumpur",Indonesia,bat,T20,2026,Malaysia,0,1,0.4795918367346938,0.5925925925925926,0.2,0.6,0.0,1.0,0.0,0.6285714285714286,98,108,4,4,3,35,LOW,LOW,LOW,HIGH
2026-05-07,Malta,Gibraltar,Marsa Sports Club,Gibraltar,field,T20,2026,Malta,1,0,0.4090909090909091,0.3191489361702128,0.4,0.6,0.75,0.25,0.5161290322580645,0.1111111111111111,66,47,8,8,31,9,MEDIUM,MEDIUM,HIGH,MEDIUM
2026-05-07,Malta,Gibraltar,Marsa Sports Club,Malta,bat,T20,2026,Malta,1,1,0.417910447761194,0.3125,0.6,0.4,0.7777777777777778,0.2222222222222222,0.53125,0.1,67,48,9,9,32,10,MEDIUM,MEDIUM,HIGH,MEDIUM
2026-05-08,Indonesia,Philippines,Sano International Cricket Ground,Philippines,field,T20,2026,Indonesia,1,0,0.4747474747474747,0.4594594594594595,0.2,0.8,0.3333333333333333,0.6666666666666666,0.6666666666666666,0.5,99,37,12,12,6,0,MEDIUM,MEDIUM,MEDIUM,LOW
2026-05-08,South Korea,Cook Islands,"Korogi Sports Park, Nisshin",Cook Islands,field,T20,2026,Cook Islands,0,0,0.1176470588235294,0.5,0.2,0.2,0.5,0.5,0.5,0.5,17,16,0,0,0,0,LOW,LOW,LOW,LOW
2026-05-08,Vanuatu,Fiji,"Korogi Sports Park, Nisshin",Vanuatu,bat,T20,2026,Vanuatu,1,1,0.3870967741935484,0.5454545454545454,0.2,0.6,0.6666666666666666,0.3333333333333333,0.5,0.5,31,11,3,3,0,0,LOW,LOW,LOW,LOW
2026-05-08,Cyprus,Finland,Happy Valley Ground,Cyprus,bat,T20,2026,Finland,0,1,0.6060606060606061,0.4482758620689655,0.8,0.6,0.0,1.0,0.5,0.5,33,29,1,1,12,0,LOW,LOW,MEDIUM,LOW
2026-05-08,Malta,Gibraltar,Marsa Sports Club,Malta,bat,T20,2026,Malta,1,1,0.4264705882352941,0.3061224489795918,0.8,0.2,0.8,0.2,0.5454545454545454,0.0909090909090909,68,49,10,10,33,11,MEDIUM,MEDIUM,HIGH,MEDIUM
2026-05-08,Cyprus,Finland,Happy Valley Ground,Cyprus,bat,T20,2026,Cyprus,1,1,0.5882352941176471,0.4666666666666667,0.6,0.8,0.0,1.0,0.4615384615384615,1.0,34,30,2,2,13,1,LOW,LOW,MEDIUM,LOW
2026-05-08,Romania,Bulgaria,"Moara Vlasiei Cricket Ground, Ilfov County",Romania,bat,T20,2026,Romania,1,1,0.6037735849056604,0.3478260869565217,0.4,0.2,0.8571428571428571,0.1428571428571428,0.5909090909090909,0.0,53,46,7,7,22,5,MEDIUM,MEDIUM,HIGH,MEDIUM
2026-05-08,Gibraltar,Malta,Marsa Sports Club,Gibraltar,bat,T20,2026,Malta,0,1,0.3,0.4347826086956521,0.2,0.8,0.1818181818181818,0.8181818181818182,0.0833333333333333,0.5588235294117647,50,69,11,11,12,34,MEDIUM,MEDIUM,MEDIUM,HIGH
2026-05-09,Finland,Cyprus,Happy Valley Ground,Finland,bat,T20,2026,Finland,1,1,0.46875,0.5833333333333334,0.6,0.4,0.75,0.25,0.6666666666666666,0.4666666666666667,31,35,3,3,2,14,LOW,LOW,LOW,MEDIUM
2026-05-09,Japan,Vanuatu,"Korogi Sports Park, Nisshin",Japan,bat,T20,2026,Japan,1,1,0.673469387755102,0.40625,0.6,0.2,0.5,0.5,0.5,1.0,49,32,2,2,0,1,LOW,LOW,LOW,LOW
2026-05-09,Papua New Guinea,South Korea,"Korogi Sports Park, Nisshin",Papua New Guinea,bat,T20,2026,Papua New Guinea,1,1,0.5087719298245614,0.1111111111111111,0.2,0.2,0.5,0.5,0.5,0.0,57,18,0,0,0,1,LOW,LOW,LOW,LOW
2026-05-09,Indonesia,Samoa,Sano International Cricket Ground,Samoa,field,T20,2026,Samoa,0,0,0.48,0.217391304347826,0.2,0.2,0.5,0.5,0.7142857142857143,0.5,100,23,0,0,7,0,LOW,LOW,MEDIUM,LOW
2026-05-09,Romania,Bulgaria,"Moara Vlasiei Cricket Ground, Ilfov County",Romania,bat,T20,2026,Romania,1,1,0.6111111111111112,0.3404255319148936,0.4,0.0,0.875,0.125,0.6086956521739131,0.0,54,47,8,8,23,6,MEDIUM,MEDIUM,HIGH,MEDIUM
2026-05-09,Gibraltar,Malta,Marsa Sports Club,Gibraltar,bat,T20,2026,Malta,0,1,0.2941176470588235,0.4428571428571428,0.0,1.0,0.1666666666666666,0.8333333333333334,0.0769230769230769,0.5714285714285714,51,70,12,12,13,35,MEDIUM,MEDIUM,MEDIUM,HIGH
2026-05-09,Finland,Cyprus,Happy Valley Ground,Finland,bat,T20,2026,Finland,1,1,0.4516129032258064,0.6,0.6,0.6,0.6666666666666666,0.3333333333333333,0.5,0.5,32,36,4,4,3,15,LOW,LOW,LOW,MEDIUM
2026-05-09,Romania,Bulgaria,"Moara Vlasiei Cricket Ground, Ilfov County",Romania,bat,T20,2026,Romania,1,1,0.6181818181818182,0.3333333333333333,0.4,0.0,0.8888888888888888,0.1111111111111111,0.625,0.0,55,48,9,9,24,7,MEDIUM,MEDIUM,HIGH,MEDIUM
2026-05-10,Romania,Bulgaria,"Moara Vlasiei Cricket Ground, Ilfov County",Romania,bat,T20,2026,Romania,1,1,0.625,0.3265306122448979,0.6,0.0,0.9,0.1,0.64,0.0,56,49,10,10,25,8,MEDIUM,MEDIUM,HIGH,MEDIUM
2026-05-10,Papua New Guinea,Cook Islands,"Korogi Sports Park, Nisshin",Papua New Guinea,bat,T20,2026,Papua New Guinea,1,1,0.5172413793103449,0.5294117647058824,0.4,0.2,0.5,0.5,1.0,1.0,58,17,0,0,1,1,LOW,LOW,LOW,LOW
2026-05-10,Fiji,Japan,"Korogi Sports Park, Nisshin",Fiji,bat,T20,2026,Japan,0,1,0.5,0.68,0.6,0.8,0.5,0.5,0.0,1.0,12,50,0,0,1,1,LOW,LOW,LOW,LOW
2026-05-10,Samoa,Philippines,Sano International Cricket Ground,Samoa,bat,T20,2026,Samoa,1,1,0.25,0.4473684210526316,0.2,0.6,0.5,0.5,1.0,0.0,24,38,0,0,1,1,LOW,LOW,LOW,LOW
2026-05-12,Philippines,South Korea,Sano International Cricket Ground 2,Philippines,bat,T20,2026,Philippines,1,1,0.4358974358974359,0.1052631578947368,0.6,0.2,0.8333333333333334,0.1666666666666666,0.5,0.5,39,19,6,6,0,0,MEDIUM,MEDIUM,LOW,LOW
2026-05-12,Japan,Indonesia,Sano International Cricket Ground,Japan,bat,T20,2026,Japan,1,1,0.6862745098039216,0.4752475247524752,1.0,0.2,0.7142857142857143,0.2857142857142857,0.8125,0.625,51,101,7,7,16,8,MEDIUM,MEDIUM,MEDIUM,MEDIUM
2026-05-12,Vanuatu,Samoa,Sano International Cricket Ground,Vanuatu,bat,T20,2026,Samoa,0,1,0.3939393939393939,0.28,0.2,0.4,0.5,0.5,0.5,1.0,33,25,4,4,0,2,LOW,LOW,LOW,LOW
2026-05-13,Fiji,South Korea,Sano International Cricket Ground 2,Fiji,bat,T20,2026,South Korea,0,1,0.4615384615384615,0.1,0.4,0.2,0.5,0.5,0.5,0.0,13,20,0,0,0,1,LOW,LOW,LOW,LOW
2026-05-13,Cook Islands,Vanuatu,Sano International Cricket Ground,Cook Islands,bat,T20,2026,Cook Islands,1,1,0.5,0.3823529411764705,0.2,0.2,0.75,0.25,0.2,0.0,18,34,4,4,5,1,LOW,LOW,MEDIUM,LOW
2026-05-13,Samoa,Papua New Guinea,Sano International Cricket Ground,Samoa,bat,T20,2026,Papua New Guinea,0,1,0.3076923076923077,0.5254237288135594,0.6,0.6,1.0,0.0,1.0,0.5,26,59,1,1,3,0,LOW,LOW,LOW,LOW
2026-05-14,Fiji,Philippines,Sano International Cricket Ground 2,Fiji,bat,T20,2026,Philippines,0,1,0.4285714285714285,0.45,0.4,0.6,0.5,0.5,0.0,1.0,14,40,0,0,1,1,LOW,LOW,LOW,LOW
2026-05-14,Japan,Cook Islands,Sano International Cricket Ground,Japan,bat,T20,2026,Cook Islands,0,1,0.6923076923076923,0.5263157894736842,1.0,0.4,1.0,0.0,0.8235294117647058,0.3333333333333333,52,19,3,3,17,6,LOW,LOW,MEDIUM,MEDIUM
2026-05-14,Papua New Guinea,Indonesia,Sano International Cricket Ground,Papua New Guinea,bat,T20,2026,Papua New Guinea,1,1,0.5333333333333333,0.4705882352941176,0.6,0.2,0.5,0.5,1.0,0.5555555555555556,60,102,0,0,1,9,LOW,LOW,LOW,MEDIUM
2026-05-16,Philippines,South Korea,Sano International Cricket Ground 2,Philippines,bat,T20,2026,South Korea,0,1,0.4634146341463415,0.1428571428571428,0.6,0.2,0.8571428571428571,0.1428571428571428,1.0,0.5,41,21,7,7,2,2,MEDIUM,MEDIUM,LOW,LOW
2026-05-16,Malta,Austria,Happy Valley Ground 2,Austria,field,T20,2026,Austria,0,0,0.4507042253521127,0.703125,1.0,0.4,0.0,1.0,0.5,0.5,71,64,2,2,0,2,LOW,LOW,LOW,LOW
2026-05-16,Switzerland,Jersey,Happy Valley Ground,Switzerland,bat,T20,2026,Jersey,0,1,0.6428571428571429,0.6590909090909091,0.8,0.8,0.0,1.0,0.5,0.5,28,44,1,1,0,0,LOW,LOW,LOW,LOW
2026-05-16,Cyprus,France,Happy Valley Ground,Cyprus,bat,T20,2026,France,0,1,0.5675675675675675,0.4615384615384615,0.2,0.6,0.5,0.5,0.4375,0.5,37,39,0,0,16,0,LOW,LOW,MEDIUM,LOW
2026-05-16,Guernsey,Sweden,Happy Valley Ground 2,Sweden,field,T20,2026,Guernsey,1,0,0.5428571428571428,0.5,0.4,0.8,0.5,0.5,0.5,0.5,35,36,0,0,0,0,LOW,LOW,LOW,LOW
2026-05-16,Samoa,Japan,Sano International Cricket Ground,Samoa,bat,T20,2026,Japan,0,1,0.2962962962962963,0.6792452830188679,0.6,0.8,0.0,1.0,0.75,0.7777777777777778,27,53,1,1,4,18,LOW,LOW,LOW,MEDIUM
2026-05-16,Vanuatu,Indonesia,Sano International Cricket Ground,Indonesia,field,T20,2026,Vanuatu,1,0,0.3714285714285714,0.4660194174757281,0.2,0.2,0.5,0.5,0.0,0.5,35,103,0,0,2,10,LOW,LOW,LOW,MEDIUM
2026-05-17,Jersey,Cyprus,Happy Valley Ground 2,Jersey,bat,T20,2026,Jersey,1,1,0.6666666666666666,0.5526315789473685,0.8,0.2,0.5,0.5,0.5,0.8571428571428571,45,38,0,0,0,7,LOW,LOW,LOW,MEDIUM
2026-05-17,Cook Islands,Indonesia,Sano International Cricket Ground,Indonesia,field,T20,2026,Cook Islands,1,0,0.55,0.4615384615384615,0.6,0.2,0.5,0.5,0.4285714285714285,0.4545454545454545,20,104,0,0,7,11,LOW,LOW,MEDIUM,MEDIUM
2026-05-17,Slovenia,Austria,Happy Valley Ground,Slovenia,bat,T20,2026,Austria,0,1,0.0666666666666666,0.7076923076923077,0.0,0.4,0.0,1.0,0.5,0.5,15,65,4,4,0,0,LOW,LOW,LOW,LOW
2026-05-17,Papua New Guinea,Vanuatu,Sano International Cricket Ground,Papua New Guinea,bat,T20,2026,Papua New Guinea,1,1,0.5409836065573771,0.3888888888888889,0.8,0.4,1.0,0.0,1.0,0.3333333333333333,61,36,4,4,2,3,LOW,LOW,LOW,LOW
2026-05-17,Malta,Guernsey,Happy Valley Ground,Guernsey,field,T20,2026,Guernsey,0,0,0.4444444444444444,0.5555555555555556,0.8,0.6,0.0,1.0,0.5,0.5,72,36,1,1,0,0,LOW,LOW,LOW,LOW
2026-05-17,Fiji,South Korea,Sano International Cricket Ground 2,South Korea,field,T20,2026,South Korea,0,0,0.4,0.1818181818181818,0.2,0.4,0.0,1.0,0.0,0.6666666666666666,15,22,1,1,2,3,LOW,LOW,LOW,LOW
2026-05-17,France,Croatia,Happy Valley Ground 2,France,bat,T20,2026,France,1,1,0.475,0.1428571428571428,0.8,0.0,0.5,0.5,0.5,0.5,40,28,0,0,0,0,LOW,LOW,LOW,LOW
2026-05-18,Japan,Papua New Guinea,Sano International Cricket Ground,Japan,bat,T20,2026,Japan,1,1,0.6851851851851852,0.5483870967741935,0.8,1.0,0.0,1.0,0.7894736842105263,1.0,54,62,2,2,19,3,LOW,LOW,MEDIUM,LOW
2026-05-18,Cook Islands,Samoa,Sano International Cricket Ground,Samoa,field,T20,2026,Samoa,0,0,0.5714285714285714,0.2857142857142857,0.8,0.6,1.0,0.0,0.5,0.6,21,28,3,3,8,5,LOW,LOW,MEDIUM,MEDIUM
2026-05-19,Guernsey,Austria,Happy Valley Ground 2,Austria,field,T20,2026,Guernsey,1,0,0.5675675675675675,0.7121212121212122,0.8,0.6,0.0,1.0,1.0,0.6666666666666666,37,66,1,1,1,3,LOW,LOW,LOW,LOW
2026-05-19,Slovenia,Sweden,Happy Valley Ground 2,Slovenia,bat,T20,2026,Sweden,0,1,0.0625,0.4864864864864865,0.0,0.6,0.0,1.0,0.5,0.0,16,37,1,1,0,1,LOW,LOW,LOW,LOW
2026-05-19,France,Jersey,Happy Valley Ground,Jersey,field,T20,2026,Jersey,0,0,0.4878048780487805,0.6739130434782609,0.8,0.8,0.5,0.5,1.0,1.0,41,46,0,0,1,1,LOW,LOW,LOW,LOW
2026-05-19,Croatia,Switzerland,Happy Valley Ground,Croatia,bat,T20,2026,Croatia,1,1,0.1379310344827586,0.6206896551724138,0.0,0.6,0.0,1.0,0.5,0.0,29,29,1,1,0,1,LOW,LOW,LOW,LOW
2026-05-20,Slovenia,Guernsey,Happy Valley Ground,Slovenia,bat,T20,2026,Guernsey,0,1,0.0588235294117647,0.5789473684210527,0.0,1.0,0.0,1.0,0.0,1.0,17,38,1,1,1,1,LOW,LOW,LOW,LOW
2026-05-20,Switzerland,Cyprus,Happy Valley Ground 2,Cyprus,field,T20,2026,Switzerland,1,0,0.6,0.5384615384615384,0.6,0.2,0.5,0.5,0.5,0.75,30,39,0,0,0,8,LOW,LOW,LOW,MEDIUM
2026-05-20,Sweden,Malta,Happy Valley Ground,Malta,field,T20,2026,Malta,0,0,0.5,0.4383561643835616,0.6,0.6,0.5,0.5,0.5,0.0,38,73,0,0,0,1,LOW,LOW,LOW,LOW
2026-05-20,Jersey,Croatia,Happy Valley Ground 2,Croatia,field,T20,2026,Jersey,1,0,0.6808510638297872,0.1666666666666666,1.0,0.2,0.5,0.5,1.0,0.0,47,30,0,0,1,1,LOW,LOW,LOW,LOW
2026-05-22,Austria,Sweden,Happy Valley Ground 2,Sweden,field,T20,2026,Sweden,0,0,0.7014925373134329,0.4871794871794871,0.6,0.4,1.0,0.0,0.5,0.5,67,39,3,3,4,2,LOW,LOW,LOW,LOW
2026-05-22,Croatia,Cyprus,Happy Valley Ground,Cyprus,field,T20,2026,Croatia,1,0,0.1612903225806451,0.525,0.2,0.0,0.0,1.0,1.0,0.4117647058823529,31,40,4,4,1,17,LOW,LOW,LOW,MEDIUM
2026-05-22,Slovenia,Malta,Happy Valley Ground 2,Slovenia,bat,T20,2026,Malta,0,1,0.0555555555555555,0.4459459459459459,0.0,0.6,0.5,0.5,0.0,0.0,18,74,0,0,1,1,LOW,LOW,LOW,LOW
2026-05-22,France,Switzerland,Happy Valley Ground,France,bat,T20,2026,France,1,1,0.4761904761904761,0.6129032258064516,0.6,0.6,0.0,1.0,0.5,0.0,42,31,2,2,2,2,LOW,LOW,LOW,LOW
2026-05-23,Cameroon,Rwanda,"Botswana Cricket Association Oval 1, Gaborone",Rwanda,field,T20,2026,Rwanda,0,0,0.1333333333333333,0.3225806451612903,0.4,0.4,0.5,0.5,0.5,0.5,15,93,0,0,0,0,LOW,LOW,LOW,LOW
2026-05-23,France,Sweden,Happy Valley Ground 2,Sweden,field,T20,2026,Sweden,0,0,0.4883720930232558,0.5,0.8,0.4,1.0,0.0,1.0,0.6666666666666666,43,40,1,1,1,3,LOW,LOW,LOW,LOW
2026-05-23,Malta,Switzerland,Happy Valley Ground,Switzerland,field,T20,2026,Switzerland,0,0,0.4533333333333333,0.59375,0.6,0.4,0.25,0.75,0.5,0.0,75,32,4,4,2,3,LOW,LOW,LOW,LOW
2026-05-23,Croatia,Austria,Happy Valley Ground,Croatia,bat,T20,2026,Austria,0,1,0.1875,0.6911764705882353,0.4,0.4,0.5,0.5,1.0,1.0,32,68,0,0,2,1,LOW,LOW,LOW,LOW
2026-05-23,Guernsey,Jersey,Happy Valley Ground 2,Guernsey,bat,T20,2026,Jersey,0,1,0.5897435897435898,0.6875,1.0,1.0,0.25,0.75,1.0,1.0,39,48,8,8,2,2,MEDIUM,MEDIUM,LOW,LOW
2026-05-23,Kenya,Mali,"Botswana Cricket Association Oval 2, Gaborone",Kenya,bat,T20,2026,Kenya,1,1,0.532608695652174,0.0,0.4,0.0,1.0,0.0,0.5,0.5,92,9,1,1,0,0,LOW,LOW,LOW,LOW
2026-05-23,Botswana,Sierra Leone,"Botswana Cricket Association Oval 1, Gaborone",Sierra Leone,field,T20,2026,Botswana,1,0,0.38,0.3333333333333333,1.0,0.2,1.0,0.0,1.0,0.5,50,39,2,2,5,0,LOW,LOW,MEDIUM,LOW
2026-05-24,Rwanda,Ivory Coast,"Botswana Cricket Association Oval 1, Gaborone",Rwanda,bat,T20,2026,Rwanda,1,1,0.3297872340425531,0.0,0.4,0.0,0.5,0.5,1.0,0.5,94,5,0,0,1,0,LOW,LOW,LOW,LOW
2026-05-24,Sierra Leone,Cameroon,"Botswana Cricket Association Oval 2, Gaborone",Cameroon,field,T20,2026,Cameroon,0,0,0.325,0.125,0.2,0.4,1.0,0.0,0.5,0.5,40,16,2,2,0,0,LOW,LOW,LOW,LOW
2026-05-24,Mali,Botswana,"Botswana Cricket Association Oval 1, Gaborone",Mali,bat,T20,2026,Botswana,0,1,0.0,0.392156862745098,0.0,1.0,0.0,1.0,0.5,1.0,10,51,1,1,0,6,LOW,LOW,LOW,MEDIUM
2026-05-25,Ivory Coast,Mali,"Botswana Cricket Association Oval 2, Gaborone",Mali,field,T20,2026,Mali,0,0,0.0,0.0,0.0,0.0,0.5,0.5,0.5,0.0,6,11,0,0,0,1,LOW,LOW,LOW,LOW
2026-05-25,Botswana,Cameroon,"Botswana Cricket Association Oval 2, Gaborone",Botswana,bat,T20,2026,Botswana,1,1,0.4038461538461538,0.1764705882352941,1.0,0.4,1.0,0.0,0.5,1.0,52,17,1,1,0,1,LOW,LOW,LOW,LOW
2026-05-25,Kenya,Rwanda,"Botswana Cricket Association Oval 1, Gaborone",Kenya,bat,T20,2026,Rwanda,0,1,0.5376344086021505,0.3368421052631579,0.6,0.6,1.0,0.0,0.5,1.0,93,95,8,8,0,2,MEDIUM,MEDIUM,LOW,LOW
2026-05-26,Mali,Rwanda,"Botswana Cricket Association Oval 2, Gaborone",Rwanda,field,T20,2026,Rwanda,0,0,0.0833333333333333,0.34375,0.2,0.6,0.0,1.0,0.5,0.5,12,96,1,1,2,0,LOW,LOW,LOW,LOW
2026-05-26,Kenya,Sierra Leone,"Botswana Cricket Association Oval 1, Gaborone",Sierra Leone,field,T20,2026,Kenya,1,0,0.5319148936170213,0.3170731707317073,0.6,0.2,0.5,0.5,0.0,0.0,94,41,0,0,1,1,LOW,LOW,LOW,LOW
2026-05-26,Cameroon,Ivory Coast,"Botswana Cricket Association Oval 2, Gaborone",Cameroon,bat,T20,2026,Cameroon,1,1,0.1666666666666666,0.0,0.4,0.0,0.5,0.5,0.5,0.0,18,7,0,0,2,1,LOW,LOW,LOW,LOW
2026-05-28,Botswana,Ivory Coast,"Botswana Cricket Association Oval 1, Gaborone",Botswana,bat,T20,2026,Botswana,1,1,0.4150943396226415,0.0,1.0,0.0,1.0,0.0,1.0,0.0,53,8,1,1,7,1,LOW,LOW,MEDIUM,LOW
2026-05-28,Sierra Leone,Rwanda,"Botswana Cricket Association Oval 2, Gaborone",Rwanda,field,T20,2026,Rwanda,0,0,0.3095238095238095,0.3505154639175257,0.2,0.8,0.1666666666666666,0.8333333333333334,0.0,1.0,42,97,6,6,1,1,MEDIUM,MEDIUM,LOW,LOW
2026-05-28,Cameroon,Kenya,"Botswana Cricket Association Oval 1, Gaborone",Kenya,field,T20,2026,Kenya,0,0,0.2105263157894736,0.5368421052631579,0.6,0.6,0.0,1.0,0.0,0.5,19,95,1,1,1,2,LOW,LOW,LOW,LOW
2026-05-29,Cameroon,Mali,"Botswana Cricket Association Oval 1, Gaborone",Cameroon,bat,T20,2026,Cameroon,1,1,0.2,0.0769230769230769,0.4,0.2,1.0,0.0,0.0,0.0,20,13,1,1,2,1,LOW,LOW,LOW,LOW
2026-05-29,Ivory Coast,Sierra Leone,"Botswana Cricket Association Oval 2, Gaborone",Ivory Coast,bat,T20,2026,Sierra Leone,0,1,0.0,0.3023255813953488,0.0,0.0,0.0,1.0,0.0,0.0,9,43,1,1,2,2,LOW,LOW,LOW,LOW
2026-05-29,Kenya,Botswana,"Botswana Cricket Association Oval 2, Gaborone",Kenya,bat,T20,2026,Kenya,1,1,0.5416666666666666,0.4259259259259259,0.8,1.0,0.75,0.25,1.0,1.0,96,54,4,4,1,1,LOW,LOW,LOW,LOW
2026-05-30,Rwanda,Botswana,"Botswana Cricket Association Oval 1, Gaborone",Rwanda,bat,T20,2026,Rwanda,1,1,0.3571428571428571,0.4181818181818181,1.0,0.8,0.8333333333333334,0.1666666666666666,1.0,1.0,98,55,6,6,3,8,MEDIUM,MEDIUM,LOW,MEDIUM
2026-05-30,Ivory Coast,Kenya,"Botswana Cricket Association Oval 2, Gaborone",Kenya,field,T20,2026,Kenya,0,0,0.0,0.5463917525773195,0.0,0.8,0.5,0.5,0.0,1.0,10,97,0,0,3,2,LOW,LOW,LOW,LOW
2026-05-30,Mali,Sierra Leone,"Botswana Cricket Association Oval 1, Gaborone",Mali,bat,T20,2026,Sierra Leone,0,1,0.0714285714285714,0.3181818181818182,0.2,0.2,0.5,0.5,0.0,0.0,14,44,0,0,2,2,LOW,LOW,LOW,LOW
2026-05-31,Nepal,China,Singapore National Cricket Ground,China,field,T20,2026,Nepal,1,0,0.6037735849056604,0.1111111111111111,0.4,0.0,0.5,0.5,0.5,0.5,106,9,0,0,0,0,LOW,LOW,LOW,LOW
2026-06-01,Oman,Singapore,Singapore National Cricket Ground,Singapore,field,T20,2026,Oman,1,0,0.4747474747474747,0.3692307692307692,0.2,0.4,1.0,0.0,0.5,0.2222222222222222,99,65,1,1,0,9,LOW,LOW,LOW,MEDIUM
2026-06-01,Bahrain,Hong Kong,Singapore National Cricket Ground,Hong Kong,field,T20,2026,Hong Kong,0,0,0.6285714285714286,0.4770642201834862,0.6,0.6,0.75,0.25,1.0,0.5714285714285714,105,109,4,4,3,7,LOW,LOW,LOW,MEDIUM
2026-06-02,Mozambique,Lesotho,Malkerns Country Club oval,Lesotho,field,T20,2026,Mozambique,1,0,0.3809523809523809,0.125,0.4,0.0,0.5,0.5,0.0,0.5,21,16,0,0,3,0,LOW,LOW,LOW,LOW
2026-06-02,China,Malaysia,Singapore National Cricket Ground,Malaysia,field,T20,2026,Malaysia,0,0,0.1,0.5963302752293578,0.0,0.8,0.0,1.0,0.0,1.0,10,109,1,1,1,7,LOW,LOW,LOW,MEDIUM
2026-06-03,Eswatini,Mozambique,Malkerns Country Club oval,Eswatini,bat,T20,2026,Mozambique,0,1,0.4117647058823529,0.4090909090909091,0.4,0.4,0.75,0.25,1.0,0.25,17,22,4,4,3,4,LOW,LOW,LOW,LOW
2026-06-03,Singapore,Hong Kong,Singapore National Cricket Ground,Singapore,bat,T20,2026,Hong Kong,0,1,0.3636363636363636,0.4818181818181818,0.4,0.8,0.1666666666666666,0.8333333333333334,0.2,0.625,66,110,6,6,10,8,MEDIUM,MEDIUM,MEDIUM,MEDIUM
2026-06-03,Oman,Bahrain,Singapore National Cricket Ground,Bahrain,field,T20,2026,Oman,1,0,0.48,0.6226415094339622,0.2,0.6,0.6666666666666666,0.3333333333333333,1.0,0.75,100,106,6,6,1,4,MEDIUM,MEDIUM,LOW,LOW
2026-06-04,Nepal,Malaysia,Singapore National Cricket Ground,Malaysia,field,T20,2026,Nepal,1,0,0.6074766355140186,0.6,0.6,1.0,1.0,0.0,1.0,1.0,107,110,9,9,1,8,MEDIUM,MEDIUM,LOW,MEDIUM
2026-06-04,Lesotho,Eswatini,Malkerns Country Club oval,Lesotho,bat,T20,2026,Eswatini,0,1,0.1176470588235294,0.3888888888888889,0.0,0.2,0.5,0.5,0.0,0.75,17,18,0,0,1,4,LOW,LOW,LOW,LOW
2026-06-04,Mozambique,Lesotho,Malkerns Country Club oval,Lesotho,field,T20,2026,Mozambique,1,0,0.4347826086956521,0.1111111111111111,0.4,0.0,1.0,0.0,0.4,0.0,23,18,1,1,5,2,LOW,LOW,MEDIUM,LOW
2026-06-05,Bahrain,Singapore,Singapore National Cricket Ground,Singapore,field,T20,2026,Bahrain,1,0,0.616822429906542,0.3582089552238806,0.4,0.4,1.0,0.0,0.6,0.1818181818181818,107,67,4,4,5,11,LOW,LOW,MEDIUM,MEDIUM
2026-06-05,Hong Kong,Oman,Singapore National Cricket Ground,Oman,field,T20,2026,Hong Kong,1,0,0.4864864864864865,0.4851485148514851,0.8,0.4,0.125,0.875,0.6666666666666666,1.0,111,101,8,8,9,2,MEDIUM,MEDIUM,MEDIUM,LOW
2026-06-06,Mozambique,Lesotho,Malkerns Country Club oval,Mozambique,bat,T20,2026,Mozambique,1,1,0.44,0.1052631578947368,0.6,0.0,1.0,0.0,0.4285714285714285,0.0,24,19,2,2,6,3,LOW,LOW,MEDIUM,LOW
2026-06-06,Mozambique,Eswatini,Malkerns Country Club oval,Mozambique,bat,T20,2026,Eswatini,0,1,0.4583333333333333,0.4210526315789473,0.6,0.2,0.4,0.6,0.5,0.8,25,19,5,5,7,5,MEDIUM,MEDIUM,MEDIUM,MEDIUM
2026-06-07,Mozambique,Eswatini,Malkerns Country Club oval,Mozambique,bat,T20,2026,Eswatini,0,1,0.4615384615384615,0.45,0.8,0.4,0.3333333333333333,0.6666666666666666,0.5,0.8333333333333334,26,20,6,6,8,6,MEDIUM,MEDIUM,MEDIUM,MEDIUM
2026-06-07,Lesotho,Eswatini,Malkerns Country Club oval,Lesotho,bat,T20,2026,Lesotho,1,1,0.1,0.4761904761904761,0.0,0.6,0.0,1.0,0.0,0.8571428571428571,20,21,1,1,4,7,LOW,LOW,LOW,MEDIUM
2026-06-07,Malaysia,Hong Kong,Singapore National Cricket Ground,Hong Kong,field,T20,2026,Hong Kong,0,0,0.5945945945945946,0.4910714285714285,0.8,0.8,0.5789473684210527,0.4210526315789473,0.8888888888888888,0.7,111,112,19,19,9,10,MEDIUM,MEDIUM,MEDIUM,MEDIUM
2026-06-07,Oman,Nepal,Singapore National Cricket Ground,Oman,bat,T20,2026,Nepal,0,1,0.4803921568627451,0.6111111111111112,0.4,0.8,0.25,0.75,0.6666666666666666,1.0,102,108,8,8,3,2,MEDIUM,MEDIUM,LOW,LOW
2026-06-08,Hong Kong,Nepal,Singapore National Cricket Ground,Nepal,field,T20,2026,Nepal,0,0,0.495575221238938,0.6146788990825688,0.8,0.8,0.5,0.5,0.7272727272727273,1.0,113,109,10,10,11,3,MEDIUM,MEDIUM,MEDIUM,LOW
2026-06-08,Oman,Malaysia,Singapore National Cricket Ground,Malaysia,field,T20,2026,Malaysia,0,0,0.4757281553398058,0.5892857142857143,0.4,0.6,1.0,0.0,0.5,0.8,103,112,1,1,4,10,LOW,LOW,LOW,MEDIUM
2026-06-11,Norway,Sweden,"Botkyrka Cricket Center, Stockholm",Sweden,field,T20,2026,Sweden,0,0,0.5,0.5121951219512195,0.2,0.6,1.0,0.0,0.6666666666666666,0.0,48,41,4,4,3,3,LOW,LOW,LOW,LOW
2026-06-11,Austria,Finland,"Botkyrka Cricket Center, Stockholm",Austria,bat,T20,2026,Finland,0,1,0.6956521739130435,0.4848484848484848,0.6,0.8,0.5,0.5,1.0,0.5,69,33,0,0,3,0,LOW,LOW,LOW,LOW
2026-06-11,Sri Lanka,West Indies,"Sabina Park, Kingston, Jamaica",Sri Lanka,bat,T20,2026,West Indies,0,1,0.4413145539906103,0.4469026548672566,0.2,0.6,0.5555555555555556,0.4444444444444444,0.5,0.5,213,226,18,18,0,8,MEDIUM,MEDIUM,LOW,MEDIUM
2026-06-12,Norway,Austria,"Botkyrka Cricket Center, Stockholm",Austria,field,T20,2026,Norway,1,0,0.4897959183673469,0.6857142857142857,0.0,0.4,0.25,0.75,0.5,0.75,49,70,4,4,4,4,LOW,LOW,LOW,LOW
2026-06-12,Sweden,Finland,"Botkyrka Cricket Center, Stockholm",Finland,field,T20,2026,Finland,0,0,0.5238095238095238,0.5,0.8,0.8,0.5,0.5,0.25,1.0,42,34,6,6,4,1,MEDIUM,MEDIUM,LOW,LOW
2026-06-13,Sri Lanka,West Indies,"Sabina Park, Kingston, Jamaica",West Indies,field,T20,2026,Sri Lanka,1,0,0.4392523364485981,0.4493392070484581,0.0,0.6,0.5263157894736842,0.4736842105263157,0.0,0.5555555555555556,214,227,19,19,1,9,MEDIUM,MEDIUM,LOW,MEDIUM
2026-06-13,Finland,Norway,"Botkyrka Cricket Center, Stockholm",Norway,field,T20,2026,Finland,1,0,0.5142857142857142,0.5,0.8,0.2,0.3333333333333333,0.6666666666666666,1.0,0.6,35,50,6,6,2,5,MEDIUM,MEDIUM,LOW,MEDIUM
2026-06-13,Sweden,Austria,"Botkyrka Cricket Center, Stockholm",Austria,field,T20,2026,Sweden,1,0,0.5116279069767442,0.676056338028169,0.6,0.2,0.25,0.75,0.2,0.6,43,71,4,4,5,5,LOW,LOW,MEDIUM,MEDIUM
2026-06-14,Sri Lanka,West Indies,"Sabina Park, Kingston, Jamaica",West Indies,field,T20,2026,West Indies,0,0,0.4418604651162791,0.4473684210526316,0.2,0.4,0.55,0.45,0.5,0.5,215,228,20,20,2,10,HIGH,HIGH,LOW,MEDIUM
2026-06-14,Finland,Sweden,"Botkyrka Cricket Center, Stockholm",Sweden,field,T20,2026,Sweden,0,0,0.5277777777777778,0.5227272727272727,1.0,0.8,0.5714285714285714,0.4285714285714285,1.0,0.3333333333333333,36,44,7,7,3,6,MEDIUM,MEDIUM,LOW,MEDIUM
2026-06-14,Norway,Austria,"Botkyrka Cricket Center, Stockholm",Norway,bat,T20,2026,Austria,0,1,0.4901960784313725,0.6666666666666666,0.2,0.2,0.4,0.6,0.5,0.5,51,72,5,5,6,6,MEDIUM,MEDIUM,MEDIUM,MEDIUM
2026-06-17,Bangladesh,Australia,"Bir Sreshtho Flight Lieutenant Matiur Rahman Stadium, Chattogram",Bangladesh,bat,T20,2026,Australia,0,1,0.3968253968253968,0.5747663551401869,0.6,0.4,0.3636363636363636,0.6363636363636364,0.4285714285714285,0.5,189,214,11,11,7,0,MEDIUM,MEDIUM,MEDIUM,LOW
2026-06-18,Denmark,Germany,"Svanholm Park, Brondby",Denmark,bat,T20,2026,Germany,0,1,0.4358974358974359,0.6,0.6,0.8,0.0,1.0,0.5454545454545454,0.5,39,60,4,4,11,0,LOW,LOW,MEDIUM,LOW
2026-06-18,Nigeria,Hong Kong,"Namibia Cricket Ground, Windhoek",Hong Kong,field,T20,2026,Hong Kong,0,0,0.5168539325842697,0.4912280701754385,0.8,0.8,0.0,1.0,0.5,0.5,89,114,1,1,0,0,LOW,LOW,LOW,LOW
2026-06-19,Germany,Denmark,"Svanholm Park, Brondby",Germany,bat,T20,2026,Denmark,0,1,0.6065573770491803,0.425,0.8,0.4,1.0,0.0,1.0,0.5,61,40,5,5,1,12,MEDIUM,MEDIUM,LOW,MEDIUM
2026-06-19,Germany,Denmark,"Svanholm Park, Brondby",Germany,bat,T20,2026,Denmark,0,1,0.5967741935483871,0.4390243902439024,0.6,0.6,0.8333333333333334,0.1666666666666666,0.5,0.5384615384615384,62,41,6,6,2,13,MEDIUM,MEDIUM,LOW,MEDIUM
2026-06-19,Hong Kong,Namibia,"Namibia Cricket Ground, Windhoek",Namibia,field,T20,2026,Namibia,0,0,0.4956521739130435,0.5730337078651685,0.8,0.2,0.5,0.5,1.0,0.7142857142857143,115,89,0,0,1,7,LOW,LOW,LOW,MEDIUM
2026-06-19,Australia,Bangladesh,"Bir Sreshtho Flight Lieutenant Matiur Rahman Stadium, Chattogram",Australia,bat,T20,2026,Australia,1,1,0.5767441860465117,0.3947368421052631,0.6,0.6,0.6666666666666666,0.3333333333333333,1.0,0.375,215,190,12,12,1,8,MEDIUM,MEDIUM,LOW,MEDIUM
2026-06-19,Romania,Switzerland,"Moara Vlasiei Cricket Ground, Ilfov County",Romania,bat,T20,2026,Switzerland,0,1,0.631578947368421,0.6176470588235294,0.8,0.6,0.0,1.0,0.6538461538461539,1.0,57,33,1,1,26,0,LOW,LOW,HIGH,LOW
2026-06-19,Hungary,Switzerland,"Moara Vlasiei Cricket Ground, Ilfov County",Switzerland,field,T20,2026,Switzerland,0,0,0.4722222222222222,0.6060606060606061,0.4,0.4,0.5,0.5,0.4285714285714285,0.5,36,34,0,0,7,1,LOW,LOW,MEDIUM,LOW
2026-06-19,Belgium,Romania,"Moara Vlasiei Cricket Ground, Ilfov County",Belgium,bat,T20,2026,Belgium,1,1,0.5714285714285714,0.6206896551724138,0.0,0.8,0.5,0.5,0.6666666666666666,0.6296296296296297,35,58,0,0,3,27,LOW,LOW,LOW,HIGH
2026-06-20,Belgium,Switzerland,"Moara Vlasiei Cricket Ground, Ilfov County",Switzerland,field,T20,2026,Belgium,1,0,0.5833333333333334,0.6285714285714286,0.2,0.8,1.0,0.0,0.75,1.0,36,35,1,1,4,2,LOW,LOW,LOW,LOW
2026-06-20,Belgium,Hungary,"Moara Vlasiei Cricket Ground, Ilfov County",Belgium,bat,T20,2026,Belgium,1,1,0.5945945945945946,0.4594594594594595,0.4,0.2,1.0,0.0,0.8,0.375,37,37,1,1,5,8,LOW,LOW,MEDIUM,MEDIUM
2026-06-20,Hungary,Romania,"Moara Vlasiei Cricket Ground, Ilfov County",Romania,field,T20,2026,Romania,0,0,0.4473684210526316,0.6101694915254238,0.2,0.6,0.2,0.8,0.3333333333333333,0.6071428571428571,38,59,5,5,9,28,MEDIUM,MEDIUM,MEDIUM,HIGH
2026-06-20,Germany,Denmark,"Svanholm Park, Brondby",Denmark,field,T20,2026,Denmark,0,0,0.5873015873015873,0.4523809523809524,0.4,0.6,0.7142857142857143,0.2857142857142857,0.3333333333333333,0.5714285714285714,63,42,7,7,3,14,MEDIUM,MEDIUM,LOW,MEDIUM
2026-06-20,Namibia,Nigeria,"Namibia Cricket Ground, Windhoek",Namibia,bat,T20,2026,Namibia,1,1,0.5777777777777777,0.5111111111111111,0.4,0.8,0.6666666666666666,0.3333333333333333,0.75,0.0,90,90,3,3,8,1,LOW,LOW,MEDIUM,LOW
2026-06-21,Nigeria,Hong Kong,"Namibia Cricket Ground, Windhoek",Hong Kong,field,T20,2026,Hong Kong,0,0,0.5054945054945055,0.4913793103448275,0.6,0.6,0.0,1.0,0.0,0.5,91,116,2,2,2,2,LOW,LOW,LOW,LOW
2026-06-21,Belgium,Hungary,"Moara Vlasiei Cricket Ground, Ilfov County",Belgium,bat,T20,2026,Belgium,1,1,0.6153846153846154,0.4358974358974359,0.8,0.0,1.0,0.0,0.8571428571428571,0.3,38,39,2,2,6,10,LOW,LOW,MEDIUM,MEDIUM
2026-06-21,Bangladesh,Australia,"Bir Sreshtho Flight Lieutenant Matiur Rahman Stadium, Chattogram",Bangladesh,bat,T20,2026,Australia,0,1,0.3926701570680628,0.5787037037037037,0.4,0.6,0.3076923076923077,0.6923076923076923,0.3333333333333333,1.0,191,216,13,13,9,2,MEDIUM,MEDIUM,MEDIUM,LOW
2026-06-21,Belgium,Romania,"Moara Vlasiei Cricket Ground, Ilfov County",Belgium,bat,T20,2026,Belgium,1,1,0.6052631578947368,0.6166666666666667,0.6,0.6,1.0,0.0,0.8333333333333334,0.6206896551724138,39,60,1,1,7,29,LOW,LOW,MEDIUM,HIGH
2026-06-21,Romania,Switzerland,"Moara Vlasiei Cricket Ground, Ilfov County",Switzerland,field,T20,2026,Romania,1,0,0.6065573770491803,0.6111111111111112,0.4,0.6,0.0,1.0,0.6,0.6666666666666666,61,36,2,2,30,3,LOW,LOW,HIGH,LOW
2026-06-22,Singapore,Uzbekistan,Singapore National Cricket Ground,Uzbekistan,field,T20,2026,Singapore,1,0,0.3529411764705882,0.5,0.2,0.5,0.5,0.5,0.1666666666666666,0.5,68,0,0,0,12,0,LOW,LOW,MEDIUM,LOW
2026-06-22,Belize,Bermuda,"White Hill Field, Sandys Parish",Bermuda,field,T20,2026,Bermuda,0,0,0.25,0.6888888888888889,0.4,0.6,0.0,1.0,0.5,1.0,12,45,2,2,0,5,LOW,LOW,LOW,MEDIUM
2026-06-22,Namibia,Hong Kong,"Namibia Cricket Ground, Windhoek",Namibia,bat,T20,2026,Namibia,1,1,0.5824175824175825,0.4957264957264957,0.6,0.6,1.0,0.0,0.7777777777777778,0.6666666666666666,91,117,1,1,9,3,LOW,LOW,MEDIUM,LOW
2026-06-22,Panama,Brazil,"White Hill Field, Sandys Parish",Brazil,field,T20,2026,Panama,1,0,0.3181818181818182,0.4,0.8,0.6,0.0,1.0,0.0,0.5,22,15,1,1,2,0,LOW,LOW,LOW,LOW
2026-06-23,Namibia,Nigeria,"Namibia Cricket Ground, Windhoek",Namibia,bat,T20,2026,Namibia,1,1,0.5869565217391305,0.5,0.8,0.4,0.75,0.25,0.8,0.0,92,92,4,4,10,3,LOW,LOW,MEDIUM,LOW
2026-06-23,Singapore,Thailand,Singapore National Cricket Ground,Singapore,bat,T20,2026,Singapore,1,1,0.3623188405797101,0.3728813559322034,0.2,0.2,0.8,0.2,0.2307692307692307,0.5,69,59,5,5,13,0,MEDIUM,MEDIUM,MEDIUM,LOW
2026-06-23,Indonesia,Uzbekistan,Singapore National Cricket Ground,Uzbekistan,field,T20,2026,Indonesia,1,0,0.4571428571428571,0.0,0.0,0.0,0.5,0.5,0.5,0.0,105,1,0,0,0,1,LOW,LOW,LOW,LOW
2026-06-24,Bahamas,Panama,"White Hill Field, Sandys Parish",Panama,field,T20,2026,Panama,0,0,0.2857142857142857,0.3478260869565217,0.0,1.0,0.6666666666666666,0.3333333333333333,0.5,0.3333333333333333,28,23,3,3,0,3,LOW,LOW,LOW,LOW
2026-06-24,Brazil,Belize,"White Hill Field, Sandys Parish",Brazil,bat,T20,2026,Belize,0,1,0.375,0.2307692307692307,0.6,0.4,0.0,1.0,0.0,0.0,16,13,1,1,1,1,LOW,LOW,LOW,LOW
2026-06-25,Panama,Bermuda,"White Hill Field, Sandys Parish",Panama,bat,T20,2026,Bermuda,0,1,0.375,0.6956521739130435,1.0,0.8,0.0,1.0,0.5,1.0,24,46,4,4,4,6,LOW,LOW,LOW,MEDIUM
2026-06-25,Singapore,Indonesia,Singapore National Cricket Ground,Indonesia,field,T20,2026,Singapore,1,0,0.3714285714285714,0.4622641509433962,0.4,0.2,1.0,0.0,0.2857142857142857,1.0,70,106,1,1,14,1,LOW,LOW,MEDIUM,LOW
2026-06-25,Brazil,Bahamas,"White Hill Field, Sandys Parish",Bahamas,field,T20,2026,Bahamas,0,0,0.3529411764705882,0.2758620689655172,0.4,0.0,0.0,1.0,0.0,0.0,17,29,1,1,2,1,LOW,LOW,LOW,LOW
2026-06-25,Uzbekistan,Thailand,Singapore National Cricket Ground,Thailand,field,T20,2026,Thailand,0,0,0.0,0.3666666666666666,0.0,0.2,0.5,0.5,0.0,0.0,2,60,0,0,2,1,LOW,LOW,LOW,LOW
2026-06-26,Ireland,India,"Civil Service Cricket Club, Stormont, Belfast",India,field,T20,2026,Ireland,1,0,0.4652777777777778,0.7058823529411765,0.6,0.8,0.0,1.0,0.0,0.5,144,255,8,8,5,0,MEDIUM,MEDIUM,MEDIUM,LOW
2026-06-26,Czech Republic,Luxembourg,"Scott Page Field, Vinor",Luxembourg,field,T20,2026,Luxembourg,0,0,0.4571428571428571,0.3414634146341463,0.4,0.2,0.75,0.25,0.3846153846153846,0.375,35,40,4,4,13,7,LOW,LOW,MEDIUM,MEDIUM
2026-06-26,Thailand,Singapore,Singapore National Cricket Ground,Thailand,bat,T20,2026,Singapore,0,1,0.3770491803278688,0.380281690140845,0.4,0.6,0.1666666666666666,0.8333333333333334,0.5,0.3333333333333333,61,71,6,6,2,15,MEDIUM,MEDIUM,LOW,MEDIUM
2026-06-26,Indonesia,Uzbekistan,Singapore National Cricket Ground,Indonesia,bat,T20,2026,Indonesia,1,1,0.4579439252336448,0.0,0.2,0.0,1.0,0.0,0.5,0.0,107,3,1,1,2,3,LOW,LOW,LOW,LOW
2026-06-26,Serbia,Luxembourg,"Scott Page Field, Vinor",Luxembourg,field,T20,2026,Luxembourg,0,0,0.28125,0.325,0.2,0.2,0.5,0.5,0.5,0.2857142857142857,32,41,0,0,0,8,LOW,LOW,LOW,MEDIUM
2026-06-27,Hungary,Austria,"GB Oval, Szodliget",Hungary,bat,T20,2026,Austria,0,1,0.425,0.6712328767123288,0.0,0.4,0.2,0.8,0.7777777777777778,1.0,40,73,5,5,9,3,MEDIUM,MEDIUM,MEDIUM,LOW
2026-06-27,Bahamas,Belize,"White Hill Field, Sandys Parish",Belize,field,T20,2026,Bahamas,1,0,0.3,0.2857142857142857,0.2,0.6,1.0,0.0,0.5,0.5,30,14,1,1,2,2,LOW,LOW,LOW,LOW
2026-06-27,Serbia,Luxembourg,"Scott Page Field, Vinor",Serbia,bat,T20,2026,Luxembourg,0,1,0.2727272727272727,0.3571428571428571,0.0,0.4,0.0,1.0,0.0,0.4444444444444444,33,42,1,1,1,9,LOW,LOW,LOW,MEDIUM
2026-06-27,Bermuda,Brazil,"White Hill Field, Sandys Parish",Bermuda,bat,T20,2026,Bermuda,1,1,0.7021276595744681,0.3333333333333333,0.8,0.4,1.0,0.0,1.0,0.0,47,18,1,1,7,3,LOW,LOW,MEDIUM,LOW
2026-06-28,Czech Republic,Luxembourg,"Scott Page Field, Vinor",Luxembourg,field,T20,2026,Czech Republic,1,0,0.4444444444444444,0.3720930232558139,0.4,0.6,0.6,0.4,0.3571428571428571,0.5,36,43,5,5,14,10,MEDIUM,MEDIUM,MEDIUM,MEDIUM
2026-06-28,Hungary,Austria,"GB Oval, Szodliget",Hungary,bat,T20,2026,Austria,0,1,0.4146341463414634,0.6756756756756757,0.0,0.4,0.1666666666666666,0.8333333333333334,0.7,1.0,41,74,6,6,10,4,MEDIUM,MEDIUM,MEDIUM,LOW
2026-06-28,Austria,Hungary,"GB Oval, Szodliget",Austria,bat,T20,2026,Austria,1,1,0.68,0.4047619047619047,0.6,0.0,0.8571428571428571,0.1428571428571428,1.0,0.6363636363636364,75,42,7,7,5,11,MEDIUM,MEDIUM,MEDIUM,MEDIUM
2026-06-28,Ireland,India,"Civil Service Cricket Club, Stormont, Belfast",India,field,T20,2026,Ireland,1,0,0.4689655172413793,0.703125,0.6,0.8,0.1111111111111111,0.8888888888888888,0.1666666666666666,0.0,145,256,9,9,6,1,MEDIUM,MEDIUM,MEDIUM,LOW
2026-07-01,Portugal,Sweden,"Botkyrka Cricket Center, Stockholm",Sweden,field,T20,2026,Portugal,1,0,0.7297297297297297,0.5217391304347826,0.8,0.6,1.0,0.0,1.0,0.375,36,45,0,0,0,7,LOW,LOW,LOW,MEDIUM
2026-07-01,Sweden,Portugal,"Botkyrka Cricket Center, Stockholm",Sweden,bat,T20,2026,Portugal,0,1,0.5333333333333333,0.7222222222222222,0.8,0.8,0.5,0.5,0.4285714285714285,0.5,46,37,1,1,8,1,LOW,LOW,MEDIUM,LOW
2026-07-03,Portugal,Finland,Kerava National Cricket Ground,Finland,field,T20,2026,Portugal,1,0,0.7368421052631579,0.5135135135135135,0.8,0.8,0.5,0.5,0.5,0.4,38,37,0,0,0,10,LOW,LOW,LOW,MEDIUM
2026-07-04,India,England,"Old Trafford, Manchester",India,bat,T20,2026,England,0,1,0.7003891050583657,0.5619047619047619,0.6,0.8,0.6,0.4,0.5,1.0,257,210,30,30,0,3,HIGH,HIGH,LOW,LOW
2026-07-04,Portugal,Finland,Kerava National Cricket Ground,Finland,field,T20,2026,Portugal,1,0,0.7435897435897436,0.5,1.0,0.6,1.0,0.0,1.0,0.3636363636363636,39,38,1,1,1,11,LOW,LOW,LOW,MEDIUM
2026-07-07,England,India,"Trent Bridge, Nottingham",India,field,T20,2026,England,1,0,0.5639810426540285,0.6976744186046512,0.8,0.4,0.4193548387096774,0.5806451612903226,0.3333333333333333,0.0,211,258,31,31,3,1,HIGH,HIGH,LOW,LOW
2026-07-08,Serbia,Romania,Koge Cricket Club,Romania,field,T20,2026,Romania,0,0,0.2647058823529412,0.6129032258064516,0.0,0.4,0.0,1.0,0.5,0.5,34,62,3,3,0,0,LOW,LOW,LOW,LOW
2026-07-08,Gibraltar,Belgium,Koge Cricket Club,Belgium,field,T20,2026,Belgium,0,0,0.2884615384615384,0.625,0.0,1.0,0.0,1.0,0.5,0.5,52,40,1,1,0,0,LOW,LOW,LOW,LOW
2026-07-08,Denmark,Estonia,"Svanholm Park, Brondby",Estonia,field,T20,2026,Denmark,1,0,0.4651162790697674,0.3793103448275862,0.8,0.2,0.5,0.5,0.6,0.5,43,29,0,0,15,0,LOW,LOW,MEDIUM,LOW
2026-07-09,India,England,"County Ground, Bristol",India,bat,T20,2026,England,0,1,0.694980694980695,0.5660377358490566,0.2,0.8,0.5625,0.4375,0.5,1.0,259,212,32,32,0,2,HIGH,HIGH,LOW,LOW
2026-07-09,Denmark,Turkey,Koge Cricket Club,Turkey,field,T20,2026,Denmark,1,0,0.4772727272727273,0.1333333333333333,0.8,0.2,0.5,0.5,0.5,0.5,44,15,0,0,2,0,LOW,LOW,LOW,LOW
2026-07-09,Estonia,Norway,Koge Cricket Club,Norway,field,T20,2026,Norway,0,0,0.3666666666666666,0.4807692307692308,0.0,0.2,0.0,1.0,0.5,1.0,30,52,1,1,0,1,LOW,LOW,LOW,LOW
2026-07-10,Belgium,Serbia,"Svanholm Park, Brondby",Serbia,field,T20,2026,Belgium,1,0,0.6341463414634146,0.2571428571428571,1.0,0.0,1.0,0.0,0.5,0.5,41,35,1,1,0,0,LOW,LOW,LOW,LOW
2026-07-10,Hungary,Estonia,Koge Cricket Club,Hungary,bat,T20,2026,Hungary,1,1,0.3953488372093023,0.3548387096774194,0.0,0.0,0.5,0.5,0.5,0.0,43,31,0,0,0,1,LOW,LOW,LOW,LOW
2026-07-10,Turkey,Norway,Koge Cricket Club,Norway,field,T20,2026,Norway,0,0,0.125,0.490566037735849,0.2,0.4,0.5,0.5,0.0,1.0,16,53,0,0,1,2,LOW,LOW,LOW,LOW
2026-07-10,Gibraltar,Romania,"Svanholm Park, Brondby",Romania,field,T20,2026,Romania,0,0,0.2830188679245283,0.6190476190476191,0.0,0.6,0.5,0.5,0.5,0.5,53,63,2,2,0,0,LOW,LOW,LOW,LOW
2026-07-11,England,India,"The Rose Bowl, Southampton",India,field,T20,2026,England,1,0,0.568075117370892,0.6923076923076923,0.8,0.0,0.4545454545454545,0.5454545454545454,0.4,1.0,213,260,33,33,5,1,HIGH,HIGH,MEDIUM,LOW
2026-07-12,Serbia,Gibraltar,Koge Cricket Club,Gibraltar,field,T20,2026,Gibraltar,0,0,0.25,0.2777777777777778,0.0,0.0,0.0,1.0,0.0,0.0,36,54,4,4,1,1,LOW,LOW,LOW,LOW
2026-07-12,Hungary,Turkey,"Svanholm Park, Brondby",Hungary,bat,T20,2026,Hungary,1,1,0.4090909090909091,0.1176470588235294,0.2,0.2,0.5,0.5,0.5,0.5,44,17,0,0,0,0,LOW,LOW,LOW,LOW
2026-07-12,Belgium,Romania,Koge Cricket Club,Romania,field,T20,2026,Romania,0,0,0.6428571428571429,0.625,1.0,0.8,1.0,0.0,1.0,1.0,42,64,2,2,1,1,LOW,LOW,LOW,LOW
2026-07-12,Denmark,Norway,"Svanholm Park, Brondby",Norway,field,T20,2026,Denmark,1,0,0.4888888888888889,0.5,1.0,0.6,0.6666666666666666,0.3333333333333333,0.625,0.0,45,54,3,3,16,1,LOW,LOW,MEDIUM,LOW
2026-07-13,Turkey,Estonia,"Svanholm Park, Brondby",Turkey,bat,T20,2026,Estonia,0,1,0.1111111111111111,0.34375,0.2,0.0,0.5,0.5,0.0,0.0,18,32,0,0,1,1,LOW,LOW,LOW,LOW
2026-07-13,Denmark,Hungary,"Svanholm Park, Brondby",Denmark,bat,T20,2026,Denmark,1,1,0.5,0.4222222222222222,1.0,0.4,0.5,0.5,0.6470588235294118,1.0,46,45,0,0,17,1,LOW,LOW,MEDIUM,LOW
2026-07-14,Denmark,Romania,"Svanholm Park, Brondby",Romania,field,T20,2026,Denmark,1,0,0.5106382978723404,0.6307692307692307,1.0,0.8,0.5,0.5,0.6666666666666666,1.0,47,65,0,0,18,1,LOW,LOW,MEDIUM,LOW
2026-07-14,Hungary,Belgium,"Svanholm Park, Brondby",Hungary,bat,T20,2026,Belgium,0,1,0.4130434782608695,0.627906976744186,0.4,0.8,0.0,1.0,0.5,1.0,46,43,3,3,2,1,LOW,LOW,LOW,LOW
2026-07-14,Norway,Gibraltar,Koge Cricket Club,Norway,bat,T20,2026,Norway,1,1,0.4909090909090909,0.2909090909090909,0.4,0.2,1.0,0.0,1.0,0.5,55,55,1,1,3,2,LOW,LOW,LOW,LOW
2026-07-14,Serbia,Estonia,Koge Cricket Club,Serbia,bat,T20,2026,Estonia,0,1,0.2432432432432432,0.3636363636363636,0.0,0.2,0.5,0.5,0.0,0.0,37,33,0,0,2,2,LOW,LOW,LOW,LOW
2026-07-15,Zimbabwe,Bangladesh,"Queens Sports Club, Bulawayo",Bangladesh,field,T20,2026,Zimbabwe,1,0,0.4191616766467065,0.390625,0.4,0.2,0.3333333333333333,0.6666666666666666,0.625,0.5,167,192,24,24,16,0,HIGH,HIGH,MEDIUM,LOW
2026-07-17,Bangladesh,Zimbabwe,"Queens Sports Club, Bulawayo",Zimbabwe,field,T20,2026,Bangladesh,1,0,0.38860103626943,0.4226190476190476,0.0,0.4,0.64,0.36,0.0,0.6470588235294118,193,168,25,25,1,17,HIGH,HIGH,LOW,MEDIUM
2026-07-19,Zimbabwe,Bangladesh,"Queens Sports Club, Bulawayo",Zimbabwe,bat,T20,2026,Bangladesh,0,1,0.4201183431952662,0.3917525773195876,0.2,0.2,0.3461538461538461,0.6538461538461539,0.6111111111111112,0.5,169,194,26,26,18,2,HIGH,HIGH,MEDIUM,LOW
2026-07-23,Zimbabwe,India,Harare Sports Club,India,field,T20,2026,India,0,0,0.4176470588235294,0.6896551724137931,0.2,0.0,0.2142857142857142,0.7857142857142857,0.320754716981132,0.75,170,261,14,14,53,12,MEDIUM,MEDIUM,HIGH,MEDIUM
2026-07-25,France,Romania,"Moara Vlasiei Cricket Ground, Ilfov County",France,bat,T20,2026,Romania,0,1,0.4772727272727273,0.6212121212121212,0.6,0.8,1.0,0.0,0.0,0.6129032258064516,44,66,1,1,3,31,LOW,LOW,LOW,HIGH
2026-07-25,Austria,Turkey,"Moara Vlasiei Cricket Ground, Ilfov County",Turkey,field,T20,2026,Austria,1,0,0.6842105263157895,0.1052631578947368,0.8,0.2,0.5,0.5,0.8333333333333334,0.5,76,19,0,0,6,0,LOW,LOW,MEDIUM,LOW
2026-07-25,India,Zimbabwe,Harare Sports Club,Zimbabwe,field,T20,2026,India,1,0,0.6908396946564885,0.4152046783625731,0.2,0.2,0.8,0.2,0.7692307692307693,0.3148148148148148,262,171,15,15,13,54,MEDIUM,MEDIUM,MEDIUM,HIGH
2026-07-26,Turkey,Romania,"Moara Vlasiei Cricket Ground, Ilfov County",Turkey,bat,T20,2026,Romania,0,1,0.1,0.6268656716417911,0.0,0.8,0.0,1.0,0.0,0.625,20,67,1,1,1,32,LOW,LOW,LOW,HIGH
2026-07-26,India,Zimbabwe,Harare Sports Club,India,bat,T20,2026,India,1,1,0.6920152091254753,0.4127906976744186,0.4,0.2,0.8125,0.1875,0.7857142857142857,0.3090909090909091,263,172,16,16,14,55,MEDIUM,MEDIUM,MEDIUM,HIGH
2026-07-26,Romania,Austria,"Moara Vlasiei Cricket Ground, Ilfov County",Austria,field,T20,2026,Austria,0,0,0.6323529411764706,0.6883116883116883,0.8,1.0,0.3333333333333333,0.6666666666666666,0.6363636363636364,0.8571428571428571,68,77,6,6,33,7,MEDIUM,MEDIUM,HIGH,MEDIUM
2026-07-27,France,Turkey,"Moara Vlasiei Cricket Ground, Ilfov County",France,bat,T20,2026,France,1,1,0.4666666666666667,0.0952380952380952,0.4,0.0,1.0,0.0,0.0,0.0,45,21,1,1,4,2,LOW,LOW,LOW,LOW
2026-07-27,Israel,Romania,"Moara Vlasiei Cricket Ground, Ilfov County",Romania,field,T20,2026,Romania,0,0,0.375,0.6231884057971014,0.4,0.6,0.0,1.0,0.5,0.6176470588235294,8,69,1,1,0,34,LOW,LOW,LOW,HIGH
2026-07-28,Israel,Austria,"Moara Vlasiei Cricket Ground, Ilfov County",Israel,bat,T20,2026,Austria,0,1,0.3,0.6835443037974683,0.4,0.8,0.0,1.0,0.0,0.7777777777777778,9,78,1,1,1,8,LOW,LOW,LOW,MEDIUM
2026-07-28,Turkey,Israel,"Moara Vlasiei Cricket Ground, Ilfov County",Israel,field,T20,2026,Turkey,1,0,0.0909090909090909,0.3333333333333333,0.0,0.4,0.5,0.5,0.0,0.0,22,10,0,0,3,2,LOW,LOW,LOW,LOW
2026-07-28,France,Austria,"Moara Vlasiei Cricket Ground, Ilfov County",France,bat,T20,2026,France,1,1,0.4782608695652174,0.6923076923076923,0.4,1.0,0.0,1.0,0.2,0.875,46,79,2,2,5,9,LOW,LOW,MEDIUM,MEDIUM
2026-07-29,Turkey,France,"Moara Vlasiei Cricket Ground, Ilfov County",Turkey,bat,T20,2026,France,0,1,0.1304347826086956,0.4893617021276595,0.2,0.6,0.0,1.0,0.25,0.3333333333333333,23,47,2,2,4,6,LOW,LOW,LOW,MEDIUM
2026-07-29,Israel,France,"Moara Vlasiei Cricket Ground, Ilfov County",Israel,bat,T20,2026,France,0,1,0.2727272727272727,0.5,0.2,0.6,0.5,0.5,0.0,0.4285714285714285,11,48,0,0,3,7,LOW,LOW,LOW,MEDIUM
2026-07-30,Austria,Romania,"Moara Vlasiei Cricket Ground, Ilfov County",Romania,field,T20,2026,Romania,0,0,0.6875,0.6285714285714286,0.8,0.6,0.7142857142857143,0.2857142857142857,0.8,0.6285714285714286,80,70,7,7,10,35,MEDIUM,MEDIUM,MEDIUM,HIGH
2026-07-30,France,Romania,"Moara Vlasiei Cricket Ground, Ilfov County",France,bat,T20,2026,France,1,1,0.5102040816326531,0.6338028169014085,0.8,0.8,0.5,0.5,0.5,0.6388888888888888,49,71,2,2,8,36,LOW,LOW,MEDIUM,HIGH
2026-07-31,Bahrain,Kenya,"Gymkhana Club Ground, Nairobi",Bahrain,bat,T20,2026,Bahrain,1,1,0.6203703703703703,0.5510204081632653,0.6,0.8,0.5,0.5,0.5,0.5,108,98,0,0,0,16,LOW,LOW,LOW,MEDIUM
2026-08-01,Bahrain,Kenya,"Gymkhana Club Ground, Nairobi",Kenya,field,T20,2026,Kenya,0,0,0.6238532110091743,0.5454545454545454,0.6,0.8,1.0,0.0,1.0,0.4705882352941176,109,99,1,1,1,17,LOW,LOW,LOW,MEDIUM
2026-08-06,Mexico,Panama,"Los Pinos Polo Club 1, Cundinamarca",Panama,field,T20,2026,Panama,0,0,0.4285714285714285,0.36,0.6,0.8,0.0,1.0,0.5,0.5,28,25,2,2,0,0,LOW,LOW,LOW,LOW
2026-08-07,Panama,Brazil,"Los Pinos Polo Club 1, Cundinamarca",Brazil,field,T20,2026,Brazil,0,0,0.3846153846153846,0.3157894736842105,0.8,0.2,0.5,0.5,1.0,0.5,26,19,2,2,1,0,LOW,LOW,LOW,LOW
2026-08-08,Peru,Panama,"Los Pinos Polo Club 2, Cundinamarca",Panama,field,T20,2026,Panama,0,0,0.5,0.3703703703703703,0.5,0.6,0.5,0.5,0.5,0.5,0,27,0,0,0,0,LOW,LOW,LOW,LOW
2026-08-08,Brazil,Mexico,"Los Pinos Polo Club 1, Cundinamarca",Mexico,field,T20,2026,Brazil,1,0,0.35,0.4137931034482758,0.2,0.6,0.5,0.5,1.0,0.0,20,29,4,4,1,1,LOW,LOW,LOW,LOW
2026-08-08,Mexico,Peru,"Los Pinos Polo Club 1, Cundinamarca",Mexico,bat,T20,2026,Mexico,1,1,0.4,0.0,0.4,0.0,0.5,0.5,0.0,0.5,30,1,0,0,2,0,LOW,LOW,LOW,LOW
2026-08-09,Brazil,Panama,"Los Pinos Polo Club 1, Cundinamarca",Panama,field,T20,2026,Brazil,1,0,0.3809523809523809,0.3928571428571428,0.4,0.6,0.6666666666666666,0.3333333333333333,1.0,0.5,21,28,3,3,2,2,LOW,LOW,LOW,LOW
2026-08-11,Malawi,Zambia,"TCA Oval, Blantyre",Zambia,field,T20,2026,Malawi,1,0,0.4,0.4,0.6,0.6,0.5,0.5,0.125,0.5,40,10,0,0,8,0,LOW,LOW,MEDIUM,LOW
2026-08-11,Zambia,Rwanda,"TCA Oval, Blantyre",Rwanda,field,T20,2026,Rwanda,0,0,0.3636363636363636,0.3636363636363636,0.4,1.0,0.3333333333333333,0.6666666666666666,0.0,1.0,11,99,3,3,1,3,LOW,LOW,LOW,LOW
2026-08-11,Germany,Finland,Kerava National Cricket Ground,Germany,bat,T20,2026,Germany,1,1,0.578125,0.4871794871794871,0.4,0.4,0.5,0.5,0.5,0.3333333333333333,64,39,0,0,0,12,LOW,LOW,LOW,MEDIUM
2026-08-12,Zambia,Rwanda,"TCA Oval, Blantyre",Zambia,bat,T20,2026,Zambia,1,1,0.3333333333333333,0.37,0.2,1.0,0.25,0.75,0.0,1.0,12,100,4,4,2,4,LOW,LOW,LOW,LOW
2026-08-12,Malawi,Rwanda,"TCA Oval, Blantyre",Rwanda,field,T20,2026,Rwanda,0,0,0.4146341463414634,0.3663366336633663,0.6,0.8,0.4444444444444444,0.5555555555555556,0.2222222222222222,0.8,41,101,9,9,9,5,MEDIUM,MEDIUM,MEDIUM,MEDIUM
2026-08-14,Portugal,Israel,Tikkurila Cricket Ground,Israel,field,T20,2026,Portugal,1,0,0.75,0.25,1.0,0.2,0.0,1.0,0.5,0.5,40,12,1,1,0,0,LOW,LOW,LOW,LOW
2026-08-14,Malawi,Rwanda,"TCA Oval, Blantyre",Rwanda,field,T20,2026,Malawi,1,0,0.4047619047619047,0.3725490196078431,0.6,0.8,0.4,0.6,0.2,0.8333333333333334,42,102,10,10,10,6,MEDIUM,MEDIUM,MEDIUM,MEDIUM
2026-08-14,Finland,Spain,Kerava National Cricket Ground,Spain,field,T20,2026,Spain,0,0,0.475,0.8292682926829268,0.2,1.0,0.0,1.0,0.3076923076923077,0.5,40,41,1,1,13,0,LOW,LOW,MEDIUM,LOW
2026-08-14,Luxembourg,Isle of Man,Kerava National Cricket Ground,Isle of Man,field,T20,2026,Isle of Man,0,0,0.3636363636363636,0.4761904761904761,0.6,0.2,0.0,1.0,0.5,0.75,44,21,1,1,2,4,LOW,LOW,LOW,LOW
2026-08-14,Germany,Czech Republic,Tikkurila Cricket Ground,Germany,bat,T20,2026,Germany,1,1,0.5846153846153846,0.4594594594594595,0.4,0.4,0.5,0.5,0.5,1.0,65,37,0,0,0,2,LOW,LOW,LOW,LOW
2026-08-15,Finland,Bulgaria,Tikkurila Cricket Ground,Bulgaria,field,T20,2026,Finland,1,0,0.4634146341463415,0.32,0.0,0.0,1.0,0.0,1.0,0.3333333333333333,41,50,1,1,2,3,LOW,LOW,LOW,LOW
2026-08-15,Germany,Portugal,Kerava National Cricket Ground,Portugal,field,T20,2026,Portugal,0,0,0.5909090909090909,0.7560975609756098,0.4,1.0,0.5,0.5,1.0,1.0,66,41,0,0,1,2,LOW,LOW,LOW,LOW
2026-08-15,Zambia,Malawi,"TCA Oval, Blantyre",Zambia,bat,T20,2026,Zambia,1,1,0.4285714285714285,0.4186046511627907,0.6,0.8,0.0,1.0,0.5,0.2727272727272727,13,43,1,1,3,11,LOW,LOW,LOW,MEDIUM
2026-08-15,Isle of Man,Spain,Tikkurila Cricket Ground,Spain,field,T20,2026,Spain,0,0,0.5,0.8333333333333334,0.4,1.0,0.0,1.0,1.0,0.5,22,42,4,4,1,0,LOW,LOW,LOW,LOW
2026-08-15,Greece,Czech Republic,Kerava National Cricket Ground,Greece,bat,T20,2026,Czech Republic,0,1,0.1111111111111111,0.4473684210526316,0.0,0.4,0.0,1.0,0.0,0.5,9,38,1,1,1,2,LOW,LOW,LOW,LOW
2026-08-15,Rwanda,Zambia,"TCA Oval, Blantyre",Zambia,field,T20,2026,Zambia,0,0,0.3689320388349514,0.3846153846153846,0.6,0.4,0.6,0.4,0.7142857142857143,0.3333333333333333,103,14,5,5,7,4,MEDIUM,MEDIUM,MEDIUM,LOW
2026-08-16,Malawi,Rwanda,"TCA Oval, Blantyre",Malawi,bat,T20,2026,Rwanda,0,1,0.4090909090909091,0.3653846153846153,0.6,0.4,0.4545454545454545,0.5454545454545454,0.25,0.625,44,104,11,11,12,8,MEDIUM,MEDIUM,MEDIUM,MEDIUM
2026-08-17,Israel,Germany,Kerava National Cricket Ground,Israel,bat,T20,2026,Germany,0,1,0.2307692307692307,0.582089552238806,0.0,0.4,0.5,0.5,0.5,0.5,13,67,0,0,0,2,LOW,LOW,LOW,LOW
2026-08-17,Isle of Man,Bulgaria,Tikkurila Cricket Ground,Bulgaria,field,T20,2026,Isle of Man,1,0,0.4782608695652174,0.3137254901960784,0.2,0.0,0.5,0.5,0.5,0.25,23,51,0,0,2,4,LOW,LOW,LOW,LOW
2026-08-17,Greece,Portugal,Kerava National Cricket Ground,Portugal,field,T20,2026,Portugal,0,0,0.1,0.7619047619047619,0.0,1.0,0.5,0.5,0.0,1.0,10,42,0,0,2,3,LOW,LOW,LOW,LOW
2026-08-17,Spain,Luxembourg,Tikkurila Cricket Ground,Luxembourg,field,T20,2026,Spain,1,0,0.8372093023255814,0.3555555555555555,1.0,0.6,0.5,0.5,1.0,0.6666666666666666,43,45,0,0,1,3,LOW,LOW,LOW,LOW
2026-08-18,Finland,Luxembourg,Tikkurila Cricket Ground,Finland,bat,T20,2026,Finland,1,1,0.4761904761904761,0.3478260869565217,0.2,0.4,0.5,0.5,1.0,0.5,42,46,0,0,3,4,LOW,LOW,LOW,LOW
2026-08-18,Greece,Germany,Kerava National Cricket Ground,Germany,field,T20,2026,Germany,0,0,0.0909090909090909,0.5882352941176471,0.0,0.6,0.5,0.5,0.0,0.6666666666666666,11,68,0,0,3,3,LOW,LOW,LOW,LOW
2026-08-18,Bulgaria,Spain,Tikkurila Cricket Ground,Bulgaria,bat,T20,2026,Spain,0,1,0.3076923076923077,0.8409090909090909,0.0,1.0,0.5,0.5,0.2,1.0,52,44,0,0,5,2,LOW,LOW,MEDIUM,LOW
2026-08-18,Czech Republic,Israel,Kerava National Cricket Ground,Czech Republic,bat,T20,2026,Israel,0,1,0.4615384615384615,0.2142857142857142,0.4,0.0,0.5,0.5,0.6666666666666666,0.0,39,14,0,0,3,1,LOW,LOW,LOW,LOW
2026-08-20,Bulgaria,Luxembourg,Kerava National Cricket Ground,Luxembourg,field,T20,2026,Bulgaria,1,0,0.3018867924528302,0.3404255319148936,0.0,0.2,0.0,1.0,0.0,0.3333333333333333,53,47,2,2,1,3,LOW,LOW,LOW,LOW
2026-08-20,Israel,Greece,Tikkurila Cricket Ground,Greece,field,T20,2026,Israel,1,0,0.2666666666666666,0.0833333333333333,0.2,0.0,0.5,0.5,0.0,0.0,15,12,0,0,1,2,LOW,LOW,LOW,LOW
2026-08-20,Portugal,Czech Republic,Tikkurila Cricket Ground,Portugal,bat,T20,2026,Portugal,1,1,0.7674418604651163,0.45,1.0,0.4,0.5,0.5,1.0,0.6666666666666666,43,40,0,0,1,3,LOW,LOW,LOW,LOW
2026-08-21,Israel,Isle of Man,Tikkurila Cricket Ground,Isle of Man,field,T20,2026,Isle of Man,0,0,0.3125,0.5,0.4,0.4,0.5,0.5,0.5,0.6666666666666666,16,24,0,0,2,3,LOW,LOW,LOW,LOW
2026-08-21,Bulgaria,Czech Republic,Tikkurila Cricket Ground,Czech Republic,field,T20,2026,Czech Republic,0,0,0.3148148148148148,0.4390243902439024,0.2,0.4,0.0,1.0,0.1666666666666666,0.5,54,41,2,2,6,4,LOW,LOW,MEDIUM,LOW
2026-08-21,Germany,Finland,Kerava National Cricket Ground,Germany,bat,T20,2026,Germany,1,1,0.5942028985507246,0.4883720930232558,0.8,0.4,1.0,0.0,0.75,0.2857142857142857,69,43,1,1,4,14,LOW,LOW,LOW,MEDIUM
2026-08-21,Portugal,Spain,Kerava National Cricket Ground,Spain,field,T20,2026,Portugal,1,0,0.7727272727272727,0.8444444444444444,1.0,1.0,0.0,1.0,1.0,1.0,44,45,3,3,4,1,LOW,LOW,LOW,LOW
2026-08-28,Namibia,South Africa,"Namibia Cricket Ground, Windhoek",South Africa,field,T20,2026,Namibia,1,0,0.5913978494623656,0.5495495495495496,1.0,0.6,1.0,0.0,0.8181818181818182,0.0,93,222,1,1,11,1,LOW,LOW,MEDIUM,LOW
2026-08-29,Zimbabwe,South Africa,"Namibia Cricket Ground, Windhoek",Zimbabwe,bat,T20,2026,South Africa,0,1,0.4104046242774566,0.547085201793722,0.0,0.4,0.0,1.0,0.5,0.0,173,223,8,8,0,2,MEDIUM,MEDIUM,LOW,LOW
2026-08-31,Zimbabwe,Namibia,"Namibia Cricket Ground, Windhoek",Namibia,field,T20,2026,Zimbabwe,1,0,0.4080459770114942,0.5957446808510638,0.0,1.0,0.5294117647058824,0.4705882352941176,0.0,0.8333333333333334,174,94,17,17,1,12,MEDIUM,MEDIUM,LOW,MEDIUM
2026-09-01,South Africa,Zimbabwe,"Namibia Cricket Ground, Windhoek",South Africa,bat,T20,2026,South Africa,1,1,0.5491071428571429,0.4114285714285714,0.6,0.2,1.0,0.0,0.3333333333333333,0.5,224,175,9,9,3,2,MEDIUM,MEDIUM,LOW,LOW
2026-09-03,Namibia,Zimbabwe,"Namibia Cricket Ground, Windhoek",Zimbabwe,field,T20,2026,Zimbabwe,0,0,0.5894736842105263,0.4090909090909091,0.8,0.2,0.4444444444444444,0.5555555555555556,0.7692307692307693,0.3333333333333333,95,176,18,18,13,3,MEDIUM,MEDIUM,MEDIUM,LOW
2026-09-04,South Africa,Namibia,"Namibia Cricket Ground, Windhoek",Namibia,field,T20,2026,South Africa,1,0,0.5511111111111111,0.5833333333333334,0.8,0.6,0.0,1.0,0.5,0.7142857142857143,225,96,2,2,4,14,LOW,LOW,LOW,MEDIUM
2026-09-06,South Africa,Zimbabwe,"Namibia Cricket Ground, Windhoek",South Africa,bat,T20,2026,South Africa,1,1,0.5530973451327433,0.4124293785310734,0.8,0.4,1.0,0.0,0.6,0.5,226,177,10,10,5,4,MEDIUM,MEDIUM,MEDIUM,LOW
2026-09-08,Rwanda,Botswana,"Gahanga B Ground, Rwanda",Botswana,field,T20,2026,Rwanda,1,0,0.3714285714285714,0.4107142857142857,0.4,0.6,0.8571428571428571,0.1428571428571428,0.5,0.5,105,56,7,7,0,0,MEDIUM,MEDIUM,LOW,LOW
2026-09-08,Kenya,Sierra Leone,"Gahanga B Ground, Rwanda",Kenya,bat,T20,2026,Kenya,1,1,0.55,0.3333333333333333,0.8,0.4,1.0,0.0,0.5,0.5,100,45,1,1,0,0,LOW,LOW,LOW,LOW
2026-09-09,Rwanda,Kenya,"Gahanga B Ground, Rwanda",Rwanda,bat,T20,2026,Kenya,0,1,0.3773584905660377,0.5544554455445545,0.6,0.8,0.1111111111111111,0.8888888888888888,1.0,1.0,106,101,9,9,1,1,MEDIUM,MEDIUM,LOW,LOW
2026-09-09,Uganda,Sierra Leone,"Gahanga B Ground, Rwanda",Uganda,bat,T20,2026,Uganda,1,1,0.7941176470588235,0.3260869565217391,0.6,0.4,0.5,0.5,0.5,0.0,102,46,0,0,0,1,LOW,LOW,LOW,LOW
