date,team1,team2,venue,toss_winner,toss_decision,match_type,season,winner
2005-02-17,New Zealand,Australia,Eden Park,Australia,bat,T20,2004/05,Australia
2005-06-13,England,Australia,The Rose Bowl,England,bat,T20,2005,England
2005-10-21,South Africa,New Zealand,New Wanderers Stadium,New Zealand,field,T20,2005/06,New Zealand
2006-01-09,Australia,South Africa,"Brisbane Cricket Ground, Woolloongabba",Australia,bat,T20,2005/06,Australia
2006-02-16,New Zealand,West Indies,Eden Park,New Zealand,field,T20,2005/06,No Result
2006-02-24,South Africa,Australia,New Wanderers Stadium,South Africa,bat,T20,2005/06,South Africa
2006-06-15,England,Sri Lanka,The Rose Bowl,Sri Lanka,bat,T20,2006,Sri Lanka
2006-08-28,England,Pakistan,County Ground,England,bat,T20,2006,Pakistan
2006-12-01,South Africa,India,New Wanderers Stadium,South Africa,bat,T20,2006/07,India
2006-12-22,New Zealand,Sri Lanka,Westpac Stadium,New Zealand,bat,T20,2006/07,Sri Lanka
2006-12-26,New Zealand,Sri Lanka,Eden Park,New Zealand,field,T20,2006/07,New Zealand
2007-01-09,Australia,England,Sydney Cricket Ground,Australia,bat,T20,2006/07,Australia
2007-06-28,England,West Indies,Kennington Oval,West Indies,bat,T20,2007,West Indies
2007-06-29,England,West Indies,Kennington Oval,West Indies,bat,T20,2007,England
2007-09-01,Kenya,Bangladesh,Gymkhana Club Ground,Bangladesh,field,T20,2007/08,Bangladesh
2007-09-02,Bangladesh,Pakistan,Gymkhana Club Ground,Bangladesh,field,T20,2007/08,Pakistan
2007-09-04,Kenya,Pakistan,Gymkhana Club Ground,Kenya,bat,T20,2007/08,Pakistan
2007-09-11,South Africa,West Indies,New Wanderers Stadium,South Africa,field,T20,2007/08,South Africa
2007-09-12,Pakistan,Scotland,Kingsmead,Scotland,field,T20,2007/08,Pakistan
2007-09-12,Australia,Zimbabwe,Newlands,Australia,bat,T20,2007/08,Zimbabwe
2007-09-12,Kenya,New Zealand,Kingsmead,New Zealand,field,T20,2007/08,New Zealand
2007-09-13,Bangladesh,West Indies,New Wanderers Stadium,Bangladesh,field,T20,2007/08,Bangladesh
2007-09-13,England,Zimbabwe,Newlands,England,bat,T20,2007/08,England
2007-09-14,Kenya,Sri Lanka,New Wanderers Stadium,Kenya,field,T20,2007/08,Sri Lanka
2007-09-14,India,Pakistan,Kingsmead,Pakistan,field,T20,2007/08,No Result
2007-09-14,Australia,England,Newlands,England,bat,T20,2007/08,Australia
2007-09-15,New Zealand,Sri Lanka,New Wanderers Stadium,New Zealand,bat,T20,2007/08,Sri Lanka
2007-09-15,South Africa,Bangladesh,Newlands,South Africa,field,T20,2007/08,South Africa
2007-09-16,India,New Zealand,New Wanderers Stadium,India,field,T20,2007/08,New Zealand
2007-09-16,South Africa,England,Newlands,England,field,T20,2007/08,South Africa
2007-09-16,Australia,Bangladesh,Newlands,Australia,field,T20,2007/08,Australia
2007-09-17,Pakistan,Sri Lanka,New Wanderers Stadium,Sri Lanka,field,T20,2007/08,Pakistan
2007-09-18,Bangladesh,Sri Lanka,New Wanderers Stadium,Bangladesh,field,T20,2007/08,Sri Lanka
2007-09-18,Australia,Pakistan,New Wanderers Stadium,Pakistan,field,T20,2007/08,Pakistan
2007-09-18,England,New Zealand,Kingsmead,England,field,T20,2007/08,New Zealand
2007-09-19,England,India,Kingsmead,India,bat,T20,2007/08,India
2007-09-19,South Africa,New Zealand,Kingsmead,South Africa,field,T20,2007/08,South Africa
2007-09-20,Bangladesh,Pakistan,Newlands,Pakistan,field,T20,2007/08,Pakistan
2007-09-20,South Africa,India,Kingsmead,India,bat,T20,2007/08,India
2007-09-20,Australia,Sri Lanka,Newlands,Australia,field,T20,2007/08,Australia
2007-09-22,New Zealand,Pakistan,Newlands,New Zealand,bat,T20,2007/08,Pakistan
2007-09-22,Australia,India,Kingsmead,India,bat,T20,2007/08,India
2007-09-24,India,Pakistan,New Wanderers Stadium,India,bat,T20,2007/08,India
2007-10-20,India,Australia,Brabourne Stadium,Australia,bat,T20,2007/08,India
2007-11-23,South Africa,New Zealand,New Wanderers Stadium,South Africa,field,T20,2007/08,South Africa
2007-12-11,Australia,New Zealand,Western Australia Cricket Association Ground,Australia,bat,T20,2007/08,Australia
2007-12-16,South Africa,West Indies,St George's Park,West Indies,field,T20,2007/08,West Indies
2008-01-18,South Africa,West Indies,New Wanderers Stadium,South Africa,field,T20,2007/08,South Africa
2008-02-01,Australia,India,Melbourne Cricket Ground,India,bat,T20,2007/08,Australia
2008-02-05,New Zealand,England,Eden Park,New Zealand,field,T20,2007/08,England
2008-02-07,New Zealand,England,Jade Stadium,England,bat,T20,2007/08,England
2008-04-20,Pakistan,Bangladesh,National Stadium,Pakistan,bat,T20,2007/08,Pakistan
2008-06-13,England,New Zealand,Old Trafford,England,field,T20,2008,England
2008-06-20,West Indies,Australia,"Kensington Oval, Bridgetown",West Indies,field,T20,2008,West Indies
2008-08-03,Bermuda,Scotland,"Civil Service Cricket Club, Stormont",Scotland,field,T20,2008,Scotland
2008-08-04,Ireland,Kenya,"Civil Service Cricket Club, Stormont",Ireland,field,T20,2008,Ireland
2008-08-04,Netherlands,Scotland,"Civil Service Cricket Club, Stormont",Netherlands,field,T20,2008,Netherlands
2008-10-11,Pakistan,Sri Lanka,Maple Leaf North-West Ground,Pakistan,field,T20,2008/09,Pakistan
2008-10-13,Pakistan,Sri Lanka,Maple Leaf North-West Ground,Sri Lanka,field,T20,2008/09,Sri Lanka
2008-11-05,South Africa,Bangladesh,New Wanderers Stadium,Bangladesh,field,T20,2008/09,South Africa
2008-12-26,New Zealand,West Indies,"Eden Park, Auckland",New Zealand,bat,T20,2008/09,No Result
2008-12-28,New Zealand,West Indies,Seddon Park,New Zealand,bat,T20,2008/09,New Zealand
2009-01-11,Australia,South Africa,Melbourne Cricket Ground,Australia,bat,T20,2008/09,Australia
2009-01-13,Australia,South Africa,"Brisbane Cricket Ground, Woolloongabba",South Africa,bat,T20,2008/09,Australia
2009-02-10,Sri Lanka,India,R Premadasa Stadium,Sri Lanka,bat,T20,2008/09,India
2009-02-15,Australia,New Zealand,Sydney Cricket Ground,Australia,bat,T20,2008/09,Australia
2009-02-25,New Zealand,India,AMI Stadium,New Zealand,field,T20,2008/09,New Zealand
2009-02-27,New Zealand,India,Westpac Stadium,New Zealand,field,T20,2008/09,New Zealand
2009-03-15,West Indies,England,"Queen's Park Oval, Port of Spain",West Indies,field,T20,2008/09,West Indies
2009-03-27,South Africa,Australia,New Wanderers Stadium,South Africa,field,T20,2008/09,South Africa
2009-03-29,South Africa,Australia,SuperSport Park,Australia,field,T20,2008/09,South Africa
2009-05-07,Australia,Pakistan,Dubai International Cricket Stadium,Pakistan,field,T20,2009,Pakistan
2009-06-05,England,Netherlands,Lord's,Netherlands,field,T20,2009,Netherlands
2009-06-06,Australia,West Indies,Kennington Oval,Australia,bat,T20,2009,West Indies
2009-06-06,New Zealand,Scotland,Kennington Oval,New Zealand,field,T20,2009,New Zealand
2009-06-06,Bangladesh,India,Trent Bridge,India,bat,T20,2009,India
2009-06-07,England,Pakistan,Kennington Oval,Pakistan,field,T20,2009,England
2009-06-07,Scotland,South Africa,Kennington Oval,Scotland,field,T20,2009,South Africa
2009-06-08,Bangladesh,Ireland,Trent Bridge,Ireland,field,T20,2009,Ireland
2009-06-08,Australia,Sri Lanka,Trent Bridge,Sri Lanka,field,T20,2009,Sri Lanka
2009-06-09,New Zealand,South Africa,Lord's,New Zealand,field,T20,2009,South Africa
2009-06-09,Netherlands,Pakistan,Lord's,Pakistan,bat,T20,2009,Pakistan
2009-06-10,Sri Lanka,West Indies,Trent Bridge,West Indies,field,T20,2009,Sri Lanka
2009-06-10,India,Ireland,Trent Bridge,India,field,T20,2009,India
2009-06-11,England,South Africa,Trent Bridge,England,bat,T20,2009,South Africa
2009-06-11,Ireland,New Zealand,Trent Bridge,Ireland,field,T20,2009,New Zealand
2009-06-12,India,West Indies,Lord's,India,bat,T20,2009,West Indies
2009-06-12,Pakistan,Sri Lanka,Lord's,Sri Lanka,bat,T20,2009,Sri Lanka
2009-06-13,New Zealand,Pakistan,Kennington Oval,New Zealand,bat,T20,2009,Pakistan
2009-06-13,South Africa,West Indies,Kennington Oval,West Indies,field,T20,2009,South Africa
2009-06-14,England,India,Lord's,India,field,T20,2009,England
2009-06-14,Ireland,Sri Lanka,Lord's,Sri Lanka,bat,T20,2009,Sri Lanka
2009-06-15,Ireland,Pakistan,Kennington Oval,Pakistan,bat,T20,2009,Pakistan
2009-06-15,England,West Indies,Kennington Oval,England,bat,T20,2009,West Indies
2009-06-16,India,South Africa,Trent Bridge,South Africa,bat,T20,2009,South Africa
2009-06-16,New Zealand,Sri Lanka,Trent Bridge,Sri Lanka,bat,T20,2009,Sri Lanka
2009-06-18,Pakistan,South Africa,Trent Bridge,Pakistan,bat,T20,2009,Pakistan
2009-06-19,Sri Lanka,West Indies,Kennington Oval,West Indies,field,T20,2009,Sri Lanka
2009-06-21,Pakistan,Sri Lanka,Lord's,Sri Lanka,bat,T20,2009,Pakistan
2009-08-02,West Indies,Bangladesh,"Warner Park, Basseterre",Bangladesh,bat,T20,2009,West Indies
2009-08-12,Sri Lanka,Pakistan,R Premadasa Stadium,Pakistan,bat,T20,2009,Pakistan
2009-08-30,England,Australia,Old Trafford,England,field,T20,2009,No Result
2009-09-02,Sri Lanka,New Zealand,R Premadasa Stadium,New Zealand,bat,T20,2009,New Zealand
2009-09-04,Sri Lanka,New Zealand,R Premadasa Stadium,New Zealand,bat,T20,2009,New Zealand
2009-11-12,New Zealand,Pakistan,Dubai International Cricket Stadium,New Zealand,field,T20,2009/10,Pakistan
2009-11-13,New Zealand,Pakistan,Dubai International Cricket Stadium,Pakistan,bat,T20,2009/10,Pakistan
2009-11-13,South Africa,England,New Wanderers Stadium,South Africa,field,T20,2009/10,England
2009-11-15,South Africa,England,SuperSport Park,South Africa,bat,T20,2009/10,South Africa
2009-12-09,India,Sri Lanka,"Vidarbha Cricket Association Stadium, Jamtha",India,field,T20,2009/10,Sri Lanka
2009-12-12,India,Sri Lanka,"Punjab Cricket Association Stadium, Mohali",Sri Lanka,bat,T20,2009/10,India
2010-02-01,Afghanistan,Ireland,Colombo (PSS),,,T20,2010,Ireland
2010-02-03,New Zealand,Bangladesh,Seddon Park,Bangladesh,bat,T20,2009/10,New Zealand
2010-02-04,Afghanistan,Canada,Colombo (SSC),,,T20,2010,Afghanistan
2010-02-05,Australia,Pakistan,Melbourne Cricket Ground,Australia,bat,T20,2009/10,Australia
2010-02-09,Canada,Netherlands,Dubai International Cricket Stadium,Canada,bat,T20,2009/10,Netherlands
2010-02-09,Afghanistan,Ireland,Dubai (DSC),,,T20,2010,Afghanistan
2010-02-10,Canada,Kenya,Dubai International Cricket Stadium,Kenya,field,T20,2009/10,Kenya
2010-02-10,Afghanistan,Scotland,Abu Dhabi,,,T20,2010,Afghanistan
2010-02-11,Ireland,Scotland,Dubai International Cricket Stadium,Ireland,bat,T20,2009/10,Ireland
2010-02-12,Afghanistan,Netherlands,Dubai (DSC),,,T20,2010,Netherlands
2010-02-13,Ireland,Netherlands,Dubai International Cricket Stadium,Ireland,bat,T20,2009/10,Ireland
2010-02-13,Afghanistan,Ireland,Dubai (DSC),,,T20,2010,Afghanistan
2010-02-19,England,Pakistan,Dubai International Cricket Stadium,Pakistan,bat,T20,2009/10,England
2010-02-20,England,Pakistan,Dubai International Cricket Stadium,Pakistan,field,T20,2009/10,Pakistan
2010-02-21,Australia,West Indies,Bellerive Oval,Australia,bat,T20,2009/10,Australia
2010-02-23,Australia,West Indies,Sydney Cricket Ground,West Indies,bat,T20,2009/10,Australia
2010-02-26,New Zealand,Australia,Westpac Stadium,New Zealand,bat,T20,2009/10,Australia
2010-02-28,West Indies,Zimbabwe,"Queen's Park Oval, Port of Spain",Zimbabwe,bat,T20,2009/10,Zimbabwe
2010-02-28,New Zealand,Australia,AMI Stadium,New Zealand,bat,T20,2009/10,No Result
2010-04-30,West Indies,Ireland,Providence Stadium,West Indies,bat,T20,2010,West Indies
2010-04-30,New Zealand,Sri Lanka,Providence Stadium,Sri Lanka,bat,T20,2010,New Zealand
2010-05-01,Bangladesh,Pakistan,"Beausejour Stadium, Gros Islet",Pakistan,bat,T20,2010,Pakistan
2010-05-01,Afghanistan,India,Gros Islet,,,T20,2010,India
2010-05-02,India,South Africa,"Beausejour Stadium, Gros Islet",South Africa,field,T20,2010,India
2010-05-02,Australia,Pakistan,"Beausejour Stadium, Gros Islet",Australia,bat,T20,2010,Australia
2010-05-03,Sri Lanka,Zimbabwe,Providence Stadium,Sri Lanka,bat,T20,2010,Sri Lanka
2010-05-03,West Indies,England,Providence Stadium,West Indies,field,T20,2010,West Indies
2010-05-04,New Zealand,Zimbabwe,Providence Stadium,New Zealand,field,T20,2010,New Zealand
2010-05-04,England,Ireland,Providence Stadium,Ireland,field,T20,2010,No Result
2010-05-05,Afghanistan,South Africa,Bridgetown,,,T20,2010,South Africa
2010-05-05,Australia,Bangladesh,"Kensington Oval, Bridgetown",Australia,bat,T20,2010,Australia
2010-05-06,England,Pakistan,"Kensington Oval, Bridgetown",England,field,T20,2010,England
2010-05-06,New Zealand,South Africa,"Kensington Oval, Bridgetown",South Africa,bat,T20,2010,South Africa
2010-05-07,Australia,India,"Kensington Oval, Bridgetown",India,field,T20,2010,Australia
2010-05-07,West Indies,Sri Lanka,"Kensington Oval, Bridgetown",Sri Lanka,bat,T20,2010,Sri Lanka
2010-05-08,New Zealand,Pakistan,"Kensington Oval, Bridgetown",Pakistan,field,T20,2010,New Zealand
2010-05-08,England,South Africa,"Kensington Oval, Bridgetown",England,bat,T20,2010,England
2010-05-09,Australia,Sri Lanka,"Kensington Oval, Bridgetown",Australia,bat,T20,2010,Australia
2010-05-09,West Indies,India,"Kensington Oval, Bridgetown",India,field,T20,2010,West Indies
2010-05-10,Pakistan,South Africa,"Beausejour Stadium, Gros Islet",Pakistan,bat,T20,2010,Pakistan
2010-05-10,England,New Zealand,"Beausejour Stadium, Gros Islet",New Zealand,bat,T20,2010,England
2010-05-11,India,Sri Lanka,"Beausejour Stadium, Gros Islet",India,bat,T20,2010,Sri Lanka
2010-05-11,West Indies,Australia,"Beausejour Stadium, Gros Islet",West Indies,bat,T20,2010,Australia
2010-05-13,England,Sri Lanka,"Beausejour Stadium, Gros Islet",Sri Lanka,bat,T20,2010,England
2010-05-14,Australia,Pakistan,"Beausejour Stadium, Gros Islet",Australia,field,T20,2010,Australia
2010-05-16,Australia,England,"Kensington Oval, Bridgetown",England,field,T20,2010,England
2010-05-19,West Indies,South Africa,"Sir Vivian Richards Stadium, North Sound",West Indies,field,T20,2010,South Africa
2010-05-20,West Indies,South Africa,"Sir Vivian Richards Stadium, North Sound",West Indies,field,T20,2010,South Africa
2010-05-22,New Zealand,Sri Lanka,Central Broward Regional Park Stadium Turf Ground,New Zealand,bat,T20,2010,New Zealand
2010-05-23,New Zealand,Sri Lanka,Central Broward Regional Park Stadium Turf Ground,New Zealand,bat,T20,2010,Sri Lanka
2010-06-12,Zimbabwe,India,Harare Sports Club,India,field,T20,2010,India
2010-06-13,Zimbabwe,India,Harare Sports Club,India,field,T20,2010,India
2010-07-05,Australia,Pakistan,Edgbaston,Pakistan,bat,T20,2010,Pakistan
2010-07-06,Australia,Pakistan,Edgbaston,Pakistan,bat,T20,2010,Pakistan
2010-09-05,England,Pakistan,Sophia Gardens,England,field,T20,2010,England
2010-09-07,England,Pakistan,Sophia Gardens,Pakistan,bat,T20,2010,England
2010-10-08,South Africa,Zimbabwe,OUTsurance Oval,Zimbabwe,bat,T20,2010/11,South Africa
2010-10-10,South Africa,Zimbabwe,De Beers Diamond Oval,South Africa,bat,T20,2010/11,South Africa
2010-10-26,Pakistan,South Africa,Sheikh Zayed Stadium,Pakistan,bat,T20,2010/11,South Africa
2010-10-27,Pakistan,South Africa,Sheikh Zayed Stadium,Pakistan,bat,T20,2010/11,South Africa
2010-10-31,Australia,Sri Lanka,Western Australia Cricket Association Ground,Australia,bat,T20,2010/11,Sri Lanka
2010-12-26,New Zealand,Pakistan,Eden Park,New Zealand,field,T20,2010/11,New Zealand
2010-12-28,New Zealand,Pakistan,Seddon Park,Pakistan,field,T20,2010/11,New Zealand
2010-12-30,New Zealand,Pakistan,AMI Stadium,Pakistan,bat,T20,2010/11,Pakistan
2011-01-09,South Africa,India,Moses Mabhida Stadium,India,bat,T20,2010/11,India
2011-01-12,Australia,England,Adelaide Oval,Australia,bat,T20,2010/11,England
2011-01-14,Australia,England,Melbourne Cricket Ground,Australia,bat,T20,2010/11,Australia
2011-04-21,West Indies,Pakistan,"Beausejour Stadium, Gros Islet",West Indies,bat,T20,2011,West Indies
2011-06-04,West Indies,India,"Queen's Park Oval, Port of Spain",West Indies,field,T20,2011,India
2011-06-25,England,Sri Lanka,County Ground,Sri Lanka,field,T20,2011,Sri Lanka
2011-08-06,Sri Lanka,Australia,Pallekele International Cricket Stadium,Australia,field,T20,2011,Sri Lanka
2011-08-08,Sri Lanka,Australia,Pallekele International Cricket Stadium,Sri Lanka,bat,T20,2011,Sri Lanka
2011-08-31,England,India,Old Trafford,India,bat,T20,2011,England
2011-09-16,Zimbabwe,Pakistan,Harare Sports Club,Zimbabwe,field,T20,2011,Pakistan
2011-09-18,Zimbabwe,Pakistan,Harare Sports Club,Pakistan,bat,T20,2011,Pakistan
2011-09-23,England,West Indies,Kennington Oval,England,field,T20,2011,England
2011-09-25,England,West Indies,Kennington Oval,England,field,T20,2011,West Indies
2011-10-11,Bangladesh,West Indies,Shere Bangla National Stadium,Bangladesh,field,T20,2011/12,Bangladesh
2011-10-13,South Africa,Australia,Newlands,South Africa,bat,T20,2011/12,Australia
2011-10-15,Zimbabwe,New Zealand,Harare Sports Club,New Zealand,field,T20,2011/12,New Zealand
2011-10-16,South Africa,Australia,New Wanderers Stadium,Australia,bat,T20,2011/12,South Africa
2011-10-17,Zimbabwe,New Zealand,Harare Sports Club,Zimbabwe,field,T20,2011/12,New Zealand
2011-10-29,India,England,Eden Gardens,India,bat,T20,2011/12,England
2011-11-25,Pakistan,Sri Lanka,Sheikh Zayed Stadium,Sri Lanka,bat,T20,2011/12,Pakistan
2011-11-29,Bangladesh,Pakistan,Shere Bangla National Stadium,Pakistan,bat,T20,2011/12,Pakistan
2012-02-01,Australia,India,Stadium Australia,India,field,T20,2011/12,Australia
2012-02-03,Australia,India,Melbourne Cricket Ground,Australia,bat,T20,2011/12,India
2012-02-11,New Zealand,Zimbabwe,Eden Park,Zimbabwe,bat,T20,2011/12,New Zealand
2012-02-14,New Zealand,Zimbabwe,Seddon Park,Zimbabwe,bat,T20,2011/12,New Zealand
2012-02-17,New Zealand,South Africa,Westpac Stadium,New Zealand,field,T20,2011/12,New Zealand
2012-02-19,New Zealand,South Africa,Seddon Park,South Africa,field,T20,2011/12,South Africa
2012-02-22,Kenya,Ireland,Mombasa Sports Club Ground,Ireland,field,T20,2011/12,Ireland
2012-02-22,New Zealand,South Africa,Eden Park,New Zealand,field,T20,2011/12,South Africa
2012-02-23,England,Pakistan,Dubai International Cricket Stadium,England,field,T20,2011/12,Pakistan
2012-02-23,Kenya,Ireland,Mombasa Sports Club Ground,Kenya,bat,T20,2011/12,Ireland
2012-02-24,Kenya,Ireland,Mombasa Sports Club Ground,Ireland,bat,T20,2011/12,Ireland
2012-02-25,England,Pakistan,Dubai International Cricket Stadium,England,bat,T20,2011/12,England
2012-02-27,England,Pakistan,Sheikh Zayed Stadium,England,bat,T20,2011/12,England
2012-03-13,Canada,Netherlands,Dubai International Cricket Stadium,Netherlands,bat,T20,2011/12,Netherlands
2012-03-14,Afghanistan,Netherlands,Dubai (DSC),,,T20,2012,Afghanistan
2012-03-14,Ireland,Kenya,Dubai International Cricket Stadium,Kenya,bat,T20,2011/12,Ireland
2012-03-18,Afghanistan,Canada,ICCA Dubai,,,T20,2012,Afghanistan
2012-03-18,Ireland,Scotland,Dubai International Cricket Stadium,Ireland,bat,T20,2011/12,Ireland
2012-03-22,Canada,Ireland,Dubai International Cricket Stadium,Canada,bat,T20,2011/12,Ireland
2012-03-23,Canada,Scotland,Dubai International Cricket Stadium,Canada,bat,T20,2011/12,Scotland
2012-03-23,Ireland,Netherlands,Dubai International Cricket Stadium,Ireland,field,T20,2011/12,Ireland
2012-03-24,Afghanistan,Ireland,Dubai (DSC),,,T20,2012,Ireland
2012-03-27,West Indies,Australia,"Beausejour Stadium, Gros Islet",West Indies,bat,T20,2011/12,Australia
2012-03-30,South Africa,India,New Wanderers Stadium,India,field,T20,2011/12,South Africa
2012-03-30,West Indies,Australia,"Kensington Oval, Bridgetown",West Indies,bat,T20,2011/12,West Indies
2012-06-01,Sri Lanka,Pakistan,"Mahinda Rajapaksa International Cricket Stadium, Sooriyawewa",Sri Lanka,bat,T20,2012,Sri Lanka
2012-06-03,Sri Lanka,Pakistan,"Mahinda Rajapaksa International Cricket Stadium, Sooriyawewa",Pakistan,bat,T20,2012,Pakistan
2012-06-24,England,West Indies,Trent Bridge,West Indies,bat,T20,2012,England
2012-06-30,New Zealand,West Indies,Central Broward Regional Park Stadium Turf Ground,New Zealand,field,T20,2012,West Indies
2012-07-01,New Zealand,West Indies,Central Broward Regional Park Stadium Turf Ground,West Indies,bat,T20,2012,West Indies
2012-07-18,Ireland,Bangladesh,"Civil Service Cricket Club, Stormont",Ireland,field,T20,2012,Bangladesh
2012-07-25,Netherlands,Bangladesh,Sportpark Westvliet,Netherlands,bat,T20,2012,Bangladesh
2012-07-26,Netherlands,Bangladesh,Sportpark Westvliet,Bangladesh,bat,T20,2012,Netherlands
2012-08-07,Sri Lanka,India,Pallekele International Cricket Stadium,Sri Lanka,field,T20,2012,India
2012-09-05,Australia,Pakistan,Dubai International Cricket Stadium,Pakistan,field,T20,2012,Pakistan
2012-09-07,Australia,Pakistan,Dubai International Cricket Stadium,Pakistan,bat,T20,2012,No Result
2012-09-08,England,South Africa,Riverside Ground,South Africa,field,T20,2012,South Africa
2012-09-10,Australia,Pakistan,Dubai International Cricket Stadium,Pakistan,field,T20,2012,Australia
2012-09-10,England,South Africa,Old Trafford,England,field,T20,2012,No Result
2012-09-11,India,New Zealand,"MA Chidambaram Stadium, Chepauk",India,field,T20,2012,New Zealand
2012-09-12,England,South Africa,Edgbaston,South Africa,field,T20,2012,England
2012-09-18,Sri Lanka,Zimbabwe,"Mahinda Rajapaksa International Cricket Stadium, Sooriyawewa",Zimbabwe,field,T20,2012/13,Sri Lanka
2012-09-19,Australia,Ireland,R Premadasa Stadium,Ireland,bat,T20,2012/13,Australia
2012-09-19,Afghanistan,India,Colombo (RPS),,,T20,2012,India
2012-09-20,South Africa,Zimbabwe,"Mahinda Rajapaksa International Cricket Stadium, Sooriyawewa",South Africa,field,T20,2012/13,South Africa
2012-09-21,Afghanistan,England,Colombo (RPS),,,T20,2012,England
2012-09-21,Bangladesh,New Zealand,Pallekele International Cricket Stadium,Bangladesh,field,T20,2012/13,New Zealand
2012-09-22,Sri Lanka,South Africa,"Mahinda Rajapaksa International Cricket Stadium, Sooriyawewa",Sri Lanka,field,T20,2012/13,South Africa
2012-09-22,Australia,West Indies,R Premadasa Stadium,West Indies,bat,T20,2012/13,Australia
2012-09-23,New Zealand,Pakistan,Pallekele International Cricket Stadium,Pakistan,bat,T20,2012/13,Pakistan
2012-09-23,England,India,R Premadasa Stadium,England,field,T20,2012/13,India
2012-09-24,Ireland,West Indies,R Premadasa Stadium,West Indies,field,T20,2012/13,No Result
2012-09-25,Bangladesh,Pakistan,Pallekele International Cricket Stadium,Bangladesh,bat,T20,2012/13,Pakistan
2012-09-27,Sri Lanka,New Zealand,Pallekele International Cricket Stadium,New Zealand,bat,T20,2012/13,No Result
2012-09-27,England,West Indies,Pallekele International Cricket Stadium,West Indies,bat,T20,2012/13,West Indies
2012-09-28,Australia,India,R Premadasa Stadium,India,bat,T20,2012/13,Australia
2012-09-28,Pakistan,South Africa,R Premadasa Stadium,South Africa,bat,T20,2012/13,Pakistan
2012-09-29,Sri Lanka,West Indies,Pallekele International Cricket Stadium,West Indies,bat,T20,2012/13,Sri Lanka
2012-09-29,England,New Zealand,Pallekele International Cricket Stadium,New Zealand,bat,T20,2012/13,England
2012-09-30,India,Pakistan,R Premadasa Stadium,Pakistan,bat,T20,2012/13,India
2012-09-30,Australia,South Africa,R Premadasa Stadium,Australia,field,T20,2012/13,Australia
2012-10-01,Sri Lanka,England,Pallekele International Cricket Stadium,England,field,T20,2012/13,Sri Lanka
2012-10-01,New Zealand,West Indies,Pallekele International Cricket Stadium,New Zealand,field,T20,2012/13,No Result
2012-10-02,Australia,Pakistan,R Premadasa Stadium,Australia,field,T20,2012/13,Pakistan
2012-10-02,India,South Africa,R Premadasa Stadium,South Africa,field,T20,2012/13,India
2012-10-04,Sri Lanka,Pakistan,R Premadasa Stadium,Sri Lanka,bat,T20,2012/13,Sri Lanka
2012-10-05,Australia,West Indies,R Premadasa Stadium,West Indies,bat,T20,2012/13,West Indies
2012-10-07,Sri Lanka,West Indies,R Premadasa Stadium,West Indies,bat,T20,2012/13,West Indies
2012-10-30,Sri Lanka,New Zealand,Pallekele International Cricket Stadium,Sri Lanka,field,T20,2012/13,No Result
2012-12-10,Bangladesh,West Indies,Shere Bangla National Stadium,West Indies,bat,T20,2012/13,West Indies
2012-12-20,India,England,Subrata Roy Sahara Stadium,India,field,T20,2012/13,India
2012-12-21,South Africa,New Zealand,Kingsmead,New Zealand,bat,T20,2012/13,South Africa
2012-12-22,India,England,Wankhede Stadium,England,field,T20,2012/13,England
2012-12-23,South Africa,New Zealand,Buffalo Park,New Zealand,field,T20,2012/13,New Zealand
2012-12-25,India,Pakistan,M Chinnaswamy Stadium,Pakistan,field,T20,2012/13,Pakistan
2012-12-26,South Africa,New Zealand,St George's Park,South Africa,bat,T20,2012/13,South Africa
2012-12-28,India,Pakistan,"Sardar Patel Stadium, Motera",Pakistan,field,T20,2012/13,India
2013-01-26,Australia,Sri Lanka,Stadium Australia,Australia,bat,T20,2012/13,Sri Lanka
2013-01-28,Australia,Sri Lanka,Melbourne Cricket Ground,Australia,field,T20,2012/13,Sri Lanka
2013-02-09,New Zealand,England,Eden Park,New Zealand,field,T20,2012/13,England
2013-02-12,New Zealand,England,Seddon Park,England,field,T20,2012/13,New Zealand
2013-02-13,Australia,West Indies,"Brisbane Cricket Ground, Woolloongabba",West Indies,bat,T20,2012/13,West Indies
2013-02-15,New Zealand,England,Westpac Stadium,England,field,T20,2012/13,England
2013-03-02,West Indies,Zimbabwe,"Sir Vivian Richards Stadium, North Sound",Zimbabwe,bat,T20,2012/13,West Indies
2013-03-03,South Africa,Pakistan,SuperSport Park,Pakistan,bat,T20,2012/13,Pakistan
2013-03-03,West Indies,Zimbabwe,"Sir Vivian Richards Stadium, North Sound",West Indies,bat,T20,2012/13,West Indies
2013-03-03,Afghanistan,Scotland,Sharjah,,,T20,2013,Afghanistan
2013-03-04,Afghanistan,Scotland,Sharjah,,,T20,2013,Afghanistan
2013-03-15,Canada,Kenya,ICC Global Cricket Academy,Kenya,bat,T20,2012/13,Canada
2013-03-16,Canada,Kenya,ICC Global Cricket Academy,Kenya,bat,T20,2012/13,Kenya
2013-03-31,Sri Lanka,Bangladesh,Pallekele International Cricket Stadium,Bangladesh,field,T20,2012/13,Sri Lanka
2013-04-19,Kenya,Netherlands,Wanderers Cricket Ground,Netherlands,bat,T20,2013,Kenya
2013-04-20,Kenya,Netherlands,Wanderers Cricket Ground,Kenya,field,T20,2013,Kenya
2013-05-11,Zimbabwe,Bangladesh,Queens Sports Club,Zimbabwe,bat,T20,2013,Zimbabwe
2013-05-12,Zimbabwe,Bangladesh,Queens Sports Club,Bangladesh,bat,T20,2013,Bangladesh
2013-06-25,England,New Zealand,Kennington Oval,England,field,T20,2013,New Zealand
2013-06-27,England,New Zealand,Kennington Oval,New Zealand,field,T20,2013,No Result
2013-07-27,West Indies,Pakistan,"Arnos Vale Ground, Kingstown",West Indies,bat,T20,2013,Pakistan
2013-07-28,West Indies,Pakistan,"Arnos Vale Ground, Kingstown",Pakistan,bat,T20,2013,Pakistan
2013-08-02,Sri Lanka,South Africa,R Premadasa Stadium,South Africa,bat,T20,2013,South Africa
2013-08-04,Sri Lanka,South Africa,"Mahinda Rajapaksa International Cricket Stadium, Sooriyawewa",South Africa,bat,T20,2013,South Africa
2013-08-06,Sri Lanka,South Africa,"Mahinda Rajapaksa International Cricket Stadium, Sooriyawewa",South Africa,bat,T20,2013,Sri Lanka
2013-08-23,Zimbabwe,Pakistan,Harare Sports Club,Zimbabwe,field,T20,2013,Pakistan
2013-08-24,Zimbabwe,Pakistan,Harare Sports Club,Zimbabwe,field,T20,2013,Pakistan
2013-08-29,England,Australia,The Rose Bowl,England,field,T20,2013,Australia
2013-08-31,England,Australia,Riverside Ground,Australia,field,T20,2013,England
2013-09-30,Afghanistan,Kenya,Sharjah,,,T20,2013,Afghanistan
2013-10-10,India,Australia,Saurashtra Cricket Association Stadium,India,field,T20,2013/14,India
2013-10-11,Afghanistan,Kenya,Sharjah,,,T20,2013,Kenya
2013-11-06,Bangladesh,New Zealand,Shere Bangla National Stadium,New Zealand,bat,T20,2013/14,New Zealand
2013-11-13,Pakistan,South Africa,Dubai International Cricket Stadium,Pakistan,bat,T20,2013/14,South Africa
2013-11-15,Afghanistan,Netherlands,Sharjah,,,T20,2013,Netherlands
2013-11-15,Pakistan,South Africa,Dubai International Cricket Stadium,South Africa,bat,T20,2013/14,South Africa
2013-11-16,Afghanistan,Scotland,Sharjah,,,T20,2013,Afghanistan
2013-11-16,Canada,Ireland,Sheikh Zayed Stadium,Canada,field,T20,2013/14,Ireland
2013-11-19,Kenya,Scotland,ICC Academy,Kenya,bat,T20,2013/14,Kenya
2013-11-20,South Africa,Pakistan,New Wanderers Stadium,Pakistan,field,T20,2013/14,South Africa
2013-11-21,Sri Lanka,New Zealand,Pallekele International Cricket Stadium,Sri Lanka,field,T20,2013/14,Sri Lanka
2013-11-22,Netherlands,Scotland,ICC Academy,Netherlands,field,T20,2013/14,Scotland
2013-11-22,South Africa,Pakistan,Newlands,Pakistan,bat,T20,2013/14,Pakistan
2013-11-23,Kenya,Netherlands,ICC Academy,Netherlands,bat,T20,2013/14,Netherlands
2013-11-24,Afghanistan,Kenya,Sharjah,,,T20,2013,Afghanistan
2013-11-26,Canada,Kenya,Sharjah Cricket Stadium,Kenya,bat,T20,2013/14,Kenya
2013-11-28,Netherlands,Scotland,Sheikh Zayed Stadium,Scotland,bat,T20,2013/14,Netherlands
2013-11-30,Afghanistan,Ireland,Abu Dhabi,,,T20,2013,Ireland
2013-12-08,Afghanistan,Pakistan,Sharjah,,,T20,2013,Pakistan
2013-12-11,Pakistan,Sri Lanka,Dubai International Cricket Stadium,Pakistan,field,T20,2013/14,Pakistan
2013-12-13,Pakistan,Sri Lanka,Dubai International Cricket Stadium,Pakistan,field,T20,2013/14,Sri Lanka
2014-01-11,New Zealand,West Indies,Eden Park,New Zealand,bat,T20,2013/14,New Zealand
2014-01-15,New Zealand,West Indies,Westpac Stadium,West Indies,bat,T20,2013/14,New Zealand
2014-01-29,Australia,England,Bellerive Oval,Australia,bat,T20,2013/14,Australia
2014-01-31,Australia,England,Melbourne Cricket Ground,England,bat,T20,2013/14,Australia
2014-02-02,Australia,England,Stadium Australia,Australia,bat,T20,2013/14,Australia
2014-02-12,Bangladesh,Sri Lanka,Zahur Ahmed Chowdhury Stadium,Bangladesh,field,T20,2013/14,Sri Lanka
2014-02-14,Bangladesh,Sri Lanka,Zahur Ahmed Chowdhury Stadium,Bangladesh,bat,T20,2013/14,Sri Lanka
2014-02-19,West Indies,Ireland,"Sabina Park, Kingston",West Indies,bat,T20,2013/14,Ireland
2014-02-21,West Indies,Ireland,"Sabina Park, Kingston",Ireland,field,T20,2013/14,West Indies
2014-03-09,West Indies,England,"Kensington Oval, Bridgetown",West Indies,bat,T20,2013/14,West Indies
2014-03-11,West Indies,England,"Kensington Oval, Bridgetown",England,bat,T20,2013/14,West Indies
2014-03-12,South Africa,Australia,Kingsmead,Australia,field,T20,2013/14,Australia
2014-03-13,West Indies,England,"Kensington Oval, Bridgetown",England,bat,T20,2013/14,England
2014-03-14,South Africa,Australia,SuperSport Park,Australia,field,T20,2013/14,Australia
2014-03-16,Hong Kong,Nepal,Zahur Ahmed Chowdhury Stadium,Hong Kong,field,T20,2013/14,Nepal
2014-03-16,Bangladesh,Afghanistan,Mirpur,,,T20,2014,Bangladesh
2014-03-17,Ireland,Zimbabwe,Sylhet Stadium,Ireland,field,T20,2013/14,Ireland
2014-03-17,Netherlands,United Arab Emirates,Sylhet Stadium,United Arab Emirates,bat,T20,2013/14,Netherlands
2014-03-18,Bangladesh,Nepal,Zahur Ahmed Chowdhury Stadium,Bangladesh,field,T20,2013/14,Bangladesh
2014-03-18,Afghanistan,Hong Kong,Chattogram,,,T20,2014,Afghanistan
2014-03-19,Ireland,United Arab Emirates,Sylhet Stadium,Ireland,field,T20,2013/14,Ireland
2014-03-19,Netherlands,Zimbabwe,Sylhet Stadium,Netherlands,bat,T20,2013/14,Zimbabwe
2014-03-20,Afghanistan,Nepal,Chattogram,,,T20,2014,Nepal
2014-03-20,Bangladesh,Hong Kong,Zahur Ahmed Chowdhury Stadium,Hong Kong,field,T20,2013/14,Hong Kong
2014-03-21,India,Pakistan,Shere Bangla National Stadium,India,field,T20,2013/14,India
2014-03-21,Ireland,Netherlands,Sylhet Stadium,Netherlands,field,T20,2013/14,Netherlands
2014-03-21,United Arab Emirates,Zimbabwe,Sylhet Stadium,Zimbabwe,field,T20,2013/14,Zimbabwe
2014-03-22,England,New Zealand,Zahur Ahmed Chowdhury Stadium,New Zealand,field,T20,2013/14,New Zealand
2014-03-22,South Africa,Sri Lanka,Zahur Ahmed Chowdhury Stadium,Sri Lanka,bat,T20,2013/14,Sri Lanka
2014-03-23,India,West Indies,Shere Bangla National Stadium,India,field,T20,2013/14,India
2014-03-23,Australia,Pakistan,Shere Bangla National Stadium,Australia,field,T20,2013/14,Pakistan
2014-03-24,Netherlands,Sri Lanka,Zahur Ahmed Chowdhury Stadium,Sri Lanka,field,T20,2013/14,Sri Lanka
2014-03-24,New Zealand,South Africa,Zahur Ahmed Chowdhury Stadium,New Zealand,field,T20,2013/14,South Africa
2014-03-25,Bangladesh,West Indies,Shere Bangla National Stadium,Bangladesh,field,T20,2013/14,West Indies
2014-03-27,Netherlands,South Africa,Zahur Ahmed Chowdhury Stadium,Netherlands,field,T20,2013/14,South Africa
2014-03-27,England,Sri Lanka,Zahur Ahmed Chowdhury Stadium,England,field,T20,2013/14,England
2014-03-28,Bangladesh,India,Shere Bangla National Stadium,India,field,T20,2013/14,India
2014-03-28,Australia,West Indies,Shere Bangla National Stadium,Australia,bat,T20,2013/14,West Indies
2014-03-29,Netherlands,New Zealand,Zahur Ahmed Chowdhury Stadium,New Zealand,field,T20,2013/14,New Zealand
2014-03-29,England,South Africa,Zahur Ahmed Chowdhury Stadium,England,field,T20,2013/14,South Africa
2014-03-30,Australia,India,Shere Bangla National Stadium,Australia,field,T20,2013/14,India
2014-03-30,Bangladesh,Pakistan,Shere Bangla National Stadium,Pakistan,bat,T20,2013/14,Pakistan
2014-03-31,New Zealand,Sri Lanka,Zahur Ahmed Chowdhury Stadium,New Zealand,field,T20,2013/14,Sri Lanka
2014-03-31,England,Netherlands,Zahur Ahmed Chowdhury Stadium,England,field,T20,2013/14,Netherlands
2014-04-01,Pakistan,West Indies,Shere Bangla National Stadium,West Indies,bat,T20,2013/14,West Indies
2014-04-01,Bangladesh,Australia,Shere Bangla National Stadium,Bangladesh,bat,T20,2013/14,Australia
2014-04-03,Sri Lanka,West Indies,Shere Bangla National Stadium,Sri Lanka,bat,T20,2013/14,Sri Lanka
2014-04-04,India,South Africa,Shere Bangla National Stadium,South Africa,bat,T20,2013/14,India
2014-04-06,India,Sri Lanka,Shere Bangla National Stadium,Sri Lanka,field,T20,2013/14,Sri Lanka
2014-05-20,England,Sri Lanka,Kennington Oval,England,field,T20,2014,Sri Lanka
2014-07-05,West Indies,New Zealand,"Windsor Park, Roseau",New Zealand,field,T20,2014,New Zealand
2014-07-06,West Indies,New Zealand,"Windsor Park, Roseau",New Zealand,field,T20,2014,West Indies
2014-08-27,West Indies,Bangladesh,"Warner Park, Basseterre",Bangladesh,bat,T20,2014,No Result
2014-09-07,England,India,Edgbaston,England,bat,T20,2014,England
2014-10-05,Australia,Pakistan,Dubai International Cricket Stadium,Pakistan,bat,T20,2014/15,Australia
2014-11-05,Australia,South Africa,Adelaide Oval,Australia,bat,T20,2014/15,South Africa
2014-11-07,Australia,South Africa,Melbourne Cricket Ground,South Africa,bat,T20,2014/15,Australia
2014-11-09,Australia,South Africa,Stadium Australia,Australia,field,T20,2014/15,Australia
2014-11-24,Hong Kong,Nepal,P Sara Oval,Hong Kong,field,T20,2014/15,Hong Kong
2014-12-04,New Zealand,Pakistan,Dubai International Cricket Stadium,Pakistan,field,T20,2014/15,Pakistan
2014-12-05,New Zealand,Pakistan,Dubai International Cricket Stadium,Pakistan,field,T20,2014/15,New Zealand
2015-01-09,South Africa,West Indies,Newlands,South Africa,bat,T20,2014/15,West Indies
2015-01-11,South Africa,West Indies,New Wanderers Stadium,West Indies,field,T20,2014/15,West Indies
2015-01-14,South Africa,West Indies,Kingsmead,West Indies,field,T20,2014/15,South Africa
2015-04-24,Bangladesh,Pakistan,Shere Bangla National Stadium,Pakistan,bat,T20,2015,Bangladesh
2015-05-22,Pakistan,Zimbabwe,Gaddafi Stadium,Zimbabwe,bat,T20,2015,Pakistan
2015-05-24,Pakistan,Zimbabwe,Gaddafi Stadium,Zimbabwe,bat,T20,2015,Pakistan
2015-06-20,Ireland,Scotland,"Bready Cricket Club, Magheramason",Scotland,field,T20,2015,Scotland
2015-06-23,England,New Zealand,Old Trafford,England,bat,T20,2015,England
2015-07-01,Netherlands,Nepal,VRA Ground,Nepal,field,T20,2015,Netherlands
2015-07-02,Netherlands,Nepal,Hazelaarweg,Netherlands,bat,T20,2015,Netherlands
2015-07-05,Bangladesh,South Africa,Shere Bangla National Stadium,South Africa,bat,T20,2015,South Africa
2015-07-07,Bangladesh,South Africa,Shere Bangla National Stadium,South Africa,bat,T20,2015,South Africa
2015-07-09,Afghanistan,Netherlands,Edinburgh,,,T20,2015,Afghanistan
2015-07-09,Scotland,United Arab Emirates,"Grange Cricket Club Ground, Raeburn Place",Scotland,field,T20,2015,Scotland
2015-07-10,Afghanistan,United Arab Emirates,Edinburgh,,,T20,2015,Afghanistan
2015-07-11,Scotland,Netherlands,"Grange Cricket Club Ground, Raeburn Place",Netherlands,bat,T20,2015,Netherlands
2015-07-12,Netherlands,United Arab Emirates,"Grange Cricket Club Ground, Raeburn Place",Netherlands,field,T20,2015,Netherlands
2015-07-12,Scotland,Afghanistan,Edinburgh,,,T20,2015,Afghanistan
2015-07-13,Nepal,Ireland,"Civil Service Cricket Club, Stormont",Ireland,field,T20,2015,Ireland
2015-07-15,Ireland,Papua New Guinea,"Civil Service Cricket Club, Stormont",Ireland,bat,T20,2015,Papua New Guinea
2015-07-15,Hong Kong,Nepal,"Civil Service Cricket Club, Stormont",Hong Kong,field,T20,2015,Hong Kong
2015-07-17,Nepal,Papua New Guinea,"The Village, Malahide",Papua New Guinea,field,T20,2015,Papua New Guinea
2015-07-17,Ireland,Hong Kong,"The Village, Malahide",Ireland,field,T20,2015,Hong Kong
2015-07-17,Zimbabwe,India,Harare Sports Club,India,bat,T20,2015,India
2015-07-19,Zimbabwe,India,Harare Sports Club,Zimbabwe,bat,T20,2015,Zimbabwe
2015-07-21,Afghanistan,Hong Kong,Dublin (Malahide),,,T20,2015,Hong Kong
2015-07-23,Afghanistan,Papua New Guinea,Dublin (Malahide),,,T20,2015,Afghanistan
2015-07-25,Ireland,Netherlands,"The Village, Malahide",Netherlands,field,T20,2015,Netherlands
2015-07-25,Afghanistan,Oman,Dublin,,,T20,2015,Afghanistan
2015-07-25,Hong Kong,Scotland,"The Village, Malahide",Scotland,field,T20,2015,Scotland
2015-07-30,Sri Lanka,Pakistan,R Premadasa Stadium,Pakistan,bat,T20,2015,Pakistan
2015-08-01,Sri Lanka,Pakistan,R Premadasa Stadium,Sri Lanka,bat,T20,2015,Pakistan
2015-08-09,Zimbabwe,New Zealand,Harare Sports Club,Zimbabwe,field,T20,2015,New Zealand
2015-08-14,South Africa,New Zealand,Kingsmead,South Africa,field,T20,2015,South Africa
2015-08-16,South Africa,New Zealand,SuperSport Park,New Zealand,bat,T20,2015,New Zealand
2015-08-31,England,Australia,Sophia Gardens,Australia,field,T20,2015,England
2015-09-27,Zimbabwe,Pakistan,Harare Sports Club,Pakistan,bat,T20,2015/16,Pakistan
2015-09-29,Zimbabwe,Pakistan,Harare Sports Club,Pakistan,bat,T20,2015/16,Pakistan
2015-10-02,India,South Africa,Himachal Pradesh Cricket Association Stadium,South Africa,field,T20,2015/16,South Africa
2015-10-05,India,South Africa,Barabati Stadium,South Africa,field,T20,2015/16,South Africa
2015-10-26,Zimbabwe,Afghanistan,Bulawayo,,,T20,2015,Afghanistan
2015-10-28,Zimbabwe,Afghanistan,Bulawayo,,,T20,2015,Afghanistan
2015-11-09,Sri Lanka,West Indies,Pallekele International Cricket Stadium,West Indies,field,T20,2015/16,Sri Lanka
2015-11-11,Sri Lanka,West Indies,R Premadasa Stadium,West Indies,bat,T20,2015/16,West Indies
2015-11-13,Bangladesh,Zimbabwe,Shere Bangla National Stadium,Bangladesh,field,T20,2015/16,Bangladesh
2015-11-15,Bangladesh,Zimbabwe,Shere Bangla National Stadium,Bangladesh,bat,T20,2015/16,Zimbabwe
2015-11-21,Hong Kong,Oman,Sheikh Zayed Stadium,Oman,field,T20,2015/16,Oman
2015-11-22,United Arab Emirates,Oman,Sheikh Zayed Stadium,United Arab Emirates,field,T20,2015/16,United Arab Emirates
2015-11-25,Hong Kong,Oman,Sheikh Zayed Stadium,Hong Kong,field,T20,2015/16,Oman
2015-11-26,Hong Kong,Oman,Sheikh Zayed Stadium,Hong Kong,field,T20,2015/16,Hong Kong
2015-11-26,England,Pakistan,Dubai International Cricket Stadium,England,bat,T20,2015/16,England
2015-11-27,England,Pakistan,Dubai International Cricket Stadium,England,bat,T20,2015/16,England
2015-11-28,Afghanistan,Hong Kong,Abu Dhabi,,,T20,2015,Hong Kong
2015-11-29,Afghanistan,Oman,Abu Dhabi,,,T20,2015,Afghanistan
2015-11-30,Afghanistan,Oman,Abu Dhabi,,,T20,2015,Afghanistan
2015-11-30,England,Pakistan,Sharjah Cricket Stadium,England,bat,T20,2015/16,No Result
2016-01-07,New Zealand,Sri Lanka,Bay Oval,Sri Lanka,field,T20,2015/16,New Zealand
2016-01-08,Afghanistan,Zimbabwe,Sharjah,,,T20,2016,Afghanistan
2016-01-10,New Zealand,Sri Lanka,Eden Park,New Zealand,field,T20,2015/16,New Zealand
2016-01-10,Afghanistan,Zimbabwe,Sharjah,,,T20,2016,Afghanistan
2016-01-15,New Zealand,Pakistan,Eden Park,New Zealand,field,T20,2015/16,Pakistan
2016-01-15,Bangladesh,Zimbabwe,Sheikh Abu Naser Stadium,Zimbabwe,bat,T20,2015/16,Bangladesh
2016-01-17,New Zealand,Pakistan,Seddon Park,Pakistan,bat,T20,2015/16,New Zealand
2016-01-17,Bangladesh,Zimbabwe,Sheikh Abu Naser Stadium,Bangladesh,bat,T20,2015/16,Bangladesh
2016-01-20,Bangladesh,Zimbabwe,Sheikh Abu Naser Stadium,Zimbabwe,bat,T20,2015/16,Zimbabwe
2016-01-22,Bangladesh,Zimbabwe,Sheikh Abu Naser Stadium,Zimbabwe,bat,T20,2015/16,Zimbabwe
2016-01-22,New Zealand,Pakistan,Westpac Stadium,Pakistan,field,T20,2015/16,New Zealand
2016-01-26,Australia,India,Adelaide Oval,Australia,field,T20,2015/16,India
2016-01-29,Australia,India,Melbourne Cricket Ground,Australia,field,T20,2015/16,India
2016-01-30,Hong Kong,Scotland,"Mission Road Ground, Mong Kok",Hong Kong,field,T20,2015/16,Hong Kong
2016-01-31,Hong Kong,Scotland,"Mission Road Ground, Mong Kok",Hong Kong,field,T20,2015/16,Scotland
2016-01-31,Australia,India,Sydney Cricket Ground,Australia,bat,T20,2015/16,India
2016-02-03,United Arab Emirates,Netherlands,ICC Academy,United Arab Emirates,field,T20,2015/16,Netherlands
2016-02-04,United Arab Emirates,Scotland,ICC Academy,United Arab Emirates,bat,T20,2015/16,United Arab Emirates
2016-02-07,Ireland,Papua New Guinea,Tony Ireland Stadium,Papua New Guinea,field,T20,2015/16,Ireland
2016-02-09,India,Sri Lanka,Maharashtra Cricket Association Stadium,Sri Lanka,field,T20,2015/16,Sri Lanka
2016-02-09,Ireland,Papua New Guinea,Tony Ireland Stadium,Papua New Guinea,bat,T20,2015/16,Papua New Guinea
2016-02-12,India,Sri Lanka,JSCA International Stadium Complex,Sri Lanka,field,T20,2015/16,India
2016-02-14,India,Sri Lanka,Dr. Y.S. Rajasekhara Reddy ACA-VDCA Cricket Stadium,India,field,T20,2015/16,India
2016-02-14,United Arab Emirates,Ireland,Sheikh Zayed Stadium,United Arab Emirates,field,T20,2015/16,Ireland
2016-02-16,United Arab Emirates,Ireland,Sheikh Zayed Stadium,United Arab Emirates,bat,T20,2015/16,United Arab Emirates
2016-02-19,South Africa,England,Newlands,South Africa,field,T20,2015/16,South Africa
2016-02-19,Hong Kong,Oman,Khan Shaheb Osman Ali Stadium,Oman,bat,T20,2015/16,Oman
2016-02-19,Afghanistan,United Arab Emirates,Fatullah,,,T20,2016,United Arab Emirates
2016-02-20,Afghanistan,Oman,Fatullah,,,T20,2016,Afghanistan
2016-02-21,Hong Kong,United Arab Emirates,Khan Shaheb Osman Ali Stadium,Hong Kong,bat,T20,2015/16,United Arab Emirates
2016-02-21,South Africa,England,New Wanderers Stadium,South Africa,field,T20,2015/16,South Africa
2016-02-22,Afghanistan,Hong Kong,Mirpur,,,T20,2016,Afghanistan
2016-02-22,Oman,United Arab Emirates,Shere Bangla National Stadium,Oman,field,T20,2015/16,United Arab Emirates
2016-02-24,India,Bangladesh,Shere Bangla National Stadium,Bangladesh,field,T20,2015/16,India
2016-02-25,Sri Lanka,United Arab Emirates,Shere Bangla National Stadium,United Arab Emirates,field,T20,2015/16,Sri Lanka
2016-02-26,Bangladesh,United Arab Emirates,Shere Bangla National Stadium,United Arab Emirates,field,T20,2015/16,Bangladesh
2016-02-27,India,Pakistan,Shere Bangla National Stadium,India,field,T20,2015/16,India
2016-02-28,Bangladesh,Sri Lanka,Shere Bangla National Stadium,Bangladesh,bat,T20,2015/16,Bangladesh
2016-02-29,Pakistan,United Arab Emirates,Shere Bangla National Stadium,United Arab Emirates,bat,T20,2015/16,Pakistan
2016-03-01,India,Sri Lanka,Shere Bangla National Stadium,India,field,T20,2015/16,India
2016-03-02,Bangladesh,Pakistan,Shere Bangla National Stadium,Pakistan,bat,T20,2015/16,Bangladesh
2016-03-03,India,United Arab Emirates,Shere Bangla National Stadium,United Arab Emirates,bat,T20,2015/16,India
2016-03-04,South Africa,Australia,Kingsmead,Australia,bat,T20,2015/16,South Africa
2016-03-04,Pakistan,Sri Lanka,Shere Bangla National Stadium,Pakistan,field,T20,2015/16,Pakistan
2016-03-06,Bangladesh,India,Shere Bangla National Stadium,India,field,T20,2015/16,India
2016-03-06,South Africa,Australia,New Wanderers Stadium,Australia,field,T20,2015/16,Australia
2016-03-08,Hong Kong,Zimbabwe,"Vidarbha Cricket Association Stadium, Jamtha",Hong Kong,field,T20,2015/16,Zimbabwe
2016-03-08,Afghanistan,Scotland,Nagpur,,,T20,2016,Afghanistan
2016-03-09,Ireland,Oman,Himachal Pradesh Cricket Association Stadium,Ireland,bat,T20,2015/16,Oman
2016-03-09,South Africa,Australia,Newlands,South Africa,bat,T20,2015/16,Australia
2016-03-09,Bangladesh,Netherlands,Himachal Pradesh Cricket Association Stadium,Netherlands,field,T20,2015/16,Bangladesh
2016-03-10,Afghanistan,Hong Kong,Nagpur,,,T20,2016,Afghanistan
2016-03-10,Scotland,Zimbabwe,"Vidarbha Cricket Association Stadium, Jamtha",Zimbabwe,bat,T20,2015/16,Zimbabwe
2016-03-11,Bangladesh,Ireland,Himachal Pradesh Cricket Association Stadium,Ireland,field,T20,2015/16,No Result
2016-03-12,Hong Kong,Scotland,"Vidarbha Cricket Association Stadium, Jamtha",Hong Kong,bat,T20,2015/16,Scotland
2016-03-12,Afghanistan,Zimbabwe,Nagpur,,,T20,2016,Afghanistan
2016-03-13,Ireland,Netherlands,Himachal Pradesh Cricket Association Stadium,Ireland,field,T20,2015/16,Netherlands
2016-03-13,Bangladesh,Oman,Himachal Pradesh Cricket Association Stadium,Oman,field,T20,2015/16,Bangladesh
2016-03-15,India,New Zealand,"Vidarbha Cricket Association Stadium, Jamtha",New Zealand,bat,T20,2015/16,New Zealand
2016-03-16,England,West Indies,Wankhede Stadium,West Indies,field,T20,2015/16,West Indies
2016-03-16,Bangladesh,Pakistan,Eden Gardens,Pakistan,bat,T20,2015/16,Pakistan
2016-03-17,Afghanistan,Sri Lanka,Eden Gardens,,,T20,2016,Sri Lanka
2016-03-18,Australia,New Zealand,Himachal Pradesh Cricket Association Stadium,New Zealand,bat,T20,2015/16,New Zealand
2016-03-18,England,South Africa,Wankhede Stadium,England,field,T20,2015/16,England
2016-03-19,India,Pakistan,Eden Gardens,India,field,T20,2015/16,India
2016-03-20,Afghanistan,South Africa,Wankhede,,,T20,2016,South Africa
2016-03-20,Sri Lanka,West Indies,M Chinnaswamy Stadium,West Indies,field,T20,2015/16,West Indies
2016-03-21,Australia,Bangladesh,M Chinnaswamy Stadium,Australia,field,T20,2015/16,Australia
2016-03-22,New Zealand,Pakistan,"Punjab Cricket Association IS Bindra Stadium, Mohali",New Zealand,bat,T20,2015/16,New Zealand
2016-03-23,Afghanistan,England,Delhi,,,T20,2016,England
2016-03-23,India,Bangladesh,M Chinnaswamy Stadium,Bangladesh,field,T20,2015/16,India
2016-03-25,Australia,Pakistan,"Punjab Cricket Association IS Bindra Stadium, Mohali",Australia,bat,T20,2015/16,Australia
2016-03-25,South Africa,West Indies,"Vidarbha Cricket Association Stadium, Jamtha",West Indies,field,T20,2015/16,West Indies
2016-03-26,Bangladesh,New Zealand,Eden Gardens,New Zealand,bat,T20,2015/16,New Zealand
2016-03-26,England,Sri Lanka,Feroz Shah Kotla,Sri Lanka,field,T20,2015/16,England
2016-03-27,India,Australia,"Punjab Cricket Association IS Bindra Stadium, Mohali",Australia,bat,T20,2015/16,India
2016-03-27,Afghanistan,West Indies,Nagpur,,,T20,2016,Afghanistan
2016-03-28,South Africa,Sri Lanka,Feroz Shah Kotla,South Africa,field,T20,2015/16,South Africa
2016-03-30,England,New Zealand,Feroz Shah Kotla,England,field,T20,2015/16,England
2016-03-31,India,West Indies,Wankhede Stadium,West Indies,field,T20,2015/16,West Indies
2016-04-03,England,West Indies,Eden Gardens,West Indies,field,T20,2015/16,West Indies
2016-06-18,Zimbabwe,India,Harare Sports Club,India,field,T20,2016,Zimbabwe
2016-06-20,Zimbabwe,India,Harare Sports Club,Zimbabwe,bat,T20,2016,India
2016-06-22,Zimbabwe,India,Harare Sports Club,Zimbabwe,field,T20,2016,India
2016-07-05,England,Sri Lanka,The Rose Bowl,Sri Lanka,bat,T20,2016,England
2016-08-27,India,West Indies,Central Broward Regional Park Stadium Turf Ground,India,field,T20,2016,West Indies
2016-08-28,India,West Indies,Central Broward Regional Park Stadium Turf Ground,India,field,T20,2016,No Result
2016-09-05,Ireland,Hong Kong,"Bready Cricket Club, Magheramason",Hong Kong,bat,T20,2016,Hong Kong
2016-09-06,Sri Lanka,Australia,Pallekele International Cricket Stadium,Sri Lanka,field,T20,2016,Australia
2016-09-07,England,Pakistan,Old Trafford,England,bat,T20,2016,Pakistan
2016-09-09,Sri Lanka,Australia,R Premadasa Stadium,Sri Lanka,bat,T20,2016,Australia
2016-09-23,Pakistan,West Indies,Dubai International Cricket Stadium,Pakistan,field,T20,2016/17,Pakistan
2016-09-24,Pakistan,West Indies,Dubai International Cricket Stadium,West Indies,field,T20,2016/17,Pakistan
2016-09-27,Pakistan,West Indies,Sheikh Zayed Stadium,Pakistan,field,T20,2016/17,Pakistan
2016-12-14,United Arab Emirates,Afghanistan,ICCA Dubai,,,T20,2016,Afghanistan
2016-12-16,United Arab Emirates,Afghanistan,Dubai (DSC),,,T20,2016,Afghanistan
2016-12-18,United Arab Emirates,Afghanistan,ICCA Dubai,,,T20,2016,Afghanistan
2017-01-03,New Zealand,Bangladesh,McLean Park,Bangladesh,bat,T20,2016/17,New Zealand
2017-01-06,New Zealand,Bangladesh,Bay Oval,Bangladesh,field,T20,2016/17,New Zealand
2017-01-08,New Zealand,Bangladesh,Bay Oval,Bangladesh,field,T20,2016/17,New Zealand
2017-01-14,Hong Kong,Scotland,Sheikh Zayed Stadium,Scotland,bat,T20,2016/17,Scotland
2017-01-14,Afghanistan,Ireland,Abu Dhabi,,,T20,2017,Afghanistan
2017-01-15,Netherlands,Oman,Sheikh Zayed Stadium,Oman,bat,T20,2016/17,Netherlands
2017-01-16,United Arab Emirates,Afghanistan,Abu Dhabi,,,T20,2017,Afghanistan
2017-01-16,Hong Kong,Oman,Sheikh Zayed Stadium,Oman,field,T20,2016/17,Oman
2017-01-17,Netherlands,Scotland,Sheikh Zayed Stadium,Netherlands,field,T20,2016/17,Scotland
2017-01-18,Hong Kong,Netherlands,Dubai International Cricket Stadium,Hong Kong,bat,T20,2016/17,Hong Kong
2017-01-18,United Arab Emirates,Ireland,Dubai International Cricket Stadium,Ireland,bat,T20,2016/17,Ireland
2017-01-19,Oman,Scotland,Dubai International Cricket Stadium,Oman,bat,T20,2016/17,Scotland
2017-01-20,South Africa,Sri Lanka,SuperSport Park,Sri Lanka,field,T20,2016/17,South Africa
2017-01-20,Ireland,Scotland,Dubai International Cricket Stadium,Scotland,field,T20,2016/17,Ireland
2017-01-20,Afghanistan,Oman,Dubai (DSC),,,T20,2017,Afghanistan
2017-01-20,Afghanistan,Ireland,Dubai (DSC),,,T20,2017,Afghanistan
2017-01-22,South Africa,Sri Lanka,New Wanderers Stadium,South Africa,bat,T20,2016/17,Sri Lanka
2017-01-25,South Africa,Sri Lanka,Newlands,South Africa,bat,T20,2016/17,Sri Lanka
2017-01-26,India,England,Green Park,England,field,T20,2016/17,England
2017-01-29,India,England,"Vidarbha Cricket Association Stadium, Jamtha",England,field,T20,2016/17,India
2017-02-01,India,England,M Chinnaswamy Stadium,England,field,T20,2016/17,India
2017-02-17,Australia,Sri Lanka,Melbourne Cricket Ground,Sri Lanka,field,T20,2016/17,Sri Lanka
2017-02-17,New Zealand,South Africa,Eden Park,New Zealand,field,T20,2016/17,South Africa
2017-02-19,Australia,Sri Lanka,"Simonds Stadium, South Geelong",Sri Lanka,field,T20,2016/17,Sri Lanka
2017-02-22,Australia,Sri Lanka,Adelaide Oval,Sri Lanka,field,T20,2016/17,Australia
2017-03-08,Afghanistan,Ireland,Greater Noida,,,T20,2017,Afghanistan
2017-03-10,Afghanistan,Ireland,Greater Noida,,,T20,2017,Afghanistan
2017-03-12,Afghanistan,Ireland,Greater Noida,,,T20,2017,Afghanistan
2017-03-26,West Indies,Pakistan,"Kensington Oval, Bridgetown",Pakistan,field,T20,2017,Pakistan
2017-03-30,West Indies,Pakistan,"Queen's Park Oval, Port of Spain",West Indies,field,T20,2017,Pakistan
2017-04-01,West Indies,Pakistan,"Queen's Park Oval, Port of Spain",Pakistan,bat,T20,2017,West Indies
2017-04-02,West Indies,Pakistan,"Queen's Park Oval, Port of Spain",Pakistan,field,T20,2017,Pakistan
2017-04-04,Sri Lanka,Bangladesh,R Premadasa Stadium,Bangladesh,bat,T20,2016/17,Sri Lanka
2017-04-06,Sri Lanka,Bangladesh,R Premadasa Stadium,Bangladesh,bat,T20,2016/17,Bangladesh
2017-04-12,United Arab Emirates,Papua New Guinea,Sheikh Zayed Stadium,United Arab Emirates,field,T20,2017,United Arab Emirates
2017-04-14,United Arab Emirates,Papua New Guinea,Sheikh Zayed Stadium,Papua New Guinea,bat,T20,2017,United Arab Emirates
2017-04-14,United Arab Emirates,Papua New Guinea,Sheikh Zayed Stadium,Papua New Guinea,field,T20,2017,United Arab Emirates
2017-06-02,West Indies,Afghanistan,Basseterre,,,T20,2017,West Indies
2017-06-03,West Indies,Afghanistan,Basseterre,,,T20,2017,West Indies
2017-06-05,West Indies,Afghanistan,Basseterre,,,T20,2017,West Indies
2017-06-21,England,South Africa,The Rose Bowl,South Africa,bat,T20,2017,England
2017-06-23,England,South Africa,County Ground,England,field,T20,2017,South Africa
2017-06-25,England,South Africa,Sophia Gardens,South Africa,field,T20,2017,England
2017-07-09,West Indies,India,"Sabina Park, Kingston",West Indies,field,T20,2017,West Indies
2017-09-06,Sri Lanka,India,"R.Premadasa Stadium, Khettarama",India,field,T20,2017,India
2017-09-12,Pakistan,ICC World XI,Gaddafi Stadium,ICC World XI,field,T20,2017/18,Pakistan
2017-09-13,Pakistan,ICC World XI,Gaddafi Stadium,Pakistan,bat,T20,2017/18,ICC World XI
2017-09-15,Pakistan,ICC World XI,Gaddafi Stadium,ICC World XI,field,T20,2017/18,Pakistan
2017-09-16,West Indies,England,Riverside Ground,England,field,T20,2017,West Indies
2017-10-07,Australia,India,JSCA International Stadium Complex,India,field,T20,2017/18,India
2017-10-10,India,Australia,Barsapara Cricket Stadium,Australia,field,T20,2017/18,Australia
2017-10-26,Sri Lanka,Pakistan,Sheikh Zayed Stadium,Pakistan,field,T20,2017/18,Pakistan
2017-10-26,South Africa,Bangladesh,Mangaung Oval,South Africa,bat,T20,2017/18,South Africa
2017-10-27,Sri Lanka,Pakistan,Sheikh Zayed Stadium,Pakistan,field,T20,2017/18,Pakistan
2017-10-29,South Africa,Bangladesh,Senwes Park,Bangladesh,field,T20,2017/18,South Africa
2017-10-29,Pakistan,Sri Lanka,Gaddafi Stadium,Sri Lanka,field,T20,2017/18,Pakistan
2017-11-01,India,New Zealand,Arun Jaitley Stadium,New Zealand,field,T20,2017/18,India
2017-11-04,New Zealand,India,Saurashtra Cricket Association Stadium,New Zealand,bat,T20,2017/18,New Zealand
2017-11-07,India,New Zealand,Greenfield International Stadium,New Zealand,field,T20,2017/18,India
2017-12-20,India,Sri Lanka,Barabati Stadium,Sri Lanka,field,T20,2017/18,India
2017-12-22,India,Sri Lanka,Holkar Cricket Stadium,Sri Lanka,field,T20,2017/18,India
2017-12-24,Sri Lanka,India,Wankhede Stadium,India,field,T20,2017/18,India
2017-12-29,New Zealand,West Indies,Saxton Oval,West Indies,field,T20,2017/18,New Zealand
2018-01-01,New Zealand,West Indies,Bay Oval,West Indies,field,T20,2017/18,No Result
2018-01-03,New Zealand,West Indies,Bay Oval,New Zealand,bat,T20,2017/18,New Zealand
2018-01-22,Pakistan,New Zealand,Westpac Stadium,New Zealand,field,T20,2017/18,New Zealand
2018-01-25,Pakistan,New Zealand,Eden Park,Pakistan,bat,T20,2017/18,Pakistan
2018-01-28,Pakistan,New Zealand,Bay Oval,Pakistan,bat,T20,2017/18,Pakistan
2018-02-03,New Zealand,Australia,Sydney Cricket Ground,Australia,field,T20,2017/18,Australia
2018-02-05,Afghanistan,Zimbabwe,Sharjah,,,T20,2018,Afghanistan
2018-02-06,Afghanistan,Zimbabwe,Sharjah,,,T20,2018,Afghanistan
2018-02-07,England,Australia,Bellerive Oval,Australia,field,T20,2017/18,Australia
2018-02-10,England,Australia,Melbourne Cricket Ground,Australia,field,T20,2017/18,Australia
2018-02-13,New Zealand,England,Westpac Stadium,England,field,T20,2017/18,New Zealand
2018-02-15,Bangladesh,Sri Lanka,"Shere Bangla National Stadium, Mirpur",Bangladesh,bat,T20,2017/18,Sri Lanka
2018-02-16,New Zealand,Australia,Eden Park,New Zealand,bat,T20,2017/18,Australia
2018-02-18,Sri Lanka,Bangladesh,Sylhet International Cricket Stadium,Bangladesh,field,T20,2017/18,Sri Lanka
2018-02-18,England,New Zealand,Seddon Park,New Zealand,field,T20,2017/18,England
2018-02-18,India,South Africa,The Wanderers Stadium,South Africa,field,T20,2017/18,India
2018-02-21,New Zealand,Australia,Eden Park,New Zealand,bat,T20,2017/18,Australia
2018-02-21,India,South Africa,SuperSport Park,South Africa,field,T20,2017/18,South Africa
2018-02-24,India,South Africa,Newlands,South Africa,field,T20,2017/18,India
2018-03-06,India,Sri Lanka,"R.Premadasa Stadium, Khettarama",Sri Lanka,field,T20,2017/18,Sri Lanka
2018-03-08,Bangladesh,India,"R.Premadasa Stadium, Khettarama",India,field,T20,2017/18,India
2018-03-10,Sri Lanka,Bangladesh,"R.Premadasa Stadium, Khettarama",Bangladesh,field,T20,2017/18,Bangladesh
2018-03-12,Sri Lanka,India,"R.Premadasa Stadium, Khettarama",India,field,T20,2017/18,India
2018-03-14,India,Bangladesh,"R.Premadasa Stadium, Khettarama",Bangladesh,field,T20,2017/18,India
2018-03-16,Sri Lanka,Bangladesh,"R.Premadasa Stadium, Khettarama",Bangladesh,field,T20,2017/18,Bangladesh
2018-03-18,Bangladesh,India,"R.Premadasa Stadium, Khettarama",India,field,T20,2017/18,India
2018-04-01,Pakistan,West Indies,National Stadium,West Indies,field,T20,2018,Pakistan
2018-04-02,Pakistan,West Indies,National Stadium,Pakistan,bat,T20,2018,Pakistan
2018-04-03,West Indies,Pakistan,National Stadium,West Indies,bat,T20,2018,Pakistan
2018-05-31,West Indies,ICC World XI,Lord's,ICC World XI,field,T20,2018,West Indies
2018-06-03,Afghanistan,Bangladesh,Dehradun,,,T20,2018,Afghanistan
2018-06-05,Afghanistan,Bangladesh,Dehradun,,,T20,2018,Afghanistan
2018-06-07,Afghanistan,Bangladesh,Dehradun,,,T20,2018,Afghanistan
2018-06-12,Pakistan,Scotland,"Grange Cricket Club, Raeburn Place",Pakistan,bat,T20,2018,Pakistan
2018-06-12,Netherlands,Ireland,Hazelaarweg,Ireland,field,T20,2018,Netherlands
2018-06-13,Pakistan,Scotland,"Grange Cricket Club, Raeburn Place",Pakistan,bat,T20,2018,Pakistan
2018-06-13,Ireland,Netherlands,Hazelaarweg,Ireland,bat,T20,2018,Netherlands
2018-06-16,Ireland,Scotland,Sportpark Het Schootsveld,Ireland,bat,T20,2018,Ireland
2018-06-17,Scotland,Ireland,Sportpark Het Schootsveld,Scotland,bat,T20,2018,No Result
2018-06-19,Netherlands,Scotland,VRA Ground,Netherlands,bat,T20,2018,Scotland
2018-06-20,Scotland,Netherlands,VRA Ground,Scotland,bat,T20,2018,Scotland
2018-06-27,India,Ireland,"The Village, Malahide",Ireland,field,T20,2018,India
2018-06-27,England,Australia,Edgbaston,Australia,field,T20,2018,England
2018-06-29,India,Ireland,"The Village, Malahide",Ireland,field,T20,2018,India
2018-07-01,Pakistan,Zimbabwe,Harare Sports Club,Zimbabwe,field,T20,2018,Pakistan
2018-07-02,Pakistan,Australia,Harare Sports Club,Australia,field,T20,2018,Australia
2018-07-03,Australia,Zimbabwe,Harare Sports Club,Zimbabwe,field,T20,2018,Australia
2018-07-03,England,India,Old Trafford,India,field,T20,2018,India
2018-07-04,Zimbabwe,Pakistan,Harare Sports Club,Pakistan,field,T20,2018,Pakistan
2018-07-05,Pakistan,Australia,Harare Sports Club,Australia,field,T20,2018,Pakistan
2018-07-06,Zimbabwe,Australia,Harare Sports Club,Zimbabwe,bat,T20,2018,Australia
2018-07-06,India,England,Sophia Gardens,England,field,T20,2018,England
2018-07-08,Australia,Pakistan,Harare Sports Club,Australia,bat,T20,2018,Pakistan
2018-07-08,England,India,County Ground,India,field,T20,2018,India
2018-07-29,Netherlands,Nepal,Lord's,Nepal,field,T20,2018,No Result
2018-07-31,Bangladesh,West Indies,"Warner Park, Basseterre",West Indies,field,T20,2018,West Indies
2018-08-04,Bangladesh,West Indies,Central Broward Regional Park Stadium Turf Ground,West Indies,field,T20,2018,Bangladesh
2018-08-05,Bangladesh,West Indies,Central Broward Regional Park Stadium Turf Ground,Bangladesh,bat,T20,2018,Bangladesh
2018-08-14,South Africa,Sri Lanka,"R.Premadasa Stadium, Khettarama",South Africa,bat,T20,2018,Sri Lanka
2018-08-20,Ireland,Afghanistan,Bready,,,T20,2018,Afghanistan
2018-08-22,Ireland,Afghanistan,Bready,,,T20,2018,Afghanistan
2018-10-09,South Africa,Zimbabwe,Buffalo Park,South Africa,bat,T20,2018/19,South Africa
2018-10-12,Zimbabwe,South Africa,Senwes Park,Zimbabwe,bat,T20,2018/19,South Africa
2018-10-22,United Arab Emirates,Australia,Tolerance Oval,United Arab Emirates,bat,T20,2018/19,Australia
2018-10-24,Pakistan,Australia,Sheikh Zayed Stadium,Australia,field,T20,2018/19,Pakistan
2018-10-26,Pakistan,Australia,Dubai International Cricket Stadium,Pakistan,bat,T20,2018/19,Pakistan
2018-10-27,England,Sri Lanka,"R.Premadasa Stadium, Khettarama",Sri Lanka,field,T20,2018/19,England
2018-10-28,Pakistan,Australia,Dubai International Cricket Stadium,Pakistan,bat,T20,2018/19,Pakistan
2018-10-31,Pakistan,New Zealand,Sheikh Zayed Stadium,Pakistan,bat,T20,2018/19,Pakistan
2018-11-02,New Zealand,Pakistan,Dubai International Cricket Stadium,New Zealand,bat,T20,2018/19,Pakistan
2018-11-04,West Indies,India,Eden Gardens,India,field,T20,2018/19,India
2018-11-04,Pakistan,New Zealand,Dubai International Cricket Stadium,Pakistan,bat,T20,2018/19,Pakistan
2018-11-06,India,West Indies,Bharat Ratna Shri Atal Bihari Vajpayee Ekana Cricket Stadium,West Indies,field,T20,2018/19,India
2018-11-11,West Indies,India,"MA Chidambaram Stadium, Chepauk",West Indies,bat,T20,2018/19,India
2018-11-17,South Africa,Australia,Carrara Oval,Australia,field,T20,2018/19,South Africa
2018-11-21,Australia,India,"Brisbane Cricket Ground, Woolloongabba",India,field,T20,2018/19,Australia
2018-11-23,Australia,India,Melbourne Cricket Ground,India,field,T20,2018/19,No Result
2018-11-25,Australia,India,Sydney Cricket Ground,Australia,bat,T20,2018/19,India
2018-12-17,Bangladesh,West Indies,Sylhet International Cricket Stadium,Bangladesh,bat,T20,2018/19,West Indies
2018-12-20,Bangladesh,West Indies,"Shere Bangla National Stadium, Mirpur",West Indies,field,T20,2018/19,Bangladesh
2018-12-22,Bangladesh,West Indies,"Shere Bangla National Stadium, Mirpur",Bangladesh,field,T20,2018/19,West Indies
2019-01-11,New Zealand,Sri Lanka,Eden Park,Sri Lanka,field,T20,2018/19,New Zealand
2019-01-31,United Arab Emirates,Nepal,ICC Academy,Nepal,field,T20,2018/19,United Arab Emirates
2019-02-01,United Arab Emirates,Nepal,ICC Academy,United Arab Emirates,bat,T20,2018/19,Nepal
2019-02-01,South Africa,Pakistan,Newlands,Pakistan,field,T20,2018/19,South Africa
2019-02-03,United Arab Emirates,Nepal,ICC Academy,United Arab Emirates,field,T20,2018/19,Nepal
2019-02-03,South Africa,Pakistan,The Wanderers Stadium,Pakistan,field,T20,2018/19,South Africa
2019-02-06,South Africa,Pakistan,SuperSport Park,South Africa,field,T20,2018/19,Pakistan
2019-02-06,New Zealand,India,Westpac Stadium,India,field,T20,2018/19,New Zealand
2019-02-08,New Zealand,India,Eden Park,New Zealand,bat,T20,2018/19,India
2019-02-10,New Zealand,India,Seddon Park,India,field,T20,2018/19,New Zealand
2019-02-13,Oman,Ireland,Al Amerat Cricket Ground Oman Cricket (Ministry Turf 1),Oman,field,T20,2018/19,Ireland
2019-02-13,Netherlands,Scotland,Al Amerat Cricket Ground Oman Cricket (Ministry Turf 1),Netherlands,field,T20,2018/19,Netherlands
2019-02-15,Ireland,Scotland,Al Amerat Cricket Ground Oman Cricket (Ministry Turf 1),Scotland,field,T20,2018/19,Scotland
2019-02-15,Oman,Netherlands,Al Amerat Cricket Ground Oman Cricket (Ministry Turf 1),Netherlands,field,T20,2018/19,Netherlands
2019-02-17,Ireland,Netherlands,Al Amerat Cricket Ground Oman Cricket (Ministry Turf 1),Ireland,field,T20,2018/19,Ireland
2019-02-17,Oman,Scotland,Al Amerat Cricket Ground Oman Cricket (Ministry Turf 1),Scotland,field,T20,2018/19,Scotland
2019-02-21,Afghanistan,Ireland,Dehradun,,,T20,2019,Afghanistan
2019-02-23,Afghanistan,Ireland,Dehradun,,,T20,2019,Afghanistan
2019-02-24,India,Australia,Dr. Y.S. Rajasekhara Reddy ACA-VDCA Cricket Stadium,Australia,field,T20,2018/19,Australia
2019-02-24,Afghanistan,Ireland,Dehradun,,,T20,2019,Afghanistan
2019-02-27,India,Australia,M.Chinnaswamy Stadium,Australia,field,T20,2018/19,Australia
2019-03-05,West Indies,England,"Darren Sammy National Cricket Stadium, St Lucia",England,field,T20,2018/19,England
2019-03-08,West Indies,England,"Warner Park, St Kitts",West Indies,field,T20,2018/19,England
2019-03-10,West Indies,England,"Warner Park, St Kitts",West Indies,bat,T20,2018/19,England
2019-03-15,United Arab Emirates,United States of America,ICC Academy,United Arab Emirates,field,T20,2018/19,No Result
2019-03-16,United Arab Emirates,United States of America,ICC Academy,United Arab Emirates,bat,T20,2018/19,United Arab Emirates
2019-03-19,South Africa,Sri Lanka,Newlands,South Africa,field,T20,2018/19,No Result
2019-03-22,South Africa,Sri Lanka,SuperSport Park,Sri Lanka,field,T20,2018/19,South Africa
2019-03-22,Papua New Guinea,Philippines,Amini Park,Philippines,field,T20,2018/19,Papua New Guinea
2019-03-22,Papua New Guinea,Vanuatu,Amini Park,Vanuatu,bat,T20,2018/19,Papua New Guinea
2019-03-23,Philippines,Vanuatu,Amini Park,Vanuatu,bat,T20,2018/19,Vanuatu
2019-03-23,Papua New Guinea,Philippines,Amini Park,Papua New Guinea,bat,T20,2018/19,No Result
2019-03-24,Philippines,Vanuatu,Amini Park,Vanuatu,field,T20,2018/19,Philippines
2019-03-24,South Africa,Sri Lanka,The Wanderers Stadium,Sri Lanka,field,T20,2018/19,South Africa
2019-03-24,Papua New Guinea,Vanuatu,Amini Park,Vanuatu,bat,T20,2018/19,Papua New Guinea
2019-05-05,England,Pakistan,Sophia Gardens,Pakistan,bat,T20,2019,England
2019-05-20,Ghana,Namibia,Kyambogo Cricket Oval,Namibia,field,T20,2019,Namibia
2019-05-20,Uganda,Botswana,Lugogo Cricket Oval,Botswana,field,T20,2019,Uganda
2019-05-21,Botswana,Nigeria,Lugogo Cricket Oval,Nigeria,bat,T20,2019,Nigeria
2019-05-21,Ghana,Kenya,Kyambogo Cricket Oval,Ghana,field,T20,2019,Kenya
2019-05-21,Uganda,Namibia,Kyambogo Cricket Oval,Namibia,bat,T20,2019,Namibia
2019-05-22,Uganda,Kenya,Lugogo Cricket Oval,Kenya,bat,T20,2019,Kenya
2019-05-22,Botswana,Namibia,Kyambogo Cricket Oval,Botswana,bat,T20,2019,Namibia
2019-05-22,Ghana,Nigeria,Kyambogo Cricket Oval,Ghana,field,T20,2019,Nigeria
2019-05-23,Uganda,Ghana,Kyambogo Cricket Oval,Ghana,bat,T20,2019,Uganda
2019-05-25,Germany,Italy,Sportpark Maarschalkerweerd,Italy,field,T20,2019,Italy
2019-06-15,Guernsey,Germany,King George V Sports Ground,Germany,field,T20,2019,Germany
2019-06-16,Denmark,Jersey,King George V Sports Ground,Denmark,field,T20,2019,Jersey
2019-06-16,Guernsey,Italy,College Field,Guernsey,field,T20,2019,Italy
2019-06-16,Jersey,Norway,King George V Sports Ground,Jersey,bat,T20,2019,Jersey
2019-06-17,Denmark,Norway,King George V Sports Ground,Denmark,bat,T20,2019,Denmark
2019-06-18,Guernsey,Denmark,King George V Sports Ground,Guernsey,field,T20,2019,No Result
2019-06-19,Denmark,Germany,King George V Sports Ground,Germany,field,T20,2019,Germany
2019-06-19,Italy,Jersey,College Field,Italy,field,T20,2019,Jersey
2019-06-19,Guernsey,Norway,King George V Sports Ground,Guernsey,field,T20,2019,Guernsey
2019-06-20,Guernsey,Denmark,King George V Sports Ground,Denmark,field,T20,2019,Guernsey
2019-06-20,Denmark,Italy,King George V Sports Ground,Denmark,bat,T20,2019,Denmark
2019-06-20,Germany,Norway,College Field,Germany,field,T20,2019,Germany
2019-06-20,Germany,Jersey,College Field,Germany,field,T20,2019,Germany
2019-06-23,Netherlands,Zimbabwe,Hazelaarweg,Zimbabwe,field,T20,2019,Netherlands
2019-06-24,Malaysia,Thailand,Kinrara Academy Oval,Malaysia,field,T20,2019,Malaysia
2019-06-25,Netherlands,Zimbabwe,Hazelaarweg,Netherlands,bat,T20,2019,No Result
2019-06-26,Maldives,Thailand,Kinrara Academy Oval,Thailand,bat,T20,2019,Maldives
2019-06-27,Malaysia,Thailand,Kinrara Academy Oval,Thailand,bat,T20,2019,Malaysia
2019-06-28,Malaysia,Maldives,Kinrara Academy Oval,Malaysia,bat,T20,2019,No Result
2019-06-29,Maldives,Thailand,Kinrara Academy Oval,Thailand,field,T20,2019,Thailand
2019-07-12,Ireland,Zimbabwe,"Bready Cricket Club, Magheramason",Ireland,field,T20,2019,Ireland
2019-07-13,Malaysia,Nepal,Kinrara Academy Oval,Malaysia,bat,T20,2019,Nepal
2019-07-14,Malaysia,Nepal,Kinrara Academy Oval,Nepal,bat,T20,2019,Nepal
2019-07-14,Ireland,Zimbabwe,Bready,Zimbabwe,field,T20,2019,Zimbabwe
2019-07-22,Singapore,Qatar,Indian Association Ground,Singapore,bat,T20,2019,Singapore
2019-07-22,Kuwait,Malaysia,Indian Association Ground,Malaysia,bat,T20,2019,Malaysia
2019-07-23,Nepal,Qatar,Indian Association Ground,Nepal,bat,T20,2019,Qatar
2019-07-24,Malaysia,Nepal,Indian Association Ground,Nepal,field,T20,2019,Nepal
2019-07-26,Kuwait,Qatar,Indian Association Ground,Qatar,field,T20,2019,Kuwait
2019-07-26,Singapore,Malaysia,Indian Association Ground,Malaysia,bat,T20,2019,Singapore
2019-07-27,Kuwait,Nepal,Indian Association Ground,Nepal,field,T20,2019,Nepal
2019-07-27,Malaysia,Qatar,Indian Association Ground,Malaysia,bat,T20,2019,Qatar
2019-07-28,Singapore,Nepal,Indian Association Ground,Singapore,bat,T20,2019,Singapore
2019-08-03,India,West Indies,Central Broward Regional Park Stadium Turf Ground,India,field,T20,2019,India
2019-08-04,India,West Indies,Central Broward Regional Park Stadium Turf Ground,India,bat,T20,2019,India
2019-08-05,Netherlands,United Arab Emirates,VRA Ground,United Arab Emirates,field,T20,2019,United Arab Emirates
2019-08-06,West Indies,India,"Providence Stadium, Guyana",India,field,T20,2019,India
2019-08-08,Netherlands,United Arab Emirates,Sportpark Westvliet,Netherlands,bat,T20,2019,United Arab Emirates
2019-08-18,Canada,Cayman Islands,"White Hill Field, Sandys Parish",Canada,bat,T20,2019,Canada
2019-08-18,Bermuda,United States of America,"White Hill Field, Sandys Parish",Bermuda,bat,T20,2019,Bermuda
2019-08-19,Namibia,Botswana,United Cricket Club Ground,Botswana,field,T20,2019,Namibia
2019-08-19,Cayman Islands,United States of America,National Stadium,United States of America,field,T20,2019,United States of America
2019-08-19,Bermuda,Canada,National Stadium,Bermuda,bat,T20,2019,No Result
2019-08-20,Namibia,Botswana,United Cricket Club Ground,Botswana,field,T20,2019,Namibia
2019-08-21,Bermuda,Cayman Islands,"White Hill Field, Sandys Parish",Cayman Islands,bat,T20,2019,Bermuda
2019-08-21,Canada,United States of America,"White Hill Field, Sandys Parish",United States of America,bat,T20,2019,Canada
2019-08-22,Canada,Cayman Islands,"White Hill Field, Sandys Parish",Canada,field,T20,2019,Canada
2019-08-22,United States of America,Bermuda,Bermuda National Stadium,Bermuda,field,T20,2019,Bermuda
2019-08-22,Namibia,Botswana,United Cricket Club Ground,Namibia,bat,T20,2019,Namibia
2019-08-23,Namibia,Botswana,United Cricket Club Ground,Botswana,bat,T20,2019,Namibia
2019-08-24,Cayman Islands,United States of America,"White Hill Field, Sandys Parish",Cayman Islands,bat,T20,2019,United States of America
2019-08-25,Canada,United States of America,"White Hill Field, Sandys Parish",United States of America,field,T20,2019,Canada
2019-08-25,Bermuda,Cayman Islands,"White Hill Field, Sandys Parish",Cayman Islands,bat,T20,2019,Bermuda
2019-09-01,Sri Lanka,New Zealand,Pallekele International Cricket Stadium,Sri Lanka,bat,T20,2019,New Zealand
2019-09-03,Sri Lanka,New Zealand,Pallekele International Cricket Stadium,Sri Lanka,bat,T20,2019,New Zealand
2019-09-06,Sri Lanka,New Zealand,Pallekele International Cricket Stadium,Sri Lanka,bat,T20,2019,Sri Lanka
2019-09-13,Bangladesh,Zimbabwe,"Shere Bangla National Stadium, Mirpur",Bangladesh,field,T20,2019,Bangladesh
2019-09-14,Afghanistan,Zimbabwe,Mirpur,,,T20,2019,Afghanistan
2019-09-15,Bangladesh,Afghanistan,Mirpur,,,T20,2019,Afghanistan
2019-09-16,Netherlands,Scotland,"The Village, Malahide",Netherlands,field,T20,2019,Scotland
2019-09-17,Ireland,Scotland,"The Village, Malahide",Scotland,bat,T20,2019,Ireland
2019-09-18,Bangladesh,Zimbabwe,Zahur Ahmed Chowdhury Stadium,Zimbabwe,field,T20,2019,Bangladesh
2019-09-18,Ireland,Netherlands,"The Village, Malahide",Ireland,bat,T20,2019,Netherlands
2019-09-18,India,South Africa,"Punjab Cricket Association IS Bindra Stadium, Mohali",India,field,T20,2019/20,India
2019-09-19,Netherlands,Scotland,"The Village, Malahide",Netherlands,bat,T20,2019,Scotland
2019-09-20,Afghanistan,Zimbabwe,Chattogram,,,T20,2019,Zimbabwe
2019-09-21,Bangladesh,Afghanistan,Chattogram,,,T20,2019,Bangladesh
2019-09-22,India,South Africa,M.Chinnaswamy Stadium,India,bat,T20,2019/20,South Africa
2019-09-27,Nepal,Zimbabwe,Indian Association Ground,Nepal,bat,T20,2019/20,Zimbabwe
2019-09-28,Singapore,Nepal,Indian Association Ground,Singapore,bat,T20,2019/20,Nepal
2019-09-29,Singapore,Zimbabwe,Indian Association Ground,Singapore,bat,T20,2019/20,Singapore
2019-09-29,Malaysia,Vanuatu,Kinrara Academy Oval,Vanuatu,bat,T20,2019/20,Vanuatu
2019-10-01,Malaysia,Vanuatu,Kinrara Academy Oval,Vanuatu,bat,T20,2019/20,Vanuatu
2019-10-01,Nepal,Zimbabwe,Indian Association Ground,Nepal,field,T20,2019/20,Zimbabwe
2019-10-02,Malaysia,Vanuatu,Kinrara Academy Oval,Malaysia,bat,T20,2019/20,Malaysia
2019-10-03,Malaysia,Vanuatu,Kinrara Academy Oval,Malaysia,bat,T20,2019/20,Vanuatu
2019-10-03,Singapore,Zimbabwe,Indian Association Ground,Zimbabwe,field,T20,2019/20,Zimbabwe
2019-10-04,Malaysia,Vanuatu,Kinrara Academy Oval,Malaysia,bat,T20,2019/20,Malaysia
2019-10-05,Pakistan,Sri Lanka,Gaddafi Stadium,Pakistan,field,T20,2019/20,Sri Lanka
2019-10-05,Ireland,Netherlands,Al Amerat Cricket Ground Oman Cricket (Ministry Turf 1),Ireland,field,T20,2019/20,Ireland
2019-10-06,Hong Kong,Nepal,Al Amerat Cricket Ground Oman Cricket (Ministry Turf 1),Nepal,field,T20,2019/20,Nepal
2019-10-06,Oman,Ireland,Al Amerat Cricket Ground Oman Cricket (Ministry Turf 1),Ireland,field,T20,2019/20,Oman
2019-10-07,Pakistan,Sri Lanka,Gaddafi Stadium,Sri Lanka,bat,T20,2019/20,Sri Lanka
2019-10-07,Hong Kong,Ireland,Al Amerat Cricket Ground Oman Cricket (Ministry Turf 1),Ireland,bat,T20,2019/20,Ireland
2019-10-07,Nepal,Netherlands,Al Amerat Cricket Ground Oman Cricket (Ministry Turf 1),Nepal,field,T20,2019/20,Nepal
2019-10-09,Pakistan,Sri Lanka,Gaddafi Stadium,Sri Lanka,bat,T20,2019/20,Sri Lanka
2019-10-09,Oman,Netherlands,Al Amerat Cricket Ground Oman Cricket (Ministry Turf 1),Netherlands,bat,T20,2019/20,Oman
2019-10-09,Ireland,Nepal,Al Amerat Cricket Ground Oman Cricket (Ministry Turf 1),Ireland,bat,T20,2019/20,Ireland
2019-10-10,Hong Kong,Netherlands,Al Amerat Cricket Ground Oman Cricket (Ministry Turf 1),Hong Kong,field,T20,2019/20,Netherlands
2019-10-10,Oman,Nepal,Al Amerat Cricket Ground Oman Cricket (Ministry Turf 1),Oman,field,T20,2019/20,Oman
2019-10-18,Scotland,Singapore,ICC Academy,Scotland,field,T20,2019/20,Singapore
2019-10-18,United Arab Emirates,Oman,Sheikh Zayed Stadium,Oman,field,T20,2019/20,Oman
2019-10-18,Kenya,Netherlands,ICC Academy,Netherlands,bat,T20,2019/20,Netherlands
2019-10-18,Hong Kong,Ireland,Sheikh Zayed Stadium,Hong Kong,bat,T20,2019/20,Ireland
2019-10-19,Bermuda,Papua New Guinea,ICC Academy,Papua New Guinea,field,T20,2019/20,Papua New Guinea
2019-10-19,Jersey,Nigeria,Sheikh Zayed Stadium,Jersey,bat,T20,2019/20,Jersey
2019-10-19,Namibia,Netherlands,ICC Academy,Netherlands,bat,T20,2019/20,Netherlands
2019-10-19,Kenya,Scotland,ICC Academy Ground No 2,Scotland,bat,T20,2019/20,Scotland
2019-10-19,United Arab Emirates,Ireland,Sheikh Zayed Stadium,United Arab Emirates,field,T20,2019/20,United Arab Emirates
2019-10-20,Namibia,Papua New Guinea,ICC Academy Ground No 2,Papua New Guinea,bat,T20,2019/20,Papua New Guinea
2019-10-20,Canada,Jersey,Tolerance Oval,Jersey,field,T20,2019/20,Canada
2019-10-20,Bermuda,Singapore,ICC Academy Ground No 2,Bermuda,bat,T20,2019/20,Singapore
2019-10-20,Hong Kong,Oman,Sheikh Zayed Stadium,Oman,field,T20,2019/20,Oman
2019-10-21,Papua New Guinea,Scotland,ICC Academy,Scotland,bat,T20,2019/20,Scotland
2019-10-21,United Arab Emirates,Hong Kong,Sheikh Zayed Stadium,Hong Kong,bat,T20,2019/20,United Arab Emirates
2019-10-21,Ireland,Oman,Tolerance Oval,Oman,field,T20,2019/20,Ireland
2019-10-21,Bermuda,Kenya,ICC Academy,Kenya,bat,T20,2019/20,Kenya
2019-10-21,Canada,Nigeria,Sheikh Zayed Stadium,Canada,bat,T20,2019/20,Canada
2019-10-22,Netherlands,Singapore,ICC Academy,Singapore,bat,T20,2019/20,Netherlands
2019-10-22,Namibia,Scotland,ICC Academy,Namibia,bat,T20,2019/20,Namibia
2019-10-22,United Arab Emirates,Jersey,Tolerance Oval,Jersey,bat,T20,2019/20,Jersey
2019-10-23,Canada,Ireland,Sheikh Zayed Stadium,Canada,bat,T20,2019/20,Canada
2019-10-23,Nigeria,Oman,Tolerance Oval,Nigeria,bat,T20,2019/20,Oman
2019-10-23,Bermuda,Namibia,ICC Academy Ground No 2,Namibia,field,T20,2019/20,Namibia
2019-10-23,Hong Kong,Jersey,Sheikh Zayed Stadium,Hong Kong,bat,T20,2019/20,Hong Kong
2019-10-23,Kenya,Singapore,ICC Academy Ground No 2,Singapore,bat,T20,2019/20,Kenya
2019-10-24,Netherlands,Papua New Guinea,ICC Academy,Netherlands,bat,T20,2019/20,Papua New Guinea
2019-10-24,United Arab Emirates,Nigeria,Tolerance Oval,United Arab Emirates,field,T20,2019/20,United Arab Emirates
2019-10-24,Canada,Hong Kong,Tolerance Oval,Hong Kong,bat,T20,2019/20,Hong Kong
2019-10-24,Bermuda,Scotland,Dubai International Cricket Stadium,Bermuda,field,T20,2019/20,Scotland
2019-10-25,Canada,Oman,Sheikh Zayed Stadium,Canada,bat,T20,2019/20,Oman
2019-10-25,Kenya,Namibia,Dubai International Cricket Stadium,Namibia,bat,T20,2019/20,Namibia
2019-10-25,Ireland,Jersey,Tolerance Oval,Ireland,field,T20,2019/20,Ireland
2019-10-25,Spain,Portugal,La Manga Club Bottom Ground,Spain,field,T20,2019/20,Spain
2019-10-25,Papua New Guinea,Singapore,Dubai International Cricket Stadium,Singapore,field,T20,2019/20,Papua New Guinea
2019-10-26,Namibia,Singapore,Dubai International Cricket Stadium,Singapore,field,T20,2019/20,Namibia
2019-10-26,Gibraltar,Portugal,La Manga Club Bottom Ground,Gibraltar,bat,T20,2019/20,Portugal
2019-10-26,Spain,Gibraltar,La Manga Club Bottom Ground,Spain,field,T20,2019/20,Spain
2019-10-26,Spain,Portugal,La Manga Club Bottom Ground,Portugal,field,T20,2019/20,Spain
2019-10-26,Ireland,Nigeria,Sheikh Zayed Stadium,Nigeria,bat,T20,2019/20,Ireland
2019-10-26,Bermuda,Netherlands,Dubai International Cricket Stadium,Netherlands,bat,T20,2019/20,Netherlands
2019-10-27,Netherlands,Scotland,Dubai International Cricket Stadium,Netherlands,field,T20,2019/20,Netherlands
2019-10-27,Jersey,Oman,Sheikh Zayed Stadium,Oman,field,T20,2019/20,Jersey
2019-10-27,Spain,Gibraltar,La Manga Club Bottom Ground,Spain,field,T20,2019/20,Spain
2019-10-27,Kenya,Papua New Guinea,Dubai International Cricket Stadium,Kenya,field,T20,2019/20,Papua New Guinea
2019-10-27,Australia,Sri Lanka,Adelaide Oval,Sri Lanka,field,T20,2019/20,Australia
2019-10-27,United Arab Emirates,Canada,Sheikh Zayed Stadium,Canada,field,T20,2019/20,United Arab Emirates
2019-10-27,Hong Kong,Nigeria,Tolerance Oval,Nigeria,bat,T20,2019/20,Hong Kong
2019-10-29,United Arab Emirates,Netherlands,Dubai International Cricket Stadium,United Arab Emirates,bat,T20,2019/20,Netherlands
2019-10-29,Namibia,Oman,Dubai International Cricket Stadium,Namibia,bat,T20,2019/20,Namibia
2019-10-30,Hong Kong,Oman,Dubai International Cricket Stadium,Oman,bat,T20,2019/20,Oman
2019-10-30,Australia,Sri Lanka,"Brisbane Cricket Ground, Woolloongabba",Sri Lanka,bat,T20,2019/20,Australia
2019-10-30,United Arab Emirates,Scotland,Dubai International Cricket Stadium,Scotland,bat,T20,2019/20,Scotland
2019-10-31,Oman,Scotland,ICC Academy,Oman,bat,T20,2019/20,Scotland
2019-11-01,New Zealand,England,Hagley Oval,England,field,T20,2019/20,England
2019-11-01,Namibia,Papua New Guinea,Dubai International Cricket Stadium,Papua New Guinea,bat,T20,2019/20,Papua New Guinea
2019-11-01,Ireland,Netherlands,Dubai International Cricket Stadium,Ireland,field,T20,2019/20,Netherlands
2019-11-01,Australia,Sri Lanka,Melbourne Cricket Ground,Australia,field,T20,2019/20,Australia
2019-11-02,Netherlands,Papua New Guinea,Dubai International Cricket Stadium,Papua New Guinea,bat,T20,2019/20,Netherlands
2019-11-02,Ireland,Namibia,Dubai International Cricket Stadium,Ireland,bat,T20,2019/20,Ireland
2019-11-03,Australia,Pakistan,Sydney Cricket Ground,Australia,field,T20,2019/20,No Result
2019-11-03,New Zealand,England,Westpac Stadium,England,field,T20,2019/20,New Zealand
2019-11-03,India,Bangladesh,Arun Jaitley Stadium,Bangladesh,field,T20,2019/20,Bangladesh
2019-11-05,Australia,Pakistan,Manuka Oval,Pakistan,bat,T20,2019/20,Australia
2019-11-05,New Zealand,England,Saxton Oval,New Zealand,bat,T20,2019/20,New Zealand
2019-11-07,India,Bangladesh,Saurashtra Cricket Association Stadium,India,field,T20,2019/20,India
2019-11-08,Australia,Pakistan,Perth Stadium,Australia,field,T20,2019/20,Australia
2019-11-08,New Zealand,England,McLean Park,New Zealand,field,T20,2019/20,England
2019-11-10,New Zealand,England,Eden Park,England,field,T20,2019/20,No Result
2019-11-10,India,Bangladesh,"Vidarbha Cricket Association Stadium, Jamtha",Bangladesh,field,T20,2019/20,India
2019-11-14,Afghanistan,West Indies,Lucknow,,,T20,2019,West Indies
2019-11-16,Afghanistan,West Indies,Lucknow,,,T20,2019,Afghanistan
2019-11-17,Afghanistan,West Indies,Lucknow,,,T20,2019,Afghanistan
2019-12-05,Nepal,Bhutan,Tribhuvan University International Cricket Ground,Bhutan,field,T20,2019/20,Nepal
2019-12-06,India,West Indies,"Rajiv Gandhi International Stadium, Uppal",India,field,T20,2019/20,India
2019-12-06,Nepal,Maldives,Tribhuvan University International Cricket Ground,Nepal,bat,T20,2019/20,Nepal
2019-12-07,Bhutan,Maldives,Tribhuvan University International Cricket Ground,Maldives,field,T20,2019/20,Maldives
2019-12-08,India,West Indies,Greenfield International Stadium,West Indies,field,T20,2019/20,West Indies
2019-12-09,Nepal,Maldives,Tribhuvan University International Cricket Ground,Nepal,field,T20,2019/20,Nepal
2019-12-11,India,West Indies,Wankhede Stadium,West Indies,field,T20,2019/20,India
2020-01-07,India,Sri Lanka,Holkar Cricket Stadium,India,field,T20,2019/20,India
2020-01-10,India,Sri Lanka,Maharashtra Cricket Association Stadium,Sri Lanka,field,T20,2019/20,India
2020-01-15,West Indies,Ireland,"National Cricket Stadium, Grenada",Ireland,bat,T20,2019/20,Ireland
2020-01-18,West Indies,Ireland,"Warner Park, St Kitts",West Indies,field,T20,2019/20,No Result
2020-01-19,West Indies,Ireland,"Warner Park, St Kitts",West Indies,field,T20,2019/20,West Indies
2020-01-24,Pakistan,Bangladesh,Gaddafi Stadium,Bangladesh,bat,T20,2019/20,Pakistan
2020-01-24,New Zealand,India,Eden Park,India,field,T20,2019/20,India
2020-01-25,Pakistan,Bangladesh,Gaddafi Stadium,Bangladesh,bat,T20,2019/20,Pakistan
2020-01-26,New Zealand,India,Eden Park,New Zealand,bat,T20,2019/20,India
2020-01-29,New Zealand,India,Seddon Park,New Zealand,field,T20,2019/20,No Result
2020-01-31,New Zealand,India,Westpac Stadium,New Zealand,field,T20,2019/20,No Result
2020-02-02,New Zealand,India,Bay Oval,India,bat,T20,2019/20,India
2020-02-12,South Africa,England,Buffalo Park,England,field,T20,2019/20,South Africa
2020-02-14,South Africa,England,Kingsmead,South Africa,field,T20,2019/20,England
2020-02-16,South Africa,England,SuperSport Park,South Africa,bat,T20,2019/20,England
2020-02-20,Malaysia,Hong Kong,Kinrara Academy Oval,Malaysia,bat,T20,2019/20,Malaysia
2020-02-21,South Africa,Australia,The Wanderers Stadium,South Africa,field,T20,2019/20,Australia
2020-02-21,Malaysia,Hong Kong,Kinrara Academy Oval,Malaysia,bat,T20,2019/20,Malaysia
2020-02-23,South Africa,Australia,St George's Park,South Africa,bat,T20,2019/20,South Africa
2020-02-23,Malaysia,Hong Kong,Kinrara Academy Oval,Malaysia,bat,T20,2019/20,Malaysia
2020-02-24,Malaysia,Hong Kong,Kinrara Academy Oval,Malaysia,bat,T20,2019/20,Malaysia
2020-02-25,Iran,Kuwait,Al Amerat Cricket Ground Oman Cricket (Ministry Turf 2),Kuwait,field,T20,2019/20,Kuwait
2020-02-25,Bahrain,Qatar,Al Amerat Cricket Ground Oman Cricket (Ministry Turf 1),Qatar,bat,T20,2019/20,Bahrain
2020-02-25,Saudi Arabia,United Arab Emirates,Al Amerat Cricket Ground Oman Cricket (Ministry Turf 2),United Arab Emirates,bat,T20,2019/20,United Arab Emirates
2020-02-25,Oman,Maldives,Al Amerat Cricket Ground Oman Cricket (Ministry Turf 1),Oman,field,T20,2019/20,Oman
2020-02-26,Malaysia,Hong Kong,Kinrara Academy Oval,Hong Kong,bat,T20,2019/20,Malaysia
2020-02-26,South Africa,Australia,Newlands,South Africa,field,T20,2019/20,Australia
2020-02-26,Kuwait,Bahrain,Al Amerat Cricket Ground Oman Cricket (Ministry Turf 1),Bahrain,field,T20,2019/20,Kuwait
2020-02-26,Qatar,United Arab Emirates,Al Amerat Cricket Ground Oman Cricket (Ministry Turf 2),United Arab Emirates,bat,T20,2019/20,United Arab Emirates
2020-02-27,Kuwait,United Arab Emirates,Al Amerat Cricket Ground Oman Cricket (Ministry Turf 1),Kuwait,field,T20,2019/20,United Arab Emirates
2020-02-29,Thailand,Singapore,Terdthai Cricket Ground,Thailand,field,T20,2019/20,Singapore
2020-03-01,Hong Kong,Nepal,Terdthai Cricket Ground,Nepal,field,T20,2019/20,Hong Kong
2020-03-01,Thailand,Malaysia,Terdthai Cricket Ground,Thailand,bat,T20,2019/20,Malaysia
2020-03-03,Malaysia,Singapore,Terdthai Cricket Ground,Singapore,bat,T20,2019/20,Singapore
2020-03-03,Thailand,Hong Kong,Terdthai Cricket Ground,Thailand,bat,T20,2019/20,Hong Kong
2020-03-04,Sri Lanka,West Indies,Pallekele International Cricket Stadium,West Indies,bat,T20,2019/20,West Indies
2020-03-04,Hong Kong,Singapore,Terdthai Cricket Ground,Singapore,bat,T20,2019/20,Singapore
2020-03-04,Thailand,Nepal,Terdthai Cricket Ground,Thailand,bat,T20,2019/20,Nepal
2020-03-06,Afghanistan,Ireland,Greater Noida,,,T20,2020,Afghanistan
2020-03-06,Hong Kong,Malaysia,Terdthai Cricket Ground,Malaysia,bat,T20,2019/20,Hong Kong
2020-03-06,Sri Lanka,West Indies,Pallekele International Cricket Stadium,West Indies,field,T20,2019/20,West Indies
2020-03-08,Afghanistan,Ireland,Greater Noida,,,T20,2020,Afghanistan
2020-03-08,Spain,Germany,Desert Springs Cricket Ground,Spain,field,T20,2019/20,Spain
2020-03-08,Spain,Germany,Desert Springs Cricket Ground,Spain,field,T20,2019/20,Germany
2020-03-09,Bangladesh,Zimbabwe,"Shere Bangla National Stadium, Mirpur",Zimbabwe,field,T20,2019/20,Bangladesh
2020-03-10,Afghanistan,Ireland,Greater Noida,,,T20,2020,No Result
2020-03-11,Bangladesh,Zimbabwe,"Shere Bangla National Stadium, Mirpur",Bangladesh,field,T20,2019/20,Bangladesh
2020-08-21,Isle of Man,Guernsey,College Field,Isle of Man,bat,T20,2020,Guernsey
2020-08-28,England,Pakistan,Old Trafford,Pakistan,field,T20,2020,No Result
2020-08-29,Belgium,Luxembourg,Pierre Werner Cricket Ground,Belgium,bat,T20,2020,Belgium
2020-08-30,Pakistan,England,Old Trafford,England,field,T20,2020,England
2020-08-30,Belgium,Czech Republic,Pierre Werner Cricket Ground,Belgium,bat,T20,2020,Belgium
2020-08-30,Belgium,Luxembourg,Pierre Werner Cricket Ground,Belgium,bat,T20,2020,Belgium
2020-09-01,Pakistan,England,Old Trafford,England,field,T20,2020,Pakistan
2020-09-04,England,Australia,The Rose Bowl,Australia,field,T20,2020,England
2020-09-06,Australia,England,The Rose Bowl,Australia,bat,T20,2020,England
2020-09-08,England,Australia,The Rose Bowl,Australia,field,T20,2020,Australia
2020-10-16,Bulgaria,Romania,Moara Vlasiei Cricket Ground,Bulgaria,bat,T20,2020/21,Bulgaria
2020-10-17,Romania,Bulgaria,Moara Vlasiei Cricket Ground,Romania,bat,T20,2020/21,Romania
2020-10-18,Bulgaria,Romania,Moara Vlasiei Cricket Ground,Bulgaria,bat,T20,2020/21,Romania
2020-11-07,Zimbabwe,Pakistan,Rawalpindi Cricket Stadium,Zimbabwe,bat,T20,2020/21,Pakistan
2020-11-08,Zimbabwe,Pakistan,Rawalpindi Cricket Stadium,Pakistan,field,T20,2020/21,Pakistan
2020-11-10,Zimbabwe,Pakistan,Rawalpindi Cricket Stadium,Zimbabwe,bat,T20,2020/21,Pakistan
2020-11-27,West Indies,New Zealand,Eden Park,New Zealand,field,T20,2020/21,New Zealand
2020-11-27,South Africa,England,Newlands,England,field,T20,2020/21,England
2020-11-29,South Africa,England,Boland Park,England,field,T20,2020/21,England
2020-11-29,New Zealand,West Indies,Bay Oval,West Indies,field,T20,2020/21,New Zealand
2020-11-30,West Indies,New Zealand,Bay Oval,New Zealand,field,T20,2020/21,No Result
2020-12-01,South Africa,England,Newlands,South Africa,bat,T20,2020/21,England
2020-12-04,India,Australia,Manuka Oval,Australia,field,T20,2020/21,India
2020-12-06,Australia,India,Sydney Cricket Ground,India,field,T20,2020/21,India
2020-12-08,Australia,India,Sydney Cricket Ground,India,field,T20,2020/21,Australia
2020-12-18,Pakistan,New Zealand,Eden Park,Pakistan,bat,T20,2020/21,New Zealand
2020-12-20,Pakistan,New Zealand,Seddon Park,Pakistan,bat,T20,2020/21,New Zealand
2020-12-22,New Zealand,Pakistan,McLean Park,Pakistan,field,T20,2020/21,Pakistan
2021-02-11,Pakistan,South Africa,Gaddafi Stadium,South Africa,field,T20,2020/21,Pakistan
2021-02-13,Pakistan,South Africa,Gaddafi Stadium,South Africa,field,T20,2020/21,South Africa
2021-02-14,South Africa,Pakistan,Gaddafi Stadium,Pakistan,field,T20,2020/21,Pakistan
2021-02-22,New Zealand,Australia,Hagley Oval,Australia,field,T20,2020/21,New Zealand
2021-02-25,New Zealand,Australia,University Oval,Australia,field,T20,2020/21,New Zealand
2021-03-03,Australia,New Zealand,Westpac Stadium,New Zealand,field,T20,2020/21,Australia
2021-03-03,Sri Lanka,West Indies,"Coolidge Cricket Ground, Antigua",West Indies,field,T20,2020/21,West Indies
2021-03-05,Sri Lanka,West Indies,"Coolidge Cricket Ground, Antigua",Sri Lanka,bat,T20,2020/21,Sri Lanka
2021-03-05,Australia,New Zealand,Westpac Stadium,Australia,bat,T20,2020/21,Australia
2021-03-07,Australia,New Zealand,Sky Stadium,Australia,bat,T20,2020/21,New Zealand
2021-03-07,Sri Lanka,West Indies,"Coolidge Cricket Ground, Antigua",Sri Lanka,bat,T20,2020/21,West Indies
2021-03-12,India,England,Narendra Modi Stadium,England,field,T20,2020/21,England
2021-03-14,England,India,Narendra Modi Stadium,India,field,T20,2020/21,India
2021-03-16,India,England,Narendra Modi Stadium,England,field,T20,2020/21,England
2021-03-17,Afghanistan,Zimbabwe,Abu Dhabi,,,T20,2021,Afghanistan
2021-03-18,India,England,Narendra Modi Stadium,England,field,T20,2020/21,India
2021-03-19,Afghanistan,Zimbabwe,Abu Dhabi,,,T20,2021,Afghanistan
2021-03-20,Afghanistan,Zimbabwe,Abu Dhabi,,,T20,2021,Afghanistan
2021-03-20,India,England,Narendra Modi Stadium,England,field,T20,2020/21,India
2021-03-28,New Zealand,Bangladesh,Seddon Park,New Zealand,bat,T20,2020/21,New Zealand
2021-03-30,New Zealand,Bangladesh,McLean Park,Bangladesh,field,T20,2020/21,New Zealand
2021-04-01,New Zealand,Bangladesh,Eden Park,Bangladesh,field,T20,2020/21,New Zealand
2021-04-03,Uganda,Namibia,Wanderers,Uganda,bat,T20,2021,Namibia
2021-04-05,Namibia,Uganda,"Wanderers Cricket Ground, Windhoek",Namibia,bat,T20,2021,Namibia
2021-04-05,Namibia,Uganda,"Wanderers Cricket Ground, Windhoek",Namibia,bat,T20,2021,Namibia
2021-04-10,South Africa,Pakistan,"The Wanderers Stadium, Johannesburg",South Africa,bat,T20,2021,Pakistan
2021-04-12,Pakistan,South Africa,"The Wanderers Stadium, Johannesburg",Pakistan,bat,T20,2021,South Africa
2021-04-14,South Africa,Pakistan,"SuperSport Park, Centurion",Pakistan,field,T20,2021,Pakistan
2021-04-16,South Africa,Pakistan,"SuperSport Park, Centurion",Pakistan,field,T20,2021,Pakistan
2021-04-17,Netherlands,Nepal,"Tribhuvan University International Cricket Ground, Kirtipur",Nepal,field,T20,2021,Nepal
2021-04-18,Netherlands,Malaysia,"Tribhuvan University International Cricket Ground, Kirtipur",Netherlands,bat,T20,2021,Netherlands
2021-04-19,Malaysia,Nepal,"Tribhuvan University International Cricket Ground, Kirtipur",Nepal,field,T20,2021,Nepal
2021-04-20,Nepal,Netherlands,"Tribhuvan University International Cricket Ground, Kirtipur",Nepal,bat,T20,2021,Netherlands
2021-04-21,Pakistan,Zimbabwe,Harare Sports Club,Zimbabwe,field,T20,2021,Pakistan
2021-04-21,Netherlands,Malaysia,"Tribhuvan University International Cricket Ground, Kirtipur",Malaysia,field,T20,2021,No Result
2021-04-22,Nepal,Malaysia,"Tribhuvan University International Cricket Ground, Kirtipur",Malaysia,field,T20,2021,Nepal
2021-04-23,Zimbabwe,Pakistan,Harare Sports Club,Pakistan,field,T20,2021,Zimbabwe
2021-04-24,Nepal,Netherlands,"Tribhuvan University International Cricket Ground, Kirtipur",Netherlands,field,T20,2021,Nepal
2021-04-25,Pakistan,Zimbabwe,Harare Sports Club,Pakistan,bat,T20,2021,Pakistan
2021-05-21,Luxembourg,Czech Republic,"Scott Page Field, Vinor",Czech Republic,field,T20,2021,Czech Republic
2021-05-22,Czech Republic,Luxembourg,"Scott Page Field, Vinor",Luxembourg,field,T20,2021,Luxembourg
2021-05-22,Austria,Czech Republic,"Scott Page Field, Vinor",Czech Republic,field,T20,2021,Austria
2021-05-23,Czech Republic,Austria,"Scott Page Field, Vinor",Czech Republic,bat,T20,2021,Austria
2021-05-23,Austria,Luxembourg,"Scott Page Field, Vinor",Austria,bat,T20,2021,Luxembourg
2021-06-23,Sri Lanka,England,"Sophia Gardens, Cardiff",Sri Lanka,bat,T20,2021,England
2021-06-24,Sri Lanka,England,"Sophia Gardens, Cardiff",Sri Lanka,bat,T20,2021,England
2021-06-24,Greece,Romania,"National Sports Academy, Sofia",Greece,bat,T20,2021,Romania
2021-06-25,Bulgaria,Romania,"National Sports Academy, Sofia",Bulgaria,bat,T20,2021,Romania
2021-06-25,Serbia,Greece,"National Sports Academy, Sofia",Greece,field,T20,2021,Greece
2021-06-25,Romania,Serbia,"National Sports Academy, Sofia",Romania,bat,T20,2021,Romania
2021-06-26,Serbia,Romania,"National Sports Academy, Sofia",Serbia,bat,T20,2021,Romania
2021-06-26,Bulgaria,Greece,"National Sports Academy, Sofia",Greece,field,T20,2021,No Result
2021-06-26,England,Sri Lanka,"The Rose Bowl, Southampton",Sri Lanka,field,T20,2021,England
2021-06-26,South Africa,West Indies,"National Cricket Stadium, St George's, Grenada",West Indies,field,T20,2021,West Indies
2021-06-27,South Africa,West Indies,"National Cricket Stadium, St George's, Grenada",West Indies,field,T20,2021,South Africa
2021-06-29,South Africa,West Indies,"National Cricket Stadium, St George's, Grenada",West Indies,field,T20,2021,South Africa
2021-07-01,West Indies,South Africa,"National Cricket Stadium, St George's, Grenada",South Africa,field,T20,2021,West Indies
2021-07-03,South Africa,West Indies,"National Cricket Stadium, St George's, Grenada",South Africa,bat,T20,2021,South Africa
2021-07-08,Belgium,Malta,Marsa Sports Club,Belgium,bat,T20,2021,Malta
2021-07-08,Malta,Belgium,Marsa Sports Club,Malta,bat,T20,2021,Belgium
2021-07-09,West Indies,Australia,"Daren Sammy National Cricket Stadium, Gros Islet, St Lucia",Australia,field,T20,2021,West Indies
2021-07-09,Malta,Belgium,Marsa Sports Club,Belgium,field,T20,2021,Belgium
2021-07-10,Belgium,Malta,Marsa Sports Club,Belgium,bat,T20,2021,Belgium
2021-07-10,Belgium,Malta,Marsa Sports Club,Belgium,bat,T20,2021,Malta
2021-07-10,West Indies,Australia,"Daren Sammy National Cricket Stadium, Gros Islet, St Lucia",Australia,field,T20,2021,West Indies
2021-07-12,Australia,West Indies,"Daren Sammy National Cricket Stadium, Gros Islet, St Lucia",Australia,bat,T20,2021,West Indies
2021-07-14,Australia,West Indies,"Daren Sammy National Cricket Stadium, Gros Islet, St Lucia",Australia,bat,T20,2021,Australia
2021-07-16,Pakistan,England,"Trent Bridge, Nottingham",England,field,T20,2021,Pakistan
2021-07-16,West Indies,Australia,"Daren Sammy National Cricket Stadium, Gros Islet, St Lucia",West Indies,bat,T20,2021,West Indies
2021-07-18,England,Pakistan,"Headingley, Leeds",Pakistan,field,T20,2021,England
2021-07-19,South Africa,Ireland,"The Village, Malahide, Dublin",Ireland,field,T20,2021,South Africa
2021-07-20,Pakistan,England,"Old Trafford, Manchester",Pakistan,bat,T20,2021,England
2021-07-22,Zimbabwe,Bangladesh,Harare Sports Club,Zimbabwe,bat,T20,2021,Bangladesh
2021-07-22,South Africa,Ireland,"Civil Service Cricket Club, Stormont, Belfast",South Africa,bat,T20,2021,South Africa
2021-07-23,Zimbabwe,Bangladesh,Harare Sports Club,Zimbabwe,bat,T20,2021,Zimbabwe
2021-07-24,South Africa,Ireland,"Civil Service Cricket Club, Stormont, Belfast",South Africa,bat,T20,2021,South Africa
2021-07-25,India,Sri Lanka,"R Premadasa Stadium, Colombo",Sri Lanka,field,T20,2021,India
2021-07-25,Zimbabwe,Bangladesh,Harare Sports Club,Zimbabwe,bat,T20,2021,Bangladesh
2021-07-28,India,Sri Lanka,"R Premadasa Stadium, Colombo",Sri Lanka,field,T20,2021,Sri Lanka
2021-07-28,West Indies,Pakistan,"Kensington Oval, Bridgetown, Barbados",Pakistan,field,T20,2021,No Result
2021-07-29,India,Sri Lanka,"R Premadasa Stadium, Colombo",India,bat,T20,2021,Sri Lanka
2021-07-31,Pakistan,West Indies,"Providence Stadium, Guyana",West Indies,field,T20,2021,Pakistan
2021-08-01,West Indies,Pakistan,"Providence Stadium, Guyana",West Indies,bat,T20,2021,No Result
2021-08-03,Bangladesh,Australia,"Shere Bangla National Stadium, Mirpur",Australia,field,T20,2021,Bangladesh
2021-08-03,West Indies,Pakistan,"Providence Stadium, Guyana",Pakistan,field,T20,2021,No Result
2021-08-04,Australia,Bangladesh,"Shere Bangla National Stadium, Mirpur",Australia,bat,T20,2021,Bangladesh
2021-08-05,Norway,Germany,Bayer Uerdingen Cricket Ground,Germany,field,T20,2021,Germany
2021-08-05,Norway,France,Bayer Uerdingen Cricket Ground,France,field,T20,2021,France
2021-08-06,Bangladesh,Australia,"Shere Bangla National Stadium, Mirpur",Bangladesh,bat,T20,2021,Bangladesh
2021-08-06,France,Germany,Bayer Uerdingen Cricket Ground,Germany,field,T20,2021,Germany
2021-08-07,Germany,France,Bayer Uerdingen Cricket Ground,France,field,T20,2021,Germany
2021-08-07,Norway,France,Bayer Uerdingen Cricket Ground,France,field,T20,2021,Norway
2021-08-07,Bangladesh,Australia,"Shere Bangla National Stadium, Mirpur",Bangladesh,bat,T20,2021,Australia
2021-08-08,Norway,Germany,Bayer Uerdingen Cricket Ground,Norway,bat,T20,2021,Germany
2021-08-08,Norway,Germany,Bayer Uerdingen Cricket Ground,Germany,field,T20,2021,Norway
2021-08-09,Bangladesh,Australia,"Shere Bangla National Stadium, Mirpur",Bangladesh,bat,T20,2021,Bangladesh
2021-08-14,Denmark,Sweden,"Svanholm Park, Brondby",Sweden,field,T20,2021,Sweden
2021-08-15,Sweden,Denmark,"Svanholm Park, Brondby",Denmark,field,T20,2021,Denmark
2021-08-18,Ghana,Rwanda,Gahanga International Cricket Stadium. Rwanda,Ghana,bat,T20,2021,Rwanda
2021-08-20,Rwanda,Ghana,Gahanga International Cricket Stadium. Rwanda,Ghana,field,T20,2021,Rwanda
2021-08-20,Gibraltar,Malta,Gucherre Cricket Ground,Malta,field,T20,2021,Malta
2021-08-20,Ghana,Rwanda,Gahanga International Cricket Stadium. Rwanda,Ghana,bat,T20,2021,Ghana
2021-08-21,Malta,Gibraltar,Gucherre Cricket Ground,Gibraltar,field,T20,2021,Malta
2021-08-21,Rwanda,Ghana,Gahanga International Cricket Stadium. Rwanda,Rwanda,bat,T20,2021,Ghana
2021-08-21,Sweden,Finland,Kerava National Cricket Ground,Sweden,bat,T20,2021,Finland
2021-08-21,Sweden,Finland,Kerava National Cricket Ground,Sweden,bat,T20,2021,Finland
2021-08-22,Finland,Sweden,Kerava National Cricket Ground,Sweden,field,T20,2021,Sweden
2021-08-22,Portugal,Gibraltar,Gucherre Cricket Ground,Gibraltar,field,T20,2021,Portugal
2021-08-22,Finland,Sweden,Kerava National Cricket Ground,Sweden,field,T20,2021,Sweden
2021-08-27,Zimbabwe,Ireland,"Castle Avenue, Dublin",Ireland,field,T20,2021,Zimbabwe
2021-08-29,Zimbabwe,Ireland,"Castle Avenue, Dublin",Zimbabwe,bat,T20,2021,Ireland
2021-09-01,Ireland,Zimbabwe,"Bready Cricket Club, Magheramason, Bready",Zimbabwe,field,T20,2021,Ireland
2021-09-01,New Zealand,Bangladesh,"Shere Bangla National Stadium, Mirpur",New Zealand,bat,T20,2021,Bangladesh
2021-09-02,Ireland,Zimbabwe,"Bready Cricket Club, Magheramason, Bready",Zimbabwe,field,T20,2021,Ireland
2021-09-02,Luxembourg,Bulgaria,"Moara Vlasiei Cricket Ground, Ilfov County",Bulgaria,field,T20,2021,Luxembourg
2021-09-02,Hungary,Czech Republic,"Moara Vlasiei Cricket Ground, Ilfov County",Czech Republic,field,T20,2021,Hungary
2021-09-03,Bulgaria,Malta,"Moara Vlasiei Cricket Ground, Ilfov County",Bulgaria,bat,T20,2021,Malta
2021-09-03,Romania,Czech Republic,"Moara Vlasiei Cricket Ground, Ilfov County",Romania,bat,T20,2021,Romania
2021-09-03,Bangladesh,New Zealand,"Shere Bangla National Stadium, Mirpur",Bangladesh,bat,T20,2021,Bangladesh
2021-09-03,Romania,Hungary,"Moara Vlasiei Cricket Ground, Ilfov County",Romania,bat,T20,2021,Romania
2021-09-04,Luxembourg,Hungary,"Moara Vlasiei Cricket Ground, Ilfov County",Hungary,field,T20,2021,Luxembourg
2021-09-04,Romania,Malta,"Moara Vlasiei Cricket Ground, Ilfov County",Malta,field,T20,2021,Romania
2021-09-04,Zimbabwe,Ireland,"Bready Cricket Club, Magheramason, Bready",Zimbabwe,bat,T20,2021,Zimbabwe
2021-09-05,New Zealand,Bangladesh,"Shere Bangla National Stadium, Mirpur",New Zealand,bat,T20,2021,New Zealand
2021-09-05,Romania,Luxembourg,"Moara Vlasiei Cricket Ground, Ilfov County",Romania,bat,T20,2021,Romania
2021-09-05,Malta,Hungary,"Moara Vlasiei Cricket Ground, Ilfov County",Hungary,field,T20,2021,Hungary
2021-09-08,New Zealand,Bangladesh,"Shere Bangla National Stadium, Mirpur",New Zealand,bat,T20,2021,Bangladesh
2021-09-10,New Zealand,Bangladesh,"Shere Bangla National Stadium, Mirpur",New Zealand,bat,T20,2021,New Zealand
2021-09-10,Spain,Germany,"Desert Springs Cricket Ground, Almeria",Germany,field,T20,2021,Germany
2021-09-10,Kenya,Uganda,Entebbe Cricket Oval,Kenya,bat,T20,2021,Kenya
2021-09-10,South Africa,Sri Lanka,"R Premadasa Stadium, Colombo",South Africa,bat,T20,2021,South Africa
2021-09-11,Germany,Spain,"Desert Springs Cricket Ground, Almeria",Spain,field,T20,2021,Spain
2021-09-11,Nigeria,Kenya,Entebbe Cricket Oval,Nigeria,bat,T20,2021,Kenya
2021-09-11,Uganda,Nigeria,Entebbe Cricket Oval,Uganda,bat,T20,2021,Uganda
2021-09-11,Germany,Spain,"Desert Springs Cricket Ground, Almeria",Germany,bat,T20,2021,Spain
2021-09-12,Sri Lanka,South Africa,"R Premadasa Stadium, Colombo",Sri Lanka,bat,T20,2021,South Africa
2021-09-13,Kenya,Nigeria,Entebbe Cricket Oval,Kenya,bat,T20,2021,Kenya
2021-09-13,Nigeria,Uganda,Entebbe Cricket Oval,Nigeria,bat,T20,2021,Uganda
2021-09-14,Sri Lanka,South Africa,"R Premadasa Stadium, Colombo",Sri Lanka,bat,T20,2021,South Africa
2021-09-15,Uganda,Nigeria,Entebbe Cricket Oval,Uganda,bat,T20,2021,Uganda
2021-09-15,Scotland,Zimbabwe,"Grange Cricket Club Ground, Raeburn Place, Edinburgh",Scotland,bat,T20,2021,Scotland
2021-09-16,Nigeria,Kenya,Entebbe Cricket Oval,Nigeria,bat,T20,2021,Nigeria
2021-09-17,Zimbabwe,Scotland,"Grange Cricket Club Ground, Raeburn Place, Edinburgh",Zimbabwe,bat,T20,2021,Zimbabwe
2021-09-17,Uganda,Kenya,Entebbe Cricket Oval,Uganda,bat,T20,2021,Uganda
2021-09-19,Scotland,Zimbabwe,"Grange Cricket Club Ground, Raeburn Place, Edinburgh",Scotland,bat,T20,2021,Zimbabwe
2021-10-05,Estonia,Cyprus,Happy Valley Ground,Estonia,bat,T20,2021/22,Cyprus
2021-10-05,Estonia,Cyprus,Happy Valley Ground,Cyprus,field,T20,2021/22,Cyprus
2021-10-06,Cyprus,Isle of Man,Happy Valley Ground,Cyprus,bat,T20,2021/22,Isle of Man
2021-10-06,Estonia,Isle of Man,Happy Valley Ground,Estonia,bat,T20,2021/22,Isle of Man
2021-10-07,Cyprus,Isle of Man,Happy Valley Ground,Isle of Man,field,T20,2021/22,Isle of Man
2021-10-07,United Arab Emirates,Ireland,"ICC Academy, Dubai",United Arab Emirates,bat,T20,2021/22,Ireland
2021-10-08,Cyprus,Estonia,Happy Valley Ground,Cyprus,bat,T20,2021/22,Cyprus
2021-10-08,Estonia,Isle of Man,Happy Valley Ground,Isle of Man,field,T20,2021/22,Isle of Man
2021-10-08,United Arab Emirates,Ireland,"ICC Academy, Dubai",Ireland,field,T20,2021/22,United Arab Emirates
2021-10-08,Papua New Guinea,Scotland,"ICC Academy, Dubai",Papua New Guinea,bat,T20,2021/22,Scotland
2021-10-09,Scotland,Namibia,"ICC Academy, Dubai",Namibia,field,T20,2021/22,Namibia
2021-10-10,Ireland,United Arab Emirates,"ICC Academy, Dubai",United Arab Emirates,field,T20,2021/22,United Arab Emirates
2021-10-10,Namibia,Papua New Guinea,"ICC Academy, Dubai",Papua New Guinea,field,T20,2021/22,Namibia
2021-10-15,Jersey,Germany,"Desert Springs Cricket Ground, Almeria",Germany,field,T20,2021/22,Jersey
2021-10-15,Denmark,Italy,"Desert Springs Cricket Ground, Almeria",Denmark,bat,T20,2021/22,Italy
2021-10-16,Seychelles,Ghana,Gahanga International Cricket Stadium. Rwanda,Seychelles,bat,T20,2021/22,Ghana
2021-10-16,Malawi,Uganda,Integrated Polytechnic Regional Centre,Malawi,bat,T20,2021/22,Uganda
2021-10-16,Denmark,Germany,"Desert Springs Cricket Ground, Almeria",Denmark,bat,T20,2021/22,Germany
2021-10-16,Jersey,Italy,"Desert Springs Cricket Ground, Almeria",Jersey,bat,T20,2021/22,Jersey
2021-10-16,Rwanda,Ghana,Gahanga International Cricket Stadium. Rwanda,Ghana,field,T20,2021/22,Ghana
2021-10-17,Scotland,Bangladesh,Al Amerat Cricket Ground Oman Cricket (Ministry Turf 1),Bangladesh,field,T20,2021/22,Scotland
2021-10-17,Lesotho,Seychelles,Gahanga International Cricket Stadium. Rwanda,Seychelles,field,T20,2021/22,Seychelles
2021-10-17,Jersey,Denmark,"Desert Springs Cricket Ground, Almeria",Denmark,field,T20,2021/22,Jersey
2021-10-17,Italy,Germany,"Desert Springs Cricket Ground, Almeria",Italy,bat,T20,2021/22,Germany
2021-10-17,Swaziland,Malawi,Integrated Polytechnic Regional Centre,Malawi,field,T20,2021/22,Malawi
2021-10-17,Papua New Guinea,Oman,Al Amerat Cricket Ground Oman Cricket (Ministry Turf 1),Oman,field,T20,2021/22,Oman
2021-10-17,Uganda,Rwanda,Integrated Polytechnic Regional Centre,Uganda,bat,T20,2021/22,Uganda
2021-10-18,Namibia,Sri Lanka,"Zayed Cricket Stadium, Abu Dhabi",Sri Lanka,field,T20,2021/22,Sri Lanka
2021-10-18,Netherlands,Ireland,"Zayed Cricket Stadium, Abu Dhabi",Netherlands,bat,T20,2021/22,Ireland
2021-10-19,Scotland,Papua New Guinea,Al Amerat Cricket Ground Oman Cricket (Ministry Turf 1),Scotland,bat,T20,2021/22,Scotland
2021-10-19,Bangladesh,Oman,Al Amerat Cricket Ground Oman Cricket (Ministry Turf 1),Bangladesh,bat,T20,2021/22,Bangladesh
2021-10-19,Swaziland,Uganda,Integrated Polytechnic Regional Centre,Swaziland,bat,T20,2021/22,Uganda
2021-10-19,Lesotho,Uganda,Integrated Polytechnic Regional Centre,Lesotho,bat,T20,2021/22,Uganda
2021-10-19,Malawi,Ghana,Gahanga International Cricket Stadium. Rwanda,Ghana,field,T20,2021/22,Ghana
2021-10-19,Italy,Denmark,"Desert Springs Cricket Ground, Almeria",Denmark,field,T20,2021/22,Italy
2021-10-19,Nigeria,Sierra Leone,University of Lagos Cricket Oval,Sierra Leone,field,T20,2021/22,Sierra Leone
2021-10-19,Germany,Jersey,"Desert Springs Cricket Ground, Almeria",Germany,bat,T20,2021/22,Jersey
2021-10-20,Malawi,Seychelles,Gahanga International Cricket Stadium. Rwanda,Malawi,bat,T20,2021/22,Malawi
2021-10-20,Swaziland,Ghana,Integrated Polytechnic Regional Centre,Ghana,field,T20,2021/22,Ghana
2021-10-20,Rwanda,Lesotho,Integrated Polytechnic Regional Centre,Rwanda,bat,T20,2021/22,Rwanda
2021-10-20,Swaziland,Seychelles,Gahanga International Cricket Stadium. Rwanda,Swaziland,bat,T20,2021/22,Seychelles
2021-10-20,Germany,Denmark,"Desert Springs Cricket Ground, Almeria",Denmark,field,T20,2021/22,Germany
2021-10-20,Italy,Jersey,"Desert Springs Cricket Ground, Almeria",Jersey,field,T20,2021/22,Jersey
2021-10-20,Netherlands,Namibia,"Zayed Cricket Stadium, Abu Dhabi",Namibia,field,T20,2021/22,Namibia
2021-10-20,Sri Lanka,Ireland,"Zayed Cricket Stadium, Abu Dhabi",Ireland,field,T20,2021/22,Sri Lanka
2021-10-21,Denmark,Jersey,"Desert Springs Cricket Ground, Almeria",Denmark,bat,T20,2021/22,Jersey
2021-10-21,Nigeria,Sierra Leone,University of Lagos Cricket Oval,Sierra Leone,field,T20,2021/22,Nigeria
2021-10-21,Italy,Germany,"Desert Springs Cricket Ground, Almeria",Germany,field,T20,2021/22,Italy
2021-10-21,Bangladesh,Papua New Guinea,Al Amerat Cricket Ground Oman Cricket (Ministry Turf 1),Bangladesh,bat,T20,2021/22,Bangladesh
2021-10-21,Uganda,Ghana,Gahanga International Cricket Stadium. Rwanda,Ghana,field,T20,2021/22,Uganda
2021-10-21,Malta,Gibraltar,Marsa Sports Club,Malta,bat,T20,2021/22,Malta
2021-10-21,Oman,Scotland,Al Amerat Cricket Ground Oman Cricket (Ministry Turf 1),Oman,bat,T20,2021/22,Scotland
2021-10-22,Gibraltar,Switzerland,Marsa Sports Club,Gibraltar,bat,T20,2021/22,Switzerland
2021-10-22,Uganda,Seychelles,Integrated Polytechnic Regional Centre,Uganda,bat,T20,2021/22,Uganda
2021-10-22,Malawi,Rwanda,Gahanga International Cricket Stadium. Rwanda,Malawi,bat,T20,2021/22,Malawi
2021-10-22,Swaziland,Rwanda,Gahanga International Cricket Stadium. Rwanda,Swaziland,bat,T20,2021/22,Rwanda
2021-10-22,Ireland,Namibia,Sharjah Cricket Stadium,Ireland,bat,T20,2021/22,Namibia
2021-10-22,Bulgaria,Switzerland,Marsa Sports Club,Bulgaria,bat,T20,2021/22,Switzerland
2021-10-22,Netherlands,Sri Lanka,Sharjah Cricket Stadium,Sri Lanka,field,T20,2021/22,Sri Lanka
2021-10-23,Switzerland,Malta,Marsa Sports Club,Switzerland,bat,T20,2021/22,Switzerland
2021-10-23,West Indies,England,Dubai International Cricket Stadium,England,field,T20,2021/22,England
2021-10-23,Sierra Leone,Nigeria,University of Lagos Cricket Oval,Sierra Leone,bat,T20,2021/22,Nigeria
2021-10-23,Maldives,Saudi Arabia,"West End Park International Cricket Stadium, Doha",Maldives,bat,T20,2021/22,Saudi Arabia
2021-10-23,South Africa,Australia,"Zayed Cricket Stadium, Abu Dhabi",Australia,field,T20,2021/22,Australia
2021-10-24,Gibraltar,Bulgaria,Marsa Sports Club,Gibraltar,bat,T20,2021/22,Bulgaria
2021-10-24,Malta,Switzerland,Marsa Sports Club,Malta,bat,T20,2021/22,Malta
2021-10-24,India,Pakistan,Dubai International Cricket Stadium,Pakistan,field,T20,2021/22,Pakistan
2021-10-24,Nigeria,Sierra Leone,University of Lagos Cricket Oval,Nigeria,bat,T20,2021/22,Nigeria
2021-10-24,Bahrain,Kuwait,"West End Park International Cricket Stadium, Doha",Kuwait,field,T20,2021/22,Kuwait
2021-10-24,Qatar,Maldives,"West End Park International Cricket Stadium, Doha",Maldives,field,T20,2021/22,Qatar
2021-10-24,Bangladesh,Sri Lanka,Sharjah Cricket Stadium,Sri Lanka,field,T20,2021/22,Sri Lanka
2021-10-25,Afghanistan,Scotland,Sharjah,,,T20,2021,Afghanistan
2021-10-26,West Indies,South Africa,Dubai International Cricket Stadium,South Africa,field,T20,2021/22,South Africa
2021-10-26,New Zealand,Pakistan,Sharjah Cricket Stadium,Pakistan,field,T20,2021/22,Pakistan
2021-10-26,Nigeria,Sierra Leone,University of Lagos Cricket Oval,Nigeria,bat,T20,2021/22,Nigeria
2021-10-27,Bangladesh,England,"Zayed Cricket Stadium, Abu Dhabi",Bangladesh,bat,T20,2021/22,England
2021-10-27,Scotland,Namibia,"Zayed Cricket Stadium, Abu Dhabi",Namibia,field,T20,2021/22,Namibia
2021-10-27,Maldives,Bahrain,"West End Park International Cricket Stadium, Doha",Bahrain,field,T20,2021/22,Bahrain
2021-10-28,Bahrain,Saudi Arabia,"West End Park International Cricket Stadium, Doha",Saudi Arabia,field,T20,2021/22,Bahrain
2021-10-28,Sri Lanka,Australia,Dubai International Cricket Stadium,Australia,field,T20,2021/22,Australia
2021-10-28,Maldives,Kuwait,"West End Park International Cricket Stadium, Doha",Kuwait,field,T20,2021/22,Kuwait
2021-10-29,West Indies,Bangladesh,Sharjah Cricket Stadium,Bangladesh,field,T20,2021/22,West Indies
2021-10-29,Kuwait,Qatar,"West End Park International Cricket Stadium, Doha",Kuwait,bat,T20,2021/22,Qatar
2021-10-29,Afghanistan,Pakistan,Dubai (DSC),,,T20,2021,Pakistan
2021-10-30,Sri Lanka,South Africa,Sharjah Cricket Stadium,South Africa,field,T20,2021/22,South Africa
2021-10-30,Australia,England,Dubai International Cricket Stadium,England,field,T20,2021/22,England
2021-10-31,India,New Zealand,Dubai International Cricket Stadium,New Zealand,field,T20,2021/22,New Zealand
2021-10-31,Afghanistan,Namibia,Abu Dhabi,,,T20,2021,Afghanistan
2021-11-01,England,Sri Lanka,Sharjah Cricket Stadium,Sri Lanka,field,T20,2021/22,England
2021-11-02,Bangladesh,South Africa,"Zayed Cricket Stadium, Abu Dhabi",South Africa,field,T20,2021/22,South Africa
2021-11-02,Botswana,Sierra Leone,Gahanga International Cricket Stadium. Rwanda,Botswana,bat,T20,2021/22,Botswana
2021-11-02,Pakistan,Namibia,"Zayed Cricket Stadium, Abu Dhabi",Pakistan,bat,T20,2021/22,Pakistan
2021-11-02,Tanzania,Mozambique,Gahanga International Cricket Stadium. Rwanda,Tanzania,bat,T20,2021/22,Tanzania
2021-11-03,Sierra Leone,Tanzania,Gahanga International Cricket Stadium. Rwanda,Sierra Leone,bat,T20,2021/22,Tanzania
2021-11-03,Mozambique,Cameroon,Gahanga International Cricket Stadium. Rwanda,Cameroon,field,T20,2021/22,Mozambique
2021-11-03,New Zealand,Scotland,Dubai International Cricket Stadium,Scotland,field,T20,2021/22,New Zealand
2021-11-03,Afghanistan,India,Abu Dhabi,,,T20,2021,India
2021-11-04,Sri Lanka,West Indies,"Zayed Cricket Stadium, Abu Dhabi",West Indies,field,T20,2021/22,Sri Lanka
2021-11-04,Bangladesh,Australia,Dubai International Cricket Stadium,Australia,field,T20,2021/22,Australia
2021-11-05,New Zealand,Namibia,Sharjah Cricket Stadium,Namibia,field,T20,2021/22,New Zealand
2021-11-05,Cameroon,Botswana,Gahanga International Cricket Stadium. Rwanda,Cameroon,bat,T20,2021/22,Botswana
2021-11-05,Mozambique,Sierra Leone,Gahanga International Cricket Stadium. Rwanda,Mozambique,bat,T20,2021/22,Sierra Leone
2021-11-05,Scotland,India,Dubai International Cricket Stadium,India,field,T20,2021/22,India
2021-11-06,Tanzania,Cameroon,Gahanga International Cricket Stadium. Rwanda,Tanzania,bat,T20,2021/22,Tanzania
2021-11-06,West Indies,Australia,"Zayed Cricket Stadium, Abu Dhabi",Australia,field,T20,2021/22,Australia
2021-11-06,South Africa,England,Sharjah Cricket Stadium,England,field,T20,2021/22,South Africa
2021-11-06,Botswana,Mozambique,Gahanga International Cricket Stadium. Rwanda,Botswana,bat,T20,2021/22,Botswana
2021-11-07,Belize,United States of America,"Coolidge Cricket Ground, Antigua",United States of America,field,T20,2021/22,United States of America
2021-11-07,Pakistan,Scotland,Sharjah Cricket Stadium,Pakistan,bat,T20,2021/22,Pakistan
2021-11-07,Cameroon,Sierra Leone,Gahanga International Cricket Stadium. Rwanda,Cameroon,bat,T20,2021/22,Sierra Leone
2021-11-07,Afghanistan,New Zealand,Abu Dhabi,,,T20,2021,New Zealand
2021-11-07,Tanzania,Botswana,Gahanga International Cricket Stadium. Rwanda,Tanzania,bat,T20,2021/22,Tanzania
2021-11-08,Namibia,India,Dubai International Cricket Stadium,India,field,T20,2021/22,India
2021-11-08,Canada,Belize,"Coolidge Cricket Ground, Antigua",Canada,bat,T20,2021/22,Canada
2021-11-08,Bahamas,Argentina,"Sir Vivian Richards Stadium, North Sound, Antigua",Bahamas,bat,T20,2021/22,Bahamas
2021-11-08,Belize,Panama,"Coolidge Cricket Ground, Antigua",Belize,bat,T20,2021/22,Belize
2021-11-08,United States of America,Bermuda,"Sir Vivian Richards Stadium, North Sound, Antigua",United States of America,bat,T20,2021/22,United States of America
2021-11-10,Bermuda,Bahamas,"Coolidge Cricket Ground, Antigua",Bahamas,field,T20,2021/22,Bermuda
2021-11-10,Argentina,Belize,"Sir Vivian Richards Stadium, North Sound, Antigua",Argentina,bat,T20,2021/22,Argentina
2021-11-10,Canada,United States of America,"Coolidge Cricket Ground, Antigua",Canada,bat,T20,2021/22,No Result
2021-11-10,England,New Zealand,"Zayed Cricket Stadium, Abu Dhabi",New Zealand,field,T20,2021/22,New Zealand
2021-11-11,Argentina,United States of America,"Sir Vivian Richards Stadium, North Sound, Antigua",Argentina,bat,T20,2021/22,United States of America
2021-11-11,Pakistan,Australia,Dubai International Cricket Stadium,Australia,field,T20,2021/22,Australia
2021-11-13,Panama,Bahamas,"Coolidge Cricket Ground, Antigua",Bahamas,field,T20,2021/22,Panama
2021-11-13,Argentina,Canada,"Sir Vivian Richards Stadium, North Sound, Antigua",Argentina,bat,T20,2021/22,Canada
2021-11-13,Belize,Bermuda,"Sir Vivian Richards Stadium, North Sound, Antigua",Belize,bat,T20,2021/22,Bermuda
2021-11-13,Bahamas,United States of America,"Coolidge Cricket Ground, Antigua",Bahamas,bat,T20,2021/22,United States of America
2021-11-14,Canada,Panama,"Coolidge Cricket Ground, Antigua",Canada,bat,T20,2021/22,Canada
2021-11-14,New Zealand,Australia,Dubai International Cricket Stadium,Australia,field,T20,2021/22,Australia
2021-11-17,Uganda,Nigeria,Gahanga International Cricket Stadium. Rwanda,Uganda,bat,T20,2021/22,Uganda
2021-11-17,Nigeria,Tanzania,Gahanga International Cricket Stadium. Rwanda,Nigeria,bat,T20,2021/22,Tanzania
2021-11-17,New Zealand,India,"Sawai Mansingh Stadium, Jaipur",India,field,T20,2021/22,India
2021-11-17,Tanzania,Kenya,Integrated Polytechnic Regional Centre,Tanzania,bat,T20,2021/22,Tanzania
2021-11-17,Kenya,Uganda,Integrated Polytechnic Regional Centre,Kenya,bat,T20,2021/22,Kenya
2021-11-18,Tanzania,Kenya,Gahanga International Cricket Stadium. Rwanda,Tanzania,bat,T20,2021/22,Kenya
2021-11-18,Nigeria,Uganda,Integrated Polytechnic Regional Centre,Uganda,field,T20,2021/22,Uganda
2021-11-18,Nigeria,Kenya,Integrated Polytechnic Regional Centre,Nigeria,bat,T20,2021/22,Kenya
2021-11-18,Tanzania,Uganda,Gahanga International Cricket Stadium. Rwanda,Tanzania,bat,T20,2021/22,Uganda
2021-11-19,Bangladesh,Pakistan,"Shere Bangla National Stadium, Mirpur",Bangladesh,bat,T20,2021/22,Pakistan
2021-11-19,New Zealand,India,"JSCA International Stadium Complex, Ranchi",India,field,T20,2021/22,India
2021-11-20,Tanzania,Nigeria,Integrated Polytechnic Regional Centre,Tanzania,bat,T20,2021/22,Tanzania
2021-11-20,Kenya,Uganda,Gahanga International Cricket Stadium. Rwanda,Kenya,bat,T20,2021/22,Uganda
2021-11-20,Bangladesh,Pakistan,"Shere Bangla National Stadium, Mirpur",Bangladesh,bat,T20,2021/22,Pakistan
2021-11-20,Tanzania,Uganda,Gahanga International Cricket Stadium. Rwanda,Uganda,field,T20,2021/22,Uganda
2021-11-20,Kenya,Nigeria,Integrated Polytechnic Regional Centre,Nigeria,field,T20,2021/22,Kenya
2021-11-21,India,New Zealand,"Eden Gardens, Kolkata",India,bat,T20,2021/22,India
2021-11-22,Bangladesh,Pakistan,"Shere Bangla National Stadium, Mirpur",Bangladesh,bat,T20,2021/22,Pakistan
2021-12-13,Pakistan,West Indies,"National Stadium, Karachi",West Indies,field,T20,2021/22,Pakistan
2021-12-14,Pakistan,West Indies,"National Stadium, Karachi",Pakistan,bat,T20,2021/22,Pakistan
2021-12-16,West Indies,Pakistan,"National Stadium, Karachi",West Indies,bat,T20,2021/22,Pakistan
2021-12-22,United States of America,Ireland,"Central Broward Regional Park Stadium Turf Ground, Lauderhill",United States of America,bat,T20,2021/22,United States of America
2021-12-23,Ireland,United States of America,"Central Broward Regional Park Stadium Turf Ground, Lauderhill",United States of America,field,T20,2021/22,Ireland
2022-01-22,England,West Indies,"Kensington Oval, Bridgetown, Barbados",West Indies,field,T20,2021/22,West Indies
2022-01-23,England,West Indies,"Kensington Oval, Bridgetown, Barbados",West Indies,field,T20,2021/22,England
2022-01-26,West Indies,England,"Kensington Oval, Bridgetown, Barbados",England,field,T20,2021/22,West Indies
2022-01-29,England,West Indies,"Kensington Oval, Bridgetown, Barbados",West Indies,field,T20,2021/22,England
2022-01-30,West Indies,England,"Kensington Oval, Bridgetown, Barbados",West Indies,bat,T20,2021/22,West Indies
2022-02-11,Oman,Nepal,Al Amerat Cricket Ground Oman Cricket (Ministry Turf 1),Nepal,field,T20,2021/22,Nepal
2022-02-11,Australia,Sri Lanka,Sydney Cricket Ground,Sri Lanka,field,T20,2021/22,Australia
2022-02-12,United Arab Emirates,Nepal,Al Amerat Cricket Ground Oman Cricket (Ministry Turf 1),Nepal,field,T20,2021/22,United Arab Emirates
2022-02-12,Oman,Ireland,Al Amerat Cricket Ground Oman Cricket (Ministry Turf 1),Ireland,field,T20,2021/22,Ireland
2022-02-13,Australia,Sri Lanka,Sydney Cricket Ground,Sri Lanka,field,T20,2021/22,No Result
2022-02-13,United Arab Emirates,Ireland,Al Amerat Cricket Ground Oman Cricket (Ministry Turf 1),Ireland,field,T20,2021/22,United Arab Emirates
2022-02-14,Ireland,Nepal,Al Amerat Cricket Ground Oman Cricket (Ministry Turf 1),Nepal,field,T20,2021/22,Ireland
2022-02-14,United Arab Emirates,Oman,Al Amerat Cricket Ground Oman Cricket (Ministry Turf 1),Oman,field,T20,2021/22,Oman
2022-02-15,Sri Lanka,Australia,"Manuka Oval, Canberra",Australia,field,T20,2021/22,Australia
2022-02-16,West Indies,India,"Eden Gardens, Kolkata",India,field,T20,2021/22,India
2022-02-18,India,West Indies,"Eden Gardens, Kolkata",West Indies,field,T20,2021/22,India
2022-02-18,United Arab Emirates,Ireland,Al Amerat Cricket Ground Oman Cricket (Ministry Turf 1),United Arab Emirates,bat,T20,2021/22,United Arab Emirates
2022-02-18,Canada,Philippines,Al Amerat Cricket Ground Oman Cricket (Ministry Turf 2),Philippines,field,T20,2021/22,Canada
2022-02-18,Nepal,Oman,Al Amerat Cricket Ground Oman Cricket (Ministry Turf 1),Oman,field,T20,2021/22,Nepal
2022-02-18,Sri Lanka,Australia,Melbourne Cricket Ground,Australia,field,T20,2021/22,Australia
2022-02-18,Germany,Bahrain,Al Amerat Cricket Ground Oman Cricket (Ministry Turf 2),Bahrain,field,T20,2021/22,Bahrain
2022-02-19,Ireland,Bahrain,Al Amerat Cricket Ground Oman Cricket (Ministry Turf 2),Ireland,bat,T20,2021/22,Ireland
2022-02-19,Nepal,Philippines,Al Amerat Cricket Ground Oman Cricket (Ministry Turf 2),Philippines,field,T20,2021/22,Nepal
2022-02-19,Canada,Oman,Al Amerat Cricket Ground Oman Cricket (Ministry Turf 1),Oman,field,T20,2021/22,Oman
2022-02-19,United Arab Emirates,Germany,Al Amerat Cricket Ground Oman Cricket (Ministry Turf 1),United Arab Emirates,bat,T20,2021/22,United Arab Emirates
2022-02-20,Australia,Sri Lanka,Melbourne Cricket Ground,Australia,bat,T20,2021/22,Sri Lanka
2022-02-20,India,West Indies,"Eden Gardens, Kolkata",West Indies,field,T20,2021/22,India
2022-02-21,Canada,Nepal,Al Amerat Cricket Ground Oman Cricket (Ministry Turf 1),Canada,bat,T20,2021/22,Nepal
2022-02-21,Philippines,Oman,Al Amerat Cricket Ground Oman Cricket (Ministry Turf 2),Philippines,bat,T20,2021/22,Oman
2022-02-21,Germany,Ireland,Al Amerat Cricket Ground Oman Cricket (Ministry Turf 1),Ireland,field,T20,2021/22,Ireland
2022-02-21,Bahrain,United Arab Emirates,Al Amerat Cricket Ground Oman Cricket (Ministry Turf 2),Bahrain,bat,T20,2021/22,Bahrain
2022-02-22,Ireland,Oman,Al Amerat Cricket Ground Oman Cricket (Ministry Turf 2),Oman,field,T20,2021/22,Ireland
2022-02-22,Germany,Canada,Al Amerat Cricket Ground Oman Cricket (Ministry Turf 1),Canada,field,T20,2021/22,Canada
2022-02-22,Bahrain,Philippines,Al Amerat Cricket Ground Oman Cricket (Ministry Turf 2),Bahrain,bat,T20,2021/22,Bahrain
2022-02-22,United Arab Emirates,Nepal,Al Amerat Cricket Ground Oman Cricket (Ministry Turf 1),United Arab Emirates,bat,T20,2021/22,United Arab Emirates
2022-02-24,Oman,Nepal,Al Amerat Cricket Ground Oman Cricket (Ministry Turf 2),Oman,bat,T20,2021/22,Nepal
2022-02-24,Ireland,United Arab Emirates,Al Amerat Cricket Ground Oman Cricket (Ministry Turf 1),Ireland,bat,T20,2021/22,United Arab Emirates
2022-02-24,Bahrain,Canada,Al Amerat Cricket Ground Oman Cricket (Ministry Turf 1),Bahrain,bat,T20,2021/22,Canada
2022-02-24,Philippines,Germany,Al Amerat Cricket Ground Oman Cricket (Ministry Turf 2),Germany,field,T20,2021/22,Germany
2022-02-24,India,Sri Lanka,"Bharat Ratna Shri Atal Bihari Vajpayee Ekana Cricket Stadium, Lucknow",Sri Lanka,field,T20,2021/22,India
2022-02-26,Sri Lanka,India,"Himachal Pradesh Cricket Association Stadium, Dharamsala",India,field,T20,2021/22,India
2022-02-27,Sri Lanka,India,"Himachal Pradesh Cricket Association Stadium, Dharamsala",Sri Lanka,bat,T20,2021/22,India
2022-03-03,Bangladesh,Afghanistan,Mirpur,,,T20,2022,Bangladesh
2022-03-05,Bangladesh,Afghanistan,Mirpur,,,T20,2022,Afghanistan
2022-03-28,Nepal,Papua New Guinea,"Tribhuvan University International Cricket Ground, Kirtipur",Papua New Guinea,field,T20,2021/22,Nepal
2022-03-29,Malaysia,Papua New Guinea,"Tribhuvan University International Cricket Ground, Kirtipur",Malaysia,bat,T20,2021/22,Malaysia
2022-03-30,Malaysia,Nepal,"Tribhuvan University International Cricket Ground, Kirtipur",Malaysia,bat,T20,2021/22,Nepal
2022-03-31,Nepal,Papua New Guinea,"Tribhuvan University International Cricket Ground, Kirtipur",Papua New Guinea,field,T20,2021/22,Nepal
2022-04-01,Malaysia,Papua New Guinea,"Tribhuvan University International Cricket Ground, Kirtipur",Papua New Guinea,field,T20,2021/22,Papua New Guinea
2022-04-02,Nepal,Malaysia,"Tribhuvan University International Cricket Ground, Kirtipur",Malaysia,field,T20,2021/22,Nepal
2022-04-04,Nepal,Papua New Guinea,"Tribhuvan University International Cricket Ground, Kirtipur",Papua New Guinea,field,T20,2021/22,Nepal
2022-04-05,Pakistan,Australia,"Gaddafi Stadium, Lahore",Australia,field,T20,2021/22,Australia
2022-04-08,Uganda,Namibia,"United Cricket Club Ground, Windhoek",Namibia,field,T20,2022,Namibia
2022-04-09,Namibia,Uganda,"United Cricket Club Ground, Windhoek",Uganda,field,T20,2022,Uganda
2022-04-10,Namibia,Uganda,"United Cricket Club Ground, Windhoek",Uganda,field,T20,2022,Namibia
2022-04-29,Norway,Guernsey,"Desert Springs Cricket Ground, Almeria",Norway,bat,T20,2022,Norway
2022-04-30,Spain,Norway,"Desert Springs Cricket Ground, Almeria",Spain,bat,T20,2022,Spain
2022-04-30,Norway,Guernsey,"Desert Springs Cricket Ground, Almeria",Norway,bat,T20,2022,Guernsey
2022-04-30,Guernsey,Spain,"Desert Springs Cricket Ground, Almeria",Guernsey,bat,T20,2022,Spain
2022-05-01,Spain,Norway,"Desert Springs Cricket Ground, Almeria",Spain,bat,T20,2022,Spain
2022-05-01,Spain,Guernsey,"Desert Springs Cricket Ground, Almeria",Spain,bat,T20,2022,Guernsey
2022-05-07,Denmark,Finland,"Svanholm Park, Brondby",Finland,field,T20,2022,Denmark
2022-05-07,Denmark,Finland,"Svanholm Park, Brondby",Finland,field,T20,2022,Finland
2022-05-08,Denmark,Finland,"Svanholm Park, Brondby",Denmark,bat,T20,2022,Denmark
2022-05-10,Gibraltar,Malta,Marsa Sports Club,Malta,field,T20,2022,Malta
2022-05-10,Malta,Hungary,Marsa Sports Club,Hungary,field,T20,2022,Malta
2022-05-10,Gibraltar,Hungary,Marsa Sports Club,Hungary,field,T20,2022,Hungary
2022-05-11,Romania,Malta,Marsa Sports Club,Malta,field,T20,2022,Malta
2022-05-11,Czech Republic,Gibraltar,Marsa Sports Club,Czech Republic,bat,T20,2022,Czech Republic
2022-05-11,Hungary,Bulgaria,Marsa Sports Club,Bulgaria,field,T20,2022,Hungary
2022-05-12,Czech Republic,Bulgaria,Marsa Sports Club,Czech Republic,bat,T20,2022,Czech Republic
2022-05-12,Romania,Hungary,Marsa Sports Club,Romania,bat,T20,2022,Hungary
2022-05-12,Malta,Czech Republic,Marsa Sports Club,Czech Republic,field,T20,2022,Malta
2022-05-13,Bulgaria,Romania,Marsa Sports Club,Bulgaria,bat,T20,2022,Romania
2022-05-13,Romania,Czech Republic,Marsa Sports Club,Romania,bat,T20,2022,Romania
2022-05-13,Gibraltar,Bulgaria,Marsa Sports Club,Gibraltar,bat,T20,2022,Gibraltar
2022-05-14,Bulgaria,Malta,Marsa Sports Club,Bulgaria,bat,T20,2022,Malta
2022-05-14,Gibraltar,Romania,Marsa Sports Club,Gibraltar,bat,T20,2022,Romania
2022-05-14,Hungary,Czech Republic,Marsa Sports Club,Hungary,bat,T20,2022,Czech Republic
2022-05-15,Czech Republic,Hungary,Marsa Sports Club,Hungary,field,T20,2022,Czech Republic
2022-05-15,Gibraltar,Bulgaria,Marsa Sports Club,Gibraltar,bat,T20,2022,Bulgaria
2022-05-15,Romania,Malta,Marsa Sports Club,Romania,bat,T20,2022,Romania
2022-05-17,Zimbabwe,Namibia,"Queens Sports Club, Bulawayo",Zimbabwe,bat,T20,2022,Zimbabwe
2022-05-19,Zimbabwe,Namibia,"Queens Sports Club, Bulawayo",Zimbabwe,bat,T20,2022,Namibia
2022-05-20,Jersey,Guernsey,"College Field, St Peter Port",Guernsey,field,T20,2022,Jersey
2022-05-21,Namibia,Zimbabwe,"Queens Sports Club, Bulawayo",Namibia,bat,T20,2022,Zimbabwe
2022-05-22,Zimbabwe,Namibia,"Queens Sports Club, Bulawayo",Namibia,field,T20,2022,Namibia
2022-05-24,Namibia,Zimbabwe,"Queens Sports Club, Bulawayo",Zimbabwe,field,T20,2022,Namibia
2022-06-07,Sri Lanka,Australia,"R Premadasa Stadium, Colombo",Australia,field,T20,2022,Australia
2022-06-08,Sri Lanka,Australia,"R Premadasa Stadium, Colombo",Australia,field,T20,2022,Australia
2022-06-09,Sweden,Germany,Bayer Uerdingen Cricket Ground,Germany,field,T20,2022,Germany
2022-06-09,Germany,Austria,Bayer Uerdingen Cricket Ground,Austria,field,T20,2022,Germany
2022-06-09,India,South Africa,"Arun Jaitley Stadium, Delhi",South Africa,field,T20,2022,South Africa
2022-06-10,Austria,Germany,Bayer Uerdingen Cricket Ground,Austria,bat,T20,2022,Austria
2022-06-10,Austria,Sweden,Bayer Uerdingen Cricket Ground,Sweden,field,T20,2022,Austria
2022-06-11,Germany,Sweden,Bayer Uerdingen Cricket Ground,Germany,bat,T20,2022,Germany
2022-06-11,Zimbabwe,Afghanistan,Harare,,,T20,2022,Afghanistan
2022-06-11,Austria,Sweden,Bayer Uerdingen Cricket Ground,Sweden,field,T20,2022,Austria
2022-06-11,Australia,Sri Lanka,Pallekele International Cricket Stadium,Australia,bat,T20,2022,Sri Lanka
2022-06-12,Zimbabwe,Afghanistan,Harare,,,T20,2022,Afghanistan
2022-06-12,India,South Africa,"Barabati Stadium, Cuttack",South Africa,field,T20,2022,South Africa
2022-06-14,India,South Africa,"Dr. Y.S. Rajasekhara Reddy ACA-VDCA Cricket Stadium, Visakhapatnam",South Africa,field,T20,2022,India
2022-06-14,Zimbabwe,Afghanistan,Harare,,,T20,2022,Afghanistan
2022-06-17,India,South Africa,"Saurashtra Cricket Association Stadium, Rajkot",South Africa,field,T20,2022,India
2022-06-19,India,South Africa,"M Chinnaswamy Stadium, Bangalore",South Africa,field,T20,2022,No Result
2022-06-24,Serbia,Bulgaria,"National Sports Academy, Sofia",Bulgaria,field,T20,2022,Bulgaria
2022-06-25,Serbia,Bulgaria,"National Sports Academy, Sofia",Serbia,bat,T20,2022,Bulgaria
2022-06-25,Serbia,Bulgaria,"National Sports Academy, Sofia",Serbia,bat,T20,2022,Bulgaria
2022-06-26,Ireland,India,"The Village, Malahide, Dublin",India,field,T20,2022,India
2022-06-26,Serbia,Bulgaria,"National Sports Academy, Sofia",Bulgaria,field,T20,2022,Bulgaria
2022-06-28,Malaysia,Singapore,"Indian Association Ground, Singapore",Singapore,field,T20,2022,Singapore
2022-06-28,Gibraltar,Belgium,"Meersen, Gent",Belgium,field,T20,2022,Belgium
2022-06-28,India,Ireland,"The Village, Malahide, Dublin",India,bat,T20,2022,India
2022-06-29,Israel,Spain,"Meersen, Gent",Israel,bat,T20,2022,Spain
2022-06-29,Malaysia,Singapore,"Indian Association Ground, Singapore",Malaysia,bat,T20,2022,Malaysia
2022-06-29,Denmark,Gibraltar,"Royal Brussels Cricket Club Ground, Waterloo",Denmark,bat,T20,2022,Denmark
2022-06-29,Portugal,Malta,"Meersen, Gent",Portugal,bat,T20,2022,Portugal
2022-06-29,Hungary,Belgium,"Royal Brussels Cricket Club Ground, Waterloo",Hungary,bat,T20,2022,Belgium
2022-06-30,Singapore,Malaysia,"Indian Association Ground, Singapore",Singapore,bat,T20,2022,Malaysia
2022-07-01,Hungary,Gibraltar,"Royal Brussels Cricket Club Ground, Waterloo",Gibraltar,field,T20,2022,Gibraltar
2022-07-01,Belgium,Denmark,"Royal Brussels Cricket Club Ground, Waterloo",Denmark,field,T20,2022,Belgium
2022-07-01,Malta,Israel,"Meersen, Gent",Israel,field,T20,2022,Malta
2022-07-01,Portugal,Spain,"Meersen, Gent",Portugal,bat,T20,2022,Spain
2022-07-02,Bangladesh,West Indies,"Windsor Park, Roseau, Dominica",West Indies,field,T20,2022,No Result
2022-07-02,Singapore,Papua New Guinea,"Indian Association Ground, Singapore",Singapore,bat,T20,2022,Singapore
2022-07-02,Denmark,Spain,"Royal Brussels Cricket Club Ground, Waterloo",Spain,field,T20,2022,Denmark
2022-07-02,Belgium,Portugal,"Royal Brussels Cricket Club Ground, Waterloo",Belgium,bat,T20,2022,Portugal
2022-07-02,Malaysia,Bhutan,"UKM-YSD Cricket Oval, Bangi",Bhutan,field,T20,2022,Malaysia
2022-07-03,Israel,Hungary,"Royal Brussels Cricket Club Ground, Waterloo",Hungary,field,T20,2022,Israel
2022-07-03,Gibraltar,Malta,"Royal Brussels Cricket Club Ground, Waterloo",Gibraltar,bat,T20,2022,Malta
2022-07-03,Singapore,Papua New Guinea,"Indian Association Ground, Singapore",Singapore,bat,T20,2022,Papua New Guinea
2022-07-03,West Indies,Bangladesh,"Windsor Park, Roseau, Dominica",West Indies,bat,T20,2022,West Indies
2022-07-04,Bhutan,Maldives,"UKM-YSD Cricket Oval, Bangi",Maldives,field,T20,2022,Bhutan
2022-07-04,Portugal,Denmark,"Royal Brussels Cricket Club Ground, Waterloo",Portugal,bat,T20,2022,Denmark
2022-07-04,Thailand,Malaysia,"UKM-YSD Cricket Oval, Bangi",Thailand,bat,T20,2022,Malaysia
2022-07-04,Spain,Belgium,"Royal Brussels Cricket Club Ground, Waterloo",Spain,bat,T20,2022,Belgium
2022-07-06,Maldives,Malaysia,"UKM-YSD Cricket Oval, Bangi",Malaysia,field,T20,2022,Malaysia
2022-07-06,Thailand,Bhutan,"UKM-YSD Cricket Oval, Bangi",Bhutan,field,T20,2022,Bhutan
2022-07-07,Bhutan,Maldives,"UKM-YSD Cricket Oval, Bangi",Maldives,field,T20,2022,Bhutan
2022-07-07,Bangladesh,West Indies,"Providence Stadium, Guyana",Bangladesh,bat,T20,2022,West Indies
2022-07-07,India,England,"The Rose Bowl, Southampton",India,bat,T20,2022,India
2022-07-07,Thailand,Malaysia,"UKM-YSD Cricket Oval, Bangi",Malaysia,field,T20,2022,Malaysia
2022-07-08,Maldives,Thailand,"UKM-YSD Cricket Oval, Bangi",Thailand,field,T20,2022,Maldives
2022-07-08,Luxembourg,Austria,"Scott Page Field, Vinor",Austria,field,T20,2022,Austria
2022-07-08,Bulgaria,Serbia,Lisicji Jarak Cricket Ground,Serbia,field,T20,2022,Serbia
2022-07-08,Luxembourg,Czech Republic,"Scott Page Field, Vinor",Luxembourg,bat,T20,2022,Czech Republic
2022-07-09,Bhutan,Thailand,"UKM-YSD Cricket Oval, Bangi",Bhutan,bat,T20,2022,Bhutan
2022-07-09,Bulgaria,Serbia,Lisicji Jarak Cricket Ground,Serbia,field,T20,2022,Serbia
2022-07-09,Bulgaria,Serbia,Lisicji Jarak Cricket Ground,Serbia,field,T20,2022,Bulgaria
2022-07-09,India,England,"Edgbaston, Birmingham",England,field,T20,2022,India
2022-07-09,Czech Republic,Austria,"Scott Page Field, Vinor",Austria,field,T20,2022,Austria
2022-07-09,Austria,Luxembourg,"Scott Page Field, Vinor",Luxembourg,field,T20,2022,Austria
2022-07-10,Austria,Czech Republic,"Scott Page Field, Vinor",Czech Republic,field,T20,2022,Czech Republic
2022-07-10,England,India,"Trent Bridge, Nottingham",England,bat,T20,2022,England
2022-07-10,Czech Republic,Luxembourg,"Scott Page Field, Vinor",Czech Republic,bat,T20,2022,Czech Republic
2022-07-11,Bhutan,Malaysia,"UKM-YSD Cricket Oval, Bangi",Malaysia,field,T20,2022,Malaysia
2022-07-11,Zimbabwe,Singapore,"Queens Sports Club, Bulawayo",Singapore,field,T20,2022,Zimbabwe
2022-07-11,Jersey,United States of America,Bulawayo Athletic Club,United States of America,field,T20,2022,United States of America
2022-07-11,Netherlands,Papua New Guinea,"Queens Sports Club, Bulawayo",Netherlands,bat,T20,2022,Netherlands
2022-07-11,Hong Kong,Uganda,Bulawayo Athletic Club,Hong Kong,bat,T20,2022,Uganda
2022-07-12,Uganda,Papua New Guinea,Bulawayo Athletic Club,Papua New Guinea,field,T20,2022,Papua New Guinea
2022-07-12,Zimbabwe,Jersey,"Queens Sports Club, Bulawayo",Jersey,field,T20,2022,Zimbabwe
2022-07-12,United States of America,Singapore,Bulawayo Athletic Club,Singapore,field,T20,2022,United States of America
2022-07-12,Hong Kong,Netherlands,"Queens Sports Club, Bulawayo",Hong Kong,bat,T20,2022,Netherlands
2022-07-12,Romania,Turkey,Kerava National Cricket Ground,Turkey,field,T20,2022,Romania
2022-07-12,Finland,Sweden,Tikkurila Cricket Ground,Sweden,field,T20,2022,Finland
2022-07-12,Cyprus,Isle of Man,Kerava National Cricket Ground,Isle of Man,field,T20,2022,Isle of Man
2022-07-13,Cyprus,Romania,Tikkurila Cricket Ground,Romania,field,T20,2022,Cyprus
2022-07-13,Croatia,Sweden,Kerava National Cricket Ground,Sweden,field,T20,2022,Sweden
2022-07-13,Finland,Italy,Kerava National Cricket Ground,Italy,field,T20,2022,Italy
2022-07-13,Isle of Man,Serbia,Tikkurila Cricket Ground,Serbia,field,T20,2022,Isle of Man
2022-07-14,Netherlands,Uganda,"Queens Sports Club, Bulawayo",Uganda,field,T20,2022,Netherlands
2022-07-14,Papua New Guinea,Hong Kong,Bulawayo Athletic Club,Hong Kong,field,T20,2022,Hong Kong
2022-07-14,Zimbabwe,United States of America,"Queens Sports Club, Bulawayo",Zimbabwe,bat,T20,2022,Zimbabwe
2022-07-15,Croatia,Greece,Tikkurila Cricket Ground,Greece,field,T20,2022,Croatia
2022-07-15,Turkey,Serbia,Kerava National Cricket Ground,Serbia,field,T20,2022,Serbia
2022-07-15,Singapore,Hong Kong,Bulawayo Athletic Club,Hong Kong,field,T20,2022,Hong Kong
2022-07-15,United States of America,Netherlands,Bulawayo Athletic Club,United States of America,bat,T20,2022,Netherlands
2022-07-15,Zimbabwe,Papua New Guinea,"Queens Sports Club, Bulawayo",Zimbabwe,bat,T20,2022,Zimbabwe
2022-07-15,Italy,Sweden,Tikkurila Cricket Ground,Sweden,field,T20,2022,Italy
2022-07-15,Uganda,Jersey,"Queens Sports Club, Bulawayo",Uganda,bat,T20,2022,Uganda
2022-07-15,Romania,Isle of Man,Kerava National Cricket Ground,Isle of Man,field,T20,2022,Isle of Man
2022-07-16,Romania,Serbia,Tikkurila Cricket Ground,Romania,bat,T20,2022,Romania
2022-07-16,Finland,Greece,Kerava National Cricket Ground,Greece,field,T20,2022,Finland
2022-07-16,Italy,Croatia,Kerava National Cricket Ground,Italy,bat,T20,2022,Italy
2022-07-16,Cyprus,Turkey,Tikkurila Cricket Ground,Cyprus,bat,T20,2022,Cyprus
2022-07-17,Singapore,Jersey,Bulawayo Athletic Club,Singapore,bat,T20,2022,Jersey
2022-07-17,Uganda,Hong Kong,"Queens Sports Club, Bulawayo",Hong Kong,field,T20,2022,Uganda
2022-07-17,Zimbabwe,Netherlands,"Queens Sports Club, Bulawayo",Zimbabwe,bat,T20,2022,Zimbabwe
2022-07-17,Papua New Guinea,United States of America,Bulawayo Athletic Club,United States of America,field,T20,2022,Papua New Guinea
2022-07-18,Cyprus,Serbia,Kerava National Cricket Ground,Cyprus,bat,T20,2022,Serbia
2022-07-18,Croatia,Finland,Tikkurila Cricket Ground,Croatia,bat,T20,2022,Finland
2022-07-18,Sweden,Greece,Tikkurila Cricket Ground,Greece,field,T20,2022,Sweden
2022-07-18,New Zealand,Ireland,"Civil Service Cricket Club, Stormont, Belfast",Ireland,field,T20,2022,New Zealand
2022-07-18,Isle of Man,Turkey,Kerava National Cricket Ground,Isle of Man,bat,T20,2022,Isle of Man
2022-07-19,Finland,Cyprus,Kerava National Cricket Ground,Finland,bat,T20,2022,Finland
2022-07-19,Romania,Sweden,Tikkurila Cricket Ground,Romania,bat,T20,2022,Sweden
2022-07-19,Isle of Man,Italy,Kerava National Cricket Ground,Italy,field,T20,2022,Italy
2022-07-19,Serbia,Croatia,Tikkurila Cricket Ground,Serbia,bat,T20,2022,Croatia
2022-07-20,New Zealand,Ireland,"Civil Service Cricket Club, Stormont, Belfast",Ireland,field,T20,2022,New Zealand
2022-07-22,Ireland,New Zealand,"Civil Service Cricket Club, Stormont, Belfast",Ireland,bat,T20,2022,New Zealand
2022-07-24,Guernsey,Bulgaria,Tikkurila Cricket Ground,Bulgaria,field,T20,2022,Guernsey
2022-07-24,Austria,Luxembourg,Tikkurila Cricket Ground,Luxembourg,field,T20,2022,Austria
2022-07-24,France,Czech Republic,Kerava National Cricket Ground,Czech Republic,field,T20,2022,France
2022-07-24,Estonia,Norway,Kerava National Cricket Ground,Estonia,bat,T20,2022,Norway
2022-07-25,Guernsey,Luxembourg,Kerava National Cricket Ground,Luxembourg,field,T20,2022,Guernsey
2022-07-25,Austria,Slovenia,Kerava National Cricket Ground,Slovenia,field,T20,2022,Austria
2022-07-25,France,Switzerland,Tikkurila Cricket Ground,France,bat,T20,2022,Switzerland
2022-07-27,England,South Africa,"County Ground, Bristol",South Africa,field,T20,2022,England
2022-07-27,France,Norway,Kerava National Cricket Ground,France,bat,T20,2022,France
2022-07-27,New Zealand,Scotland,"Grange Cricket Club Ground, Raeburn Place, Edinburgh",Scotland,field,T20,2022,New Zealand
2022-07-27,Guernsey,Austria,Tikkurila Cricket Ground,Guernsey,bat,T20,2022,Austria
2022-07-27,Switzerland,Estonia,Kerava National Cricket Ground,Switzerland,bat,T20,2022,Switzerland
2022-07-27,Slovenia,Bulgaria,Tikkurila Cricket Ground,Bulgaria,field,T20,2022,Bulgaria
2022-07-28,South Africa,England,"Sophia Gardens, Cardiff",England,field,T20,2022,South Africa
2022-07-28,Luxembourg,Bulgaria,Kerava National Cricket Ground,Luxembourg,bat,T20,2022,Luxembourg
2022-07-28,Czech Republic,Estonia,Tikkurila Cricket Ground,Czech Republic,bat,T20,2022,Czech Republic
2022-07-28,Slovenia,Guernsey,Kerava National Cricket Ground,Guernsey,field,T20,2022,Guernsey
2022-07-28,Norway,Switzerland,Tikkurila Cricket Ground,Norway,bat,T20,2022,Norway
2022-07-29,New Zealand,Scotland,"Grange Cricket Club Ground, Raeburn Place, Edinburgh",New Zealand,bat,T20,2022,New Zealand
2022-07-29,India,West Indies,"Brian Lara Stadium, Tarouba, Trinidad",West Indies,field,T20,2022,India
2022-07-30,Luxembourg,Slovenia,Tikkurila Cricket Ground,Luxembourg,bat,T20,2022,Luxembourg
2022-07-30,Zimbabwe,Bangladesh,Harare Sports Club,Zimbabwe,bat,T20,2022,Zimbabwe
2022-07-30,Switzerland,Czech Republic,Kerava National Cricket Ground,Switzerland,bat,T20,2022,Czech Republic
2022-07-31,Norway,Austria,Kerava National Cricket Ground,Norway,bat,T20,2022,Austria
2022-07-31,Zimbabwe,Bangladesh,Harare Sports Club,Zimbabwe,bat,T20,2022,Bangladesh
2022-07-31,Bulgaria,Czech Republic,Tikkurila Cricket Ground,Bulgaria,bat,T20,2022,Czech Republic
2022-07-31,South Africa,England,"The Rose Bowl, Southampton",England,field,T20,2022,South Africa
2022-07-31,Guernsey,France,Kerava National Cricket Ground,Guernsey,bat,T20,2022,Guernsey
2022-07-31,Luxembourg,Switzerland,Tikkurila Cricket Ground,Luxembourg,bat,T20,2022,Luxembourg
2022-08-01,India,West Indies,"Warner Park, Basseterre, St Kitts",West Indies,field,T20,2022,West Indies
2022-08-02,West Indies,India,"Warner Park, Basseterre, St Kitts",India,field,T20,2022,India
2022-08-02,Zimbabwe,Bangladesh,Harare Sports Club,Zimbabwe,bat,T20,2022,Zimbabwe
2022-08-03,South Africa,Ireland,"County Ground, Bristol",South Africa,bat,T20,2022,South Africa
2022-08-04,New Zealand,Netherlands,"Sportpark Westvliet, The Hague",New Zealand,bat,T20,2022,New Zealand
2022-08-05,South Africa,Ireland,"County Ground, Bristol",Ireland,field,T20,2022,South Africa
2022-08-05,Netherlands,New Zealand,"Sportpark Westvliet, The Hague",Netherlands,bat,T20,2022,New Zealand
2022-08-06,India,West Indies,"Central Broward Regional Park Stadium Turf Ground, Lauderhill",West Indies,field,T20,2022,India
2022-08-07,India,West Indies,"Central Broward Regional Park Stadium Turf Ground, Lauderhill",India,bat,T20,2022,India
2022-08-09,Ireland,Afghanistan,Belfast,,,T20,2022,Ireland
2022-08-10,New Zealand,West Indies,"Sabina Park, Kingston, Jamaica",West Indies,field,T20,2022,New Zealand
2022-08-11,Ireland,Afghanistan,Belfast,,,T20,2022,Ireland
2022-08-12,New Zealand,West Indies,"Sabina Park, Kingston, Jamaica",New Zealand,bat,T20,2022,New Zealand
2022-08-12,Ireland,Afghanistan,Belfast,,,T20,2022,Afghanistan
2022-08-13,Kuwait,Bahrain,Al Amerat Cricket Ground Oman Cricket (Ministry Turf 1),Bahrain,field,T20,2022,Kuwait
2022-08-14,Bahrain,Kuwait,Al Amerat Cricket Ground Oman Cricket (Ministry Turf 1),Kuwait,field,T20,2022,Kuwait
2022-08-14,New Zealand,West Indies,"Sabina Park, Kingston, Jamaica",New Zealand,bat,T20,2022,West Indies
2022-08-15,Ireland,Afghanistan,Belfast,,,T20,2022,Afghanistan
2022-08-17,Kuwait,Bahrain,Al Amerat Cricket Ground Oman Cricket (Ministry Turf 1),Bahrain,field,T20,2022,Kuwait
2022-08-17,Ireland,Afghanistan,Belfast,,,T20,2022,Ireland
2022-08-20,Hong Kong,Singapore,Al Amerat Cricket Ground Oman Cricket (Ministry Turf 1),Singapore,field,T20,2022,Hong Kong
2022-08-21,United Arab Emirates,Kuwait,Al Amerat Cricket Ground Oman Cricket (Ministry Turf 1),Kuwait,field,T20,2022,Kuwait
2022-08-22,United Arab Emirates,Singapore,Al Amerat Cricket Ground Oman Cricket (Ministry Turf 1),Singapore,field,T20,2022,United Arab Emirates
2022-08-23,Kuwait,Hong Kong,Al Amerat Cricket Ground Oman Cricket (Ministry Turf 1),Hong Kong,field,T20,2022,Hong Kong
2022-08-24,Singapore,Kuwait,Al Amerat Cricket Ground Oman Cricket (Ministry Turf 1),Singapore,bat,T20,2022,Kuwait
2022-08-24,United Arab Emirates,Hong Kong,Al Amerat Cricket Ground Oman Cricket (Ministry Turf 1),Hong Kong,field,T20,2022,Hong Kong
2022-08-25,Kenya,Nepal,"Gymkhana Club Ground, Nairobi",Nepal,field,T20,2022,Nepal
2022-08-27,Afghanistan,Sri Lanka,Dubai (DSC),,,T20,2022,Afghanistan
2022-08-28,Pakistan,India,Dubai International Cricket Stadium,India,field,T20,2022,India
2022-08-28,Kenya,Nepal,"Gymkhana Club Ground, Nairobi",Kenya,bat,T20,2022,Nepal
2022-08-29,Kenya,Nepal,"Gymkhana Club Ground, Nairobi",Kenya,bat,T20,2022,Kenya
2022-08-30,Nepal,Kenya,"Gymkhana Club Ground, Nairobi",Nepal,bat,T20,2022,Nepal
2022-08-30,Afghanistan,Bangladesh,Sharjah,,,T20,2022,Afghanistan
2022-08-31,India,Hong Kong,Dubai International Cricket Stadium,Hong Kong,field,T20,2022,India
2022-09-01,Bangladesh,Sri Lanka,Dubai International Cricket Stadium,Sri Lanka,field,T20,2022,Sri Lanka
2022-09-02,Pakistan,Hong Kong,Sharjah Cricket Stadium,Hong Kong,field,T20,2022,Pakistan
2022-09-03,Afghanistan,Sri Lanka,Sharjah,,,T20,2022,Sri Lanka
2022-09-04,India,Pakistan,Dubai International Cricket Stadium,Pakistan,field,T20,2022,Pakistan
2022-09-06,India,Sri Lanka,Dubai International Cricket Stadium,Sri Lanka,field,T20,2022,Sri Lanka
2022-09-07,Afghanistan,Pakistan,Sharjah,,,T20,2022,Pakistan
2022-09-08,Afghanistan,India,Dubai (DSC),,,T20,2022,India
2022-09-09,Pakistan,Sri Lanka,Dubai International Cricket Stadium,Sri Lanka,field,T20,2022,Sri Lanka
2022-09-10,Samoa,Vanuatu,"Independence Park, Port Vila",Samoa,bat,T20,2022,Vanuatu
2022-09-10,Cook Islands,Fiji,"Independence Park, Port Vila",Cook Islands,bat,T20,2022,Fiji
2022-09-11,Vanuatu,Cook Islands,"Independence Park, Port Vila",Vanuatu,bat,T20,2022,Cook Islands
2022-09-11,Sri Lanka,Pakistan,Dubai International Cricket Stadium,Pakistan,field,T20,2022,Sri Lanka
2022-09-11,Samoa,Fiji,"Independence Park, Port Vila",Samoa,bat,T20,2022,Fiji
2022-09-13,Vanuatu,Fiji,"Independence Park, Port Vila",Fiji,field,T20,2022,Vanuatu
2022-09-13,Samoa,Cook Islands,"Independence Park, Port Vila",Cook Islands,field,T20,2022,Cook Islands
2022-09-14,Samoa,Vanuatu,"Independence Park, Port Vila",Vanuatu,field,T20,2022,Vanuatu
2022-09-14,Fiji,Cook Islands,"Independence Park, Port Vila",Cook Islands,field,T20,2022,Cook Islands
2022-09-15,Botswana,Uganda,"Willowmoore Park, Benoni",Uganda,field,T20,2022,Uganda
2022-09-15,Vanuatu,Cook Islands,"Independence Park, Port Vila",Cook Islands,field,T20,2022,Vanuatu
2022-09-15,Fiji,Samoa,"Independence Park, Port Vila",Samoa,field,T20,2022,Fiji
2022-09-16,Ghana,Mozambique,"Willowmoore Park, Benoni",Ghana,bat,T20,2022,Ghana
2022-09-17,Kenya,Tanzania,"Willowmoore Park, Benoni",Kenya,bat,T20,2022,Tanzania
2022-09-18,Uganda,Mozambique,"Willowmoore Park, Benoni",Uganda,bat,T20,2022,Uganda
2022-09-18,Botswana,Ghana,"Willowmoore Park, Benoni",Ghana,field,T20,2022,Botswana
2022-09-19,Botswana,Mozambique,"Willowmoore Park, Benoni",Mozambique,field,T20,2022,Botswana
2022-09-19,Cameroon,Kenya,"Willowmoore Park, Benoni",Kenya,field,T20,2022,Kenya
2022-09-20,Ghana,Uganda,"Willowmoore Park, Benoni",Ghana,bat,T20,2022,Uganda
2022-09-20,Tanzania,Malawi,"Willowmoore Park, Benoni",Malawi,field,T20,2022,Tanzania
2022-09-20,India,Australia,"Punjab Cricket Association IS Bindra Stadium, Mohali, Chandigarh",Australia,field,T20,2022,Australia
2022-09-20,Pakistan,England,"National Stadium, Karachi",England,field,T20,2022,England
2022-09-21,Botswana,Tanzania,"Willowmoore Park, Benoni",Tanzania,field,T20,2022,Tanzania
2022-09-21,Kenya,Uganda,"Willowmoore Park, Benoni",Uganda,field,T20,2022,Uganda
2022-09-22,Tanzania,Uganda,"Willowmoore Park, Benoni",Uganda,field,T20,2022,Uganda
2022-09-22,England,Pakistan,"National Stadium, Karachi",England,bat,T20,2022,Pakistan
2022-09-23,England,Pakistan,"National Stadium, Karachi",Pakistan,field,T20,2022,England
2022-09-23,Australia,India,"Vidarbha Cricket Association Stadium, Jamtha, Nagpur",India,field,T20,2022,India
2022-09-25,Pakistan,England,"National Stadium, Karachi",England,field,T20,2022,Pakistan
2022-09-25,Australia,India,"Rajiv Gandhi International Stadium, Uppal, Hyderabad",India,field,T20,2022,India
2022-09-25,Bangladesh,United Arab Emirates,Dubai International Cricket Stadium,United Arab Emirates,field,T20,2022,Bangladesh
2022-09-27,Bangladesh,United Arab Emirates,Dubai International Cricket Stadium,United Arab Emirates,field,T20,2022,Bangladesh
2022-09-28,South Africa,India,"Greenfield International Stadium, Thiruvananthapuram",India,field,T20,2022/23,India
2022-09-28,Pakistan,England,"Gaddafi Stadium, Lahore",England,field,T20,2022,Pakistan
2022-09-30,Pakistan,England,"Gaddafi Stadium, Lahore",England,field,T20,2022,England
2022-10-02,England,Pakistan,"Gaddafi Stadium, Lahore",Pakistan,field,T20,2022,England
2022-10-02,India,South Africa,"Barsapara Cricket Stadium, Guwahati",South Africa,field,T20,2022/23,India
2022-10-04,South Africa,India,"Holkar Cricket Stadium, Indore",India,field,T20,2022/23,South Africa
2022-10-05,West Indies,Australia,Carrara Oval,Australia,field,T20,2022/23,Australia
2022-10-07,Pakistan,Bangladesh,"Hagley Oval, Christchurch",Bangladesh,field,T20,2022/23,Pakistan
2022-10-07,Australia,West Indies,"Brisbane Cricket Ground, Woolloongabba, Brisbane",West Indies,field,T20,2022/23,Australia
2022-10-08,New Zealand,Pakistan,"Hagley Oval, Christchurch",New Zealand,bat,T20,2022/23,Pakistan
2022-10-09,England,Australia,Perth Stadium,Australia,field,T20,2022/23,England
2022-10-09,Bangladesh,New Zealand,"Hagley Oval, Christchurch",New Zealand,field,T20,2022/23,New Zealand
2022-10-10,Japan,Indonesia,Sano International Cricket Ground,Japan,bat,T20,2022/23,Japan
2022-10-11,Japan,Indonesia,Sano International Cricket Ground,Japan,bat,T20,2022/23,Indonesia
2022-10-11,Pakistan,New Zealand,"Hagley Oval, Christchurch",Pakistan,bat,T20,2022/23,New Zealand
2022-10-12,England,Australia,"Manuka Oval, Canberra",Australia,field,T20,2022/23,England
2022-10-12,New Zealand,Bangladesh,"Hagley Oval, Christchurch",Bangladesh,field,T20,2022/23,New Zealand
2022-10-13,Bangladesh,Pakistan,"Hagley Oval, Christchurch",Bangladesh,bat,T20,2022/23,Pakistan
2022-10-14,England,Australia,"Manuka Oval, Canberra",Australia,field,T20,2022/23,No Result
2022-10-14,New Zealand,Pakistan,"Hagley Oval, Christchurch",Pakistan,field,T20,2022/23,Pakistan
2022-10-15,Japan,South Korea,Sano International Cricket Ground,Japan,bat,T20,2022/23,Japan
2022-10-15,Indonesia,South Korea,Sano International Cricket Ground,South Korea,field,T20,2022/23,Indonesia
2022-10-16,Namibia,Sri Lanka,"GMHBA Stadium, South Geelong, Victoria",Sri Lanka,field,T20,2022/23,Namibia
2022-10-16,Indonesia,Japan,Sano International Cricket Ground,Indonesia,bat,T20,2022/23,Japan
2022-10-16,United Arab Emirates,Netherlands,"GMHBA Stadium, South Geelong, Victoria",United Arab Emirates,bat,T20,2022/23,Netherlands
2022-10-17,Scotland,West Indies,"Bellerive Oval, Hobart",West Indies,field,T20,2022/23,Scotland
2022-10-17,Zimbabwe,Ireland,"Bellerive Oval, Hobart",Ireland,field,T20,2022/23,Zimbabwe
2022-10-18,Japan,Indonesia,Sano International Cricket Ground,Japan,bat,T20,2022/23,Indonesia
2022-10-18,South Korea,Indonesia,Sano International Cricket Ground,South Korea,bat,T20,2022/23,Indonesia
2022-10-18,Sri Lanka,United Arab Emirates,"GMHBA Stadium, South Geelong, Victoria",United Arab Emirates,field,T20,2022/23,Sri Lanka
2022-10-18,Namibia,Netherlands,"GMHBA Stadium, South Geelong, Victoria",Namibia,bat,T20,2022/23,Netherlands
2022-10-19,West Indies,Zimbabwe,"Bellerive Oval, Hobart",West Indies,bat,T20,2022/23,West Indies
2022-10-19,Scotland,Ireland,"Bellerive Oval, Hobart",Scotland,bat,T20,2022/23,Ireland
2022-10-20,Sri Lanka,Netherlands,"GMHBA Stadium, South Geelong, Victoria",Sri Lanka,bat,T20,2022/23,Sri Lanka
2022-10-20,United Arab Emirates,Namibia,"GMHBA Stadium, South Geelong, Victoria",United Arab Emirates,bat,T20,2022/23,United Arab Emirates
2022-10-21,Scotland,Zimbabwe,"Bellerive Oval, Hobart",Scotland,bat,T20,2022/23,Zimbabwe
2022-10-21,West Indies,Ireland,"Bellerive Oval, Hobart",West Indies,bat,T20,2022/23,Ireland
2022-10-22,New Zealand,Australia,Sydney Cricket Ground,Australia,field,T20,2022/23,New Zealand
2022-10-22,Afghanistan,England,Perth,,,T20,2022,England
2022-10-23,Pakistan,India,Melbourne Cricket Ground,India,field,T20,2022/23,India
2022-10-23,Ireland,Sri Lanka,"Bellerive Oval, Hobart",Ireland,bat,T20,2022/23,Sri Lanka
2022-10-24,Bangladesh,Netherlands,"Bellerive Oval, Hobart",Netherlands,field,T20,2022/23,Bangladesh
2022-10-24,Zimbabwe,South Africa,"Bellerive Oval, Hobart",Zimbabwe,bat,T20,2022/23,No Result
2022-10-25,Sri Lanka,Australia,Perth Stadium,Australia,field,T20,2022/23,Australia
2022-10-26,Ireland,England,Melbourne Cricket Ground,England,field,T20,2022/23,Ireland
2022-10-27,South Africa,Bangladesh,Sydney Cricket Ground,South Africa,bat,T20,2022/23,South Africa
2022-10-27,India,Netherlands,Sydney Cricket Ground,India,bat,T20,2022/23,India
2022-10-27,Zimbabwe,Pakistan,Perth Stadium,Zimbabwe,bat,T20,2022/23,Zimbabwe
2022-10-29,New Zealand,Sri Lanka,Sydney Cricket Ground,New Zealand,bat,T20,2022/23,New Zealand
2022-10-30,Bangladesh,Zimbabwe,"Brisbane Cricket Ground, Woolloongabba, Brisbane",Bangladesh,bat,T20,2022/23,Bangladesh
2022-10-30,Netherlands,Pakistan,Perth Stadium,Netherlands,bat,T20,2022/23,Pakistan
2022-10-30,India,South Africa,Perth Stadium,India,bat,T20,2022/23,South Africa
2022-10-31,Australia,Ireland,"Brisbane Cricket Ground, Woolloongabba, Brisbane",Ireland,field,T20,2022/23,Australia
2022-11-01,England,New Zealand,"Brisbane Cricket Ground, Woolloongabba, Brisbane",England,bat,T20,2022/23,England
2022-11-01,Afghanistan,Sri Lanka,Brisbane,,,T20,2022,Sri Lanka
2022-11-02,India,Bangladesh,Adelaide Oval,Bangladesh,field,T20,2022/23,India
2022-11-02,Zimbabwe,Netherlands,Adelaide Oval,Zimbabwe,bat,T20,2022/23,Netherlands
2022-11-03,Pakistan,South Africa,Sydney Cricket Ground,Pakistan,bat,T20,2022/23,Pakistan
2022-11-04,New Zealand,Ireland,Adelaide Oval,Ireland,field,T20,2022/23,New Zealand
2022-11-04,Australia,Afghanistan,Adelaide,,,T20,2022,Australia
2022-11-04,Italy,Germany,"Desert Springs Cricket Ground, Almeria",Italy,bat,T20,2022/23,Germany
2022-11-04,Italy,Germany,"Desert Springs Cricket Ground, Almeria",Italy,bat,T20,2022/23,Germany
2022-11-05,Sri Lanka,England,Sydney Cricket Ground,Sri Lanka,bat,T20,2022/23,England
2022-11-05,Germany,Spain,"Desert Springs Cricket Ground, Almeria",Spain,field,T20,2022/23,Germany
2022-11-05,Italy,Spain,"Desert Springs Cricket Ground, Almeria",Italy,bat,T20,2022/23,Spain
2022-11-06,Italy,Spain,"Desert Springs Cricket Ground, Almeria",Italy,bat,T20,2022/23,Italy
2022-11-06,Spain,Germany,"Desert Springs Cricket Ground, Almeria",Germany,field,T20,2022/23,Spain
2022-11-06,India,Zimbabwe,Melbourne Cricket Ground,India,bat,T20,2022/23,India
2022-11-06,Bangladesh,Pakistan,Adelaide Oval,Bangladesh,bat,T20,2022/23,Pakistan
2022-11-06,Netherlands,South Africa,Adelaide Oval,South Africa,field,T20,2022/23,Netherlands
2022-11-09,New Zealand,Pakistan,Sydney Cricket Ground,New Zealand,bat,T20,2022/23,Pakistan
2022-11-10,India,England,Adelaide Oval,England,field,T20,2022/23,England
2022-11-13,Pakistan,England,Melbourne Cricket Ground,England,field,T20,2022/23,England
2022-11-14,Bahrain,Canada,Al Amerat Cricket Ground Oman Cricket (Ministry Turf 1),Canada,field,T20,2022/23,Canada
2022-11-14,Saudi Arabia,Oman,Al Amerat Cricket Ground Oman Cricket (Ministry Turf 1),Saudi Arabia,bat,T20,2022/23,Oman
2022-11-15,Canada,Saudi Arabia,Al Amerat Cricket Ground Oman Cricket (Ministry Turf 1),Saudi Arabia,field,T20,2022/23,Canada
2022-11-15,Oman,Bahrain,Al Amerat Cricket Ground Oman Cricket (Ministry Turf 1),Bahrain,field,T20,2022/23,Bahrain
2022-11-16,Bahrain,Saudi Arabia,Al Amerat Cricket Ground Oman Cricket (Ministry Turf 1),Saudi Arabia,field,T20,2022/23,Bahrain
2022-11-16,Canada,Oman,Al Amerat Cricket Ground Oman Cricket (Ministry Turf 1),Oman,field,T20,2022/23,Canada
2022-11-17,Saudi Arabia,Oman,Al Amerat Cricket Ground Oman Cricket (Ministry Turf 1),Oman,field,T20,2022/23,Oman
2022-11-17,Lesotho,Mali,Integrated Polytechnic Regional Centre,Mali,field,T20,2022/23,Lesotho
2022-11-17,Kenya,St Helena,Gahanga International Cricket Stadium. Rwanda,St Helena,field,T20,2022/23,No Result
2022-11-17,Botswana,Seychelles,Integrated Polytechnic Regional Centre,Seychelles,field,T20,2022/23,No Result
2022-11-17,Canada,Bahrain,Al Amerat Cricket Ground Oman Cricket (Ministry Turf 1),Bahrain,field,T20,2022/23,Bahrain
2022-11-17,Botswana,Rwanda,Gahanga International Cricket Stadium. Rwanda,Rwanda,field,T20,2022/23,Rwanda
2022-11-18,Rwanda,St Helena,Gahanga International Cricket Stadium. Rwanda,Rwanda,bat,T20,2022/23,Rwanda
2022-11-18,Kenya,Malawi,Gahanga International Cricket Stadium. Rwanda,Kenya,bat,T20,2022/23,No Result
2022-11-18,Lesotho,Botswana,Integrated Polytechnic Regional Centre,Botswana,field,T20,2022/23,Botswana
2022-11-18,Seychelles,Mali,Integrated Polytechnic Regional Centre,Mali,field,T20,2022/23,No Result
2022-11-19,Canada,Saudi Arabia,Al Amerat Cricket Ground Oman Cricket (Ministry Turf 1),Saudi Arabia,field,T20,2022/23,Canada
2022-11-19,Oman,Bahrain,Al Amerat Cricket Ground Oman Cricket (Ministry Turf 1),Bahrain,field,T20,2022/23,Oman
2022-11-20,Oman,Canada,Al Amerat Cricket Ground Oman Cricket (Ministry Turf 1),Canada,field,T20,2022/23,Canada
2022-11-20,Bahrain,Saudi Arabia,Al Amerat Cricket Ground Oman Cricket (Ministry Turf 1),Bahrain,bat,T20,2022/23,Saudi Arabia
2022-11-20,India,New Zealand,"Bay Oval, Mount Maunganui",New Zealand,field,T20,2022/23,India
2022-11-20,Mali,Kenya,Integrated Polytechnic Regional Centre,Mali,bat,T20,2022/23,Kenya
2022-11-20,Rwanda,Kenya,Gahanga International Cricket Stadium. Rwanda,Kenya,field,T20,2022/23,Kenya
2022-11-21,Saudi Arabia,Bahrain,Al Amerat Cricket Ground Oman Cricket (Ministry Turf 1),Bahrain,field,T20,2022/23,Saudi Arabia
2022-11-21,Oman,Canada,Al Amerat Cricket Ground Oman Cricket (Ministry Turf 1),Canada,field,T20,2022/23,Canada
2022-11-21,Kenya,Lesotho,Integrated Polytechnic Regional Centre,Kenya,bat,T20,2022/23,Kenya
2022-11-22,St Helena,Lesotho,Integrated Polytechnic Regional Centre,Lesotho,field,T20,2022/23,St Helena
2022-11-22,Seychelles,Malawi,Gahanga International Cricket Stadium. Rwanda,Malawi,field,T20,2022/23,No Result
2022-11-22,New Zealand,India,"McLean Park, Napier",New Zealand,bat,T20,2022/23,No Result
2022-11-22,Mali,Botswana,Gahanga International Cricket Stadium. Rwanda,Botswana,field,T20,2022/23,Botswana
2022-11-24,St Helena,Malawi,Gahanga International Cricket Stadium. Rwanda,Malawi,field,T20,2022/23,Malawi
2022-11-24,Rwanda,Seychelles,Integrated Polytechnic Regional Centre,Rwanda,bat,T20,2022/23,Rwanda
2022-11-24,Botswana,Kenya,Gahanga International Cricket Stadium. Rwanda,Botswana,bat,T20,2022/23,Kenya
2022-11-24,Mali,Rwanda,Integrated Polytechnic Regional Centre,Rwanda,field,T20,2022/23,Rwanda
2022-11-25,Seychelles,Kenya,Gahanga International Cricket Stadium. Rwanda,Seychelles,bat,T20,2022/23,Kenya
2022-11-25,Rwanda,Lesotho,Integrated Polytechnic Regional Centre,Rwanda,bat,T20,2022/23,No Result
2022-12-01,Sierra Leone,Tanzania,Gahanga International Cricket Stadium. Rwanda,Tanzania,field,T20,2022/23,Tanzania
2022-12-01,Mozambique,Nigeria,Gahanga International Cricket Stadium. Rwanda,Nigeria,field,T20,2022/23,Nigeria
2022-12-01,Gambia,Eswatini,Integrated Polytechnic Regional Centre,Eswatini,field,T20,2022/23,Eswatini
2022-12-02,Eswatini,Mozambique,Integrated Polytechnic Regional Centre,Mozambique,field,T20,2022/23,Mozambique
2022-12-02,Sierra Leone,Nigeria,Gahanga International Cricket Stadium. Rwanda,Nigeria,field,T20,2022/23,Nigeria
2022-12-02,Ghana,Mozambique,Integrated Polytechnic Regional Centre,Mozambique,field,T20,2022/23,Mozambique
2022-12-02,Cameroon,Sierra Leone,Gahanga International Cricket Stadium. Rwanda,Sierra Leone,field,T20,2022/23,Sierra Leone
2022-12-04,Ghana,Tanzania,Gahanga International Cricket Stadium. Rwanda,Tanzania,field,T20,2022/23,Tanzania
2022-12-04,Cameroon,Mozambique,Gahanga International Cricket Stadium. Rwanda,Mozambique,field,T20,2022/23,Mozambique
2022-12-04,Nigeria,Eswatini,Integrated Polytechnic Regional Centre,Eswatini,field,T20,2022/23,Nigeria
2022-12-05,Mozambique,Tanzania,Gahanga International Cricket Stadium. Rwanda,Tanzania,field,T20,2022/23,Tanzania
2022-12-05,Sierra Leone,Eswatini,Integrated Polytechnic Regional Centre,Eswatini,field,T20,2022/23,Sierra Leone
2022-12-05,Cameroon,Nigeria,Gahanga International Cricket Stadium. Rwanda,Nigeria,field,T20,2022/23,Nigeria
2022-12-05,Ghana,Sierra Leone,Integrated Polytechnic Regional Centre,Sierra Leone,field,T20,2022/23,Sierra Leone
2022-12-06,Tanzania,Eswatini,Gahanga International Cricket Stadium. Rwanda,Eswatini,field,T20,2022/23,Tanzania
2022-12-06,Gambia,Sierra Leone,Integrated Polytechnic Regional Centre,Sierra Leone,field,T20,2022/23,Sierra Leone
2022-12-06,Gambia,Tanzania,Gahanga International Cricket Stadium. Rwanda,Tanzania,field,T20,2022/23,Tanzania
2022-12-08,Mozambique,Gambia,Integrated Polytechnic Regional Centre,Mozambique,bat,T20,2022/23,Mozambique
2022-12-08,Ghana,Gambia,Gahanga International Cricket Stadium. Rwanda,Ghana,bat,T20,2022/23,Ghana
2022-12-08,Nigeria,Tanzania,Gahanga International Cricket Stadium. Rwanda,Tanzania,field,T20,2022/23,No Result
2022-12-09,Gambia,Cameroon,Integrated Polytechnic Regional Centre,Gambia,bat,T20,2022/23,Gambia
2022-12-09,Ghana,Nigeria,Gahanga International Cricket Stadium. Rwanda,Ghana,bat,T20,2022/23,Nigeria
2022-12-09,Tanzania,Cameroon,Integrated Polytechnic Regional Centre,Tanzania,bat,T20,2022/23,Tanzania
2022-12-13,Tanzania,Rwanda,"Gahanga International Cricket Stadium, Rwanda",Rwanda,field,T20,2022/23,Tanzania
2022-12-14,Uganda,Rwanda,"Gahanga International Cricket Stadium, Rwanda",Rwanda,field,T20,2022/23,Uganda
2022-12-14,Tanzania,Uganda,"Gahanga International Cricket Stadium, Rwanda",Tanzania,bat,T20,2022/23,No Result
2022-12-15,Uganda,Rwanda,"Gahanga International Cricket Stadium, Rwanda",Uganda,bat,T20,2022/23,Uganda
2022-12-15,Uganda,Tanzania,"Gahanga International Cricket Stadium, Rwanda",Tanzania,field,T20,2022/23,Uganda
2022-12-15,Singapore,Qatar,"UKM-YSD Cricket Oval, Bangi",Singapore,bat,T20,2022/23,Qatar
2022-12-16,Qatar,Malaysia,"UKM-YSD Cricket Oval, Bangi",Qatar,bat,T20,2022/23,Malaysia
2022-12-16,Rwanda,Tanzania,"Gahanga International Cricket Stadium, Rwanda",Tanzania,field,T20,2022/23,Rwanda
2022-12-18,Uganda,Tanzania,"Gahanga International Cricket Stadium, Rwanda",Uganda,bat,T20,2022/23,Uganda
2022-12-18,Malaysia,Singapore,"UKM-YSD Cricket Oval, Bangi",Malaysia,bat,T20,2022/23,Malaysia
2022-12-18,Bahrain,Qatar,"UKM-YSD Cricket Oval, Bangi",Qatar,field,T20,2022/23,Bahrain
2022-12-18,Rwanda,Tanzania,"Gahanga International Cricket Stadium, Rwanda",Rwanda,bat,T20,2022/23,Tanzania
2022-12-19,Singapore,Qatar,"UKM-YSD Cricket Oval, Bangi",Qatar,field,T20,2022/23,Qatar
2022-12-19,Bahrain,Malaysia,"UKM-YSD Cricket Oval, Bangi",Bahrain,bat,T20,2022/23,Malaysia
2022-12-19,Uganda,Tanzania,"Gahanga International Cricket Stadium, Rwanda",Uganda,bat,T20,2022/23,Tanzania
2022-12-20,Rwanda,Uganda,"Gahanga International Cricket Stadium, Rwanda",Uganda,field,T20,2022/23,Uganda
2022-12-20,Tanzania,Rwanda,"Gahanga International Cricket Stadium, Rwanda",Tanzania,bat,T20,2022/23,Tanzania
2022-12-21,Singapore,Bahrain,"UKM-YSD Cricket Oval, Bangi",Bahrain,field,T20,2022/23,Bahrain
2022-12-21,Malaysia,Qatar,"UKM-YSD Cricket Oval, Bangi",Malaysia,bat,T20,2022/23,No Result
2022-12-22,Uganda,Tanzania,"Gahanga International Cricket Stadium, Rwanda",Uganda,bat,T20,2022/23,Uganda
2022-12-22,Tanzania,Rwanda,"Gahanga International Cricket Stadium, Rwanda",Rwanda,field,T20,2022/23,Tanzania
2022-12-22,Malaysia,Singapore,"UKM-YSD Cricket Oval, Bangi",Malaysia,bat,T20,2022/23,Malaysia
2022-12-22,Bahrain,Qatar,"UKM-YSD Cricket Oval, Bangi",Qatar,field,T20,2022/23,No Result
2022-12-23,Singapore,Qatar,"UKM-YSD Cricket Oval, Bangi",Qatar,field,T20,2022/23,Qatar
2022-12-23,Malaysia,Bahrain,"UKM-YSD Cricket Oval, Bangi",Malaysia,bat,T20,2022/23,Bahrain
2022-12-23,Uganda,Rwanda,"Gahanga International Cricket Stadium, Rwanda",Rwanda,field,T20,2022/23,Uganda
2023-01-03,India,Sri Lanka,"Wankhede Stadium, Mumbai",Sri Lanka,field,T20,2022/23,India
2023-01-05,Sri Lanka,India,"Maharashtra Cricket Association Stadium, Pune",India,field,T20,2022/23,Sri Lanka
2023-01-07,India,Sri Lanka,"Saurashtra Cricket Association Stadium, Rajkot",India,bat,T20,2022/23,India
2023-01-12,Ireland,Zimbabwe,Harare Sports Club,Zimbabwe,field,T20,2022/23,Zimbabwe
2023-01-14,Zimbabwe,Ireland,Harare Sports Club,Ireland,field,T20,2022/23,Ireland
2023-01-15,Ireland,Zimbabwe,Harare Sports Club,Zimbabwe,field,T20,2022/23,Zimbabwe
2023-01-27,New Zealand,India,"JSCA International Stadium Complex, Ranchi",India,field,T20,2022/23,New Zealand
2023-01-29,New Zealand,India,"Bharat Ratna Shri Atal Bihari Vajpayee Ekana Cricket Stadium, Lucknow",New Zealand,bat,T20,2022/23,India
2023-02-01,India,New Zealand,"Narendra Modi Stadium, Ahmedabad",India,bat,T20,2022/23,India
2023-02-16,United Arab Emirates,Afghanistan,Abu Dhabi,,,T20,2023,Afghanistan
2023-02-18,United Arab Emirates,Afghanistan,Abu Dhabi,,,T20,2023,United Arab Emirates
2023-02-19,United Arab Emirates,Afghanistan,Abu Dhabi,,,T20,2023,Afghanistan
2023-02-21,Argentina,Bermuda,"St Albans Club, Buenos Aires",Argentina,bat,T20,2022/23,Bermuda
2023-02-22,Bermuda,Argentina,"Belgrano Athletic Club Ground, Buenos Aires",Argentina,field,T20,2022/23,Bermuda
2023-02-24,Spain,Isle of Man,La Manga Club Bottom Ground,Spain,bat,T20,2022/23,No Result
2023-02-25,Bermuda,Cayman Islands,"St Albans Club, Buenos Aires",Bermuda,bat,T20,2022/23,Bermuda
2023-02-25,Panama,Argentina,"Hurlingham Club Ground, Buenos Aires",Argentina,field,T20,2022/23,Panama
2023-02-25,Isle of Man,Spain,La Manga Club Bottom Ground,Isle of Man,bat,T20,2022/23,Spain
2023-02-25,Isle of Man,Spain,La Manga Club Bottom Ground,Isle of Man,bat,T20,2022/23,Spain
2023-02-26,Isle of Man,Spain,La Manga Club Bottom Ground,Spain,field,T20,2022/23,Spain
2023-02-26,Bermuda,Argentina,"Belgrano Athletic Club Ground, Buenos Aires",Bermuda,bat,T20,2022/23,Bermuda
2023-02-26,Panama,Bahamas,"Hurlingham Club Ground, Buenos Aires",Panama,bat,T20,2022/23,Bahamas
2023-02-26,Isle of Man,Spain,La Manga Club Bottom Ground,Spain,field,T20,2022/23,Spain
2023-02-28,Cayman Islands,Bahamas,"St Albans Club, Buenos Aires",Cayman Islands,bat,T20,2022/23,Cayman Islands
2023-02-28,Bermuda,Panama,"Belgrano Athletic Club Ground, Buenos Aires",Bermuda,bat,T20,2022/23,Bermuda
2023-03-02,Cayman Islands,Panama,"Hurlingham Club Ground, Buenos Aires",Cayman Islands,bat,T20,2022/23,Cayman Islands
2023-03-02,Argentina,Bahamas,"St Albans Club, Buenos Aires",Argentina,bat,T20,2022/23,Argentina
2023-03-04,Argentina,Cayman Islands,"Belgrano Athletic Club Ground, Buenos Aires",Argentina,bat,T20,2022/23,Cayman Islands
2023-03-04,Bahamas,Bermuda,"Hurlingham Club Ground, Buenos Aires",Bermuda,field,T20,2022/23,Bermuda
2023-03-08,Hong Kong,Bahrain,"Mission Road Ground, Mong Kok, Hong Kong",Bahrain,field,T20,2022/23,Hong Kong
2023-03-08,Kuwait,Malaysia,"Mission Road Ground, Mong Kok, Hong Kong",Malaysia,field,T20,2022/23,Malaysia
2023-03-09,England,Bangladesh,"Zahur Ahmed Chowdhury Stadium, Chattogram",Bangladesh,field,T20,2022/23,Bangladesh
2023-03-09,Hong Kong,Kuwait,"Mission Road Ground, Mong Kok, Hong Kong",Kuwait,field,T20,2022/23,Hong Kong
2023-03-09,Malaysia,Bahrain,"Mission Road Ground, Mong Kok, Hong Kong",Bahrain,field,T20,2022/23,Malaysia
2023-03-11,Kuwait,Bahrain,"Mission Road Ground, Mong Kok, Hong Kong",Bahrain,field,T20,2022/23,Bahrain
2023-03-11,Malaysia,Hong Kong,"Mission Road Ground, Mong Kok, Hong Kong",Hong Kong,field,T20,2022/23,Hong Kong
2023-03-12,England,Bangladesh,"Shere Bangla National Stadium, Mirpur",Bangladesh,field,T20,2022/23,Bangladesh
2023-03-12,Hong Kong,Malaysia,"Mission Road Ground, Mong Kok, Hong Kong",Malaysia,field,T20,2022/23,Hong Kong
2023-03-12,Bahrain,Kuwait,"Mission Road Ground, Mong Kok, Hong Kong",Kuwait,field,T20,2022/23,Kuwait
2023-03-14,Bangladesh,England,"Shere Bangla National Stadium, Mirpur",England,field,T20,2022/23,Bangladesh
2023-03-24,Afghanistan,Pakistan,Sharjah,,,T20,2023,Afghanistan
2023-03-25,South Africa,West Indies,"SuperSport Park, Centurion",West Indies,field,T20,2022/23,West Indies
2023-03-26,West Indies,South Africa,"SuperSport Park, Centurion",South Africa,field,T20,2022/23,South Africa
2023-03-26,Afghanistan,Pakistan,Sharjah,,,T20,2023,Afghanistan
2023-03-27,Bangladesh,Ireland,"Zahur Ahmed Chowdhury Stadium, Chattogram",Ireland,field,T20,2022/23,Bangladesh
2023-03-27,Afghanistan,Pakistan,Sharjah,,,T20,2023,Pakistan
2023-03-28,West Indies,South Africa,"The Wanderers Stadium, Johannesburg",South Africa,field,T20,2022/23,West Indies
2023-03-29,Bangladesh,Ireland,"Zahur Ahmed Chowdhury Stadium, Chattogram",Ireland,field,T20,2022/23,Bangladesh
2023-03-31,Bangladesh,Ireland,"Zahur Ahmed Chowdhury Stadium, Chattogram",Bangladesh,bat,T20,2022/23,Ireland
2023-04-02,Sri Lanka,New Zealand,"Eden Park, Auckland",New Zealand,field,T20,2022/23,No Result
2023-04-05,Sri Lanka,New Zealand,"University Oval, Dunedin",New Zealand,field,T20,2022/23,New Zealand
2023-04-08,Sri Lanka,New Zealand,"John Davies Oval, Queenstown",New Zealand,field,T20,2022/23,New Zealand
2023-04-10,Portugal,Gibraltar,Santarem Cricket Ground,Portugal,bat,T20,2023,Portugal
2023-04-11,Gibraltar,Portugal,Santarem Cricket Ground,Gibraltar,bat,T20,2023,Portugal
2023-04-11,Gibraltar,Portugal,Santarem Cricket Ground,Gibraltar,bat,T20,2023,Portugal
2023-04-14,Pakistan,New Zealand,"Gaddafi Stadium, Lahore",Pakistan,bat,T20,2023,Pakistan
2023-04-15,Pakistan,New Zealand,"Gaddafi Stadium, Lahore",Pakistan,bat,T20,2023,Pakistan
2023-04-17,New Zealand,Pakistan,"Gaddafi Stadium, Lahore",New Zealand,bat,T20,2023,New Zealand
2023-04-20,New Zealand,Pakistan,Rawalpindi Cricket Stadium,Pakistan,field,T20,2023,No Result
2023-04-24,Pakistan,New Zealand,Rawalpindi Cricket Stadium,New Zealand,field,T20,2023,New Zealand
2023-05-04,Gibraltar,Portugal,Europa Sports Complex,Gibraltar,bat,T20,2023,Portugal
2023-05-04,Portugal,Malta,Europa Sports Complex,Malta,field,T20,2023,Portugal
2023-05-05,Gibraltar,Malta,Europa Sports Complex,Gibraltar,bat,T20,2023,Gibraltar
2023-05-05,Portugal,Malta,Europa Sports Complex,Portugal,bat,T20,2023,Portugal
2023-05-06,Gibraltar,Portugal,Europa Sports Complex,Gibraltar,bat,T20,2023,Portugal
2023-05-06,Malta,Portugal,Europa Sports Complex,Malta,bat,T20,2023,Portugal
2023-05-06,Gibraltar,Malta,Europa Sports Complex,Gibraltar,bat,T20,2023,Gibraltar
2023-05-07,Gibraltar,Portugal,Europa Sports Complex,Gibraltar,bat,T20,2023,Portugal
2023-05-07,Malta,Gibraltar,Europa Sports Complex,Malta,bat,T20,2023,Malta
2023-05-18,Denmark,Finland,"Svanholm Park, Brondby",Denmark,bat,T20,2023,Denmark
2023-05-18,Norway,Denmark,"Svanholm Park, Brondby",Norway,bat,T20,2023,Denmark
2023-05-19,Finland,Denmark,"Svanholm Park, Brondby",Finland,bat,T20,2023,Denmark
2023-05-19,Denmark,Sweden,"Svanholm Park, Brondby",Sweden,field,T20,2023,Sweden
2023-05-20,Finland,Norway,"Solvangs Park, Glostrup",Finland,bat,T20,2023,Norway
2023-05-21,Sweden,Finland,"Solvangs Park, Glostrup",Finland,field,T20,2023,No Result
2023-06-10,Kenya,Uganda,"Gymkhana Club Ground, Nairobi",Kenya,bat,T20,2023,Kenya
2023-06-10,Belgium,Germany,Bayer Uerdingen Cricket Ground,Germany,field,T20,2023,Germany
2023-06-11,Czech Republic,Hungary,"Scott Page Field, Vinor",Hungary,field,T20,2023,No Result
2023-06-11,Belgium,Germany,Bayer Uerdingen Cricket Ground,Germany,field,T20,2023,Germany
2023-06-11,Hungary,Czech Republic,"Scott Page Field, Vinor",Hungary,bat,T20,2023,Czech Republic
2023-06-11,Botswana,Kenya,"Gymkhana Club Ground, Nairobi",Botswana,bat,T20,2023,Kenya
2023-06-11,Rwanda,Uganda,"Gymkhana Club Ground, Nairobi",Rwanda,bat,T20,2023,Uganda
2023-06-13,Uganda,Kenya,"Gymkhana Club Ground, Nairobi",Uganda,bat,T20,2023,Uganda
2023-06-13,Rwanda,Botswana,"Gymkhana Club Ground, Nairobi",Botswana,field,T20,2023,Rwanda
2023-06-14,Uganda,Botswana,"Gymkhana Club Ground, Nairobi",Uganda,bat,T20,2023,Uganda
2023-06-14,Rwanda,Kenya,"Gymkhana Club Ground, Nairobi",Rwanda,bat,T20,2023,Kenya
2023-06-15,Rwanda,Uganda,"Gymkhana Club Ground, Nairobi",Uganda,field,T20,2023,Uganda
2023-06-15,Botswana,Kenya,"Gymkhana Club Ground, Nairobi",Botswana,bat,T20,2023,Botswana
2023-06-17,Rwanda,Kenya,"Gymkhana Club Ground, Nairobi",Rwanda,bat,T20,2023,Kenya
2023-06-17,Botswana,Uganda,"Gymkhana Club Ground, Nairobi",Botswana,bat,T20,2023,Uganda
2023-06-18,Kenya,Uganda,"Gymkhana Club Ground, Nairobi",Kenya,bat,T20,2023,Uganda
2023-06-18,Botswana,Rwanda,"Gymkhana Club Ground, Nairobi",Botswana,bat,T20,2023,Rwanda
2023-06-19,Uganda,Rwanda,"Gymkhana Club Ground, Nairobi",Uganda,bat,T20,2023,Uganda
2023-06-19,Botswana,Kenya,"Gymkhana Club Ground, Nairobi",Botswana,bat,T20,2023,Kenya
2023-06-21,Uganda,Kenya,"Gymkhana Club Ground, Nairobi",Uganda,bat,T20,2023,Uganda
2023-06-23,Serbia,Turkey,"National Sports Academy, Sofia",Serbia,bat,T20,2023,Serbia
2023-06-23,Bulgaria,Serbia,"National Sports Academy, Sofia",Serbia,field,T20,2023,Serbia
2023-06-23,Croatia,Bulgaria,"National Sports Academy, Sofia",Bulgaria,field,T20,2023,Bulgaria
2023-06-24,Croatia,Turkey,"National Sports Academy, Sofia",Croatia,bat,T20,2023,Turkey
2023-06-24,Croatia,Serbia,"National Sports Academy, Sofia",Croatia,bat,T20,2023,Serbia
2023-06-24,Turkey,Bulgaria,"National Sports Academy, Sofia",Bulgaria,field,T20,2023,Bulgaria
2023-06-29,Austria,Germany,"Sportpark Het Schootsveld, Deventer",Germany,field,T20,2023,Germany
2023-06-30,Austria,Germany,"Sportpark Het Schootsveld, Deventer",Germany,field,T20,2023,Germany
2023-07-10,France,Malta,Marsa Sports Club,Malta,field,T20,2023,France
2023-07-10,Malta,France,Marsa Sports Club,Malta,bat,T20,2023,Malta
2023-07-11,Malta,Luxembourg,Marsa Sports Club,Luxembourg,field,T20,2023,Malta
2023-07-11,France,Luxembourg,Marsa Sports Club,France,bat,T20,2023,France
2023-07-12,France,Malta,Marsa Sports Club,France,bat,T20,2023,France
2023-07-12,Luxembourg,France,Marsa Sports Club,Luxembourg,bat,T20,2023,France
2023-07-12,Malta,Luxembourg,Marsa Sports Club,Malta,bat,T20,2023,Luxembourg
2023-07-13,Romania,Switzerland,Marsa Sports Club,Switzerland,field,T20,2023,Switzerland
2023-07-13,Luxembourg,Malta,Marsa Sports Club,Malta,field,T20,2023,Malta
2023-07-13,France,Romania,Marsa Sports Club,France,bat,T20,2023,France
2023-07-14,Luxembourg,Switzerland,Marsa Sports Club,Switzerland,field,T20,2023,Switzerland
2023-07-14,Malta,Romania,Marsa Sports Club,Malta,bat,T20,2023,Malta
2023-07-14,France,Switzerland,Marsa Sports Club,France,bat,T20,2023,Switzerland
2023-07-14,Afghanistan,Bangladesh,N)-Afghanistan in Bangladesh T20I Series 2023 1st T20I (D/N)-Afghanistan in Bangladesh T20I Series 2023 T20I 1ST Sylhet International Cricket Stadium,,,T20,2023,Bangladesh
2023-07-15,France,Luxembourg,Marsa Sports Club,France,bat,T20,2023,Luxembourg
2023-07-15,Romania,Luxembourg,Marsa Sports Club,Romania,bat,T20,2023,Luxembourg
2023-07-15,Malta,Switzerland,Marsa Sports Club,Switzerland,field,T20,2023,Switzerland
2023-07-16,Luxembourg,Romania,Marsa Sports Club,Romania,field,T20,2023,Romania
2023-07-16,Afghanistan,Bangladesh,N)-Afghanistan in Bangladesh T20I Series 2023 2nd T20I (D/N)-Afghanistan in Bangladesh T20I Series 2023 T20I 2ND Sylhet International Cricket Stadium,,,T20,2023,Bangladesh
2023-07-16,Malta,Switzerland,Marsa Sports Club,Malta,bat,T20,2023,Switzerland
2023-07-16,France,Malta,Marsa Sports Club,France,bat,T20,2023,Malta
2023-07-20,Austria,Jersey,"Grange Cricket Club Ground, Raeburn Place, Edinburgh",Jersey,field,T20,2023,Jersey
2023-07-20,Scotland,Germany,"Goldenacre, Edinburgh",Germany,field,T20,2023,Scotland
2023-07-20,Ireland,Italy,"Goldenacre, Edinburgh",Italy,field,T20,2023,Ireland
2023-07-21,Denmark,Ireland,"Grange Cricket Club Ground, Raeburn Place, Edinburgh",Denmark,bat,T20,2023,Ireland
2023-07-21,Austria,Germany,"Goldenacre, Edinburgh",Austria,bat,T20,2023,Germany
2023-07-21,Scotland,Jersey,"Grange Cricket Club Ground, Raeburn Place, Edinburgh",Jersey,field,T20,2023,Scotland
2023-07-22,Vanuatu,Papua New Guinea,"Amini Park, Port Moresby",Vanuatu,bat,T20,2023,Papua New Guinea
2023-07-22,Japan,Philippines,"Amini Park, Port Moresby",Japan,bat,T20,2023,Japan
2023-07-23,Japan,Vanuatu,"Amini Park, Port Moresby",Vanuatu,field,T20,2023,Japan
2023-07-23,Denmark,Germany,"Grange Cricket Club Ground, Raeburn Place, Edinburgh",Denmark,bat,T20,2023,Germany
2023-07-23,Italy,Jersey,"Goldenacre, Edinburgh",Jersey,field,T20,2023,Italy
2023-07-23,Ireland,Austria,"Grange Cricket Club Ground, Raeburn Place, Edinburgh",Austria,field,T20,2023,Ireland
2023-07-24,Jersey,Ireland,"Goldenacre, Edinburgh",Ireland,field,T20,2023,Ireland
2023-07-24,Scotland,Italy,"Grange Cricket Club Ground, Raeburn Place, Edinburgh",Italy,field,T20,2023,Scotland
2023-07-24,Austria,Denmark,"Goldenacre, Edinburgh",Denmark,field,T20,2023,Denmark
2023-07-25,Japan,Papua New Guinea,"Amini Park, Port Moresby",Japan,bat,T20,2023,Papua New Guinea
2023-07-25,Jersey,Germany,"Grange Cricket Club Ground, Raeburn Place, Edinburgh",Germany,field,T20,2023,Jersey
2023-07-25,Scotland,Austria,"Goldenacre, Edinburgh",Austria,field,T20,2023,Scotland
2023-07-25,Italy,Denmark,"Grange Cricket Club Ground, Raeburn Place, Edinburgh",Denmark,field,T20,2023,Italy
2023-07-25,Vanuatu,Philippines,"Amini Park, Port Moresby",Vanuatu,bat,T20,2023,Philippines
2023-07-26,Papua New Guinea,Vanuatu,"Amini Park, Port Moresby",Papua New Guinea,bat,T20,2023,Papua New Guinea
2023-07-26,Bhutan,Myanmar,"Bayuemas Oval, Kuala Lumpur",Bhutan,bat,T20,2023,Bhutan
2023-07-26,Japan,Philippines,"Amini Park, Port Moresby",Japan,bat,T20,2023,Japan
2023-07-26,China,Malaysia,"Bayuemas Oval, Kuala Lumpur",China,bat,T20,2023,Malaysia
2023-07-27,Malaysia,Bhutan,"Bayuemas Oval, Kuala Lumpur",Bhutan,field,T20,2023,Malaysia
2023-07-27,China,Thailand,"Bayuemas Oval, Kuala Lumpur",Thailand,field,T20,2023,Thailand
2023-07-27,Scotland,Denmark,"Grange Cricket Club Ground, Raeburn Place, Edinburgh",Denmark,field,T20,2023,Scotland
2023-07-28,Scotland,Ireland,"Grange Cricket Club Ground, Raeburn Place, Edinburgh",Ireland,field,T20,2023,Scotland
2023-07-28,Jersey,Denmark,"Goldenacre, Edinburgh",Denmark,field,T20,2023,Jersey
2023-07-28,Japan,Vanuatu,"Amini Park, Port Moresby",Vanuatu,field,T20,2023,Vanuatu
2023-07-28,Papua New Guinea,Philippines,"Amini Park, Port Moresby",Philippines,field,T20,2023,Papua New Guinea
2023-07-28,Thailand,Myanmar,"Bayuemas Oval, Kuala Lumpur",Myanmar,field,T20,2023,Thailand
2023-07-28,Germany,Italy,"Grange Cricket Club Ground, Raeburn Place, Edinburgh",Italy,field,T20,2023,Italy
2023-07-29,Japan,Papua New Guinea,"Amini Park, Port Moresby",Japan,bat,T20,2023,Papua New Guinea
2023-07-29,Philippines,Vanuatu,"Amini Park, Port Moresby",Philippines,bat,T20,2023,Vanuatu
2023-07-30,Malaysia,Myanmar,"Bayuemas Oval, Kuala Lumpur",Myanmar,field,T20,2023,Malaysia
2023-07-30,Bhutan,China,"Bayuemas Oval, Kuala Lumpur",Bhutan,bat,T20,2023,Bhutan
2023-07-31,Myanmar,China,"Bayuemas Oval, Kuala Lumpur",China,field,T20,2023,China
2023-07-31,Bhutan,Thailand,"Bayuemas Oval, Kuala Lumpur",Thailand,field,T20,2023,Thailand
2023-08-01,Thailand,Malaysia,"Bayuemas Oval, Kuala Lumpur",Malaysia,field,T20,2023,Malaysia
2023-08-03,West Indies,India,"Brian Lara Stadium, Tarouba, Trinidad",West Indies,bat,T20,2023,West Indies
2023-08-05,Hungary,Croatia,"GB Oval, Szodliget",Hungary,bat,T20,2023,Hungary
2023-08-06,India,West Indies,"Providence Stadium, Guyana",India,bat,T20,2023,West Indies
2023-08-06,Croatia,Hungary,"GB Oval, Szodliget",Croatia,bat,T20,2023,Hungary
2023-08-08,West Indies,India,"Providence Stadium, Guyana",West Indies,bat,T20,2023,India
2023-08-12,West Indies,India,"Central Broward Regional Park Stadium Turf Ground, Lauderhill",West Indies,bat,T20,2023,India
2023-08-13,India,West Indies,"Central Broward Regional Park Stadium Turf Ground, Lauderhill",India,bat,T20,2023,West Indies
2023-08-14,Guernsey,Germany,"Sportpark Het Schootsveld, Deventer",Germany,field,T20,2023,Germany
2023-08-14,Germany,Guernsey,"Sportpark Het Schootsveld, Deventer",Germany,bat,T20,2023,Guernsey
2023-08-15,Guernsey,Germany,"Sportpark Het Schootsveld, Deventer",Guernsey,bat,T20,2023,Guernsey
2023-08-17,New Zealand,United Arab Emirates,Dubai International Cricket Stadium,United Arab Emirates,field,T20,2023,New Zealand
2023-08-18,Romania,Malta,"Moara Vlasiei Cricket Ground, Ilfov County",Romania,bat,T20,2023,Malta
2023-08-18,Ireland,India,"Malahide, Dublin",India,field,T20,2023,India
2023-08-19,Romania,Malta,"Moara Vlasiei Cricket Ground, Ilfov County",Romania,bat,T20,2023,Malta
2023-08-19,Malta,Romania,"Moara Vlasiei Cricket Ground, Ilfov County",Romania,field,T20,2023,Romania
2023-08-19,New Zealand,United Arab Emirates,Dubai International Cricket Stadium,United Arab Emirates,field,T20,2023,United Arab Emirates
2023-08-20,Malta,Romania,"Moara Vlasiei Cricket Ground, Ilfov County",Romania,field,T20,2023,Romania
2023-08-20,Romania,Malta,"Moara Vlasiei Cricket Ground, Ilfov County",Malta,field,T20,2023,Romania
2023-08-20,Uganda,Rwanda,"Gahanga International Cricket Stadium, Rwanda",Uganda,bat,T20,2023,Uganda
2023-08-20,Tanzania,Uganda,"Gahanga International Cricket Stadium, Rwanda",Tanzania,bat,T20,2023,Uganda
2023-08-20,India,Ireland,"Malahide, Dublin",Ireland,field,T20,2023,India
2023-08-20,New Zealand,United Arab Emirates,Dubai International Cricket Stadium,United Arab Emirates,field,T20,2023,New Zealand
2023-08-21,Uganda,Tanzania,"Gahanga International Cricket Stadium, Rwanda",Uganda,bat,T20,2023,Tanzania
2023-08-22,Uganda,Rwanda,"Gahanga International Cricket Stadium, Rwanda",Rwanda,field,T20,2023,Uganda
2023-08-22,Rwanda,Tanzania,"Gahanga International Cricket Stadium, Rwanda",Tanzania,field,T20,2023,Tanzania
2023-08-24,Uganda,Rwanda,"Gahanga International Cricket Stadium, Rwanda",Rwanda,field,T20,2023,Uganda
2023-08-24,Uganda,Tanzania,"Gahanga International Cricket Stadium, Rwanda",Tanzania,field,T20,2023,Uganda
2023-08-25,Rwanda,Tanzania,"Gahanga International Cricket Stadium, Rwanda",Tanzania,field,T20,2023,Tanzania
2023-08-25,Uganda,Tanzania,"Gahanga International Cricket Stadium, Rwanda",Uganda,bat,T20,2023,Uganda
2023-08-27,Rwanda,Uganda,"Gahanga International Cricket Stadium, Rwanda",Rwanda,bat,T20,2023,Uganda
2023-08-27,Tanzania,Rwanda,"Gahanga International Cricket Stadium, Rwanda",Rwanda,field,T20,2023,Tanzania
2023-08-28,Rwanda,Uganda,"Gahanga International Cricket Stadium, Rwanda",Rwanda,bat,T20,2023,Uganda
2023-08-28,Uganda,Tanzania,"Gahanga International Cricket Stadium, Rwanda",Uganda,bat,T20,2023,Uganda
2023-08-30,New Zealand,England,"Riverside Ground, Chester-le-Street",England,field,T20,2023,England
2023-08-30,Australia,South Africa,"Kingsmead, Durban",South Africa,field,T20,2023/24,Australia
2023-08-30,Tanzania,Rwanda,"Gahanga International Cricket Stadium, Rwanda",Rwanda,field,T20,2023,Tanzania
2023-08-30,Uganda,Tanzania,"Gahanga International Cricket Stadium, Rwanda",Tanzania,field,T20,2023,Uganda
2023-08-31,Rwanda,Uganda,"Gahanga International Cricket Stadium, Rwanda",Rwanda,bat,T20,2023,Uganda
2023-08-31,Tanzania,Rwanda,"Gahanga International Cricket Stadium, Rwanda",Tanzania,bat,T20,2023,Tanzania
2023-09-01,England,New Zealand,"Old Trafford, Manchester",England,bat,T20,2023,England
2023-09-01,South Africa,Australia,"Kingsmead, Durban",Australia,field,T20,2023/24,Australia
2023-09-03,New Zealand,England,"Edgbaston, Birmingham",New Zealand,bat,T20,2023,New Zealand
2023-09-03,South Africa,Australia,"Kingsmead, Durban",South Africa,bat,T20,2023/24,Australia
2023-09-05,England,New Zealand,"Trent Bridge, Nottingham",England,bat,T20,2023,New Zealand
2023-09-15,Saudi Arabia,Kuwait,"West End Park International Cricket Stadium, Doha",Saudi Arabia,bat,T20,2023,Kuwait
2023-09-15,Qatar,Bahrain,"West End Park International Cricket Stadium, Doha",Bahrain,field,T20,2023,Qatar
2023-09-16,Bahrain,Kuwait,"West End Park International Cricket Stadium, Doha",Kuwait,field,T20,2023,Kuwait
2023-09-18,Qatar,Kuwait,"West End Park International Cricket Stadium, Doha",Kuwait,field,T20,2023,Qatar
2023-09-18,Saudi Arabia,Bahrain,"West End Park International Cricket Stadium, Doha",Saudi Arabia,bat,T20,2023,Bahrain
2023-09-19,Bahrain,Oman,"West End Park International Cricket Stadium, Doha",Oman,field,T20,2023,Bahrain
2023-09-19,Malaysia,Hong Kong,"Bayuemas Oval, Kuala Lumpur",Hong Kong,field,T20,2023,Malaysia
2023-09-20,United Arab Emirates,Qatar,"West End Park International Cricket Stadium, Doha",United Arab Emirates,bat,T20,2023,United Arab Emirates
2023-09-20,Malaysia,Papua New Guinea,"Bayuemas Oval, Kuala Lumpur",Malaysia,bat,T20,2023,Papua New Guinea
2023-09-22,Oman,Kuwait,"West End Park International Cricket Stadium, Doha",Oman,bat,T20,2023,Oman
2023-09-22,Malaysia,Hong Kong,"Bayuemas Oval, Kuala Lumpur",Malaysia,bat,T20,2023,Malaysia
2023-09-22,Bahrain,United Arab Emirates,"West End Park International Cricket Stadium, Doha",Bahrain,bat,T20,2023,Bahrain
2023-09-23,United Arab Emirates,Oman,"West End Park International Cricket Stadium, Doha",United Arab Emirates,bat,T20,2023,Oman
2023-09-23,Malaysia,Papua New Guinea,"Bayuemas Oval, Kuala Lumpur",Malaysia,bat,T20,2023,Papua New Guinea
2023-09-24,Hong Kong,Papua New Guinea,"Bayuemas Oval, Kuala Lumpur",Papua New Guinea,field,T20,2023,Papua New Guinea
2023-09-27,Nepal,Mongolia,Zhejiang University of Technology Cricket Field,Mongolia,field,T20,2023,Nepal
2023-09-28,Qatar,Kuwait,"West End Park International Cricket Stadium, Doha",Kuwait,field,T20,2023/24,Kuwait
2023-09-29,Maldives,Kuwait,"West End Park International Cricket Stadium, Doha",Kuwait,field,T20,2023/24,Kuwait
2023-09-30,Panama,Cayman Islands,"White Hill Field, Sandys Parish",Panama,bat,T20,2023/24,Cayman Islands
2023-09-30,Bermuda,Canada,"White Hill Field, Sandys Parish",Canada,field,T20,2023/24,Bermuda
2023-09-30,Estonia,Gibraltar,Europa Sports Complex,Gibraltar,field,T20,2023,Gibraltar
2023-09-30,Gibraltar,Estonia,Europa Sports Complex,Estonia,field,T20,2023,Estonia
2023-10-01,Kuwait,Saudi Arabia,"West End Park International Cricket Stadium, Doha",Kuwait,bat,T20,2023/24,Saudi Arabia
2023-10-01,Maldives,Qatar,"West End Park International Cricket Stadium, Doha",Qatar,field,T20,2023/24,Qatar
2023-10-01,Panama,Bermuda,"White Hill Field, Sandys Parish",Panama,bat,T20,2023/24,Bermuda
2023-10-01,Canada,Cayman Islands,"White Hill Field, Sandys Parish",Canada,bat,T20,2023/24,Canada
2023-10-02,Maldives,Saudi Arabia,"West End Park International Cricket Stadium, Doha",Maldives,bat,T20,2023/24,Saudi Arabia
2023-10-02,Qatar,Kuwait,"West End Park International Cricket Stadium, Doha",Kuwait,field,T20,2023/24,Kuwait
2023-10-03,Bermuda,Cayman Islands,"National Stadium, Hamilton",Bermuda,bat,T20,2023/24,Bermuda
2023-10-03,Pakistan,Hong Kong,Zhejiang University of Technology Cricket Field,Hong Kong,field,T20,2023,Pakistan
2023-10-03,India,Nepal,Zhejiang University of Technology Cricket Field,India,bat,T20,2023,India
2023-10-03,Canada,Panama,"National Stadium, Hamilton",Canada,bat,T20,2023/24,Canada
2023-10-04,Bangladesh,Malaysia,Zhejiang University of Technology Cricket Field,Bangladesh,bat,T20,2023,Bangladesh
2023-10-04,Afghanistan,Sri Lanka,in China) 2023 3rd Quarter-Final -Asian Games Men&#x27;s Cricket Competition (in China) 2023 T20I 3RD Zhejiang University of Technology Cricket Field,,,T20,2023,Afghanistan
2023-10-04,Maldives,Kuwait,"West End Park International Cricket Stadium, Doha",Kuwait,field,T20,2023/24,Kuwait
2023-10-04,Canada,Cayman Islands,"National Stadium, Hamilton",Canada,bat,T20,2023/24,Canada
2023-10-04,Panama,Bermuda,"National Stadium, Hamilton",Bermuda,field,T20,2023/24,Bermuda
2023-10-04,Nigeria,Rwanda,"Tafawa Balewa Square Cricket Oval, Lagos",Nigeria,bat,T20,2023/24,Nigeria
2023-10-04,Sierra Leone,Ghana,"Tafawa Balewa Square Cricket Oval, Lagos",Ghana,field,T20,2023/24,Ghana
2023-10-05,Rwanda,Ghana,"Tafawa Balewa Square Cricket Oval, Lagos",Rwanda,bat,T20,2023/24,No Result
2023-10-05,Qatar,Maldives,"West End Park International Cricket Stadium, Doha",Maldives,field,T20,2023/24,Qatar
2023-10-05,Serbia,Gibraltar,Europa Sports Complex,Serbia,bat,T20,2023/24,Gibraltar
2023-10-05,Nigeria,Sierra Leone,"Tafawa Balewa Square Cricket Oval, Lagos",Sierra Leone,field,T20,2023/24,Nigeria
2023-10-05,Saudi Arabia,Kuwait,"West End Park International Cricket Stadium, Doha",Kuwait,field,T20,2023/24,Kuwait
2023-10-05,Serbia,Gibraltar,Europa Sports Complex,Gibraltar,field,T20,2023/24,Gibraltar
2023-10-06,Pakistan,Afghanistan,n (in China) 2023 2nd Semi-Final -Asian Games Men&#x27;s Cricket Competition (in China) 2023 T20I 2ND Zhejiang University of Technology Cricket Field,,,T20,2023,Afghanistan
2023-10-06,Bangladesh,India,Zhejiang University of Technology Cricket Field,India,field,T20,2023,India
2023-10-06,Rwanda,Sierra Leone,"Tafawa Balewa Square Cricket Oval, Lagos",Rwanda,bat,T20,2023/24,Rwanda
2023-10-06,Nigeria,Ghana,"Tafawa Balewa Square Cricket Oval, Lagos",Ghana,field,T20,2023/24,Nigeria
2023-10-07,Afghanistan,India,petition (in China) 2023 Final -Asian Games Men&#x27;s Cricket Competition (in China) 2023 T20I FINAL Zhejiang University of Technology Cricket Field,,,T20,2023,No Result
2023-10-07,Canada,Bermuda,"National Stadium, Hamilton",Canada,bat,T20,2023/24,Canada
2023-10-07,Rwanda,Nigeria,"Tafawa Balewa Square Cricket Oval, Lagos",Nigeria,field,T20,2023/24,Nigeria
2023-10-07,Pakistan,Bangladesh,Zhejiang University of Technology Cricket Field,Bangladesh,field,T20,2023,Bangladesh
2023-10-08,Rwanda,Ghana,"Tafawa Balewa Square Cricket Oval, Lagos",Rwanda,bat,T20,2023/24,Rwanda
2023-10-08,Sierra Leone,Nigeria,"Tafawa Balewa Square Cricket Oval, Lagos",Sierra Leone,bat,T20,2023/24,Nigeria
2023-10-10,Nigeria,Ghana,"Tafawa Balewa Square Cricket Oval, Lagos",Nigeria,bat,T20,2023/24,Nigeria
2023-10-10,Sierra Leone,Rwanda,"Tafawa Balewa Square Cricket Oval, Lagos",Sierra Leone,bat,T20,2023/24,Sierra Leone
2023-10-11,Ghana,Nigeria,"Tafawa Balewa Square Cricket Oval, Lagos",Nigeria,field,T20,2023/24,Nigeria
2023-10-11,Sierra Leone,Rwanda,"Tafawa Balewa Square Cricket Oval, Lagos",Sierra Leone,bat,T20,2023/24,Rwanda
2023-10-12,Nigeria,Sierra Leone,"Tafawa Balewa Square Cricket Oval, Lagos",Sierra Leone,field,T20,2023/24,Nigeria
2023-10-12,Ghana,Rwanda,"Tafawa Balewa Square Cricket Oval, Lagos",Ghana,bat,T20,2023/24,Rwanda
2023-10-14,Ghana,Sierra Leone,"Tafawa Balewa Square Cricket Oval, Lagos",Sierra Leone,field,T20,2023/24,Ghana
2023-10-14,Rwanda,Nigeria,"Tafawa Balewa Square Cricket Oval, Lagos",Nigeria,field,T20,2023/24,Nigeria
2023-10-15,Luxembourg,Gibraltar,Europa Sports Complex,Luxembourg,bat,T20,2023/24,Luxembourg
2023-10-15,Gibraltar,Luxembourg,Europa Sports Complex,Luxembourg,field,T20,2023/24,Gibraltar
2023-10-15,Nigeria,Rwanda,"Tafawa Balewa Square Cricket Oval, Lagos",Nigeria,bat,T20,2023/24,Nigeria
2023-10-15,Ghana,Sierra Leone,"Tafawa Balewa Square Cricket Oval, Lagos",Ghana,bat,T20,2023/24,Sierra Leone
2023-10-18,Chile,Mexico,St Georges Quilmes,Chile,bat,T20,2023/24,Mexico
2023-10-18,United Arab Emirates,Nepal,Mulpani Cricket Ground,Nepal,field,T20,2023/24,Nepal
2023-10-19,Hong Kong,Nepal,Mulpani Cricket Ground,Nepal,field,T20,2023/24,Nepal
2023-10-19,Mexico,Argentina,St Georges Quilmes,Argentina,field,T20,2023/24,Argentina
2023-10-20,Chile,Argentina,St Georges Quilmes,Chile,bat,T20,2023/24,Argentina
2023-10-21,Nepal,Hong Kong,Mulpani Cricket Ground,Nepal,bat,T20,2023/24,Nepal
2023-10-22,Hong Kong,United Arab Emirates,Mulpani Cricket Ground,United Arab Emirates,field,T20,2023/24,United Arab Emirates
2023-10-23,United Arab Emirates,Nepal,Mulpani Cricket Ground,Nepal,field,T20,2023/24,Nepal
2023-10-24,Zimbabwe,Namibia,"Wanderers Cricket Ground, Windhoek",Zimbabwe,bat,T20,2023/24,Namibia
2023-10-25,Namibia,Zimbabwe,"Wanderers Cricket Ground, Windhoek",Zimbabwe,field,T20,2023/24,Zimbabwe
2023-10-25,Hong Kong,United Arab Emirates,Mulpani Cricket Ground,Hong Kong,bat,T20,2023/24,Hong Kong
2023-10-27,Namibia,Zimbabwe,"United Cricket Club Ground, Windhoek",Namibia,bat,T20,2023/24,Zimbabwe
2023-10-27,Nepal,United Arab Emirates,"Tribhuvan University International Cricket Ground, Kirtipur",United Arab Emirates,field,T20,2023/24,United Arab Emirates
2023-10-29,Zimbabwe,Namibia,"United Cricket Club Ground, Windhoek",Zimbabwe,bat,T20,2023/24,Namibia
2023-10-30,Hong Kong,Kuwait,Mulpani Cricket Ground,Kuwait,field,T20,2023/24,Hong Kong
2023-10-30,Namibia,Zimbabwe,"United Cricket Club Ground, Windhoek",Zimbabwe,field,T20,2023/24,Namibia
2023-10-30,Oman,Malaysia,"Tribhuvan University International Cricket Ground, Kirtipur",Oman,bat,T20,2023/24,Oman
2023-10-30,Singapore,Nepal,"Tribhuvan University International Cricket Ground, Kirtipur",Singapore,bat,T20,2023/24,Nepal
2023-10-30,Bahrain,United Arab Emirates,Mulpani Cricket Ground,United Arab Emirates,field,T20,2023/24,United Arab Emirates
2023-10-31,Oman,Singapore,"Tribhuvan University International Cricket Ground, Kirtipur",Singapore,field,T20,2023/24,Oman
2023-10-31,Bahrain,Hong Kong,Mulpani Cricket Ground,Hong Kong,field,T20,2023/24,Bahrain
2023-10-31,Malaysia,Nepal,"Tribhuvan University International Cricket Ground, Kirtipur",Malaysia,bat,T20,2023/24,Nepal
2023-10-31,Kuwait,United Arab Emirates,Mulpani Cricket Ground,Kuwait,bat,T20,2023/24,United Arab Emirates
2023-11-02,Bahrain,Kuwait,Mulpani Cricket Ground,Kuwait,field,T20,2023/24,Kuwait
2023-11-02,Malaysia,Singapore,"Tribhuvan University International Cricket Ground, Kirtipur",Malaysia,bat,T20,2023/24,Malaysia
2023-11-02,United Arab Emirates,Hong Kong,Mulpani Cricket Ground,Hong Kong,field,T20,2023/24,United Arab Emirates
2023-11-02,Oman,Nepal,"Tribhuvan University International Cricket Ground, Kirtipur",Nepal,field,T20,2023/24,Oman
2023-11-03,Bahrain,Oman,"Tribhuvan University International Cricket Ground, Kirtipur",Bahrain,bat,T20,2023/24,Oman
2023-11-03,United Arab Emirates,Nepal,Mulpani Cricket Ground,United Arab Emirates,bat,T20,2023/24,Nepal
2023-11-05,Nepal,Oman,"Tribhuvan University International Cricket Ground, Kirtipur",Nepal,bat,T20,2023/24,No Result
2023-11-20,Cambodia,Indonesia,Udayana Cricket Ground,Cambodia,bat,T20,2023/24,Indonesia
2023-11-20,Cambodia,Indonesia,Udayana Cricket Ground,Cambodia,bat,T20,2023/24,Indonesia
2023-11-21,Indonesia,Cambodia,Udayana Cricket Ground,Cambodia,field,T20,2023/24,Cambodia
2023-11-21,Indonesia,Cambodia,Udayana Cricket Ground,Cambodia,field,T20,2023/24,Indonesia
2023-11-22,Indonesia,Cambodia,Udayana Cricket Ground,Cambodia,field,T20,2023/24,Cambodia
2023-11-22,Tanzania,Uganda,"Wanderers Cricket Ground, Windhoek",Uganda,field,T20,2023/24,Uganda
2023-11-22,Kenya,Rwanda,"United Cricket Club Ground, Windhoek",Rwanda,field,T20,2023/24,Kenya
2023-11-22,Zimbabwe,Namibia,"Wanderers Cricket Ground, Windhoek",Namibia,field,T20,2023/24,Namibia
2023-11-23,Cambodia,Indonesia,Udayana Cricket Ground,Indonesia,field,T20,2023/24,Indonesia
2023-11-23,Tanzania,Zimbabwe,"United Cricket Club Ground, Windhoek",Zimbabwe,field,T20,2023/24,Zimbabwe
2023-11-23,Australia,India,"Dr. Y.S. Rajasekhara Reddy ACA-VDCA Cricket Stadium, Visakhapatnam",India,field,T20,2023/24,India
2023-11-23,Nigeria,Kenya,"United Cricket Club Ground, Windhoek",Kenya,field,T20,2023/24,Kenya
2023-11-24,Nigeria,Rwanda,"Wanderers Cricket Ground, Windhoek",Rwanda,field,T20,2023/24,No Result
2023-11-24,Uganda,Namibia,"Wanderers Cricket Ground, Windhoek",Namibia,field,T20,2023/24,Namibia
2023-11-25,Namibia,Rwanda,"Wanderers Cricket Ground, Windhoek",Rwanda,field,T20,2023/24,Namibia
2023-11-25,Kenya,Tanzania,"Wanderers Cricket Ground, Windhoek",Tanzania,field,T20,2023/24,Kenya
2023-11-26,Zimbabwe,Uganda,"United Cricket Club Ground, Windhoek",Uganda,field,T20,2023/24,Uganda
2023-11-26,Tanzania,Nigeria,"United Cricket Club Ground, Windhoek",Tanzania,bat,T20,2023/24,Nigeria
2023-11-26,India,Australia,"Greenfield International Stadium, Thiruvananthapuram",Australia,field,T20,2023/24,India
2023-11-27,Kenya,Namibia,"United Cricket Club Ground, Windhoek",Namibia,field,T20,2023/24,Namibia
2023-11-27,Zimbabwe,Rwanda,"Wanderers Cricket Ground, Windhoek",Rwanda,field,T20,2023/24,Zimbabwe
2023-11-27,Nigeria,Uganda,"United Cricket Club Ground, Windhoek",Nigeria,bat,T20,2023/24,Uganda
2023-11-28,Namibia,Tanzania,"Wanderers Cricket Ground, Windhoek",Tanzania,field,T20,2023/24,Namibia
2023-11-28,India,Australia,"Barsapara Cricket Stadium, Guwahati",Australia,field,T20,2023/24,Australia
2023-11-29,Uganda,Kenya,"Wanderers Cricket Ground, Windhoek",Uganda,bat,T20,2023/24,Uganda
2023-11-29,Nigeria,Zimbabwe,"United Cricket Club Ground, Windhoek",Nigeria,bat,T20,2023/24,Zimbabwe
2023-11-29,Tanzania,Rwanda,"Wanderers Cricket Ground, Windhoek",Rwanda,field,T20,2023/24,Tanzania
2023-11-30,Rwanda,Uganda,"Wanderers Cricket Ground, Windhoek",Uganda,field,T20,2023/24,Uganda
2023-11-30,Zimbabwe,Kenya,"United Cricket Club Ground, Windhoek",Kenya,field,T20,2023/24,Zimbabwe
2023-11-30,Nigeria,Namibia,"Wanderers Cricket Ground, Windhoek",Nigeria,bat,T20,2023/24,Namibia
2023-12-01,India,Australia,"Shaheed Veer Narayan Singh International Stadium, Raipur",Australia,field,T20,2023/24,India
2023-12-03,India,Australia,"M Chinnaswamy Stadium, Bengaluru",Australia,field,T20,2023/24,India
2023-12-07,Ireland,Zimbabwe,Harare Sports Club,Zimbabwe,field,T20,2023/24,Zimbabwe
2023-12-09,Zimbabwe,Ireland,Harare Sports Club,Ireland,field,T20,2023/24,Ireland
2023-12-10,Zimbabwe,Ireland,Harare Sports Club,Ireland,field,T20,2023/24,Ireland
2023-12-12,England,West Indies,"Kensington Oval, Bridgetown, Barbados",West Indies,field,T20,2023/24,West Indies
2023-12-12,India,South Africa,"St George's Park, Gqeberha",South Africa,field,T20,2023/24,South Africa
2023-12-14,West Indies,England,"National Cricket Stadium, St George's, Grenada",England,field,T20,2023/24,West Indies
2023-12-14,India,South Africa,"The Wanderers Stadium, Johannesburg",South Africa,field,T20,2023/24,India
2023-12-16,West Indies,England,"National Cricket Stadium, St George's, Grenada",England,field,T20,2023/24,England
2023-12-19,England,West Indies,"Brian Lara Stadium, Tarouba, Trinidad",West Indies,field,T20,2023/24,England
2023-12-21,England,West Indies,"Brian Lara Stadium, Tarouba, Trinidad",West Indies,field,T20,2023/24,West Indies
2023-12-22,Philippines,Indonesia,Udayana Cricket Ground,Indonesia,field,T20,2023/24,Philippines
2023-12-23,Philippines,Indonesia,Udayana Cricket Ground,Indonesia,field,T20,2023/24,Indonesia
2023-12-23,Indonesia,Philippines,Udayana Cricket Ground,Philippines,field,T20,2023/24,Indonesia
2023-12-24,Philippines,Indonesia,Udayana Cricket Ground,Indonesia,field,T20,2023/24,No Result
2023-12-24,Indonesia,Philippines,Udayana Cricket Ground,Philippines,field,T20,2023/24,Philippines
2023-12-26,Indonesia,Philippines,Udayana Cricket Ground,Philippines,field,T20,2023/24,Philippines
2023-12-27,New Zealand,Bangladesh,"McLean Park, Napier",Bangladesh,field,T20,2023/24,Bangladesh
2023-12-29,New Zealand,Bangladesh,"Bay Oval, Mount Maunganui",Bangladesh,field,T20,2023/24,No Result
2023-12-29,Afghanistan,United Arab Emirates,nistan in United Arab Emirates T20I Series 2023 1st T20I (D/N) -Afghanistan in United Arab Emirates T20I Series 2023 T20I 1ST Sharjah Cricket Stadium,,,T20,2023,Afghanistan
2023-12-31,Bangladesh,New Zealand,"Bay Oval, Mount Maunganui",New Zealand,field,T20,2023/24,New Zealand
2023-12-31,United Arab Emirates,Afghanistan,nistan in United Arab Emirates T20I Series 2023 2nd T20I (D/N) -Afghanistan in United Arab Emirates T20I Series 2023 T20I 2ND Sharjah Cricket Stadium,,,T20,2023,United Arab Emirates
2024-01-02,United Arab Emirates,Afghanistan,nistan in United Arab Emirates T20I Series 2023 3rd T20I (D/N) -Afghanistan in United Arab Emirates T20I Series 2023 T20I 3RD Sharjah Cricket Stadium,,,T20,2024,Afghanistan
2024-01-11,Afghanistan,India,"India T20I Series 2024 1st T20I (N) -Afghanistan in India T20I Series 2024 T20I 1ST Punjab Cricket Association IS Bindra Stadium, Mohali, Chandigarh",,,T20,2024,India
2024-01-12,New Zealand,Pakistan,"Eden Park, Auckland",Pakistan,field,T20,2023/24,New Zealand
2024-01-14,New Zealand,Pakistan,"Seddon Park, Hamilton",Pakistan,field,T20,2023/24,New Zealand
2024-01-14,Afghanistan,India,"ies / 2nd T20I (N) -Afghanistan in India T20I Series 2024 2nd T20I (N) -Afghanistan in India T20I Series 2024 T20I 2ND Holkar Cricket Stadium, Indore",,,T20,2024,India
2024-01-14,Zimbabwe,Sri Lanka,"R Premadasa Stadium, Colombo",Sri Lanka,field,T20,2023/24,Sri Lanka
2024-01-16,Sri Lanka,Zimbabwe,"R Premadasa Stadium, Colombo",Zimbabwe,field,T20,2023/24,Zimbabwe
2024-01-17,New Zealand,Pakistan,"University Oval, Dunedin",Pakistan,field,T20,2023/24,New Zealand
2024-01-17,India,Afghanistan,"s / 3rd T20I (N) -Afghanistan in India T20I Series 2024 3rd T20I (N) -Afghanistan in India T20I Series 2024 T20I 3RD M Chinnaswamy Stadium, Bengaluru",,,T20,2024,India
2024-01-18,Zimbabwe,Sri Lanka,"R Premadasa Stadium, Colombo",Sri Lanka,field,T20,2023/24,Sri Lanka
2024-01-19,Pakistan,New Zealand,"Hagley Oval, Christchurch",New Zealand,field,T20,2023/24,New Zealand
2024-01-21,Pakistan,New Zealand,"Hagley Oval, Christchurch",Pakistan,bat,T20,2023/24,Pakistan
2024-01-27,Myanmar,Cambodia,"Terdthai Cricket Ground, Bangkok",Cambodia,field,T20,2023/24,Cambodia
2024-01-28,Cambodia,China,"Terdthai Cricket Ground, Bangkok",Cambodia,bat,T20,2023/24,Cambodia
2024-02-01,Indonesia,Bhutan,"Terdthai Cricket Ground, Bangkok",Bhutan,field,T20,2023/24,Indonesia
2024-02-02,Japan,Thailand,"Terdthai Cricket Ground, Bangkok",Thailand,field,T20,2023/24,Japan
2024-02-02,Singapore,Maldives,"Terdthai Cricket Ground, Bangkok",Singapore,bat,T20,2023/24,Singapore
2024-02-03,Bhutan,Saudi Arabia,"Terdthai Cricket Ground, Bangkok",Saudi Arabia,field,T20,2023/24,Saudi Arabia
2024-02-03,Indonesia,Cambodia,"Terdthai Cricket Ground, Bangkok",Indonesia,bat,T20,2023/24,Cambodia
2024-02-04,Singapore,Thailand,"Terdthai Cricket Ground, Bangkok",Singapore,bat,T20,2023/24,Thailand
2024-02-04,Japan,Maldives,"Terdthai Cricket Ground, Bangkok",Japan,bat,T20,2023/24,Japan
2024-02-05,Saudi Arabia,Indonesia,"Terdthai Cricket Ground, Bangkok",Saudi Arabia,bat,T20,2023/24,Saudi Arabia
2024-02-06,Maldives,Thailand,"Terdthai Cricket Ground, Bangkok",Maldives,bat,T20,2023/24,Thailand
2024-02-06,Singapore,Japan,"Terdthai Cricket Ground, Bangkok",Japan,field,T20,2023/24,Singapore
2024-02-07,Indonesia,Thailand,"Terdthai Cricket Ground, Bangkok",Thailand,field,T20,2023/24,Thailand
2024-02-07,Maldives,Bhutan,"Terdthai Cricket Ground, Bangkok",Maldives,bat,T20,2023/24,Maldives
2024-02-09,Australia,West Indies,"Bellerive Oval, Hobart",West Indies,field,T20,2023/24,Australia
2024-02-09,Japan,Saudi Arabia,"Terdthai Cricket Ground, Bangkok",Saudi Arabia,field,T20,2023/24,Saudi Arabia
2024-02-09,Singapore,Cambodia,"Terdthai Cricket Ground, Bangkok",Singapore,bat,T20,2023/24,Cambodia
2024-02-11,Australia,West Indies,Adelaide Oval,West Indies,field,T20,2023/24,Australia
2024-02-11,Japan,Singapore,"Terdthai Cricket Ground, Bangkok",Singapore,field,T20,2023/24,Singapore
2024-02-11,Cambodia,Saudi Arabia,"Terdthai Cricket Ground, Bangkok",Saudi Arabia,field,T20,2023/24,Saudi Arabia
2024-02-12,Bhutan,Thailand,"Terdthai Cricket Ground, Bangkok",Bhutan,bat,T20,2023/24,Thailand
2024-02-12,Saudi Arabia,Maldives,"Terdthai Cricket Ground, Bangkok",Saudi Arabia,bat,T20,2023/24,Saudi Arabia
2024-02-13,Bhutan,Maldives,"Terdthai Cricket Ground, Bangkok",Bhutan,bat,T20,2023/24,Maldives
2024-02-13,Thailand,Saudi Arabia,"Terdthai Cricket Ground, Bangkok",Saudi Arabia,field,T20,2023/24,Saudi Arabia
2024-02-13,West Indies,Australia,Perth Stadium,West Indies,bat,T20,2023/24,West Indies
2024-02-14,Hong Kong,China,"Mission Road Ground, Mong Kok, Hong Kong",Hong Kong,bat,T20,2023/24,Hong Kong
2024-02-14,Japan,Hong Kong,"Mission Road Ground, Mong Kok, Hong Kong",Japan,bat,T20,2023/24,Hong Kong
2024-02-15,Japan,China,"Mission Road Ground, Mong Kok, Hong Kong",Japan,bat,T20,2023/24,Japan
2024-02-15,Hong Kong,Japan,"Mission Road Ground, Mong Kok, Hong Kong",Hong Kong,bat,T20,2023/24,Hong Kong
2024-02-15,Maldives,Thailand,"Terdthai Cricket Ground, Bangkok",Thailand,field,T20,2023/24,Thailand
2024-02-15,Saudi Arabia,Bhutan,"Terdthai Cricket Ground, Bangkok",Bhutan,field,T20,2023/24,Saudi Arabia
2024-02-16,China,Hong Kong,"Mission Road Ground, Mong Kok, Hong Kong",China,bat,T20,2023/24,Hong Kong
2024-02-16,Japan,China,"Mission Road Ground, Mong Kok, Hong Kong",Japan,bat,T20,2023/24,Japan
2024-02-16,Thailand,Saudi Arabia,"Terdthai Cricket Ground, Bangkok",Saudi Arabia,field,T20,2023/24,Saudi Arabia
2024-02-16,Maldives,Bhutan,"Terdthai Cricket Ground, Bangkok",Maldives,bat,T20,2023/24,Bhutan
2024-02-17,Hong Kong,Japan,"Mission Road Ground, Mong Kok, Hong Kong",Japan,field,T20,2023/24,Hong Kong
2024-02-17,Sri Lanka,Afghanistan,N) -Afghanistan in Sri Lanka T20I Series 2024 1st T20I (N) -Afghanistan in Sri Lanka T20I Series 2024 T20I 1ST Rangiri Dambulla International Stadium,,,T20,2024,Sri Lanka
2024-02-19,Sri Lanka,Afghanistan,N) -Afghanistan in Sri Lanka T20I Series 2024 2nd T20I (N) -Afghanistan in Sri Lanka T20I Series 2024 T20I 2ND Rangiri Dambulla International Stadium,,,T20,2024,Sri Lanka
2024-02-21,Afghanistan,Sri Lanka,N) -Afghanistan in Sri Lanka T20I Series 2024 3rd T20I (N) -Afghanistan in Sri Lanka T20I Series 2024 T20I 3RD Rangiri Dambulla International Stadium,,,T20,2024,Afghanistan
2024-02-21,New Zealand,Australia,"Sky Stadium, Wellington",New Zealand,bat,T20,2023/24,Australia
2024-02-23,Australia,New Zealand,"Eden Park, Auckland",New Zealand,field,T20,2023/24,Australia
2024-02-25,Australia,New Zealand,"Eden Park, Auckland",New Zealand,field,T20,2023/24,Australia
2024-02-27,Hong Kong,Qatar,University of Doha for Science and Technology,Qatar,field,T20,2023/24,Hong Kong
2024-02-27,Namibia,Nepal,"Tribhuvan University International Cricket Ground, Kirtipur",Namibia,bat,T20,2023/24,Namibia
2024-02-28,Netherlands,Nepal,"Tribhuvan University International Cricket Ground, Kirtipur",Nepal,field,T20,2023/24,Netherlands
2024-02-29,Netherlands,Namibia,"Tribhuvan University International Cricket Ground, Kirtipur",Netherlands,bat,T20,2023/24,Netherlands
2024-02-29,Hong Kong,Qatar,University of Doha for Science and Technology,Hong Kong,bat,T20,2023/24,Qatar
2024-03-01,Nepal,Namibia,"Tribhuvan University International Cricket Ground, Kirtipur",Namibia,field,T20,2023/24,Nepal
2024-03-01,Qatar,Hong Kong,"West End Park International Cricket Stadium, Doha",Hong Kong,field,T20,2023/24,No Result
2024-03-02,Netherlands,Nepal,"Tribhuvan University International Cricket Ground, Kirtipur",Netherlands,bat,T20,2023/24,Nepal
2024-03-03,Namibia,Netherlands,"Tribhuvan University International Cricket Ground, Kirtipur",Netherlands,field,T20,2023/24,No Result
2024-03-04,Sri Lanka,Bangladesh,Sylhet International Cricket Stadium,Bangladesh,field,T20,2023/24,Sri Lanka
2024-03-05,Nepal,Netherlands,"Tribhuvan University International Cricket Ground, Kirtipur",Nepal,bat,T20,2023/24,Netherlands
2024-03-05,Vanuatu,Tanzania,"Bayuemas Oval, Kuala Lumpur",Tanzania,field,T20,2023/24,Vanuatu
2024-03-05,Kuwait,Bahrain,"Bayuemas Oval, Kuala Lumpur",Bahrain,field,T20,2023/24,Bahrain
2024-03-06,Malaysia,Vanuatu,"Bayuemas Oval, Kuala Lumpur",Malaysia,bat,T20,2023/24,Malaysia
2024-03-06,Tanzania,Kuwait,"Bayuemas Oval, Kuala Lumpur",Tanzania,bat,T20,2023/24,Kuwait
2024-03-06,Sri Lanka,Bangladesh,Sylhet International Cricket Stadium,Bangladesh,field,T20,2023/24,Bangladesh
2024-03-06,Papua New Guinea,Oman,Al Amerat Cricket Ground Oman Cricket (Ministry Turf 1),Oman,field,T20,2023/24,Oman
2024-03-07,Vanuatu,Kuwait,"Bayuemas Oval, Kuala Lumpur",Kuwait,field,T20,2023/24,Kuwait
2024-03-07,Malaysia,Bahrain,"Bayuemas Oval, Kuala Lumpur",Bahrain,field,T20,2023/24,Bahrain
2024-03-07,Oman,Papua New Guinea,Al Amerat Cricket Ground Oman Cricket (Ministry Turf 1),Papua New Guinea,field,T20,2023/24,Papua New Guinea
2024-03-08,Papua New Guinea,Oman,Al Amerat Cricket Ground Oman Cricket (Ministry Turf 1),Oman,field,T20,2023/24,Oman
2024-03-09,Kuwait,Malaysia,"Bayuemas Oval, Kuala Lumpur",Malaysia,field,T20,2023/24,Malaysia
2024-03-09,Bahrain,Tanzania,"Bayuemas Oval, Kuala Lumpur",Tanzania,field,T20,2023/24,Bahrain
2024-03-09,Sri Lanka,Bangladesh,Sylhet International Cricket Stadium,Bangladesh,field,T20,2023/24,Sri Lanka
2024-03-09,Hong Kong,Nepal,"Mission Road Ground, Mong Kok, Hong Kong",Nepal,field,T20,2023/24,Hong Kong
2024-03-10,Hong Kong,Nepal,"Mission Road Ground, Mong Kok, Hong Kong",Nepal,field,T20,2023/24,No Result
2024-03-10,Bahrain,Vanuatu,"Bayuemas Oval, Kuala Lumpur",Bahrain,bat,T20,2023/24,Bahrain
2024-03-10,Tanzania,Malaysia,"Bayuemas Oval, Kuala Lumpur",Tanzania,bat,T20,2023/24,Malaysia
2024-03-11,Vanuatu,Kuwait,"Bayuemas Oval, Kuala Lumpur",Kuwait,field,T20,2023/24,Kuwait
2024-03-11,Malaysia,Bahrain,"Bayuemas Oval, Kuala Lumpur",Malaysia,bat,T20,2023/24,Bahrain
2024-03-11,Scotland,United Arab Emirates,Dubai International Cricket Stadium,United Arab Emirates,field,T20,2023/24,United Arab Emirates
2024-03-12,Nepal,Papua New Guinea,"Mission Road Ground, Mong Kok, Hong Kong",Papua New Guinea,field,T20,2023/24,Nepal
2024-03-12,Hong Kong,Papua New Guinea,"Mission Road Ground, Mong Kok, Hong Kong",Hong Kong,bat,T20,2023/24,Papua New Guinea
2024-03-13,Papua New Guinea,Nepal,"Mission Road Ground, Mong Kok, Hong Kong",Nepal,field,T20,2023/24,Papua New Guinea
2024-03-13,Scotland,United Arab Emirates,Dubai International Cricket Stadium,United Arab Emirates,field,T20,2023/24,Scotland
2024-03-14,Scotland,United Arab Emirates,Dubai International Cricket Stadium,United Arab Emirates,field,T20,2023/24,Scotland
2024-03-15,Ireland,Afghanistan,Series (in United Arab Emirates) 2024 1st T20I (N) -Afghanistan v Ireland T20I Series (in United Arab Emirates) 2024 T20I 1ST Sharjah Cricket Stadium,,,T20,2024,Ireland
2024-03-16,Papua New Guinea,Malaysia,"Bayuemas Oval, Kuala Lumpur",Malaysia,field,T20,2023/24,Papua New Guinea
2024-03-17,Zimbabwe,Namibia,"Achimota Senior Secondary School A Field, Accra",Zimbabwe,bat,T20,2023/24,Zimbabwe
2024-03-17,Afghanistan,Ireland,Series (in United Arab Emirates) 2024 2nd T20I (N) -Afghanistan v Ireland T20I Series (in United Arab Emirates) 2024 T20I 2ND Sharjah Cricket Stadium,,,T20,2024,Afghanistan
2024-03-17,South Africa,Ghana,"Achimota Senior Secondary School A Field, Accra",South Africa,bat,T20,2023/24,South Africa
2024-03-17,Malaysia,Papua New Guinea,"Bayuemas Oval, Kuala Lumpur",Malaysia,bat,T20,2023/24,Malaysia
2024-03-17,Uganda,Kenya,"Achimota Senior Secondary School B Field, Accra",Uganda,bat,T20,2023/24,Uganda
2024-03-17,Tanzania,Nigeria,"Achimota Senior Secondary School B Field, Accra",Tanzania,bat,T20,2023/24,Tanzania
2024-03-18,Namibia,Nigeria,"Achimota Senior Secondary School B Field, Accra",Namibia,bat,T20,2023/24,Nigeria
2024-03-18,Tanzania,Zimbabwe,"Achimota Senior Secondary School A Field, Accra",Tanzania,bat,T20,2023/24,Zimbabwe
2024-03-18,Afghanistan,Ireland,Series (in United Arab Emirates) 2024 3rd T20I (N) -Afghanistan v Ireland T20I Series (in United Arab Emirates) 2024 T20I 3RD Sharjah Cricket Stadium,,,T20,2024,Afghanistan
2024-03-18,Uganda,Ghana,"Achimota Senior Secondary School B Field, Accra",Uganda,bat,T20,2023/24,Uganda
2024-03-20,Ghana,Kenya,"Achimota Senior Secondary School B Field, Accra",Ghana,bat,T20,2023/24,Kenya
2024-03-20,Nigeria,Zimbabwe,"Achimota Senior Secondary School A Field, Accra",Nigeria,bat,T20,2023/24,Zimbabwe
2024-03-20,Tanzania,Namibia,"Achimota Senior Secondary School B Field, Accra",Tanzania,bat,T20,2023/24,Namibia
2024-03-21,Namibia,Uganda,"Achimota Senior Secondary School A Field, Accra",Namibia,bat,T20,2023/24,Namibia
2024-03-21,Zimbabwe,Kenya,"Achimota Senior Secondary School A Field, Accra",Zimbabwe,bat,T20,2023/24,Zimbabwe
2024-03-23,Uganda,Kenya,"Achimota Senior Secondary School A Field, Accra",Uganda,bat,T20,2023/24,Uganda
2024-03-23,Namibia,Zimbabwe,"Achimota Senior Secondary School A Field, Accra",Namibia,bat,T20,2023/24,Zimbabwe
2024-04-01,Oman,Namibia,Al Amerat Cricket Ground Oman Cricket (Ministry Turf 1),Namibia,field,T20,2024,Namibia
2024-04-02,Oman,Namibia,Al Amerat Cricket Ground Oman Cricket (Ministry Turf 1),Oman,bat,T20,2024,Oman
2024-04-04,Namibia,Oman,Al Amerat Cricket Ground Oman Cricket (Ministry Turf 1),Oman,field,T20,2024,Oman
2024-04-05,Namibia,Oman,Al Amerat Cricket Ground Oman Cricket (Ministry Turf 1),Oman,field,T20,2024,Namibia
2024-04-07,Canada,United States of America,Prairie View Cricket Complex,United States of America,field,T20,2024,United States of America
2024-04-07,Namibia,Oman,Al Amerat Cricket Ground Oman Cricket (Ministry Turf 1),Namibia,bat,T20,2024,Namibia
2024-04-09,United States of America,Canada,Prairie View Cricket Complex,Canada,field,T20,2024,United States of America
2024-04-12,United States of America,Canada,Prairie View Cricket Complex,Canada,field,T20,2024,United States of America
2024-04-12,Mexico,Costa Rica,Los Reyes Polo Club,Costa Rica,field,T20,2024,Mexico
2024-04-12,Mexico,Costa Rica,Los Reyes Polo Club,Mexico,bat,T20,2024,Mexico
2024-04-12,Hong Kong,Qatar,Al Amerat Cricket Ground Oman Cricket (Ministry Turf 2),Hong Kong,bat,T20,2024,Hong Kong
2024-04-12,Malaysia,Nepal,Al Amerat Cricket Ground Oman Cricket (Ministry Turf 1),Malaysia,bat,T20,2024,Nepal
2024-04-12,Kuwait,United Arab Emirates,Al Amerat Cricket Ground Oman Cricket (Ministry Turf 2),United Arab Emirates,field,T20,2024,United Arab Emirates
2024-04-12,Oman,Bahrain,Al Amerat Cricket Ground Oman Cricket (Ministry Turf 1),Bahrain,field,T20,2024,Oman
2024-04-13,Costa Rica,Mexico,Los Reyes Polo Club,Costa Rica,bat,T20,2024,Costa Rica
2024-04-13,Cambodia,Kuwait,Al Amerat Cricket Ground Oman Cricket (Ministry Turf 1),Cambodia,bat,T20,2024,Kuwait
2024-04-13,United Arab Emirates,Bahrain,Al Amerat Cricket Ground Oman Cricket (Ministry Turf 2),Bahrain,field,T20,2024,United Arab Emirates
2024-04-13,Nepal,Qatar,Al Amerat Cricket Ground Oman Cricket (Ministry Turf 1),Nepal,bat,T20,2024,Nepal
2024-04-13,Malaysia,Saudi Arabia,Al Amerat Cricket Ground Oman Cricket (Ministry Turf 2),Malaysia,bat,T20,2024,Malaysia
2024-04-13,Canada,United States of America,Prairie View Cricket Complex,Canada,bat,T20,2024,United States of America
2024-04-14,Jersey,Spain,La Manga Club Top Ground,Jersey,bat,T20,2024,Spain
2024-04-14,Mexico,Costa Rica,Los Reyes Polo Club,Mexico,bat,T20,2024,Mexico
2024-04-14,Jersey,Spain,La Manga Club Top Ground,Spain,field,T20,2024,Spain
2024-04-14,Oman,Cambodia,Al Amerat Cricket Ground Oman Cricket (Ministry Turf 2),Cambodia,field,T20,2024,Oman
2024-04-14,Saudi Arabia,Hong Kong,Al Amerat Cricket Ground Oman Cricket (Ministry Turf 2),Saudi Arabia,bat,T20,2024,Saudi Arabia
2024-04-15,Hong Kong,Nepal,Al Amerat Cricket Ground Oman Cricket (Ministry Turf 1),Nepal,field,T20,2024,Nepal
2024-04-15,Kuwait,Bahrain,Al Amerat Cricket Ground Oman Cricket (Ministry Turf 2),Bahrain,field,T20,2024,Kuwait
2024-04-15,Malaysia,Qatar,Al Amerat Cricket Ground Oman Cricket (Ministry Turf 2),Qatar,field,T20,2024,Qatar
2024-04-15,United Arab Emirates,Oman,Al Amerat Cricket Ground Oman Cricket (Ministry Turf 1),Oman,field,T20,2024,Oman
2024-04-16,Qatar,Saudi Arabia,Al Amerat Cricket Ground Oman Cricket (Ministry Turf 1),Saudi Arabia,field,T20,2024,Qatar
2024-04-16,Cambodia,Bahrain,Al Amerat Cricket Ground Oman Cricket (Ministry Turf 1),Cambodia,bat,T20,2024,Bahrain
2024-04-17,Cambodia,United Arab Emirates,Al Amerat Cricket Ground Oman Cricket (Ministry Turf 1),Cambodia,bat,T20,2024,United Arab Emirates
2024-04-17,Saudi Arabia,Nepal,Al Amerat Cricket Ground Oman Cricket (Ministry Turf 2),Nepal,field,T20,2024,Nepal
2024-04-17,Malaysia,Hong Kong,Al Amerat Cricket Ground Oman Cricket (Ministry Turf 1),Hong Kong,field,T20,2024,Hong Kong
2024-04-17,Oman,Kuwait,Al Amerat Cricket Ground Oman Cricket (Ministry Turf 2),Kuwait,field,T20,2024,Oman
2024-04-18,New Zealand,Pakistan,Rawalpindi Cricket Stadium,New Zealand,bat,T20,2024,No Result
2024-04-19,Nepal,United Arab Emirates,Al Amerat Cricket Ground Oman Cricket (Ministry Turf 1),United Arab Emirates,field,T20,2024,United Arab Emirates
2024-04-19,Hong Kong,Oman,Al Amerat Cricket Ground Oman Cricket (Ministry Turf 1),Oman,field,T20,2024,Oman
2024-04-20,New Zealand,Pakistan,Rawalpindi Cricket Stadium,Pakistan,field,T20,2024,Pakistan
2024-04-20,Nepal,Hong Kong,Al Amerat Cricket Ground Oman Cricket (Ministry Turf 1),Nepal,bat,T20,2024,Hong Kong
2024-04-21,United Arab Emirates,Oman,Al Amerat Cricket Ground Oman Cricket (Ministry Turf 1),Oman,field,T20,2024,United Arab Emirates
2024-04-21,Pakistan,New Zealand,Rawalpindi Cricket Stadium,New Zealand,field,T20,2024,New Zealand
2024-04-25,New Zealand,Pakistan,"Gaddafi Stadium, Lahore",Pakistan,field,T20,2024,New Zealand
2024-04-27,Pakistan,New Zealand,"Gaddafi Stadium, Lahore",New Zealand,field,T20,2024,Pakistan
2024-05-01,Thailand,Indonesia,Udayana Cricket Ground,Indonesia,field,T20,2024,Thailand
2024-05-02,Thailand,Indonesia,Udayana Cricket Ground,Thailand,bat,T20,2024,Indonesia
2024-05-03,Zimbabwe,Bangladesh,"Zahur Ahmed Chowdhury Stadium, Chattogram",Bangladesh,field,T20,2024,Bangladesh
2024-05-04,Indonesia,Thailand,Udayana Cricket Ground,Thailand,field,T20,2024,Indonesia
2024-05-05,Zimbabwe,Bangladesh,"Zahur Ahmed Chowdhury Stadium, Chattogram",Bangladesh,field,T20,2024,Bangladesh
2024-05-05,Thailand,Indonesia,Udayana Cricket Ground,Indonesia,field,T20,2024,Thailand
2024-05-06,Indonesia,Thailand,Udayana Cricket Ground,Indonesia,bat,T20,2024,Thailand
2024-05-07,Bangladesh,Zimbabwe,"Zahur Ahmed Chowdhury Stadium, Chattogram",Zimbabwe,field,T20,2024,Bangladesh
2024-05-07,Japan,Mongolia,Sano International Cricket Ground,Japan,bat,T20,2024,Japan
2024-05-08,Japan,Mongolia,Sano International Cricket Ground,Japan,bat,T20,2024,No Result
2024-05-08,Japan,Mongolia,Sano International Cricket Ground,Japan,bat,T20,2024,Japan
2024-05-09,France,Malta,Dreux Sport Cricket Club,France,bat,T20,2024,France
2024-05-09,Mongolia,Japan,Sano International Cricket Ground,Mongolia,bat,T20,2024,Japan
2024-05-09,France,Malta,Dreux Sport Cricket Club,France,bat,T20,2024,France
2024-05-10,Belgium,France,Dreux Sport Cricket Club,Belgium,bat,T20,2024,No Result
2024-05-10,Bangladesh,Zimbabwe,"Shere Bangla National Stadium, Mirpur",Zimbabwe,field,T20,2024,Bangladesh
2024-05-10,Belgium,Malta,Dreux Sport Cricket Club,Belgium,bat,T20,2024,Belgium
2024-05-10,Pakistan,Ireland,"Castle Avenue, Dublin",Ireland,field,T20,2024,Ireland
2024-05-11,Belgium,France,Dreux Sport Cricket Club,Belgium,bat,T20,2024,France
2024-05-11,Malta,Belgium,Dreux Sport Cricket Club,Malta,bat,T20,2024,Belgium
2024-05-11,Japan,Mongolia,Sano International Cricket Ground,Japan,bat,T20,2024,Japan
2024-05-11,Japan,Mongolia,Sano International Cricket Ground,Japan,bat,T20,2024,Japan
2024-05-12,Japan,Mongolia,Sano International Cricket Ground,Japan,bat,T20,2024,Japan
2024-05-12,France,Belgium,Dreux Sport Cricket Club,France,bat,T20,2024,Belgium
2024-05-12,Ireland,Pakistan,"Castle Avenue, Dublin",Pakistan,field,T20,2024,Pakistan
2024-05-12,Bangladesh,Zimbabwe,"Shere Bangla National Stadium, Mirpur",Zimbabwe,field,T20,2024,Zimbabwe
2024-05-14,Ireland,Pakistan,"Castle Avenue, Dublin",Pakistan,field,T20,2024,Pakistan
2024-05-18,Netherlands,Scotland,"Sportpark Westvliet, The Hague",Scotland,field,T20,2024,Netherlands
2024-05-19,Ireland,Netherlands,"Sportpark Westvliet, The Hague",Netherlands,field,T20,2024,Ireland
2024-05-21,Bangladesh,United States of America,Prairie View Cricket Complex,United States of America,field,T20,2024,United States of America
2024-05-22,Scotland,Netherlands,"Sportpark Westvliet, The Hague",Netherlands,field,T20,2024,Scotland
2024-05-23,Scotland,Ireland,"Sportpark Westvliet, The Hague",Scotland,bat,T20,2024,Ireland
2024-05-23,United States of America,Bangladesh,Prairie View Cricket Complex,Bangladesh,field,T20,2024,United States of America
2024-05-23,West Indies,South Africa,"Sabina Park, Kingston, Jamaica",South Africa,field,T20,2024,West Indies
2024-05-24,Ireland,Netherlands,"Sportpark Westvliet, The Hague",Netherlands,field,T20,2024,Ireland
2024-05-24,Bulgaria,Gibraltar,"Moara Vlasiei Cricket Ground, Ilfov County",Gibraltar,field,T20,2024,Gibraltar
2024-05-24,Bulgaria,Romania,"Moara Vlasiei Cricket Ground, Ilfov County",Bulgaria,bat,T20,2024,Romania
2024-05-25,Romania,Gibraltar,"Moara Vlasiei Cricket Ground, Ilfov County",Romania,bat,T20,2024,Gibraltar
2024-05-25,England,Pakistan,"Edgbaston, Birmingham",Pakistan,field,T20,2024,England
2024-05-25,West Indies,South Africa,"Sabina Park, Kingston, Jamaica",West Indies,bat,T20,2024,West Indies
2024-05-25,United States of America,Bangladesh,Prairie View Cricket Complex,Bangladesh,field,T20,2024,Bangladesh
2024-05-26,Romania,Bulgaria,"Moara Vlasiei Cricket Ground, Ilfov County",Bulgaria,field,T20,2024,Romania
2024-05-26,South Africa,West Indies,"Sabina Park, Kingston, Jamaica",South Africa,bat,T20,2024,West Indies
2024-05-30,Pakistan,England,"Kennington Oval, London",England,field,T20,2024,England
2024-06-01,Canada,United States of America,"Grand Prairie Stadium, Dallas",United States of America,field,T20,2024,United States of America
2024-06-02,Papua New Guinea,West Indies,"Providence Stadium, Guyana",West Indies,field,T20,2024,West Indies
2024-06-02,Oman,Namibia,"Kensington Oval, Bridgetown, Barbados",Namibia,field,T20,2024,No Result
2024-06-03,Sri Lanka,South Africa,"Nassau County International Cricket Stadium, New York",Sri Lanka,bat,T20,2024,South Africa
2024-06-04,Scotland,England,"Kensington Oval, Bridgetown, Barbados",Scotland,bat,T20,2024,No Result
2024-06-04,Nepal,Netherlands,"Grand Prairie Stadium, Dallas",Netherlands,field,T20,2024,Netherlands
2024-06-04,Afghanistan,Uganda,"atch, Group C (N) -ICC Men's T20 World Cup 2024 5th Match, Group C (N) -ICC Men's T20 World Cup 2024 T20I 5TH Providence Stadium, Guyana, West Indies",,,T20,2024,Afghanistan
2024-06-05,Ireland,India,"Nassau County International Cricket Stadium, New York",India,field,T20,2024,India
2024-06-05,Papua New Guinea,Uganda,"Providence Stadium, Guyana",Uganda,field,T20,2024,Uganda
2024-06-05,Australia,Oman,"Kensington Oval, Bridgetown, Barbados",Oman,field,T20,2024,Australia
2024-06-06,Pakistan,United States of America,"Grand Prairie Stadium, Dallas",United States of America,field,T20,2024,No Result
2024-06-06,Namibia,Scotland,"Kensington Oval, Bridgetown, Barbados",Namibia,bat,T20,2024,Scotland
2024-06-07,Canada,Ireland,"Nassau County International Cricket Stadium, New York",Ireland,field,T20,2024,Canada
2024-06-07,Sri Lanka,Bangladesh,"Grand Prairie Stadium, Dallas",Bangladesh,field,T20,2024,Bangladesh
2024-06-07,Afghanistan,New Zealand,"ch, Group C (N) -ICC Men's T20 World Cup 2024 14th Match, Group C (N) -ICC Men's T20 World Cup 2024 T20I 14TH Providence Stadium, Guyana, West Indies",,,T20,2024,Afghanistan
2024-06-08,Netherlands,South Africa,"Nassau County International Cricket Stadium, New York",South Africa,field,T20,2024,South Africa
2024-06-08,West Indies,Uganda,"Providence Stadium, Guyana",West Indies,bat,T20,2024,West Indies
2024-06-08,Australia,England,"Kensington Oval, Bridgetown, Barbados",England,field,T20,2024,Australia
2024-06-09,Oman,Scotland,"Sir Vivian Richards Stadium, North Sound, Antigua",Oman,bat,T20,2024,Scotland
2024-06-09,France,Isle of Man,Roma Cricket Ground,Isle of Man,field,T20,2024,France
2024-06-09,Italy,Luxembourg,Roma Cricket Ground,Luxembourg,field,T20,2024,Italy
2024-06-09,Portugal,Hungary,"Simar Cricket Ground, Rome",Hungary,field,T20,2024,Portugal
2024-06-09,India,Pakistan,"Nassau County International Cricket Stadium, New York",Pakistan,field,T20,2024,India
2024-06-09,Austria,Romania,"Simar Cricket Ground, Rome",Austria,bat,T20,2024,Romania
2024-06-10,South Africa,Bangladesh,"Nassau County International Cricket Stadium, New York",South Africa,bat,T20,2024,South Africa
2024-06-10,Isle of Man,Turkey,"Simar Cricket Ground, Rome",Turkey,field,T20,2024,Isle of Man
2024-06-10,Portugal,Romania,Roma Cricket Ground,Portugal,bat,T20,2024,Romania
2024-06-10,France,Italy,"Simar Cricket Ground, Rome",Italy,field,T20,2024,Italy
2024-06-10,Israel,Austria,Roma Cricket Ground,Israel,bat,T20,2024,Austria
2024-06-11,Namibia,Australia,"Sir Vivian Richards Stadium, North Sound, Antigua",Australia,field,T20,2024,Australia
2024-06-11,Canada,Pakistan,"Nassau County International Cricket Stadium, New York",Pakistan,field,T20,2024,Pakistan
2024-06-12,Isle of Man,Italy,Roma Cricket Ground,Isle of Man,bat,T20,2024,Italy
2024-06-12,Israel,Hungary,"Simar Cricket Ground, Rome",Israel,bat,T20,2024,Hungary
2024-06-12,Portugal,Austria,"Simar Cricket Ground, Rome",Portugal,bat,T20,2024,Austria
2024-06-12,Luxembourg,Turkey,Roma Cricket Ground,Turkey,field,T20,2024,Luxembourg
2024-06-12,United States of America,India,"Nassau County International Cricket Stadium, New York",India,field,T20,2024,India
2024-06-12,West Indies,New Zealand,"Brian Lara Stadium, Tarouba, Trinidad",New Zealand,field,T20,2024,West Indies
2024-06-13,France,Luxembourg,"Simar Cricket Ground, Rome",France,bat,T20,2024,France
2024-06-13,Bangladesh,Netherlands,"Arnos Vale Ground, Kingstown, St Vincent",Netherlands,field,T20,2024,Bangladesh
2024-06-13,Oman,England,"Sir Vivian Richards Stadium, North Sound, Antigua",England,field,T20,2024,England
2024-06-13,Hungary,Romania,Roma Cricket Ground,Romania,field,T20,2024,Romania
2024-06-13,Portugal,Israel,Roma Cricket Ground,Portugal,bat,T20,2024,Israel
2024-06-13,Turkey,Italy,"Simar Cricket Ground, Rome",Turkey,bat,T20,2024,Italy
2024-06-14,South Africa,Nepal,"Arnos Vale Ground, Kingstown, St Vincent",Nepal,field,T20,2024,South Africa
2024-06-14,Uganda,New Zealand,"Brian Lara Stadium, Tarouba, Trinidad",New Zealand,field,T20,2024,New Zealand
2024-06-14,Papua New Guinea,Afghanistan,"(N) -ICC Men's T20 World Cup 2024 29th Match, Group C (N) -ICC Men's T20 World Cup 2024 T20I 29TH Brian Lara Stadium, Tarouba, Trinidad, West Indies",,,T20,2024,Afghanistan
2024-06-14,Norway,Finland,Kerava National Cricket Ground,Finland,field,T20,2024,Norway
2024-06-15,Austria,Hungary,"Simar Cricket Ground, Rome",Hungary,field,T20,2024,Austria
2024-06-15,Isle of Man,Luxembourg,Roma Cricket Ground,Isle of Man,bat,T20,2024,Isle of Man
2024-06-15,Romania,Israel,"Simar Cricket Ground, Rome",Israel,field,T20,2024,Romania
2024-06-15,Finland,Norway,Kerava National Cricket Ground,Finland,bat,T20,2024,Norway
2024-06-15,England,Namibia,"Sir Vivian Richards Stadium, North Sound, Antigua",Namibia,field,T20,2024,England
2024-06-15,Scotland,Australia,"Daren Sammy National Cricket Stadium, Gros Islet, St Lucia",Australia,field,T20,2024,Australia
2024-06-15,France,Turkey,Roma Cricket Ground,Turkey,field,T20,2024,France
2024-06-16,Jersey,Denmark,"Svanholm Park, Brondby",Denmark,field,T20,2024,Jersey
2024-06-16,Denmark,Jersey,"Svanholm Park, Brondby",Jersey,field,T20,2024,Jersey
2024-06-16,Italy,Romania,"Simar Cricket Ground, Rome",Romania,field,T20,2024,Italy
2024-06-16,Ireland,Pakistan,"Central Broward Regional Park Stadium Turf Ground, Lauderhill",Pakistan,field,T20,2024,Pakistan
2024-06-16,Portugal,Isle of Man,Roma Cricket Ground,Portugal,bat,T20,2024,Portugal
2024-06-16,Sri Lanka,Netherlands,"Daren Sammy National Cricket Stadium, Gros Islet, St Lucia",Netherlands,field,T20,2024,Sri Lanka
2024-06-16,France,Austria,"Simar Cricket Ground, Rome",Austria,field,T20,2024,Austria
2024-06-16,Luxembourg,Israel,Roma Cricket Ground,Luxembourg,bat,T20,2024,Israel
2024-06-16,Bangladesh,Nepal,"Arnos Vale Ground, Kingstown, St Vincent",Nepal,field,T20,2024,Bangladesh
2024-06-16,Finland,Norway,Kerava National Cricket Ground,Finland,bat,T20,2024,Norway
2024-06-17,Papua New Guinea,New Zealand,"Brian Lara Stadium, Tarouba, Trinidad",New Zealand,field,T20,2024,New Zealand
2024-06-17,Cyprus,Estonia,Happy Valley Ground,Cyprus,bat,T20,2024,Estonia
2024-06-17,Cyprus,Estonia,Happy Valley Ground,Cyprus,bat,T20,2024,Estonia
2024-06-18,Cyprus,Estonia,Happy Valley Ground,Estonia,field,T20,2024,Cyprus
2024-06-18,Estonia,Cyprus,Happy Valley Ground,Estonia,bat,T20,2024,Estonia
2024-06-18,West Indies,Afghanistan,"orld Cup 2024 40th Match, Group C (N) -ICC Men's T20 World Cup 2024 T20I 40TH Daren Sammy National Cricket Stadium, Gros Islet, St Lucia, West Indies",,,T20,2024,West Indies
2024-06-19,West Indies,England,"Daren Sammy National Cricket Stadium, Gros Islet, St Lucia",England,field,T20,2024,England
2024-06-19,Estonia,Cyprus,Happy Valley Ground,Estonia,bat,T20,2024,Estonia
2024-06-19,South Africa,United States of America,"Sir Vivian Richards Stadium, North Sound, Antigua",United States of America,field,T20,2024,South Africa
2024-06-19,Estonia,Cyprus,Happy Valley Ground,Cyprus,field,T20,2024,Cyprus
2024-06-20,India,Afghanistan,"Men's T20 World Cup 2024 43rd Match, Super Eights, Group 1 -ICC Men's T20 World Cup 2024 T20I 43RD Kensington Oval, Bridgetown, Barbados, West Indies",,,T20,2024,India
2024-06-20,Bangladesh,Australia,"Sir Vivian Richards Stadium, North Sound, Antigua",Australia,field,T20,2024,Australia
2024-06-21,South Africa,England,"Daren Sammy National Cricket Stadium, Gros Islet, St Lucia",England,field,T20,2024,South Africa
2024-06-21,United States of America,West Indies,"Kensington Oval, Bridgetown, Barbados",West Indies,field,T20,2024,West Indies
2024-06-22,India,Bangladesh,"Sir Vivian Richards Stadium, North Sound, Antigua",Bangladesh,field,T20,2024,India
2024-06-22,Guernsey,Jersey,"King George V Sports Ground, Castel",Jersey,field,T20,2024,Jersey
2024-06-22,Guernsey,Jersey,"King George V Sports Ground, Castel",Jersey,field,T20,2024,Jersey
2024-06-23,West Indies,South Africa,"Sir Vivian Richards Stadium, North Sound, Antigua",South Africa,field,T20,2024,South Africa
2024-06-23,Australia,Afghanistan,"20 World Cup 2024 48th Match, Super Eights, Group 1 (N) -ICC Men's T20 World Cup 2024 T20I 48TH Arnos Vale Ground, Kingstown, St Vincent, West Indies",,,T20,2024,Afghanistan
2024-06-23,Jersey,Guernsey,"Guernsey Rovers Athletic Club Ground, Port Soif",Guernsey,field,T20,2024,Guernsey
2024-06-23,United States of America,England,"Kensington Oval, Bridgetown, Barbados",England,field,T20,2024,England
2024-06-24,India,Australia,"Daren Sammy National Cricket Stadium, Gros Islet, St Lucia",Australia,field,T20,2024,India
2024-06-25,Afghanistan,Bangladesh,"20 World Cup 2024 52nd Match, Super Eights, Group 1 (N) -ICC Men's T20 World Cup 2024 T20I 52ND Arnos Vale Ground, Kingstown, St Vincent, West Indies",,,T20,2024,Afghanistan
2024-06-27,India,England,"Providence Stadium, Guyana",England,field,T20,2024,India
2024-06-27,Afghanistan,South Africa,"-Final (N) -ICC Men's T20 World Cup 2024 1st Semi-Final (N) -ICC Men's T20 World Cup 2024 T20I 1ST Brian Lara Stadium, Tarouba, Trinidad, West Indies",,,T20,2024,South Africa
2024-06-28,Malawi,Rwanda,"Sikh Union Club Ground, Nairobi",Malawi,bat,T20,2024,Malawi
2024-06-29,Rwanda,Kenya,"Sikh Union Club Ground, Nairobi",Rwanda,bat,T20,2024,Kenya
2024-06-29,India,South Africa,"Kensington Oval, Bridgetown, Barbados",India,bat,T20,2024,India
2024-07-01,Malawi,Kenya,"Sikh Union Club Ground, Nairobi",Kenya,field,T20,2024,Kenya
2024-07-03,Rwanda,Kenya,"Sikh Union Club Ground, Nairobi",Rwanda,bat,T20,2024,Kenya
2024-07-05,Kenya,Rwanda,"Sikh Union Club Ground, Nairobi",Kenya,bat,T20,2024,Kenya
2024-07-06,Zimbabwe,India,Harare Sports Club,India,field,T20,2024,Zimbabwe
2024-07-07,Switzerland,Belgium,Bayer Uerdingen Cricket Ground,Belgium,field,T20,2024,Belgium
2024-07-07,India,Zimbabwe,Harare Sports Club,India,bat,T20,2024,India
2024-07-07,Jersey,Serbia,Bayer Uerdingen Cricket Ground,Jersey,bat,T20,2024,Jersey
2024-07-08,Germany,Gibraltar,Bayer Uerdingen Cricket Ground,Gibraltar,field,T20,2024,Germany
2024-07-08,Norway,Sweden,Bayer Uerdingen Cricket Ground,Sweden,field,T20,2024,Norway
2024-07-08,Croatia,Belgium,Bayer Uerdingen Cricket Ground,Croatia,bat,T20,2024,Croatia
2024-07-09,Slovenia,Norway,Bayer Uerdingen Cricket Ground,Slovenia,bat,T20,2024,Norway
2024-07-09,Jersey,Switzerland,Bayer Uerdingen Cricket Ground,Jersey,bat,T20,2024,Jersey
2024-07-09,Germany,Sweden,Bayer Uerdingen Cricket Ground,Germany,bat,T20,2024,Germany
2024-07-10,Jersey,Belgium,Bayer Uerdingen Cricket Ground,Belgium,field,T20,2024,Jersey
2024-07-10,Croatia,Serbia,Bayer Uerdingen Cricket Ground,Serbia,field,T20,2024,Croatia
2024-07-10,Gibraltar,Slovenia,Bayer Uerdingen Cricket Ground,Gibraltar,bat,T20,2024,Slovenia
2024-07-10,India,Zimbabwe,Harare Sports Club,India,bat,T20,2024,India
2024-07-11,Norway,Germany,Bayer Uerdingen Cricket Ground,Germany,field,T20,2024,Norway
2024-07-11,Gibraltar,Sweden,Bayer Uerdingen Cricket Ground,Sweden,field,T20,2024,Sweden
2024-07-11,Switzerland,Serbia,Bayer Uerdingen Cricket Ground,Switzerland,bat,T20,2024,Switzerland
2024-07-12,Kenya,Nigeria,"Sikh Union Club Ground, Nairobi",Kenya,bat,T20,2024,Kenya
2024-07-12,Belgium,Serbia,Bayer Uerdingen Cricket Ground,Belgium,bat,T20,2024,Belgium
2024-07-13,Croatia,Switzerland,Bayer Uerdingen Cricket Ground,Switzerland,field,T20,2024,Switzerland
2024-07-13,Norway,Gibraltar,Bayer Uerdingen Cricket Ground,Norway,bat,T20,2024,Norway
2024-07-13,Zimbabwe,India,Harare Sports Club,India,field,T20,2024,India
2024-07-13,Nigeria,Kenya,"Sikh Union Club Ground, Nairobi",Nigeria,bat,T20,2024,Kenya
2024-07-13,Slovenia,Sweden,Bayer Uerdingen Cricket Ground,Sweden,field,T20,2024,Sweden
2024-07-14,Norway,Jersey,Bayer Uerdingen Cricket Ground,Jersey,field,T20,2024,Jersey
2024-07-14,Croatia,Germany,Bayer Uerdingen Cricket Ground,Croatia,bat,T20,2024,Germany
2024-07-14,India,Zimbabwe,Harare Sports Club,Zimbabwe,field,T20,2024,India
2024-07-15,Kenya,Nigeria,"Sikh Union Club Ground, Nairobi",Nigeria,field,T20,2024,Nigeria
2024-07-16,Nigeria,Kenya,"Sikh Union Club Ground, Nairobi",Kenya,field,T20,2024,Nigeria
2024-07-17,Nigeria,Kenya,"Sikh Union Club Ground, Nairobi",Nigeria,bat,T20,2024,Kenya
2024-07-27,India,Sri Lanka,Pallekele International Cricket Stadium,Sri Lanka,field,T20,2024,India
2024-07-28,Sri Lanka,India,Pallekele International Cricket Stadium,India,field,T20,2024,India
2024-07-30,India,Sri Lanka,Pallekele International Cricket Stadium,Sri Lanka,field,T20,2024,No Result
2024-08-02,Croatia,Spain,"Mladost Cricket Ground, Zagreb",Spain,field,T20,2024,Spain
2024-08-03,Croatia,Spain,"Mladost Cricket Ground, Zagreb",Spain,field,T20,2024,Spain
2024-08-03,Croatia,Spain,"Mladost Cricket Ground, Zagreb",Spain,field,T20,2024,Spain
2024-08-04,Spain,Croatia,"Mladost Cricket Ground, Zagreb",Croatia,field,T20,2024,Spain
2024-08-04,Spain,Croatia,"Mladost Cricket Ground, Zagreb",Croatia,field,T20,2024,Spain
2024-08-17,Fiji,Samoa,"Faleata Oval No 2, Apia",Fiji,bat,T20,2024,Samoa
2024-08-17,Vanuatu,Cook Islands,"Faleata Oval No 2, Apia",Cook Islands,field,T20,2024,Cook Islands
2024-08-19,Vanuatu,Fiji,"Faleata Oval No 2, Apia",Fiji,field,T20,2024,Vanuatu
2024-08-19,Samoa,Cook Islands,"Faleata Oval No 2, Apia",Cook Islands,field,T20,2024,Cook Islands
2024-08-20,Fiji,Cook Islands,"Faleata Oval No 2, Apia",Cook Islands,field,T20,2024,Fiji
2024-08-20,Samoa,Vanuatu,"Faleata Oval No 2, Apia",Samoa,bat,T20,2024,Samoa
2024-08-21,Malta,Finland,"Guernsey Rovers Athletic Club Ground, Port Soif",Malta,bat,T20,2024,Finland
2024-08-21,Denmark,Czech Republic,"King George V Sports Ground, Castel",Denmark,bat,T20,2024,Denmark
2024-08-21,Bulgaria,Guernsey,"Guernsey Rovers Athletic Club Ground, Port Soif",Bulgaria,bat,T20,2024,Guernsey
2024-08-21,Vanuatu,Cook Islands,"Faleata Oval No 2, Apia",Cook Islands,field,T20,2024,Cook Islands
2024-08-21,Samoa,Fiji,"Faleata Oval No 2, Apia",Fiji,field,T20,2024,Samoa
2024-08-21,Spain,Cyprus,"King George V Sports Ground, Castel",Cyprus,field,T20,2024,Spain
2024-08-21,Hong Kong,Kuwait,"Selangor Turf Club, Kuala Lumpur",Kuwait,field,T20,2024,Kuwait
2024-08-22,Kuwait,Malaysia,"Selangor Turf Club, Kuala Lumpur",Malaysia,field,T20,2024,Malaysia
2024-08-22,Spain,Czech Republic,"Guernsey Rovers Athletic Club Ground, Port Soif",Czech Republic,field,T20,2024,Spain
2024-08-22,Malta,Guernsey,"King George V Sports Ground, Castel",Guernsey,field,T20,2024,Guernsey
2024-08-22,Denmark,Greece,"Guernsey Rovers Athletic Club Ground, Port Soif",Greece,field,T20,2024,Denmark
2024-08-22,Finland,Estonia,"King George V Sports Ground, Castel",Estonia,field,T20,2024,Estonia
2024-08-23,Samoa,Cook Islands,"Faleata Oval No 2, Apia",Samoa,bat,T20,2024,Cook Islands
2024-08-23,Malaysia,Hong Kong,"Selangor Turf Club, Kuala Lumpur",Hong Kong,field,T20,2024,Hong Kong
2024-08-23,Vanuatu,Fiji,"Faleata Oval No 2, Apia",Vanuatu,bat,T20,2024,Fiji
2024-08-23,Canada,Netherlands,"Sportpark Maarschalkerweerd, Utrecht",Canada,bat,T20,2024,Netherlands
2024-08-23,South Africa,West Indies,"Brian Lara Stadium, Tarouba, Trinidad",West Indies,field,T20,2024,West Indies
2024-08-24,Bulgaria,Estonia,"Guernsey Rovers Athletic Club Ground, Port Soif",Estonia,field,T20,2024,Estonia
2024-08-24,Fiji,Cook Islands,"Faleata Oval No 2, Apia",Cook Islands,field,T20,2024,Fiji
2024-08-24,Samoa,Vanuatu,"Faleata Oval No 2, Apia",Samoa,bat,T20,2024,Samoa
2024-08-24,Greece,Cyprus,"King George V Sports Ground, Castel",Greece,bat,T20,2024,Cyprus
2024-08-24,Canada,United States of America,"Sportpark Maarschalkerweerd, Utrecht",Canada,bat,T20,2024,No Result
2024-08-24,Finland,Guernsey,"Guernsey Rovers Athletic Club Ground, Port Soif",Guernsey,field,T20,2024,Finland
2024-08-24,Hong Kong,Kuwait,"Selangor Turf Club, Kuala Lumpur",Kuwait,field,T20,2024,Kuwait
2024-08-25,Estonia,Guernsey,"King George V Sports Ground, Castel",Guernsey,field,T20,2024,Guernsey
2024-08-25,Cyprus,Czech Republic,"Guernsey Rovers Athletic Club Ground, Port Soif",Cyprus,bat,T20,2024,Czech Republic
2024-08-25,Malta,Bulgaria,"King George V Sports Ground, Castel",Malta,bat,T20,2024,Malta
2024-08-25,Netherlands,United States of America,"Sportpark Maarschalkerweerd, Utrecht",United States of America,field,T20,2024,Netherlands
2024-08-25,West Indies,South Africa,"Brian Lara Stadium, Tarouba, Trinidad",South Africa,field,T20,2024,West Indies
2024-08-25,Greece,Spain,"Guernsey Rovers Athletic Club Ground, Port Soif",Greece,bat,T20,2024,Spain
2024-08-25,Kuwait,Malaysia,"Selangor Turf Club, Kuala Lumpur",Malaysia,field,T20,2024,Kuwait
2024-08-26,Canada,Netherlands,"Sportpark Maarschalkerweerd, Utrecht",Netherlands,field,T20,2024,Canada
2024-08-26,Hong Kong,Malaysia,"Selangor Turf Club, Kuala Lumpur",Malaysia,field,T20,2024,Hong Kong
2024-08-27,Finland,Bulgaria,"Guernsey Rovers Athletic Club Ground, Port Soif",Finland,bat,T20,2024,Finland
2024-08-27,Denmark,Cyprus,"King George V Sports Ground, Castel",Denmark,bat,T20,2024,Denmark
2024-08-27,United States of America,Canada,"Sportpark Westvliet, The Hague",United States of America,bat,T20,2024,United States of America
2024-08-27,Hong Kong,Kuwait,"Selangor Turf Club, Kuala Lumpur",Kuwait,field,T20,2024,Kuwait
2024-08-27,South Africa,West Indies,"Brian Lara Stadium, Tarouba, Trinidad",West Indies,field,T20,2024,West Indies
2024-08-27,Czech Republic,Greece,"King George V Sports Ground, Castel",Czech Republic,bat,T20,2024,Czech Republic
2024-08-27,Malta,Estonia,"Guernsey Rovers Athletic Club Ground, Port Soif",Malta,bat,T20,2024,Estonia
2024-08-28,Spain,Finland,"King George V Sports Ground, Castel",Finland,field,T20,2024,Spain
2024-08-28,Denmark,Guernsey,"King George V Sports Ground, Castel",Guernsey,field,T20,2024,Guernsey
2024-08-28,Cyprus,Malta,"Guernsey Rovers Athletic Club Ground, Port Soif",Malta,field,T20,2024,Cyprus
2024-08-28,Netherlands,United States of America,"Sportpark Westvliet, The Hague",Netherlands,bat,T20,2024,Netherlands
2024-08-28,Czech Republic,Estonia,"Guernsey Rovers Athletic Club Ground, Port Soif",Estonia,field,T20,2024,Estonia
2024-08-30,Myanmar,Hong Kong,"YSD-UKM Cricket Oval, Bangi",Hong Kong,field,T20,2024,Hong Kong
2024-08-30,Kuwait,Mongolia,"Bayuemas Oval, Kuala Lumpur",Mongolia,field,T20,2024,Kuwait
2024-08-30,Malaysia,Maldives,"Bayuemas Oval, Kuala Lumpur",Maldives,field,T20,2024,Malaysia
2024-08-31,Mongolia,Hong Kong,"Bayuemas Oval, Kuala Lumpur",Hong Kong,field,T20,2024,Hong Kong
2024-08-31,Singapore,Maldives,"Bayuemas Oval, Kuala Lumpur",Singapore,bat,T20,2024,Singapore
2024-08-31,Myanmar,Malaysia,"YSD-UKM Cricket Oval, Bangi",Malaysia,field,T20,2024,Malaysia
2024-09-02,Hong Kong,Singapore,"Bayuemas Oval, Kuala Lumpur",Singapore,field,T20,2024,Hong Kong
2024-09-02,Kuwait,Maldives,"YSD-UKM Cricket Oval, Bangi",Maldives,field,T20,2024,Kuwait
2024-09-02,Myanmar,Mongolia,"YSD-UKM Cricket Oval, Bangi",Mongolia,field,T20,2024,Myanmar
2024-09-03,Maldives,Hong Kong,"YSD-UKM Cricket Oval, Bangi",Hong Kong,field,T20,2024,Hong Kong
2024-09-03,Myanmar,Kuwait,"Bayuemas Oval, Kuala Lumpur",Kuwait,field,T20,2024,Kuwait
2024-09-03,Malaysia,Singapore,"YSD-UKM Cricket Oval, Bangi",Malaysia,bat,T20,2024,Malaysia
2024-09-04,Scotland,Australia,"Grange Cricket Club Ground, Raeburn Place, Edinburgh",Australia,field,T20,2024,Australia
2024-09-05,Myanmar,Maldives,"Bayuemas Oval, Kuala Lumpur",Myanmar,bat,T20,2024,Maldives
2024-09-05,Mongolia,Singapore,"YSD-UKM Cricket Oval, Bangi",Singapore,field,T20,2024,Singapore
2024-09-05,Malaysia,Kuwait,"Bayuemas Oval, Kuala Lumpur",Kuwait,field,T20,2024,Kuwait
2024-09-06,Australia,Scotland,"Grange Cricket Club Ground, Raeburn Place, Edinburgh",Scotland,field,T20,2024,Australia
2024-09-06,Maldives,Mongolia,"Bayuemas Oval, Kuala Lumpur",Maldives,bat,T20,2024,Maldives
2024-09-06,Kuwait,Singapore,"YSD-UKM Cricket Oval, Bangi",Singapore,field,T20,2024,Singapore
2024-09-07,Malaysia,Hong Kong,"Bayuemas Oval, Kuala Lumpur",Hong Kong,field,T20,2024,Malaysia
2024-09-07,Scotland,Australia,"Grange Cricket Club Ground, Raeburn Place, Edinburgh",Australia,field,T20,2024,Australia
2024-09-09,Myanmar,Singapore,"Bayuemas Oval, Kuala Lumpur",Singapore,field,T20,2024,Singapore
2024-09-09,Mongolia,Malaysia,"YSD-UKM Cricket Oval, Bangi",Malaysia,field,T20,2024,Malaysia
2024-09-09,Hong Kong,Kuwait,"YSD-UKM Cricket Oval, Bangi",Kuwait,field,T20,2024,No Result
2024-09-11,Australia,England,"The Rose Bowl, Southampton",England,field,T20,2024,Australia
2024-09-13,Australia,England,"Sophia Gardens, Cardiff",England,field,T20,2024,England
2024-09-21,Malawi,Lesotho,"Gymkhana Club Ground, Dar-es-Salaam",Lesotho,field,T20,2024,Malawi
2024-09-21,Cameroon,Ghana,"Gymkhana Club Ground, Dar-es-Salaam",Cameroon,bat,T20,2024,Ghana
2024-09-21,Mali,Tanzania,University of Dar-es-Salaam Ground,Tanzania,field,T20,2024,Tanzania
2024-09-22,Mali,Cameroon,"Gymkhana Club Ground, Dar-es-Salaam",Mali,bat,T20,2024,Cameroon
2024-09-22,Malawi,Ghana,University of Dar-es-Salaam Ground,Ghana,field,T20,2024,Malawi
2024-09-24,Ghana,Lesotho,University of Dar-es-Salaam Ground,Ghana,bat,T20,2024,Ghana
2024-09-24,Cameroon,Tanzania,"Gymkhana Club Ground, Dar-es-Salaam",Cameroon,bat,T20,2024,Tanzania
2024-09-24,Mali,Malawi,University of Dar-es-Salaam Ground,Mali,bat,T20,2024,Malawi
2024-09-25,Lesotho,Mali,"Gymkhana Club Ground, Dar-es-Salaam",Mali,field,T20,2024,Lesotho
2024-09-25,Ghana,Tanzania,University of Dar-es-Salaam Ground,Ghana,bat,T20,2024,Tanzania
2024-09-25,Japan,Indonesia,"Yeonhui Cricket Ground, Incheon",Japan,bat,T20,2024,Japan
2024-09-25,Cameroon,Malawi,University of Dar-es-Salaam Ground,Malawi,field,T20,2024,Malawi
2024-09-26,Japan,Philippines,"Yeonhui Cricket Ground, Incheon",Japan,bat,T20,2024,Japan
2024-09-26,Tanzania,Malawi,"Gymkhana Club Ground, Dar-es-Salaam",Tanzania,bat,T20,2024,Tanzania
2024-09-26,Lesotho,Cameroon,University of Dar-es-Salaam Ground,Cameroon,field,T20,2024,Cameroon
2024-09-26,Mali,Ghana,"Gymkhana Club Ground, Dar-es-Salaam",Mali,bat,T20,2024,Ghana
2024-09-27,Ireland,South Africa,"Zayed Cricket Stadium, Abu Dhabi",South Africa,field,T20,2024/25,South Africa
2024-09-28,Canada,Nepal,"Maple Leaf North-West Ground, King City",Nepal,field,T20,2024,Canada
2024-09-28,Philippines,Japan,"Yeonhui Cricket Ground, Incheon",Philippines,bat,T20,2024,Japan
2024-09-28,South Korea,Indonesia,"Yeonhui Cricket Ground, Incheon",South Korea,bat,T20,2024,Indonesia
2024-09-29,Nepal,Oman,"Maple Leaf North-West Ground, King City",Oman,field,T20,2024,Nepal
2024-09-29,United Arab Emirates,Namibia,"Wanderers Cricket Ground, Windhoek",Namibia,field,T20,2024,United Arab Emirates
2024-09-29,Ireland,South Africa,"Zayed Cricket Stadium, Abu Dhabi",South Africa,field,T20,2024/25,Ireland
2024-09-29,Philippines,Indonesia,"Yeonhui Cricket Ground, Incheon",Indonesia,field,T20,2024,Philippines
2024-09-29,South Korea,Japan,"Yeonhui Cricket Ground, Incheon",South Korea,bat,T20,2024,Japan
2024-09-30,United States of America,United Arab Emirates,"Wanderers Cricket Ground, Windhoek",United States of America,bat,T20,2024,United States of America
2024-09-30,Serbia,Gibraltar,Europa Sports Complex,Serbia,bat,T20,2024,Gibraltar
2024-09-30,Canada,Oman,"Maple Leaf North-West Ground, King City",Oman,field,T20,2024,Oman
2024-09-30,Serbia,Gibraltar,Europa Sports Complex,Gibraltar,field,T20,2024,Gibraltar
2024-10-01,Japan,Indonesia,"Yeonhui Cricket Ground, Incheon",Indonesia,field,T20,2024,Japan
2024-10-01,United States of America,Namibia,"Wanderers Cricket Ground, Windhoek",United States of America,bat,T20,2024,United States of America
2024-10-01,Philippines,South Korea,"Yeonhui Cricket Ground, Incheon",South Korea,field,T20,2024,Philippines
2024-10-01,Nepal,Canada,"Maple Leaf North-West Ground, King City",Canada,field,T20,2024,Canada
2024-10-02,Japan,Philippines,"Yeonhui Cricket Ground, Incheon",Japan,bat,T20,2024,Japan
2024-10-02,Indonesia,South Korea,"Yeonhui Cricket Ground, Incheon",Indonesia,bat,T20,2024,Indonesia
2024-10-02,Namibia,United Arab Emirates,"Wanderers Cricket Ground, Windhoek",Namibia,bat,T20,2024,United Arab Emirates
2024-10-02,Nepal,Oman,"Maple Leaf North-West Ground, King City",Oman,field,T20,2024,Nepal
2024-10-03,Oman,Canada,"Maple Leaf North-West Ground, King City",Canada,field,T20,2024,Canada
2024-10-04,Japan,South Korea,"Yeonhui Cricket Ground, Incheon",Japan,bat,T20,2024,Japan
2024-10-04,United Arab Emirates,United States of America,"Wanderers Cricket Ground, Windhoek",United Arab Emirates,bat,T20,2024,United Arab Emirates
2024-10-04,Indonesia,Philippines,"Yeonhui Cricket Ground, Incheon",Indonesia,bat,T20,2024,Indonesia
2024-10-05,Japan,Indonesia,"Yeonhui Cricket Ground, Incheon",Japan,bat,T20,2024,Japan
2024-10-05,Philippines,South Korea,"Yeonhui Cricket Ground, Incheon",Philippines,bat,T20,2024,Philippines
2024-10-05,Namibia,United States of America,"Wanderers Cricket Ground, Windhoek",Namibia,bat,T20,2024,United States of America
2024-10-06,Bangladesh,India,"Shrimant Madhavrao Scindia Cricket Stadium, Gwalior",India,field,T20,2024/25,India
2024-10-09,India,Bangladesh,"Arun Jaitley Stadium, Delhi",Bangladesh,field,T20,2024/25,India
2024-10-09,Malawi,Rwanda,"TCA Oval, Blantyre",Malawi,bat,T20,2024/25,Rwanda
2024-10-10,Malawi,Rwanda,"TCA Oval, Blantyre",Rwanda,field,T20,2024/25,Rwanda
2024-10-12,Brazil,Mexico,Sao Fernando Polo and Cricket Club,Mexico,field,T20,2024/25,Brazil
2024-10-12,India,Bangladesh,"Rajiv Gandhi International Stadium, Uppal, Hyderabad",India,bat,T20,2024/25,India
2024-10-13,Mexico,Argentina,Sao Fernando Polo and Cricket Club,Argentina,field,T20,2024/25,Argentina
2024-10-13,Sri Lanka,West Indies,Rangiri Dambulla International Stadium,West Indies,field,T20,2024/25,West Indies
2024-10-13,Malawi,Rwanda,"TCA Oval, Blantyre",Rwanda,field,T20,2024/25,Rwanda
2024-10-15,Sri Lanka,West Indies,Rangiri Dambulla International Stadium,Sri Lanka,bat,T20,2024/25,Sri Lanka
2024-10-17,Nepal,United States of America,"Grand Prairie Stadium, Dallas",United States of America,field,T20,2024/25,Nepal
2024-10-17,West Indies,Sri Lanka,Rangiri Dambulla International Stadium,West Indies,bat,T20,2024/25,Sri Lanka
2024-10-18,Kenya,Seychelles,"Sikh Union Club Ground, Nairobi",Kenya,bat,T20,2024/25,Kenya
2024-10-19,Nepal,United States of America,"Grand Prairie Stadium, Dallas",Nepal,bat,T20,2024/25,No Result
2024-10-19,Thailand,Bhutan,Gelephu International Cricket Ground,Bhutan,field,T20,2024/25,Thailand
2024-10-19,Zimbabwe,Seychelles,"Gymkhana Club Ground, Nairobi",Seychelles,field,T20,2024/25,Zimbabwe
2024-10-19,Kenya,Mozambique,"Ruaraka Sports Club Ground, Nairobi",Mozambique,field,T20,2024/25,Kenya
2024-10-19,Indonesia,Maldives,Gelephu International Cricket Ground,Indonesia,bat,T20,2024/25,Maldives
2024-10-20,Rwanda,Kenya,"Gymkhana Club Ground, Nairobi",Rwanda,bat,T20,2024/25,Kenya
2024-10-20,Mozambique,Zimbabwe,"Gymkhana Club Ground, Nairobi",Zimbabwe,field,T20,2024/25,Zimbabwe
2024-10-20,Indonesia,Thailand,Gelephu International Cricket Ground,Indonesia,bat,T20,2024/25,Thailand
2024-10-20,Maldives,Bhutan,Gelephu International Cricket Ground,Bhutan,field,T20,2024/25,Bhutan
2024-10-20,United States of America,Nepal,"Grand Prairie Stadium, Dallas",United States of America,bat,T20,2024/25,Nepal
2024-10-22,Kenya,Gambia,"Gymkhana Club Ground, Nairobi",Kenya,bat,T20,2024/25,Kenya
2024-10-22,Zimbabwe,Rwanda,"Ruaraka Sports Club Ground, Nairobi",Zimbabwe,bat,T20,2024/25,Zimbabwe
2024-10-22,Thailand,Maldives,Gelephu International Cricket Ground,Thailand,bat,T20,2024/25,Thailand
2024-10-22,Bhutan,Indonesia,Gelephu International Cricket Ground,Bhutan,bat,T20,2024/25,Bhutan
2024-10-22,Mozambique,Seychelles,"Gymkhana Club Ground, Nairobi",Mozambique,bat,T20,2024/25,Mozambique
2024-10-23,Zimbabwe,Gambia,"Ruaraka Sports Club Ground, Nairobi",Zimbabwe,bat,T20,2024/25,Zimbabwe
2024-10-23,Bhutan,Maldives,Gelephu International Cricket Ground,Bhutan,bat,T20,2024/25,Maldives
2024-10-23,Rwanda,Mozambique,"Gymkhana Club Ground, Nairobi",Rwanda,bat,T20,2024/25,Mozambique
2024-10-23,Seychelles,Kenya,"Ruaraka Sports Club Ground, Nairobi",Seychelles,bat,T20,2024/25,Kenya
2024-10-23,Thailand,Indonesia,Gelephu International Cricket Ground,Thailand,bat,T20,2024/25,Thailand
2024-10-24,Rwanda,Seychelles,"Ruaraka Sports Club Ground, Nairobi",Rwanda,bat,T20,2024/25,Rwanda
2024-10-24,Gambia,Mozambique,"Ruaraka Sports Club Ground, Nairobi",Gambia,bat,T20,2024/25,Mozambique
2024-10-24,Indonesia,Bhutan,Gelephu International Cricket Ground,Indonesia,bat,T20,2024/25,Bhutan
2024-10-24,Zimbabwe,Kenya,"Gymkhana Club Ground, Nairobi",Zimbabwe,bat,T20,2024/25,Zimbabwe
2024-10-28,Bahrain,Uganda,Jinja Cricket Ground,Uganda,field,T20,2024/25,Bahrain
2024-10-29,Bahrain,Uganda,Jinja Cricket Ground,Bahrain,bat,T20,2024/25,Uganda
2024-11-08,India,South Africa,"Kingsmead, Durban",South Africa,field,T20,2024/25,India
2024-11-09,West Indies,England,"Kensington Oval, Bridgetown, Barbados",England,field,T20,2024/25,England
2024-11-09,New Zealand,Sri Lanka,Rangiri Dambulla International Stadium,New Zealand,bat,T20,2024/25,Sri Lanka
2024-11-10,India,South Africa,"St George's Park, Gqeberha",South Africa,field,T20,2024/25,South Africa
2024-11-10,West Indies,England,"Kensington Oval, Bridgetown, Barbados",England,field,T20,2024/25,England
2024-11-10,New Zealand,Sri Lanka,Rangiri Dambulla International Stadium,Sri Lanka,field,T20,2024/25,New Zealand
2024-11-12,Indonesia,Myanmar,Udayana Cricket Ground,Myanmar,field,T20,2024/25,Indonesia
2024-11-13,Myanmar,Indonesia,Udayana Cricket Ground,Myanmar,bat,T20,2024/25,Indonesia
2024-11-13,Netherlands,Oman,Al Amerat Cricket Ground Oman Cricket (Ministry Turf 1),Oman,field,T20,2024/25,Oman
2024-11-13,India,South Africa,"SuperSport Park, Centurion",South Africa,field,T20,2024/25,India
2024-11-14,Australia,Pakistan,"Brisbane Cricket Ground, Woolloongabba, Brisbane",Pakistan,field,T20,2024/25,Australia
2024-11-14,West Indies,England,"Daren Sammy National Cricket Stadium, Gros Islet, St Lucia",England,field,T20,2024/25,England
2024-11-14,Netherlands,Oman,Al Amerat Cricket Ground Oman Cricket (Ministry Turf 1),Oman,field,T20,2024/25,Netherlands
2024-11-15,Myanmar,Indonesia,Udayana Cricket Ground,Indonesia,field,T20,2024/25,Indonesia
2024-11-15,India,South Africa,"The Wanderers Stadium, Johannesburg",India,bat,T20,2024/25,India
2024-11-16,Australia,Pakistan,Sydney Cricket Ground,Australia,bat,T20,2024/25,Australia
2024-11-16,England,West Indies,"Daren Sammy National Cricket Stadium, Gros Islet, St Lucia",West Indies,field,T20,2024/25,West Indies
2024-11-16,Netherlands,Oman,Al Amerat Cricket Ground Oman Cricket (Ministry Turf 1),Oman,field,T20,2024/25,Netherlands
2024-11-16,Myanmar,Indonesia,Udayana Cricket Ground,Myanmar,bat,T20,2024/25,Indonesia
2024-11-17,West Indies,England,"Daren Sammy National Cricket Stadium, Gros Islet, St Lucia",England,field,T20,2024/25,No Result
2024-11-17,Indonesia,Myanmar,Udayana Cricket Ground,Indonesia,bat,T20,2024/25,Indonesia
2024-11-18,Pakistan,Australia,"Bellerive Oval, Hobart",Pakistan,bat,T20,2024/25,Australia
2024-11-19,Myanmar,Indonesia,Udayana Cricket Ground,Myanmar,bat,T20,2024/25,Indonesia
2024-11-19,Thailand,Qatar,"West End Park International Cricket Stadium, Doha",Qatar,field,T20,2024/25,Qatar
2024-11-19,United Arab Emirates,Bhutan,University of Doha for Science and Technology,Bhutan,field,T20,2024/25,United Arab Emirates
2024-11-19,Bahrain,Saudi Arabia,"West End Park International Cricket Stadium, Doha",Saudi Arabia,field,T20,2024/25,Bahrain
2024-11-20,Thailand,Cambodia,"West End Park International Cricket Stadium, Doha",Cambodia,field,T20,2024/25,Thailand
2024-11-20,United Arab Emirates,Saudi Arabia,"West End Park International Cricket Stadium, Doha",United Arab Emirates,bat,T20,2024/25,United Arab Emirates
2024-11-20,Bhutan,Qatar,University of Doha for Science and Technology,Qatar,field,T20,2024/25,Qatar
2024-11-22,Bahrain,Thailand,University of Doha for Science and Technology,Bahrain,bat,T20,2024/25,Thailand
2024-11-22,Saudi Arabia,Bhutan,University of Doha for Science and Technology,Bhutan,field,T20,2024/25,Saudi Arabia
2024-11-22,Cambodia,United Arab Emirates,"West End Park International Cricket Stadium, Doha",United Arab Emirates,field,T20,2024/25,United Arab Emirates
2024-11-23,Nigeria,St Helena,University of Lagos Cricket Oval,Nigeria,bat,T20,2024/25,Nigeria
2024-11-23,Sierra Leone,Ivory Coast,"Tafawa Balewa Square Cricket Oval, Lagos",Sierra Leone,bat,T20,2024/25,Sierra Leone
2024-11-23,Botswana,Eswatini,"Tafawa Balewa Square Cricket Oval, Lagos",Botswana,bat,T20,2024/25,Botswana
2024-11-23,United Arab Emirates,Thailand,University of Doha for Science and Technology,United Arab Emirates,bat,T20,2024/25,United Arab Emirates
2024-11-23,Bahrain,Bhutan,"West End Park International Cricket Stadium, Doha",Bhutan,field,T20,2024/25,Bahrain
2024-11-23,Qatar,Cambodia,University of Doha for Science and Technology,Qatar,bat,T20,2024/25,Qatar
2024-11-24,Sierra Leone,Botswana,University of Lagos Cricket Oval,Sierra Leone,bat,T20,2024/25,Botswana
2024-11-24,Nigeria,Ivory Coast,"Tafawa Balewa Square Cricket Oval, Lagos",Nigeria,bat,T20,2024/25,Nigeria
2024-11-24,Eswatini,St Helena,University of Lagos Cricket Oval,Eswatini,bat,T20,2024/25,Eswatini
2024-11-25,Qatar,Bahrain,"West End Park International Cricket Stadium, Doha",Bahrain,field,T20,2024/25,Qatar
2024-11-25,Thailand,Bhutan,"West End Park International Cricket Stadium, Doha",Thailand,bat,T20,2024/25,Thailand
2024-11-25,Cambodia,Saudi Arabia,University of Doha for Science and Technology,Saudi Arabia,field,T20,2024/25,Saudi Arabia
2024-11-26,Thailand,Saudi Arabia,"West End Park International Cricket Stadium, Doha",Saudi Arabia,field,T20,2024/25,Saudi Arabia
2024-11-26,Ivory Coast,Botswana,"Nigeria Cricket Federation Oval 2, Abuja",Botswana,field,T20,2024/25,Botswana
2024-11-26,Eswatini,Nigeria,"Nigeria Cricket Federation Oval 1, Abuja",Eswatini,bat,T20,2024/25,Nigeria
2024-11-26,St Helena,Sierra Leone,"Nigeria Cricket Federation Oval 1, Abuja",Sierra Leone,field,T20,2024/25,Sierra Leone
2024-11-26,Bahrain,Cambodia,University of Doha for Science and Technology,Cambodia,field,T20,2024/25,Bahrain
2024-11-26,United Arab Emirates,Qatar,"West End Park International Cricket Stadium, Doha",United Arab Emirates,bat,T20,2024/25,United Arab Emirates
2024-11-27,Ivory Coast,Eswatini,"Nigeria Cricket Federation Oval 2, Abuja",Ivory Coast,bat,T20,2024/25,Eswatini
2024-11-27,St Helena,Botswana,"Nigeria Cricket Federation Oval 1, Abuja",St Helena,bat,T20,2024/25,Botswana
2024-11-27,Nigeria,Sierra Leone,"Nigeria Cricket Federation Oval 2, Abuja",Sierra Leone,field,T20,2024/25,Nigeria
2024-11-28,Sierra Leone,Eswatini,"Nigeria Cricket Federation Oval 2, Abuja",Sierra Leone,bat,T20,2024/25,Sierra Leone
2024-11-28,Nigeria,Botswana,"Nigeria Cricket Federation Oval 2, Abuja",Nigeria,bat,T20,2024/25,Nigeria
2024-11-28,Bahrain,United Arab Emirates,University of Doha for Science and Technology,Bahrain,bat,T20,2024/25,United Arab Emirates
2024-11-28,Saudi Arabia,Qatar,University of Doha for Science and Technology,Qatar,field,T20,2024/25,Qatar
2024-11-28,Bhutan,Cambodia,"West End Park International Cricket Stadium, Doha",Cambodia,field,T20,2024/25,Cambodia
2024-11-28,Ivory Coast,St Helena,"Nigeria Cricket Federation Oval 1, Abuja",Ivory Coast,bat,T20,2024/25,St Helena
2024-12-01,Pakistan,Zimbabwe,"Queens Sports Club, Bulawayo",Pakistan,bat,T20,2024/25,Pakistan
2024-12-02,Bermuda,Argentina,"Hurlingham Club Ground, Buenos Aires",Argentina,field,T20,2024/25,Bermuda
2024-12-03,Zimbabwe,Pakistan,"Queens Sports Club, Bulawayo",Zimbabwe,bat,T20,2024/25,Pakistan
2024-12-04,Rwanda,Nigeria,"Gahanga International Cricket Stadium, Rwanda",Rwanda,bat,T20,2024/25,Nigeria
2024-12-04,Uganda,Botswana,"Gahanga International Cricket Stadium, Rwanda",Botswana,field,T20,2024/25,Uganda
2024-12-05,Pakistan,Zimbabwe,"Queens Sports Club, Bulawayo",Pakistan,bat,T20,2024/25,Zimbabwe
2024-12-05,Uganda,Rwanda,"Gahanga International Cricket Stadium, Rwanda",Rwanda,field,T20,2024/25,Uganda
2024-12-05,Nigeria,Botswana,"Gahanga International Cricket Stadium, Rwanda",Botswana,field,T20,2024/25,Nigeria
2024-12-06,Bahamas,Brazil,"St George's College Ground, Buenos Aires",Bahamas,bat,T20,2024/25,Bahamas
2024-12-06,Panama,Suriname,"St Albans Club, Buenos Aires",Panama,bat,T20,2024/25,Panama
2024-12-06,Nigeria,Uganda,"Gahanga International Cricket Stadium, Rwanda",Nigeria,bat,T20,2024/25,Uganda
2024-12-06,Botswana,Rwanda,"Gahanga International Cricket Stadium, Rwanda",Rwanda,field,T20,2024/25,Rwanda
2024-12-07,Nigeria,Botswana,"Gahanga International Cricket Stadium, Rwanda",Nigeria,bat,T20,2024/25,Botswana
2024-12-07,Mexico,Brazil,"Hurlingham Club Ground, Buenos Aires",Mexico,bat,T20,2024/25,Mexico
2024-12-07,Argentina,Belize,"St George's College Ground, Buenos Aires",Belize,field,T20,2024/25,Argentina
2024-12-07,Bermuda,Suriname,"Hurlingham Club Ground, Buenos Aires",Bermuda,bat,T20,2024/25,Bermuda
2024-12-07,Cayman Islands,Panama,"St George's College Ground, Buenos Aires",Cayman Islands,bat,T20,2024/25,Cayman Islands
2024-12-07,Uganda,Rwanda,"Gahanga International Cricket Stadium, Rwanda",Rwanda,field,T20,2024/25,Uganda
2024-12-08,Panama,Bermuda,"St Albans Club, Buenos Aires",Panama,bat,T20,2024/25,Bermuda
2024-12-08,Bahamas,Argentina,"Hurlingham Club Ground, Buenos Aires",Bahamas,bat,T20,2024/25,Bahamas
2024-12-08,Suriname,Brazil,"St Albans Club, Buenos Aires",Suriname,bat,T20,2024/25,Brazil
2024-12-08,Cayman Islands,Belize,"Hurlingham Club Ground, Buenos Aires",Cayman Islands,bat,T20,2024/25,Cayman Islands
2024-12-08,Rwanda,Botswana,"Gahanga International Cricket Stadium, Rwanda",Rwanda,bat,T20,2024/25,Botswana
2024-12-08,Nigeria,Uganda,"Gahanga International Cricket Stadium, Rwanda",Uganda,field,T20,2024/25,Uganda
2024-12-09,Uganda,Botswana,"Gahanga International Cricket Stadium, Rwanda",Botswana,field,T20,2024/25,Uganda
2024-12-09,Nigeria,Rwanda,"Gahanga International Cricket Stadium, Rwanda",Nigeria,bat,T20,2024/25,Rwanda
2024-12-10,Panama,Argentina,"St Albans Club, Buenos Aires",Panama,bat,T20,2024/25,Argentina
2024-12-10,Cayman Islands,Suriname,"Hurlingham Club Ground, Buenos Aires",Suriname,field,T20,2024/25,Suriname
2024-12-10,Bahamas,Belize,"St Albans Club, Buenos Aires",Belize,field,T20,2024/25,Bahamas
2024-12-10,South Africa,Pakistan,"Kingsmead, Durban",South Africa,bat,T20,2024/25,South Africa
2024-12-10,Mexico,Bermuda,"Hurlingham Club Ground, Buenos Aires",Mexico,bat,T20,2024/25,Bermuda
2024-12-11,Mexico,Cayman Islands,"St George's College Ground, Buenos Aires",Mexico,bat,T20,2024/25,Cayman Islands
2024-12-11,Rwanda,Botswana,"Gahanga International Cricket Stadium, Rwanda",Botswana,field,T20,2024/25,Rwanda
2024-12-11,Afghanistan,Zimbabwe,babwe T20I Series / 1st T20I -Afghanistan in Zimbabwe T20I Series 2024 1st T20I -Afghanistan in Zimbabwe T20I Series 2024 T20I 1ST Harare Sports Club,,,T20,2024,Zimbabwe
2024-12-11,Bahamas,Panama,"Hurlingham Club Ground, Buenos Aires",Bahamas,bat,T20,2024/25,Bahamas
2024-12-11,Bermuda,Brazil,"St George's College Ground, Buenos Aires",Brazil,field,T20,2024/25,Bermuda
2024-12-11,Suriname,Argentina,"Hurlingham Club Ground, Buenos Aires",Suriname,bat,T20,2024/25,Argentina
2024-12-11,Uganda,Nigeria,"Gahanga International Cricket Stadium, Rwanda",Nigeria,field,T20,2024/25,Uganda
2024-12-12,Suriname,Mexico,"St George's College Ground, Buenos Aires",Mexico,field,T20,2024/25,Mexico
2024-12-12,Botswana,Nigeria,"Gahanga International Cricket Stadium, Rwanda",Botswana,bat,T20,2024/25,Nigeria
2024-12-12,Panama,Brazil,"Belgrano Athletic Club Ground, Buenos Aires",Panama,bat,T20,2024/25,Brazil
2024-12-12,Uganda,Rwanda,"Gahanga International Cricket Stadium, Rwanda",Rwanda,field,T20,2024/25,Uganda
2024-12-12,Bahamas,Cayman Islands,"Belgrano Athletic Club Ground, Buenos Aires",Bahamas,bat,T20,2024/25,Cayman Islands
2024-12-12,Bermuda,Belize,"St George's College Ground, Buenos Aires",Belize,field,T20,2024/25,Bermuda
2024-12-13,Saudi Arabia,Kuwait,"ICC Academy, Dubai",Kuwait,field,T20,2024/25,Kuwait
2024-12-13,Bahrain,United Arab Emirates,"ICC Academy, Dubai",Bahrain,bat,T20,2024/25,United Arab Emirates
2024-12-13,Nigeria,Rwanda,"Gahanga International Cricket Stadium, Rwanda",Nigeria,bat,T20,2024/25,Nigeria
2024-12-13,Pakistan,South Africa,"SuperSport Park, Centurion",Pakistan,bat,T20,2024/25,South Africa
2024-12-13,Afghanistan,Zimbabwe,babwe T20I Series / 2nd T20I -Afghanistan in Zimbabwe T20I Series 2024 2nd T20I -Afghanistan in Zimbabwe T20I Series 2024 T20I 2ND Harare Sports Club,,,T20,2024,Afghanistan
2024-12-13,Uganda,Botswana,"Gahanga International Cricket Stadium, Rwanda",Uganda,bat,T20,2024/25,Uganda
2024-12-14,Cayman Islands,Brazil,"St Albans Club, Buenos Aires",Cayman Islands,bat,T20,2024/25,Cayman Islands
2024-12-14,Zimbabwe,Afghanistan,babwe T20I Series / 3rd T20I -Afghanistan in Zimbabwe T20I Series 2024 3rd T20I -Afghanistan in Zimbabwe T20I Series 2024 T20I 3RD Harare Sports Club,,,T20,2024,Afghanistan
2024-12-14,Argentina,Mexico,"Belgrano Athletic Club Ground, Buenos Aires",Mexico,field,T20,2024/25,Argentina
2024-12-14,Oman,Qatar,"ICC Academy, Dubai",Qatar,field,T20,2024/25,Oman
2024-12-14,Panama,Belize,"St Albans Club, Buenos Aires",Panama,bat,T20,2024/25,Belize
2024-12-14,Bahamas,Suriname,"Belgrano Athletic Club Ground, Buenos Aires",Bahamas,bat,T20,2024/25,Bahamas
2024-12-14,Nigeria,Uganda,"Gahanga International Cricket Stadium, Rwanda",Nigeria,bat,T20,2024/25,Uganda
2024-12-14,Bahrain,Kuwait,"ICC Academy, Dubai",Kuwait,field,T20,2024/25,Bahrain
2024-12-15,Brazil,Belize,"Belgrano Athletic Club Ground, Buenos Aires",Brazil,bat,T20,2024/25,Belize
2024-12-15,Cayman Islands,Argentina,"Hurlingham Club Ground, Buenos Aires",Argentina,field,T20,2024/25,Cayman Islands
2024-12-15,Bermuda,Bahamas,"Belgrano Athletic Club Ground, Buenos Aires",Bermuda,bat,T20,2024/25,Bermuda
2024-12-15,Panama,Mexico,"Hurlingham Club Ground, Buenos Aires",Mexico,field,T20,2024/25,Panama
2024-12-15,Bangladesh,West Indies,"Arnos Vale Ground, Kingstown, St Vincent",West Indies,field,T20,2024/25,Bangladesh
2024-12-15,United Arab Emirates,Oman,"ICC Academy, Dubai",Oman,field,T20,2024/25,United Arab Emirates
2024-12-15,Qatar,Saudi Arabia,"ICC Academy, Dubai",Saudi Arabia,field,T20,2024/25,Saudi Arabia
2024-12-16,Saudi Arabia,Bahrain,"ICC Academy, Dubai",Bahrain,field,T20,2024/25,Bahrain
2024-12-16,Argentina,Brazil,"St George's College Ground, Buenos Aires",Brazil,field,T20,2024/25,Argentina
2024-12-16,Belize,Suriname,"St Albans Club, Buenos Aires",Belize,bat,T20,2024/25,Suriname
2024-12-16,Bahamas,Mexico,"St George's College Ground, Buenos Aires",Bahamas,bat,T20,2024/25,Bahamas
2024-12-16,Bermuda,Cayman Islands,"St Albans Club, Buenos Aires",Bermuda,bat,T20,2024/25,Bermuda
2024-12-16,United Arab Emirates,Kuwait,"ICC Academy, Dubai",United Arab Emirates,bat,T20,2024/25,United Arab Emirates
2024-12-17,Bangladesh,West Indies,"Arnos Vale Ground, Kingstown, St Vincent",West Indies,field,T20,2024/25,Bangladesh
2024-12-17,Oman,Bahrain,"ICC Academy, Dubai",Bahrain,field,T20,2024/25,Oman
2024-12-17,Qatar,Kuwait,"ICC Academy, Dubai",Kuwait,field,T20,2024/25,Kuwait
2024-12-18,United Arab Emirates,Qatar,"ICC Academy, Dubai",United Arab Emirates,bat,T20,2024/25,United Arab Emirates
2024-12-18,Oman,Saudi Arabia,"ICC Academy, Dubai",Saudi Arabia,field,T20,2024/25,Saudi Arabia
2024-12-19,Bangladesh,West Indies,"Arnos Vale Ground, Kingstown, St Vincent",Bangladesh,bat,T20,2024/25,Bangladesh
2024-12-19,Saudi Arabia,United Arab Emirates,"ICC Academy, Dubai",United Arab Emirates,field,T20,2024/25,Saudi Arabia
2024-12-20,Oman,Kuwait,"ICC Academy, Dubai",Oman,bat,T20,2024/25,Kuwait
2024-12-20,Bahrain,Qatar,"ICC Academy, Dubai",Qatar,field,T20,2024/25,Qatar
2024-12-21,United Arab Emirates,Kuwait,Dubai International Cricket Stadium,United Arab Emirates,bat,T20,2024/25,United Arab Emirates
2024-12-28,New Zealand,Sri Lanka,"Bay Oval, Mount Maunganui",Sri Lanka,field,T20,2024/25,New Zealand
2024-12-30,New Zealand,Sri Lanka,"Bay Oval, Mount Maunganui",Sri Lanka,field,T20,2024/25,New Zealand
2025-01-02,Sri Lanka,New Zealand,"Saxton Oval, Nelson",New Zealand,field,T20,2024/25,Sri Lanka
2025-01-22,England,India,"Eden Gardens, Kolkata",India,field,T20,2024/25,India
2025-01-25,England,India,"MA Chidambaram Stadium, Chepauk, Chennai",India,field,T20,2024/25,India
2025-01-28,England,India,"Saurashtra Cricket Association Stadium, Rajkot",India,field,T20,2024/25,England
2025-01-31,India,England,"Maharashtra Cricket Association Stadium, Pune",England,field,T20,2024/25,India
2025-02-02,India,England,"Wankhede Stadium, Mumbai",England,field,T20,2024/25,India
2025-02-03,Hungary,Malta,Marsa Sports Club,Malta,field,T20,2024/25,Hungary
2025-02-03,Malta,Austria,Marsa Sports Club,Austria,field,T20,2024/25,Austria
2025-02-04,Hungary,Austria,Marsa Sports Club,Hungary,bat,T20,2024/25,Austria
2025-02-04,Malta,Hungary,Marsa Sports Club,Malta,bat,T20,2024/25,Hungary
2025-02-05,Malta,Austria,Marsa Sports Club,Austria,field,T20,2024/25,Austria
2025-02-05,Austria,Hungary,Marsa Sports Club,Hungary,field,T20,2024/25,Hungary
2025-02-19,Bahrain,Indonesia,Udayana Cricket Ground,Indonesia,field,T20,2024/25,Bahrain
2025-02-20,Oman,United States of America,Al Amerat Cricket Ground Oman Cricket (Ministry Turf 1),United States of America,field,T20,2024/25,United States of America
2025-02-20,Indonesia,Bahrain,Udayana Cricket Ground,Bahrain,field,T20,2024/25,Bahrain
2025-02-21,Oman,United States of America,Al Amerat Cricket Ground Oman Cricket (Ministry Turf 1),United States of America,field,T20,2024/25,United States of America
2025-02-22,Zimbabwe,Ireland,Harare Sports Club,Ireland,field,T20,2024/25,No Result
2025-02-22,Bahrain,Indonesia,Udayana Cricket Ground,Indonesia,field,T20,2024/25,Indonesia
2025-02-23,Bahrain,Indonesia,Udayana Cricket Ground,Indonesia,field,T20,2024/25,Bahrain
2025-02-23,Ireland,Zimbabwe,Harare Sports Club,Zimbabwe,field,T20,2024/25,Zimbabwe
2025-02-23,Oman,United States of America,Al Amerat Cricket Ground Oman Cricket (Ministry Turf 1),Oman,bat,T20,2024/25,United States of America
2025-02-24,Indonesia,Bahrain,Udayana Cricket Ground,Indonesia,bat,T20,2024/25,Bahrain
2025-02-25,Zimbabwe,Ireland,Harare Sports Club,Ireland,field,T20,2024/25,No Result
2025-02-28,Bahrain,Singapore,Singapore National Cricket Ground,Singapore,field,T20,2024/25,Bahrain
2025-03-01,Singapore,Bahrain,Singapore National Cricket Ground,Singapore,bat,T20,2024/25,Bahrain
2025-03-02,Singapore,Bahrain,Singapore National Cricket Ground,Singapore,bat,T20,2024/25,Bahrain
2025-03-04,Singapore,Bahrain,Singapore National Cricket Ground,Singapore,bat,T20,2024/25,No Result
2025-03-10,Malaysia,Bahrain,"Bayuemas Oval, Kuala Lumpur",Bahrain,field,T20,2024/25,Bahrain
2025-03-11,Hong Kong,Bahrain,"Bayuemas Oval, Kuala Lumpur",Hong Kong,bat,T20,2024/25,Bahrain
2025-03-12,Hong Kong,Malaysia,"Bayuemas Oval, Kuala Lumpur",Hong Kong,bat,T20,2024/25,Hong Kong
2025-03-13,Bahrain,Malaysia,"Bayuemas Oval, Kuala Lumpur",Malaysia,field,T20,2024/25,Bahrain
2025-03-14,Hong Kong,Bahrain,"Bayuemas Oval, Kuala Lumpur",Hong Kong,bat,T20,2024/25,No Result
2025-03-15,Malaysia,Hong Kong,"Bayuemas Oval, Kuala Lumpur",Malaysia,bat,T20,2024/25,Hong Kong
2025-03-16,Pakistan,New Zealand,"Hagley Oval, Christchurch",New Zealand,field,T20,2024/25,New Zealand
2025-03-17,Hong Kong,Bahrain,"Bayuemas Oval, Kuala Lumpur",Hong Kong,bat,T20,2024/25,Bahrain
2025-03-18,Pakistan,New Zealand,"University Oval, Dunedin",New Zealand,field,T20,2024/25,New Zealand
2025-03-19,Canada,Namibia,"Namibia Cricket Ground, Windhoek",Namibia,field,T20,2024/25,Namibia
2025-03-21,New Zealand,Pakistan,"Eden Park, Auckland",Pakistan,field,T20,2024/25,Pakistan
2025-03-22,Canada,Namibia,"Namibia Cricket Ground, Windhoek",Canada,bat,T20,2024/25,Namibia
2025-03-23,New Zealand,Pakistan,"Bay Oval, Mount Maunganui",Pakistan,field,T20,2024/25,New Zealand
2025-03-23,Canada,Namibia,"Namibia Cricket Ground, Windhoek",Namibia,field,T20,2024/25,Namibia
2025-03-26,Pakistan,New Zealand,"Sky Stadium, Wellington",New Zealand,field,T20,2024/25,New Zealand
2025-04-07,Norway,Portugal,Santarem Cricket Ground,Portugal,field,T20,2025,Norway
2025-04-08,Norway,Portugal,Santarem Cricket Ground,Norway,bat,T20,2025,Portugal
2025-04-09,Portugal,Norway,Santarem Cricket Ground,Portugal,bat,T20,2025,Portugal
2025-04-09,Qatar,Nepal,"Mission Road Ground, Mong Kok, Hong Kong",Nepal,field,T20,2025,Nepal
2025-04-09,Hong Kong,Kuwait,"Mission Road Ground, Mong Kok, Hong Kong",Kuwait,field,T20,2025,Kuwait
2025-04-10,Kuwait,Nepal,"Mission Road Ground, Mong Kok, Hong Kong",Nepal,field,T20,2025,Nepal
2025-04-10,Hong Kong,Qatar,"Mission Road Ground, Mong Kok, Hong Kong",Qatar,field,T20,2025,Hong Kong
2025-04-12,Qatar,Kuwait,"Mission Road Ground, Mong Kok, Hong Kong",Kuwait,field,T20,2025,Kuwait
2025-04-12,Hong Kong,Nepal,"Mission Road Ground, Mong Kok, Hong Kong",Nepal,field,T20,2025,No Result
2025-04-13,Hong Kong,Qatar,"Mission Road Ground, Mong Kok, Hong Kong",Qatar,field,T20,2025,Hong Kong
2025-04-13,Kuwait,Nepal,"Mission Road Ground, Mong Kok, Hong Kong",Nepal,field,T20,2025,Kuwait
2025-04-17,Mexico,Costa Rica,"Clayton Panama, Panama City",Costa Rica,field,T20,2025,Mexico
2025-04-17,Panama,Turks and Caicos Island,"Clayton Panama, Panama City",Panama,bat,T20,2025,Panama
2025-04-18,Turks and Caicos Island,Mexico,"Clayton Panama, Panama City",Turks and Caicos Island,bat,T20,2025,Mexico
2025-04-18,Costa Rica,Panama,"Clayton Panama, Panama City",Costa Rica,bat,T20,2025,Panama
2025-04-19,Bermuda,Canada,"Jimmy Powell Oval, Cayman Islands",Bermuda,bat,T20,2025,Canada
2025-04-19,United States of America,Cayman Islands,"Jimmy Powell Oval, Cayman Islands",United States of America,bat,T20,2025,United States of America
2025-04-19,Panama,Mexico,"Clayton Panama, Panama City",Panama,bat,T20,2025,Panama
2025-04-19,Costa Rica,Turks and Caicos Island,"Clayton Panama, Panama City",Costa Rica,bat,T20,2025,Turks and Caicos Island
2025-04-20,Bermuda,Cayman Islands,"Jimmy Powell Oval, Cayman Islands",Bermuda,bat,T20,2025,Bermuda
2025-04-20,United States of America,Bahamas,"Jimmy Powell Oval, Cayman Islands",United States of America,bat,T20,2025,United States of America
2025-04-20,Turks and Caicos Island,Costa Rica,"Clayton Panama, Panama City",Turks and Caicos Island,bat,T20,2025,Costa Rica
2025-04-21,Bahamas,Canada,"Jimmy Powell Oval, Cayman Islands",Bahamas,bat,T20,2025,Canada
2025-04-21,Bermuda,United States of America,"Jimmy Powell Oval, Cayman Islands",Bermuda,bat,T20,2025,United States of America
2025-04-23,Canada,Cayman Islands,"Jimmy Powell Oval, Cayman Islands",Cayman Islands,field,T20,2025,Canada
2025-04-23,Bahamas,Bermuda,"Jimmy Powell Oval, Cayman Islands",Bahamas,bat,T20,2025,Bermuda
2025-04-24,Saudi Arabia,Thailand,"Bayuemas Oval, Kuala Lumpur",Saudi Arabia,bat,T20,2025,Saudi Arabia
2025-04-24,Malaysia,Singapore,"Bayuemas Oval, Kuala Lumpur",Malaysia,bat,T20,2025,Malaysia
2025-04-24,Cayman Islands,Bahamas,"Jimmy Powell Oval, Cayman Islands",Cayman Islands,bat,T20,2025,Cayman Islands
2025-04-24,Canada,United States of America,"Jimmy Powell Oval, Cayman Islands",Canada,bat,T20,2025,Canada
2025-04-25,Saudi Arabia,Singapore,"Bayuemas Oval, Kuala Lumpur",Saudi Arabia,bat,T20,2025,Saudi Arabia
2025-04-25,Thailand,Malaysia,"Bayuemas Oval, Kuala Lumpur",Malaysia,field,T20,2025,Malaysia
2025-04-26,Bermuda,United States of America,"Jimmy Powell Oval, Cayman Islands",Bermuda,bat,T20,2025,United States of America
2025-04-26,Cayman Islands,Canada,"Jimmy Powell Oval, Cayman Islands",Cayman Islands,bat,T20,2025,Canada
2025-04-26,Saudi Arabia,Malaysia,"Bayuemas Oval, Kuala Lumpur",Saudi Arabia,bat,T20,2025,Malaysia
2025-04-26,Singapore,Thailand,"Bayuemas Oval, Kuala Lumpur",Singapore,bat,T20,2025,Singapore
2025-04-27,Canada,United States of America,"Jimmy Powell Oval, Cayman Islands",Canada,bat,T20,2025,United States of America
2025-04-28,Saudi Arabia,Thailand,"Bayuemas Oval, Kuala Lumpur",Thailand,field,T20,2025,Saudi Arabia
2025-04-28,Singapore,Malaysia,"Bayuemas Oval, Kuala Lumpur",Singapore,bat,T20,2025,No Result
2025-04-29,Malaysia,Thailand,"Bayuemas Oval, Kuala Lumpur",Thailand,field,T20,2025,Malaysia
2025-04-29,Singapore,Saudi Arabia,"Bayuemas Oval, Kuala Lumpur",Singapore,bat,T20,2025,Saudi Arabia
2025-04-30,Malaysia,Saudi Arabia,"Bayuemas Oval, Kuala Lumpur",Saudi Arabia,field,T20,2025,Saudi Arabia
2025-05-02,Malaysia,Saudi Arabia,"Bayuemas Oval, Kuala Lumpur",Malaysia,bat,T20,2025,Malaysia
2025-05-02,Singapore,Thailand,"Bayuemas Oval, Kuala Lumpur",Singapore,bat,T20,2025,Singapore
2025-05-06,Malta,Estonia,Marsa Sports Club,Estonia,field,T20,2025,Malta
2025-05-06,Malta,Estonia,Marsa Sports Club,Estonia,field,T20,2025,Estonia
2025-05-07,Thailand,Cook Islands,Sano International Cricket Ground,Thailand,bat,T20,2025,Cook Islands
2025-05-07,Malta,Estonia,Marsa Sports Club,Estonia,field,T20,2025,Malta
2025-05-08,Japan,Thailand,Sano International Cricket Ground,Japan,bat,T20,2025,Japan
2025-05-09,Japan,Cook Islands,Sano International Cricket Ground,Cook Islands,field,T20,2025,Japan
2025-05-09,Cook Islands,Thailand,Sano International Cricket Ground,Thailand,field,T20,2025,Thailand
2025-05-11,Japan,Thailand,Sano International Cricket Ground,Japan,bat,T20,2025,Thailand
2025-05-13,Cook Islands,Japan,Sano International Cricket Ground,Cook Islands,bat,T20,2025,Japan
2025-05-14,Japan,Cook Islands,Sano International Cricket Ground,Cook Islands,field,T20,2025,Japan
2025-05-17,Bangladesh,United Arab Emirates,Sharjah Cricket Stadium,United Arab Emirates,field,T20,2025,Bangladesh
2025-05-17,Austria,Slovenia,"Velden Cricket Ground, Latschach",Slovenia,field,T20,2025,Austria
2025-05-18,Austria,Slovenia,"Ballpark Ground, Graz",Austria,bat,T20,2025,Austria
2025-05-18,Slovenia,Austria,"Ballpark Ground, Graz",Slovenia,bat,T20,2025,Austria
2025-05-19,Bangladesh,United Arab Emirates,Sharjah Cricket Stadium,United Arab Emirates,field,T20,2025,United Arab Emirates
2025-05-21,Bangladesh,United Arab Emirates,Sharjah Cricket Stadium,United Arab Emirates,field,T20,2025,United Arab Emirates
2025-05-28,Pakistan,Bangladesh,"Gaddafi Stadium, Lahore",Pakistan,bat,T20,2025,Pakistan
2025-05-30,Pakistan,Bangladesh,"Gaddafi Stadium, Lahore",Pakistan,bat,T20,2025,Pakistan
2025-05-30,Austria,Switzerland,"Velden Cricket Ground, Latschach",Austria,bat,T20,2025,Austria
2025-05-30,Belgium,Portugal,"Stars Arena Hofstade, Zemst",Belgium,bat,T20,2025,Portugal
2025-05-30,Malta,Portugal,"Stars Arena Hofstade, Zemst",Portugal,field,T20,2025,Portugal
2025-05-30,Malta,Belgium,"Stars Arena Hofstade, Zemst",Malta,bat,T20,2025,Belgium
2025-05-31,Belgium,Malta,"Stars Arena Hofstade, Zemst",Malta,field,T20,2025,Belgium
2025-05-31,Austria,Switzerland,"Velden Cricket Ground, Latschach",Austria,bat,T20,2025,Switzerland
2025-05-31,Austria,Switzerland,"Velden Cricket Ground, Latschach",Switzerland,field,T20,2025,Austria
2025-05-31,Malta,Portugal,"Stars Arena Hofstade, Zemst",Malta,bat,T20,2025,Portugal
2025-05-31,Belgium,Portugal,"Stars Arena Hofstade, Zemst",Belgium,bat,T20,2025,Portugal
2025-06-01,Belgium,Portugal,"Stars Arena Hofstade, Zemst",Portugal,field,T20,2025,Belgium
2025-06-01,Austria,Switzerland,"Velden Cricket Ground, Latschach",Austria,bat,T20,2025,Austria
2025-06-01,Bangladesh,Pakistan,"Gaddafi Stadium, Lahore",Pakistan,field,T20,2025,Pakistan
2025-06-06,Jersey,Guernsey,"Grainville, St Saviour",Guernsey,field,T20,2025,Guernsey
2025-06-06,England,West Indies,"Riverside Ground, Chester-le-Street",England,bat,T20,2025,England
2025-06-07,Slovenia,Serbia,Lisicji Jarak Cricket Ground,Slovenia,bat,T20,2025,Serbia
2025-06-07,Guernsey,Jersey,"Grainville, St Saviour",Jersey,field,T20,2025,Jersey
2025-06-07,Jersey,Guernsey,"Grainville, St Saviour",Jersey,bat,T20,2025,Jersey
2025-06-08,Serbia,Slovenia,Lisicji Jarak Cricket Ground,Slovenia,field,T20,2025,Serbia
2025-06-08,Norway,Czech Republic,"Scott Page Field, Vinor",Norway,bat,T20,2025,Norway
2025-06-08,Czech Republic,Austria,"Scott Page Field, Vinor",Austria,field,T20,2025,Austria
2025-06-08,West Indies,England,"County Ground, Bristol",England,field,T20,2025,England
2025-06-09,Austria,Czech Republic,"Scott Page Field, Vinor",Austria,bat,T20,2025,Austria
2025-06-09,Norway,Austria,"Scott Page Field, Vinor",Norway,bat,T20,2025,Norway
2025-06-10,England,West Indies,"The Rose Bowl, Southampton",West Indies,field,T20,2025,England
2025-06-10,Norway,Czech Republic,"Scott Page Field, Vinor",Czech Republic,field,T20,2025,Norway
2025-06-10,Norway,Austria,"Scott Page Field, Vinor",Norway,bat,T20,2025,Austria
2025-06-11,Indonesia,Cambodia,Udayana Cricket Ground,Cambodia,field,T20,2025,Cambodia
2025-06-12,Indonesia,Cambodia,Udayana Cricket Ground,Cambodia,field,T20,2025,Cambodia
2025-06-12,Canada,Bahamas,"Maple Leaf North-East Ground, King City",Canada,bat,T20,2025,Canada
2025-06-12,Indonesia,Cambodia,Udayana Cricket Ground,Indonesia,bat,T20,2025,Cambodia
2025-06-12,Bermuda,Cayman Islands,"Maple Leaf North-East Ground, King City",Bermuda,bat,T20,2025,Bermuda
2025-06-13,Denmark,Finland,"Ishoj Cricket Club, Vejledalen",Finland,field,T20,2025,Denmark
2025-06-13,Bermuda,Bahamas,"Maple Leaf North-East Ground, King City",Bermuda,bat,T20,2025,Bermuda
2025-06-13,Canada,Cayman Islands,"Maple Leaf North-East Ground, King City",Canada,bat,T20,2025,Canada
2025-06-14,Cambodia,Indonesia,Udayana Cricket Ground,Cambodia,bat,T20,2025,No Result
2025-06-14,Cambodia,Indonesia,Udayana Cricket Ground,Indonesia,field,T20,2025,Indonesia
2025-06-14,Finland,Norway,"Ishoj Cricket Club, Vejledalen",Finland,bat,T20,2025,Finland
2025-06-14,Denmark,Sweden,Koge Cricket Club,Denmark,bat,T20,2025,Denmark
2025-06-14,Denmark,Norway,Koge Cricket Club,Denmark,bat,T20,2025,Norway
2025-06-14,Sweden,Finland,"Ishoj Cricket Club, Vejledalen",Finland,field,T20,2025,Sweden
2025-06-15,Finland,Norway,"Ishoj Cricket Club, Vejledalen",Finland,bat,T20,2025,Finland
2025-06-15,Sweden,Norway,"Ishoj Cricket Club, Vejledalen",Sweden,bat,T20,2025,Norway
2025-06-15,Scotland,Netherlands,"Titwood, Glasgow",Netherlands,field,T20,2025,Scotland
2025-06-15,Indonesia,Cambodia,Udayana Cricket Ground,Cambodia,field,T20,2025,Cambodia
2025-06-15,West Indies,Ireland,"Bready Cricket Club, Magheramason, Bready",Ireland,field,T20,2025,West Indies
2025-06-15,Indonesia,Cambodia,Udayana Cricket Ground,Indonesia,bat,T20,2025,Cambodia
2025-06-15,Canada,Bermuda,"Maple Leaf North-West Ground, King City",Bermuda,field,T20,2025,Canada
2025-06-15,Cayman Islands,Bahamas,"Maple Leaf North-West Ground, King City",Bahamas,field,T20,2025,Cayman Islands
2025-06-16,Cambodia,Indonesia,Udayana Cricket Ground,Indonesia,field,T20,2025,Indonesia
2025-06-16,Netherlands,Nepal,"Titwood, Glasgow",Nepal,field,T20,2025,No Result
2025-06-16,Bahamas,Bermuda,"Maple Leaf North-West Ground, King City",Bahamas,bat,T20,2025,Bermuda
2025-06-16,Canada,Cayman Islands,"Maple Leaf North-West Ground, King City",Cayman Islands,field,T20,2025,Canada
2025-06-17,Scotland,Nepal,"Titwood, Glasgow",Nepal,field,T20,2025,Nepal
2025-06-18,Bahamas,Canada,"Maple Leaf North-West Ground, King City",Canada,field,T20,2025,Canada
2025-06-18,Cayman Islands,Bermuda,"Maple Leaf North-West Ground, King City",Bermuda,field,T20,2025,Bermuda
2025-06-18,Netherlands,Scotland,"Titwood, Glasgow",Scotland,field,T20,2025,Netherlands
2025-06-19,Bermuda,Bahamas,"Maple Leaf North-West Ground, King City",Bahamas,field,T20,2025,Bermuda
2025-06-19,Canada,Cayman Islands,"Maple Leaf North-West Ground, King City",Cayman Islands,field,T20,2025,Canada
2025-06-19,Netherlands,Nepal,"Titwood, Glasgow",Nepal,field,T20,2025,Nepal
2025-06-20,Scotland,Nepal,"Titwood, Glasgow",Scotland,bat,T20,2025,Scotland
2025-06-21,Hungary,Slovenia,"GB Oval, Szodliget",Hungary,bat,T20,2025,Hungary
2025-06-21,Bermuda,Cayman Islands,"Maple Leaf North-West Ground, King City",Cayman Islands,field,T20,2025,Cayman Islands
2025-06-21,Switzerland,Luxembourg,Pierre Werner Cricket Ground,Luxembourg,field,T20,2025,Switzerland
2025-06-21,Switzerland,Luxembourg,Pierre Werner Cricket Ground,Switzerland,bat,T20,2025,Switzerland
2025-06-21,Bahamas,Canada,"Maple Leaf North-West Ground, King City",Canada,field,T20,2025,Canada
2025-06-21,Hungary,Slovenia,"GB Oval, Szodliget",Hungary,bat,T20,2025,Hungary
2025-06-22,Slovenia,Hungary,"GB Oval, Szodliget",Slovenia,bat,T20,2025,Hungary
2025-06-22,Switzerland,Luxembourg,Pierre Werner Cricket Ground,Switzerland,bat,T20,2025,Luxembourg
2025-06-22,Cayman Islands,Bahamas,"Maple Leaf North-West Ground, King City",Bahamas,field,T20,2025,Cayman Islands
2025-06-26,Belgium,Malta,"Moara Vlasiei Cricket Ground, Ilfov County",Malta,field,T20,2025,Belgium
2025-06-26,France,Malta,"Moara Vlasiei Cricket Ground, Ilfov County",France,bat,T20,2025,Malta
2025-06-27,Hungary,Romania,"Moara Vlasiei Cricket Ground, Ilfov County",Romania,field,T20,2025,Romania
2025-06-27,Belgium,France,"Moara Vlasiei Cricket Ground, Ilfov County",Belgium,bat,T20,2025,Belgium
2025-06-27,Hungary,Austria,"Moara Vlasiei Cricket Ground, Ilfov County",Austria,field,T20,2025,Austria
2025-06-28,Belgium,Austria,"Moara Vlasiei Cricket Ground, Ilfov County",Austria,field,T20,2025,Austria
2025-06-28,Malta,Romania,"Moara Vlasiei Cricket Ground, Ilfov County",Romania,field,T20,2025,Malta
2025-06-29,Hungary,France,"Moara Vlasiei Cricket Ground, Ilfov County",France,field,T20,2025,Hungary
2025-07-05,Guernsey,Italy,"Sportpark Westvliet, Voorburg",Italy,field,T20,2025,Italy
2025-07-05,Jersey,Netherlands,"Sportpark Westvliet, Voorburg",Netherlands,field,T20,2025,Netherlands
2025-07-05,Malawi,Germany,"TCA Oval, Blantyre",Germany,field,T20,2025,Germany
2025-07-06,Bahrain,Germany,"TCA Oval, Blantyre",Bahrain,bat,T20,2025,Bahrain
2025-07-06,Philippines,Indonesia,Udayana Cricket Ground,Indonesia,field,T20,2025,Philippines
2025-07-07,Tanzania,Germany,"TCA Oval, Blantyre",Tanzania,bat,T20,2025,Germany
2025-07-07,Malawi,Bahrain,"TCA Oval, Blantyre",Malawi,bat,T20,2025,Bahrain
2025-07-07,Indonesia,Philippines,Udayana Cricket Ground,Philippines,field,T20,2025,Indonesia
2025-07-07,South Korea,Philippines,Udayana Cricket Ground,Philippines,field,T20,2025,Philippines
2025-07-08,Scotland,Netherlands,"Sportpark Westvliet, Voorburg",Scotland,bat,T20,2025,Scotland
2025-07-08,Indonesia,South Korea,Udayana Cricket Ground,South Korea,field,T20,2025,Indonesia
2025-07-08,Jersey,Guernsey,"Sportpark Westvliet, Voorburg",Guernsey,field,T20,2025,Jersey
2025-07-08,Bahrain,Tanzania,"TCA Oval, Blantyre",Tanzania,field,T20,2025,Tanzania
2025-07-09,Netherlands,Guernsey,"Sportpark Westvliet, Voorburg",Netherlands,bat,T20,2025,Netherlands
2025-07-09,South Korea,Philippines,Udayana Cricket Ground,Philippines,field,T20,2025,South Korea
2025-07-09,South Korea,Indonesia,Udayana Cricket Ground,South Korea,bat,T20,2025,Indonesia
2025-07-09,Italy,Scotland,"Sportpark Westvliet, Voorburg",Italy,bat,T20,2025,Italy
2025-07-10,Bangladesh,Sri Lanka,Pallekele International Cricket Stadium,Sri Lanka,field,T20,2025,Sri Lanka
2025-07-10,Indonesia,Philippines,Udayana Cricket Ground,Indonesia,bat,T20,2025,Philippines
2025-07-10,Philippines,South Korea,Udayana Cricket Ground,Philippines,bat,T20,2025,Philippines
2025-07-10,Bulgaria,Gibraltar,"Vassil Levski National Sports Academy, Sofia",Gibraltar,field,T20,2025,Gibraltar
2025-07-10,Turkey,Bulgaria,"Vassil Levski National Sports Academy, Sofia",Bulgaria,field,T20,2025,Bulgaria
2025-07-10,Malawi,Germany,"TCA Oval, Blantyre",Malawi,bat,T20,2025,Malawi
2025-07-10,Tanzania,Bahrain,"TCA Oval, Blantyre",Bahrain,field,T20,2025,Bahrain
2025-07-11,Gibraltar,Bulgaria,"Vassil Levski National Sports Academy, Sofia",Bulgaria,field,T20,2025,Bulgaria
2025-07-11,Turkey,Gibraltar,"Vassil Levski National Sports Academy, Sofia",Gibraltar,field,T20,2025,Gibraltar
2025-07-11,Scotland,Jersey,"Sportpark Westvliet, Voorburg",Jersey,field,T20,2025,Jersey
2025-07-11,Italy,Netherlands,"Sportpark Westvliet, Voorburg",Italy,bat,T20,2025,Netherlands
2025-07-12,Turkey,Gibraltar,"Vassil Levski National Sports Academy, Sofia",Turkey,bat,T20,2025,Gibraltar
2025-07-12,Indonesia,South Korea,Udayana Cricket Ground,South Korea,field,T20,2025,South Korea
2025-07-12,Germany,Tanzania,"TCA Oval, Blantyre",Tanzania,field,T20,2025,Tanzania
2025-07-12,Philippines,South Korea,Udayana Cricket Ground,Philippines,bat,T20,2025,Philippines
2025-07-12,Turkey,Bulgaria,"Vassil Levski National Sports Academy, Sofia",Bulgaria,field,T20,2025,Turkey
2025-07-12,Malawi,Bahrain,"TCA Oval, Blantyre",Malawi,bat,T20,2025,Bahrain
2025-07-13,Germany,Malawi,"TCA Oval, Blantyre",Germany,bat,T20,2025,Germany
2025-07-13,Bahrain,Tanzania,"TCA Oval, Blantyre",Tanzania,field,T20,2025,Tanzania
2025-07-13,South Korea,Indonesia,Udayana Cricket Ground,South Korea,bat,T20,2025,Indonesia
2025-07-13,Indonesia,Philippines,Udayana Cricket Ground,Philippines,field,T20,2025,Philippines
2025-07-13,Gibraltar,Bulgaria,"Vassil Levski National Sports Academy, Sofia",Bulgaria,field,T20,2025,Bulgaria
2025-07-13,Bangladesh,Sri Lanka,Rangiri Dambulla International Stadium,Sri Lanka,field,T20,2025,Bangladesh
2025-07-14,Zimbabwe,South Africa,Harare Sports Club,South Africa,field,T20,2025,South Africa
2025-07-16,Sri Lanka,Bangladesh,"R Premadasa Stadium, Colombo",Sri Lanka,bat,T20,2025,Bangladesh
2025-07-16,New Zealand,South Africa,Harare Sports Club,South Africa,field,T20,2025,New Zealand
2025-07-17,Kenya,Nigeria,Entebbe Cricket Oval,Kenya,bat,T20,2025,Kenya
2025-07-18,Hong Kong,Malaysia,Singapore National Cricket Ground,Malaysia,field,T20,2025,Malaysia
2025-07-18,Singapore,Samoa,Singapore National Cricket Ground,Singapore,bat,T20,2025,Singapore
2025-07-18,Uganda,Nigeria,Entebbe Cricket Oval,Uganda,bat,T20,2025,Uganda
2025-07-18,Rwanda,Bahrain,"Gahanga International Cricket Stadium, Rwanda",Bahrain,field,T20,2025,Bahrain
2025-07-18,Zimbabwe,New Zealand,Harare Sports Club,New Zealand,field,T20,2025,New Zealand
2025-07-19,Qatar,Saudi Arabia,"West End Park International Cricket Stadium, Doha",Qatar,bat,T20,2025,Saudi Arabia
2025-07-19,Singapore,Malaysia,Singapore National Cricket Ground,Malaysia,field,T20,2025,Malaysia
2025-07-19,Hong Kong,Samoa,Singapore National Cricket Ground,Hong Kong,bat,T20,2025,Hong Kong
2025-07-19,Malawi,Rwanda,"Gahanga International Cricket Stadium, Rwanda",Malawi,bat,T20,2025,Rwanda
2025-07-19,Malawi,Bahrain,"Gahanga International Cricket Stadium, Rwanda",Bahrain,field,T20,2025,Bahrain
2025-07-19,Uganda,United Arab Emirates,Entebbe Cricket Oval,Uganda,bat,T20,2025,Uganda
2025-07-20,Samoa,Malaysia,Singapore National Cricket Ground,Samoa,bat,T20,2025,Malaysia
2025-07-20,West Indies,Australia,"Sabina Park, Kingston, Jamaica",Australia,field,T20,2025,Australia
2025-07-20,Hong Kong,Singapore,Singapore National Cricket Ground,Singapore,field,T20,2025,Hong Kong
2025-07-20,Zimbabwe,South Africa,Harare Sports Club,South Africa,field,T20,2025,South Africa
2025-07-20,Pakistan,Bangladesh,"Shere Bangla National Stadium, Mirpur",Bangladesh,field,T20,2025,Bangladesh
2025-07-20,Malawi,Bahrain,"Gahanga International Cricket Stadium, Rwanda",Bahrain,field,T20,2025,Bahrain
2025-07-20,Rwanda,Bahrain,"Gahanga International Cricket Stadium, Rwanda",Rwanda,bat,T20,2025,Bahrain
2025-07-21,Saudi Arabia,Qatar,"West End Park International Cricket Stadium, Doha",Qatar,field,T20,2025,Qatar
2025-07-21,Uganda,Kenya,Entebbe Cricket Oval,Uganda,bat,T20,2025,Uganda
2025-07-21,Nigeria,United Arab Emirates,Entebbe Cricket Oval,Nigeria,bat,T20,2025,United Arab Emirates
2025-07-22,Samoa,Singapore,Singapore National Cricket Ground,Samoa,bat,T20,2025,Singapore
2025-07-22,Hong Kong,Malaysia,Singapore National Cricket Ground,Malaysia,field,T20,2025,Malaysia
2025-07-22,Bangladesh,Pakistan,"Shere Bangla National Stadium, Mirpur",Pakistan,field,T20,2025,Bangladesh
2025-07-22,West Indies,Australia,"Sabina Park, Kingston, Jamaica",Australia,field,T20,2025,Australia
2025-07-22,Bahrain,Rwanda,"Gahanga International Cricket Stadium, Rwanda",Rwanda,field,T20,2025,Bahrain
2025-07-22,Qatar,Saudi Arabia,"West End Park International Cricket Stadium, Doha",Saudi Arabia,field,T20,2025,Qatar
2025-07-22,Uganda,Nigeria,Entebbe Cricket Oval,Uganda,bat,T20,2025,Uganda
2025-07-22,South Africa,New Zealand,Harare Sports Club,New Zealand,field,T20,2025,New Zealand
2025-07-22,Malawi,Rwanda,"Gahanga International Cricket Stadium, Rwanda",Malawi,bat,T20,2025,Rwanda
2025-07-23,Saudi Arabia,Qatar,"West End Park International Cricket Stadium, Doha",Qatar,field,T20,2025,No Result
2025-07-23,Malaysia,Singapore,Singapore National Cricket Ground,Singapore,field,T20,2025,Malaysia
2025-07-23,Samoa,Hong Kong,Singapore National Cricket Ground,Hong Kong,field,T20,2025,Hong Kong
2025-07-23,Kenya,United Arab Emirates,Entebbe Cricket Oval,Kenya,bat,T20,2025,United Arab Emirates
2025-07-23,Rwanda,Malawi,"Gahanga International Cricket Stadium, Rwanda",Malawi,field,T20,2025,Malawi
2025-07-23,Bahrain,Malawi,"Gahanga International Cricket Stadium, Rwanda",Bahrain,bat,T20,2025,Bahrain
2025-07-24,Samoa,Malaysia,Singapore National Cricket Ground,Malaysia,field,T20,2025,Malaysia
2025-07-24,Hong Kong,Singapore,Singapore National Cricket Ground,Hong Kong,bat,T20,2025,Hong Kong
2025-07-24,New Zealand,Zimbabwe,Harare Sports Club,New Zealand,bat,T20,2025,New Zealand
2025-07-24,Pakistan,Bangladesh,"Shere Bangla National Stadium, Mirpur",Bangladesh,field,T20,2025,Pakistan
2025-07-25,West Indies,Australia,"Warner Park, Basseterre, St Kitts",Australia,field,T20,2025,Australia
2025-07-25,Romania,Austria,"GB Oval, Szodliget",Romania,bat,T20,2025,Austria
2025-07-25,Hungary,Romania,"GB Oval, Szodliget",Hungary,bat,T20,2025,Romania
2025-07-25,Hungary,Luxembourg,"GB Oval, Szodliget",Hungary,bat,T20,2025,Hungary
2025-07-25,Kenya,Uganda,Entebbe Cricket Oval,Uganda,field,T20,2025,Uganda
2025-07-25,Bahrain,Rwanda,"Gahanga International Cricket Stadium, Rwanda",Rwanda,field,T20,2025,Bahrain
2025-07-25,Malawi,Bahrain,"Gahanga International Cricket Stadium, Rwanda",Malawi,bat,T20,2025,Bahrain
2025-07-26,Rwanda,Malawi,"Gahanga International Cricket Stadium, Rwanda",Malawi,field,T20,2025,Malawi
2025-07-26,United Arab Emirates,Nigeria,Entebbe Cricket Oval,United Arab Emirates,bat,T20,2025,United Arab Emirates
2025-07-26,Austria,Luxembourg,"GB Oval, Szodliget",Austria,bat,T20,2025,Austria
2025-07-26,Hungary,Austria,"GB Oval, Szodliget",Austria,field,T20,2025,Austria
2025-07-26,Hong Kong,Malaysia,Singapore National Cricket Ground,Malaysia,field,T20,2025,Malaysia
2025-07-26,Finland,Estonia,Estonian National Cricket and Rugby Field,Finland,bat,T20,2025,Estonia
2025-07-26,Romania,Luxembourg,"GB Oval, Szodliget",Luxembourg,field,T20,2025,Romania
2025-07-26,West Indies,Australia,"Warner Park, Basseterre, St Kitts",Australia,field,T20,2025,Australia
2025-07-26,New Zealand,South Africa,Harare Sports Club,South Africa,field,T20,2025,New Zealand
2025-07-27,Uganda,United Arab Emirates,Entebbe Cricket Oval,Uganda,bat,T20,2025,Uganda
2025-07-27,Nigeria,Kenya,Entebbe Cricket Oval,Nigeria,bat,T20,2025,Kenya
2025-07-27,Bahrain,Malawi,"Gahanga International Cricket Stadium, Rwanda",Malawi,field,T20,2025,Bahrain
2025-07-27,Estonia,Finland,Estonian National Cricket and Rugby Field,Finland,field,T20,2025,Finland
2025-07-27,Austria,Romania,"GB Oval, Szodliget",Romania,field,T20,2025,No Result
2025-07-27,Hungary,Luxembourg,"GB Oval, Szodliget",Luxembourg,field,T20,2025,Hungary
2025-07-28,West Indies,Australia,"Warner Park, Basseterre, St Kitts",Australia,field,T20,2025,Australia
2025-07-31,Pakistan,West Indies,"Central Broward Regional Park Stadium Turf Ground, Lauderhill",West Indies,field,T20,2025,Pakistan
2025-08-02,Pakistan,West Indies,"Central Broward Regional Park Stadium Turf Ground, Lauderhill",Pakistan,bat,T20,2025,West Indies
2025-08-02,Switzerland,Estonia,Estonian National Cricket and Rugby Field,Switzerland,bat,T20,2025,Switzerland
2025-08-03,Pakistan,West Indies,"Central Broward Regional Park Stadium Turf Ground, Lauderhill",Pakistan,bat,T20,2025,Pakistan
2025-08-03,Switzerland,Estonia,Estonian National Cricket and Rugby Field,Switzerland,bat,T20,2025,Switzerland
2025-08-03,Switzerland,Estonia,Estonian National Cricket and Rugby Field,Switzerland,bat,T20,2025,Switzerland
2025-08-07,Croatia,Cyprus,"Mladost Cricket Ground, Zagreb",Croatia,bat,T20,2025,Cyprus
2025-08-07,Cyprus,Croatia,"Mladost Cricket Ground, Zagreb",Croatia,field,T20,2025,Cyprus
2025-08-08,Cyprus,Croatia,"Mladost Cricket Ground, Zagreb",Cyprus,bat,T20,2025,Cyprus
2025-08-08,Croatia,Cyprus,"Mladost Cricket Ground, Zagreb",Croatia,bat,T20,2025,Cyprus
2025-08-08,Sweden,Austria,"Botkyrka Cricket Center, Stockholm",Sweden,bat,T20,2025,Austria
2025-08-08,Norway,France,"Botkyrka Cricket Center, Stockholm",France,field,T20,2025,Norway
2025-08-09,Norway,Sweden,"Botkyrka Cricket Center, Stockholm",Norway,bat,T20,2025,Norway
2025-08-09,France,Austria,"Botkyrka Cricket Center, Stockholm",France,bat,T20,2025,Austria
2025-08-10,Norway,Austria,"Botkyrka Cricket Center, Stockholm",Austria,field,T20,2025,Austria
2025-08-10,Sweden,France,"Botkyrka Cricket Center, Stockholm",Sweden,bat,T20,2025,France
2025-08-10,Australia,South Africa,"Marrara Stadium, Darwin",South Africa,field,T20,2025,Australia
2025-08-12,South Africa,Australia,"Marrara Stadium, Darwin",Australia,field,T20,2025,South Africa
2025-08-14,Guernsey,Papua New Guinea,"King George V Sports Ground, Castel",Papua New Guinea,field,T20,2025,Papua New Guinea
2025-08-16,South Africa,Australia,"Cazaly's Stadium, Cairns",Australia,field,T20,2025,Australia
2025-08-17,Sweden,Hungary,"Stubberudmyra Cricket Ground, Oslo",Hungary,field,T20,2025,Sweden
2025-08-17,Norway,Hungary,"Stubberudmyra Cricket Ground, Oslo",Norway,bat,T20,2025,Norway
2025-08-17,Sweden,Norway,"Stubberudmyra Cricket Ground, Oslo",Sweden,bat,T20,2025,Norway
2025-08-21,Romania,Czech Republic,"Moara Vlasiei Cricket Ground, Ilfov County",Romania,bat,T20,2025,Romania
2025-08-21,Czech Republic,Romania,"Moara Vlasiei Cricket Ground, Ilfov County",Romania,field,T20,2025,Czech Republic
2025-08-22,Romania,Czech Republic,"Moara Vlasiei Cricket Ground, Ilfov County",Czech Republic,field,T20,2025,Romania
2025-08-22,Romania,Czech Republic,"Moara Vlasiei Cricket Ground, Ilfov County",Romania,bat,T20,2025,Czech Republic
2025-08-23,Belgium,Austria,"Velden Cricket Ground, Latschach",Austria,field,T20,2025,Austria
2025-08-23,Austria,Belgium,"Velden Cricket Ground, Latschach",Austria,bat,T20,2025,Austria
2025-08-24,Belgium,Austria,"Velden Cricket Ground, Latschach",Belgium,bat,T20,2025,Austria
2025-08-24,Belgium,Austria,"Velden Cricket Ground, Latschach",Austria,field,T20,2025,Austria
2025-08-29,Afghanistan,Pakistan,"ed Arab Emirates T20I Tri-Series 2025 1st Match (N) -United Arab Emirates T20I Tri-Series 2025 T20I 1ST Sharjah Cricket Stadium, United Arab Emirates",,,T20,2025,Pakistan
2025-08-30,Pakistan,United Arab Emirates,Sharjah Cricket Stadium,Pakistan,bat,T20,2025,Pakistan
2025-08-30,Netherlands,Bangladesh,Sylhet International Cricket Stadium,Bangladesh,field,T20,2025,Bangladesh
2025-08-30,Switzerland,Guernsey,"King George V Sports Ground, Castel",Guernsey,field,T20,2025,No Result
2025-08-30,Guernsey,Switzerland,"King George V Sports Ground, Castel",Switzerland,field,T20,2025,No Result
2025-09-01,United Arab Emirates,Afghanistan,"ed Arab Emirates T20I Tri-Series 2025 3rd Match (N) -United Arab Emirates T20I Tri-Series 2025 T20I 3RD Sharjah Cricket Stadium, United Arab Emirates",,,T20,2025,Afghanistan
2025-09-01,Netherlands,Bangladesh,Sylhet International Cricket Stadium,Bangladesh,field,T20,2025,Bangladesh
2025-09-02,Afghanistan,Pakistan,"ed Arab Emirates T20I Tri-Series 2025 4th Match (N) -United Arab Emirates T20I Tri-Series 2025 T20I 4TH Sharjah Cricket Stadium, United Arab Emirates",,,T20,2025,Afghanistan
2025-09-03,Bangladesh,Netherlands,Sylhet International Cricket Stadium,Netherlands,field,T20,2025,No Result
2025-09-03,Zimbabwe,Sri Lanka,Harare Sports Club,Sri Lanka,field,T20,2025,Sri Lanka
2025-09-04,Pakistan,United Arab Emirates,Sharjah Cricket Stadium,Pakistan,bat,T20,2025,Pakistan
2025-09-05,United Arab Emirates,Afghanistan,"ed Arab Emirates T20I Tri-Series 2025 6th Match (N) -United Arab Emirates T20I Tri-Series 2025 T20I 6TH Sharjah Cricket Stadium, United Arab Emirates",,,T20,2025,Afghanistan
2025-09-06,Sri Lanka,Zimbabwe,Harare Sports Club,Zimbabwe,field,T20,2025,Zimbabwe
2025-09-07,Pakistan,Afghanistan,"ited Arab Emirates T20I Tri-Series 2025 Final (N) -United Arab Emirates T20I Tri-Series 2025 T20I FINAL Sharjah Cricket Stadium, United Arab Emirates",,,T20,2025,Pakistan
2025-09-07,Zimbabwe,Sri Lanka,Harare Sports Club,Sri Lanka,field,T20,2025,Sri Lanka
2025-09-09,Afghanistan,Hong Kong,"of 2025 / Men's T20 Asia Cup / 1st Match, Group B (D/N) -Men's T20 Asia Cup 2025 1st Match, Group B (D/N) -Men's T20 Asia Cup 2025 T20I 1ST Abu Dhabi",,,T20,2025,Afghanistan
2025-09-10,South Africa,England,"Sophia Gardens, Cardiff",England,field,T20,2025,South Africa
2025-09-10,United Arab Emirates,India,Dubai International Cricket Stadium,India,field,T20,2025,India
2025-09-11,Hong Kong,Bangladesh,"Zayed Cricket Stadium, Abu Dhabi",Bangladesh,field,T20,2025,Bangladesh
2025-09-12,England,South Africa,"Old Trafford, Manchester",South Africa,field,T20,2025,England
2025-09-12,Pakistan,Oman,Dubai International Cricket Stadium,Pakistan,bat,T20,2025,Pakistan
2025-09-12,Eswatini,Mozambique,Malkerns Country Club oval,Eswatini,bat,T20,2025,Eswatini
2025-09-12,Eswatini,Mozambique,Malkerns Country Club oval,Eswatini,bat,T20,2025,Eswatini
2025-09-13,Eswatini,Mozambique,Malkerns Country Club oval,Eswatini,bat,T20,2025,No Result
2025-09-13,Eswatini,Mozambique,Malkerns Country Club oval,Eswatini,bat,T20,2025,Eswatini
2025-09-13,Bangladesh,Sri Lanka,"Zayed Cricket Stadium, Abu Dhabi",Sri Lanka,field,T20,2025,Sri Lanka
2025-09-14,Eswatini,Mozambique,Malkerns Country Club oval,Eswatini,bat,T20,2025,No Result
2025-09-14,Pakistan,India,Dubai International Cricket Stadium,Pakistan,bat,T20,2025,India
2025-09-15,Hong Kong,Sri Lanka,Dubai International Cricket Stadium,Sri Lanka,field,T20,2025,Sri Lanka
2025-09-15,Zimbabwe,Namibia,"Queens Sports Club, Bulawayo",Namibia,field,T20,2025/26,Zimbabwe
2025-09-15,United Arab Emirates,Oman,"Zayed Cricket Stadium, Abu Dhabi",Oman,field,T20,2025,United Arab Emirates
2025-09-16,Afghanistan,Bangladesh,"of 2025 / Men's T20 Asia Cup / 9th Match, Group B (D/N) -Men's T20 Asia Cup 2025 9th Match, Group B (D/N) -Men's T20 Asia Cup 2025 T20I 9TH Abu Dhabi",,,T20,2025,Bangladesh
2025-09-16,Namibia,Zimbabwe,"Queens Sports Club, Bulawayo",Zimbabwe,field,T20,2025/26,Zimbabwe
2025-09-17,Ireland,England,"The Village, Malahide, Dublin",England,field,T20,2025,England
2025-09-17,Pakistan,United Arab Emirates,Dubai International Cricket Stadium,United Arab Emirates,field,T20,2025,Pakistan
2025-09-18,Namibia,Zimbabwe,"Queens Sports Club, Bulawayo",Namibia,bat,T20,2025/26,Namibia
2025-09-18,Afghanistan,Sri Lanka,"2025 / Men's T20 Asia Cup / 11th Match, Group B (D/N) -Men's T20 Asia Cup 2025 11th Match, Group B (D/N) -Men's T20 Asia Cup 2025 T20I 11TH Abu Dhabi",,,T20,2025,Sri Lanka
2025-09-19,India,Oman,"Zayed Cricket Stadium, Abu Dhabi",India,bat,T20,2025,India
2025-09-20,Sri Lanka,Bangladesh,Dubai International Cricket Stadium,Bangladesh,field,T20,2025,Bangladesh
2025-09-21,Pakistan,India,Dubai International Cricket Stadium,India,field,T20,2025,India
2025-09-21,Ireland,England,"The Village, Malahide, Dublin",England,field,T20,2025,England
2025-09-23,Sri Lanka,Pakistan,"Zayed Cricket Stadium, Abu Dhabi",Pakistan,field,T20,2025,Pakistan
2025-09-24,India,Bangladesh,Dubai International Cricket Stadium,Bangladesh,field,T20,2025,India
2025-09-25,Pakistan,Bangladesh,Dubai International Cricket Stadium,Bangladesh,field,T20,2025,Pakistan
2025-09-26,Uganda,Zimbabwe,Harare Sports Club,Uganda,bat,T20,2025/26,Zimbabwe
2025-09-26,Namibia,Kenya,Harare Sports Club,Kenya,field,T20,2025/26,Namibia
2025-09-26,India,Sri Lanka,Dubai International Cricket Stadium,Sri Lanka,field,T20,2025,No Result
2025-09-26,Malawi,Nigeria,"Takashinga Sports Club, Highfield, Harare",Nigeria,field,T20,2025/26,Nigeria
2025-09-26,Botswana,Tanzania,"Takashinga Sports Club, Highfield, Harare",Botswana,bat,T20,2025/26,Tanzania
2025-09-27,Nepal,West Indies,Sharjah Cricket Stadium,West Indies,field,T20,2025,Nepal
2025-09-28,Namibia,Nigeria,Harare Sports Club,Nigeria,field,T20,2025/26,Namibia
2025-09-28,Tanzania,Uganda,"Takashinga Sports Club, Highfield, Harare",Uganda,field,T20,2025/26,Tanzania
2025-09-28,Zimbabwe,Botswana,Harare Sports Club,Botswana,field,T20,2025/26,Zimbabwe
2025-09-28,Malawi,Kenya,"Takashinga Sports Club, Highfield, Harare",Malawi,bat,T20,2025/26,Malawi
2025-09-28,Pakistan,India,Dubai International Cricket Stadium,India,field,T20,2025,India
2025-09-29,Nepal,West Indies,Sharjah Cricket Stadium,Nepal,bat,T20,2025,Nepal
2025-09-29,Kuwait,Oman,Al Amerat Cricket Ground Oman Cricket (Ministry Turf 1),Oman,field,T20,2025/26,Oman
2025-09-30,Nepal,West Indies,Sharjah Cricket Stadium,West Indies,field,T20,2025,West Indies
2025-09-30,Nigeria,Kenya,"Takashinga Sports Club, Highfield, Harare",Nigeria,bat,T20,2025/26,Kenya
2025-09-30,Malawi,Namibia,Harare Sports Club,Malawi,bat,T20,2025/26,Namibia
2025-09-30,Botswana,Uganda,"Takashinga Sports Club, Highfield, Harare",Uganda,field,T20,2025/26,Uganda
2025-09-30,Zimbabwe,Tanzania,Harare Sports Club,Tanzania,field,T20,2025/26,Zimbabwe
2025-10-01,New Zealand,Australia,"Bay Oval, Mount Maunganui",Australia,field,T20,2025/26,Australia
2025-10-02,Afghanistan,Bangladesh,es / 1st T20I (N) -Afghanistan v Bangladesh T20I Series 2025 1st T20I (N) -Afghanistan v Bangladesh T20I Series 2025 T20I 1ST Sharjah Cricket Stadium,,,T20,2025,Bangladesh
2025-10-02,Uganda,Malawi,"Takashinga Sports Club, Highfield, Harare",Uganda,bat,T20,2025/26,Uganda
2025-10-02,Nigeria,Botswana,"Takashinga Sports Club, Highfield, Harare",Nigeria,bat,T20,2025/26,Nigeria
2025-10-02,Kenya,Zimbabwe,Harare Sports Club,Kenya,bat,T20,2025/26,Zimbabwe
2025-10-02,Namibia,Tanzania,Harare Sports Club,Tanzania,field,T20,2025/26,Namibia
2025-10-03,Afghanistan,Bangladesh,es / 2nd T20I (N) -Afghanistan v Bangladesh T20I Series 2025 2nd T20I (N) -Afghanistan v Bangladesh T20I Series 2025 T20I 2ND Sharjah Cricket Stadium,,,T20,2025,Bangladesh
2025-10-03,Australia,New Zealand,"Bay Oval, Mount Maunganui",New Zealand,field,T20,2025/26,No Result
2025-10-04,New Zealand,Australia,"Bay Oval, Mount Maunganui",Australia,field,T20,2025/26,Australia
2025-10-04,Kenya,Tanzania,Harare Sports Club,Tanzania,field,T20,2025/26,Kenya
2025-10-04,Malawi,Botswana,"Takashinga Sports Club, Highfield, Harare",Malawi,bat,T20,2025/26,Malawi
2025-10-04,Uganda,Nigeria,"Takashinga Sports Club, Highfield, Harare",Uganda,bat,T20,2025/26,Uganda
2025-10-04,Namibia,Zimbabwe,Harare Sports Club,Zimbabwe,field,T20,2025/26,Zimbabwe
2025-10-05,Afghanistan,Bangladesh,es / 3rd T20I (N) -Afghanistan v Bangladesh T20I Series 2025 3rd T20I (N) -Afghanistan v Bangladesh T20I Series 2025 T20I 3RD Sharjah Cricket Stadium,,,T20,2025,Bangladesh
2025-10-08,Samoa,Oman,Al Amerat Cricket Ground Oman Cricket (Ministry Turf 2),Oman,field,T20,2025/26,Oman
2025-10-08,Qatar,United Arab Emirates,Al Amerat Cricket Ground Oman Cricket (Ministry Turf 1),Qatar,bat,T20,2025/26,United Arab Emirates
2025-10-08,Nepal,Kuwait,Al Amerat Cricket Ground Oman Cricket (Ministry Turf 1),Kuwait,field,T20,2025/26,Nepal
2025-10-09,Kuwait,Japan,Al Amerat Cricket Ground Oman Cricket (Ministry Turf 1),Japan,field,T20,2025/26,Japan
2025-10-09,Papua New Guinea,Samoa,Al Amerat Cricket Ground Oman Cricket (Ministry Turf 1),Papua New Guinea,bat,T20,2025/26,Samoa
2025-10-09,Malaysia,Qatar,Al Amerat Cricket Ground Oman Cricket (Ministry Turf 2),Qatar,field,T20,2025/26,Qatar
2025-10-10,Malaysia,United Arab Emirates,Al Amerat Cricket Ground Oman Cricket (Ministry Turf 2),United Arab Emirates,field,T20,2025/26,United Arab Emirates
2025-10-10,Japan,Nepal,Al Amerat Cricket Ground Oman Cricket (Ministry Turf 1),Nepal,field,T20,2025/26,Nepal
2025-10-10,Oman,Papua New Guinea,Al Amerat Cricket Ground Oman Cricket (Ministry Turf 1),Papua New Guinea,field,T20,2025/26,Oman
2025-10-11,South Africa,Namibia,"Namibia Cricket Ground, Windhoek",South Africa,bat,T20,2025/26,Namibia
2025-10-12,Oman,Qatar,Al Amerat Cricket Ground Oman Cricket (Ministry Turf 2),Qatar,field,T20,2025/26,Oman
2025-10-12,Nepal,United Arab Emirates,Al Amerat Cricket Ground Oman Cricket (Ministry Turf 1),Nepal,bat,T20,2025/26,Nepal
2025-10-12,Japan,Samoa,Al Amerat Cricket Ground Oman Cricket (Ministry Turf 1),Samoa,field,T20,2025/26,Japan
2025-10-13,United Arab Emirates,Oman,Al Amerat Cricket Ground Oman Cricket (Ministry Turf 1),United Arab Emirates,bat,T20,2025/26,Oman
2025-10-13,Nepal,Qatar,Al Amerat Cricket Ground Oman Cricket (Ministry Turf 1),Qatar,field,T20,2025/26,Nepal
2025-10-15,Japan,Qatar,Al Amerat Cricket Ground Oman Cricket (Ministry Turf 2),Qatar,field,T20,2025/26,Qatar
2025-10-15,United Arab Emirates,Samoa,Al Amerat Cricket Ground Oman Cricket (Ministry Turf 1),Samoa,field,T20,2025/26,United Arab Emirates
2025-10-15,Nepal,Oman,Al Amerat Cricket Ground Oman Cricket (Ministry Turf 1),Nepal,bat,T20,2025/26,Nepal
2025-10-16,Japan,United Arab Emirates,Al Amerat Cricket Ground Oman Cricket (Ministry Turf 1),United Arab Emirates,field,T20,2025/26,United Arab Emirates
2025-10-16,Samoa,Qatar,Al Amerat Cricket Ground Oman Cricket (Ministry Turf 1),Qatar,field,T20,2025/26,Qatar
2025-10-17,Nepal,Samoa,Al Amerat Cricket Ground Oman Cricket (Ministry Turf 1),Samoa,field,T20,2025/26,Nepal
2025-10-17,Japan,Oman,Al Amerat Cricket Ground Oman Cricket (Ministry Turf 2),Oman,field,T20,2025/26,Oman
2025-10-18,Austria,Romania,"Moara Vlasiei Cricket Ground, Ilfov County",Austria,bat,T20,2025/26,Romania
2025-10-18,Romania,Austria,"Moara Vlasiei Cricket Ground, Ilfov County",Austria,field,T20,2025/26,Austria
2025-10-18,England,New Zealand,"Hagley Oval, Christchurch",New Zealand,field,T20,2025/26,No Result
2025-10-19,Austria,Romania,"Moara Vlasiei Cricket Ground, Ilfov County",Romania,field,T20,2025/26,Austria
2025-10-19,Romania,Austria,"Moara Vlasiei Cricket Ground, Ilfov County",Austria,field,T20,2025/26,Austria
2025-10-20,England,New Zealand,"Hagley Oval, Christchurch",New Zealand,field,T20,2025/26,England
2025-10-23,New Zealand,England,"Eden Park, Auckland",England,field,T20,2025/26,No Result
2025-10-27,West Indies,Bangladesh,"Bir Sreshtho Flight Lieutenant Matiur Rahman Stadium, Chattogram",West Indies,bat,T20,2025/26,West Indies
2025-10-28,South Africa,Pakistan,Rawalpindi Cricket Stadium,Pakistan,field,T20,2025/26,South Africa
2025-10-29,West Indies,Bangladesh,"Bir Sreshtho Flight Lieutenant Matiur Rahman Stadium, Chattogram",West Indies,bat,T20,2025/26,West Indies
2025-10-29,India,Australia,"Manuka Oval, Canberra",Australia,field,T20,2025/26,No Result
2025-10-29,Zimbabwe,Afghanistan,babwe T20I Series / 1st T20I -Afghanistan in Zimbabwe T20I Series 2025 1st T20I -Afghanistan in Zimbabwe T20I Series 2025 T20I 1ST Harare Sports Club,,,T20,2025,Afghanistan
2025-10-30,Panama,Mexico,"Sao Fernando Polo and Cricket Club, Campo Sede",Mexico,field,T20,2025/26,No Result
2025-10-31,Bangladesh,West Indies,"Bir Sreshtho Flight Lieutenant Matiur Rahman Stadium, Chattogram",Bangladesh,bat,T20,2025/26,West Indies
2025-10-31,Zimbabwe,Afghanistan,babwe T20I Series / 2nd T20I -Afghanistan in Zimbabwe T20I Series 2025 2nd T20I -Afghanistan in Zimbabwe T20I Series 2025 T20I 2ND Harare Sports Club,,,T20,2025,Afghanistan
2025-10-31,India,Australia,Melbourne Cricket Ground,Australia,field,T20,2025/26,Australia
2025-10-31,Cyprus,Serbia,Happy Valley Ground 2,Cyprus,bat,T20,2025/26,Cyprus
2025-10-31,South Africa,Pakistan,"Gaddafi Stadium, Lahore",Pakistan,field,T20,2025/26,Pakistan
2025-10-31,Cyprus,Serbia,Happy Valley Ground,Cyprus,bat,T20,2025/26,Cyprus
2025-11-01,Serbia,Bulgaria,Happy Valley Ground 2,Bulgaria,field,T20,2025/26,Bulgaria
2025-11-01,South Africa,Pakistan,"Gaddafi Stadium, Lahore",Pakistan,field,T20,2025/26,Pakistan
2025-11-01,Bulgaria,Serbia,Happy Valley Ground 2,Serbia,field,T20,2025/26,Bulgaria
2025-11-02,Australia,India,"Bellerive Oval, Hobart",India,field,T20,2025/26,India
2025-11-02,Cyprus,Bulgaria,Happy Valley Ground 2,Bulgaria,field,T20,2025/26,Cyprus
2025-11-02,Zimbabwe,Afghanistan,babwe T20I Series / 3rd T20I -Afghanistan in Zimbabwe T20I Series 2025 3rd T20I -Afghanistan in Zimbabwe T20I Series 2025 T20I 3RD Harare Sports Club,,,T20,2025,Afghanistan
2025-11-02,Bulgaria,Cyprus,Happy Valley Ground 2,Cyprus,field,T20,2025/26,Cyprus
2025-11-03,Bulgaria,Cyprus,Happy Valley Ground 2,Bulgaria,bat,T20,2025/26,Cyprus
2025-11-03,Bulgaria,Cyprus,Happy Valley Ground 2,Bulgaria,bat,T20,2025/26,Cyprus
2025-11-05,West Indies,New Zealand,"Eden Park, Auckland",New Zealand,field,T20,2025/26,West Indies
2025-11-06,New Zealand,West Indies,"Eden Park, Auckland",West Indies,field,T20,2025/26,New Zealand
2025-11-06,India,Australia,Carrara Oval,Australia,field,T20,2025/26,India
2025-11-06,Timor-Leste,Indonesia,Udayana Cricket Ground,Timor-Leste,bat,T20,2025/26,Indonesia
2025-11-06,Myanmar,Indonesia,Udayana Cricket Ground,Myanmar,bat,T20,2025/26,Indonesia
2025-11-07,Timor-Leste,Myanmar,Udayana Cricket Ground,Timor-Leste,bat,T20,2025/26,Myanmar
2025-11-08,India,Australia,"Brisbane Cricket Ground, Woolloongabba, Brisbane",Australia,field,T20,2025/26,No Result
2025-11-08,Indonesia,Myanmar,Udayana Cricket Ground,Indonesia,bat,T20,2025/26,Indonesia
2025-11-08,Timor-Leste,Indonesia,Udayana Cricket Ground,Indonesia,field,T20,2025/26,Indonesia
2025-11-09,New Zealand,West Indies,"Saxton Oval, Nelson",New Zealand,bat,T20,2025/26,New Zealand
2025-11-09,Timor-Leste,Myanmar,Udayana Cricket Ground,Timor-Leste,bat,T20,2025/26,Myanmar
2025-11-10,West Indies,New Zealand,"Saxton Oval, Nelson",New Zealand,field,T20,2025/26,No Result
2025-11-11,Myanmar,Indonesia,Udayana Cricket Ground,Indonesia,field,T20,2025/26,Indonesia
2025-11-11,Qatar,Afghanistan,"fghanistan in Qatar T20I Series 2025 3rd T20I (D/N) -Afghanistan in Qatar T20I Series 2025 T20I 3RD West End Park International Cricket Stadium, Doha",,,T20,2025,Afghanistan
2025-11-11,Timor-Leste,Indonesia,Udayana Cricket Ground,Timor-Leste,bat,T20,2025/26,Indonesia
2025-11-12,Qatar,Hong Kong,"West End Park International Cricket Stadium, Doha",Qatar,bat,T20,2025/26,Qatar
2025-11-12,Myanmar,Timor-Leste,Udayana Cricket Ground,Myanmar,bat,T20,2025/26,Myanmar
2025-11-13,Timor-Leste,Indonesia,Udayana Cricket Ground,Indonesia,field,T20,2025/26,Indonesia
2025-11-13,Myanmar,Indonesia,Udayana Cricket Ground,Myanmar,bat,T20,2025/26,Indonesia
2025-11-13,Hong Kong,Qatar,University of Doha for Science and Technology,Qatar,field,T20,2025/26,Hong Kong
2025-11-13,West Indies,New Zealand,"University Oval, Dunedin",New Zealand,field,T20,2025/26,New Zealand
2025-11-14,Myanmar,Timor-Leste,Udayana Cricket Ground,Myanmar,bat,T20,2025/26,Myanmar
2025-11-16,United Arab Emirates,Oman,"West End Park International Cricket Stadium, Doha",United Arab Emirates,bat,T20,2025/26,Oman
2025-11-18,Zimbabwe,Pakistan,Rawalpindi Cricket Stadium,Pakistan,field,T20,2025/26,Pakistan
2025-11-18,Bahrain,Indonesia,Udayana Cricket Ground,Indonesia,field,T20,2025/26,Bahrain
2025-11-19,Bahrain,Indonesia,Udayana Cricket Ground,Indonesia,field,T20,2025/26,Bahrain
2025-11-20,Zimbabwe,Sri Lanka,Rawalpindi Cricket Stadium,Sri Lanka,field,T20,2025/26,Zimbabwe
2025-11-21,Indonesia,Bahrain,Udayana Cricket Ground,Bahrain,field,T20,2025/26,Bahrain
2025-11-22,Sri Lanka,Pakistan,Rawalpindi Cricket Stadium,Sri Lanka,bat,T20,2025/26,Pakistan
2025-11-23,Pakistan,Zimbabwe,Rawalpindi Cricket Stadium,Pakistan,bat,T20,2025/26,Pakistan
2025-11-24,Thailand,Malaysia,"Bayuemas Oval, Kuala Lumpur",Malaysia,field,T20,2025/26,No Result
2025-11-25,Bahrain,Malaysia,"Bayuemas Oval, Kuala Lumpur",Malaysia,field,T20,2025/26,Malaysia
2025-11-25,Zimbabwe,Sri Lanka,Rawalpindi Cricket Stadium,Zimbabwe,bat,T20,2025/26,Sri Lanka
2025-11-27,Ireland,Bangladesh,"Bir Sreshtho Flight Lieutenant Matiur Rahman Stadium, Chattogram",Bangladesh,field,T20,2025/26,Ireland
2025-11-27,Thailand,Bahrain,"Bayuemas Oval, Kuala Lumpur",Bahrain,field,T20,2025/26,No Result
2025-11-27,Sri Lanka,Pakistan,Rawalpindi Cricket Stadium,Pakistan,field,T20,2025/26,Sri Lanka
2025-11-28,Brazil,Argentina,"St Albans Club, Buenos Aires",Brazil,bat,T20,2025/26,Argentina
2025-11-29,Brazil,Argentina,"St Albans Club, Buenos Aires",Brazil,bat,T20,2025/26,No Result
2025-11-29,Sri Lanka,Pakistan,Rawalpindi Cricket Stadium,Pakistan,field,T20,2025/26,Pakistan
2025-11-29,Ireland,Bangladesh,"Bir Sreshtho Flight Lieutenant Matiur Rahman Stadium, Chattogram",Ireland,bat,T20,2025/26,Bangladesh
2025-11-30,Argentina,Brazil,"St Albans Club, Buenos Aires",Argentina,bat,T20,2025/26,No Result
2025-11-30,Argentina,Brazil,"St Albans Club, Buenos Aires",Brazil,field,T20,2025/26,Argentina
2025-11-30,Thailand,Bahrain,"Bayuemas Oval, Kuala Lumpur",Bahrain,field,T20,2025/26,Bahrain
2025-12-02,Ireland,Bangladesh,"Bir Sreshtho Flight Lieutenant Matiur Rahman Stadium, Chattogram",Ireland,bat,T20,2025/26,Bangladesh
2025-12-04,Sierra Leone,Rwanda,"Nigeria Cricket Federation Oval 1, Abuja",Rwanda,field,T20,2025/26,Rwanda
2025-12-04,Nigeria,Zambia,"Nigeria Cricket Federation Oval 1, Abuja",Zambia,field,T20,2025/26,Nigeria
2025-12-05,Croatia,Spain,La Manga Club Top Ground,Croatia,bat,T20,2025/26,Spain
2025-12-05,Nigeria,Sierra Leone,"Nigeria Cricket Federation Oval 1, Abuja",Nigeria,bat,T20,2025/26,Nigeria
2025-12-05,Zambia,Rwanda,"Nigeria Cricket Federation Oval 1, Abuja",Rwanda,field,T20,2025/26,Rwanda
2025-12-06,Zambia,Sierra Leone,"Nigeria Cricket Federation Oval 1, Abuja",Zambia,bat,T20,2025/26,Zambia
2025-12-06,Nigeria,Rwanda,"Nigeria Cricket Federation Oval 1, Abuja",Rwanda,field,T20,2025/26,Nigeria
2025-12-06,Spain,Croatia,La Manga Club Top Ground,Spain,bat,T20,2025/26,Spain
2025-12-06,Croatia,Spain,La Manga Club Top Ground,Spain,field,T20,2025/26,Spain
2025-12-07,Spain,Croatia,La Manga Club Top Ground,Spain,bat,T20,2025/26,Spain
2025-12-07,Sierra Leone,Nigeria,"Nigeria Cricket Federation Oval 1, Abuja",Nigeria,field,T20,2025/26,Nigeria
2025-12-07,Zambia,Rwanda,"Nigeria Cricket Federation Oval 1, Abuja",Zambia,bat,T20,2025/26,Rwanda
2025-12-07,Croatia,Spain,La Manga Club Top Ground,Spain,field,T20,2025/26,Spain
2025-12-08,Rwanda,Sierra Leone,"Nigeria Cricket Federation Oval 1, Abuja",Sierra Leone,field,T20,2025/26,Rwanda
2025-12-08,Nigeria,Zambia,"Nigeria Cricket Federation Oval 1, Abuja",Zambia,field,T20,2025/26,Nigeria
2025-12-09,India,South Africa,"Barabati Stadium, Cuttack",South Africa,field,T20,2025/26,India
2025-12-09,Sierra Leone,Zambia,"Nigeria Cricket Federation Oval 1, Abuja",Sierra Leone,bat,T20,2025/26,Zambia
2025-12-09,Bahrain,Bhutan,Gelephu International Cricket Ground,Bhutan,field,T20,2025/26,Bahrain
2025-12-09,Thailand,Indonesia,"Terdthai Cricket Ground, Bangkok",Indonesia,field,T20,2025/26,Indonesia
2025-12-09,Malaysia,Philippines,"Terdthai Cricket Ground, Bangkok",Philippines,field,T20,2025/26,Malaysia
2025-12-09,Rwanda,Nigeria,"Nigeria Cricket Federation Oval 1, Abuja",Nigeria,field,T20,2025/26,Rwanda
2025-12-10,Indonesia,Malaysia,"Terdthai Cricket Ground, Bangkok",Malaysia,field,T20,2025/26,Malaysia
2025-12-10,Philippines,Singapore,"Terdthai Cricket Ground, Bangkok",Philippines,bat,T20,2025/26,Philippines
2025-12-11,Zambia,Rwanda,"Nigeria Cricket Federation Oval 1, Abuja",Rwanda,field,T20,2025/26,Zambia
2025-12-11,Bahrain,Bhutan,Gelephu International Cricket Ground,Bhutan,field,T20,2025/26,Bahrain
2025-12-11,South Africa,India,"Maharaja Yadavindra Singh International Cricket Stadium, New Chandigarh",India,field,T20,2025/26,South Africa
2025-12-11,Singapore,Thailand,"Terdthai Cricket Ground, Bangkok",Thailand,field,T20,2025/26,Singapore
2025-12-11,Philippines,Indonesia,"Terdthai Cricket Ground, Bangkok",Philippines,bat,T20,2025/26,Philippines
2025-12-11,Nigeria,Sierra Leone,"Nigeria Cricket Federation Oval 1, Abuja",Nigeria,bat,T20,2025/26,Nigeria
2025-12-12,Bahrain,Bhutan,Gelephu International Cricket Ground,Bhutan,field,T20,2025/26,Bahrain
2025-12-12,Nigeria,Zambia,"Nigeria Cricket Federation Oval 1, Abuja",Nigeria,bat,T20,2025/26,Nigeria
2025-12-12,Rwanda,Sierra Leone,"Nigeria Cricket Federation Oval 1, Abuja",Rwanda,bat,T20,2025/26,Rwanda
2025-12-12,Thailand,Malaysia,"Terdthai Cricket Ground, Bangkok",Malaysia,field,T20,2025/26,Malaysia
2025-12-12,Indonesia,Singapore,"Terdthai Cricket Ground, Bangkok",Singapore,field,T20,2025/26,Singapore
2025-12-13,Bhutan,Bahrain,Gelephu International Cricket Ground,Bahrain,field,T20,2025/26,Bahrain
2025-12-13,Zambia,Sierra Leone,"Nigeria Cricket Federation Oval 1, Abuja",Zambia,bat,T20,2025/26,Sierra Leone
2025-12-13,Nigeria,Rwanda,"Nigeria Cricket Federation Oval 1, Abuja",Nigeria,bat,T20,2025/26,Nigeria
2025-12-13,Thailand,Philippines,"Terdthai Cricket Ground, Bangkok",Philippines,field,T20,2025/26,Philippines
2025-12-13,Singapore,Malaysia,"Terdthai Cricket Ground, Bangkok",Singapore,bat,T20,2025/26,Malaysia
2025-12-14,Nigeria,Rwanda,"Nigeria Cricket Federation Oval 1, Abuja",Nigeria,bat,T20,2025/26,Nigeria
2025-12-14,Zambia,Sierra Leone,"Nigeria Cricket Federation Oval 1, Abuja",Sierra Leone,field,T20,2025/26,Zambia
2025-12-14,South Africa,India,"Himachal Pradesh Cricket Association Stadium, Dharamsala",India,field,T20,2025/26,India
2025-12-19,India,South Africa,"Narendra Modi Stadium, Ahmedabad",South Africa,field,T20,2025/26,India
2025-12-23,Myanmar,Bhutan,Gelephu International Cricket Ground,Bhutan,field,T20,2025/26,Bhutan
2025-12-23,Indonesia,Cambodia,Udayana Cricket Ground,Cambodia,field,T20,2025/26,Indonesia
2025-12-23,Indonesia,Cambodia,Udayana Cricket Ground,Indonesia,bat,T20,2025/26,Indonesia
2025-12-24,Bhutan,Myanmar,Gelephu International Cricket Ground,Myanmar,field,T20,2025/26,Bhutan
2025-12-24,Cambodia,Indonesia,Udayana Cricket Ground,Indonesia,field,T20,2025/26,Indonesia
2025-12-25,Indonesia,Cambodia,Udayana Cricket Ground,Indonesia,bat,T20,2025/26,Indonesia
2025-12-26,Cambodia,Indonesia,Udayana Cricket Ground,Indonesia,field,T20,2025/26,No Result
2025-12-26,Bhutan,Myanmar,Gelephu International Cricket Ground,Myanmar,field,T20,2025/26,Bhutan
2025-12-26,Cambodia,Indonesia,Udayana Cricket Ground,Indonesia,field,T20,2025/26,Indonesia
2025-12-27,Cambodia,Indonesia,Udayana Cricket Ground,Indonesia,field,T20,2025/26,Indonesia
2025-12-27,Cambodia,Indonesia,Udayana Cricket Ground,Cambodia,bat,T20,2025/26,Indonesia
2025-12-27,Bhutan,Myanmar,Gelephu International Cricket Ground,Myanmar,field,T20,2025/26,Bhutan
2025-12-29,Bhutan,Myanmar,Gelephu International Cricket Ground,Bhutan,bat,T20,2025/26,Bhutan
2025-12-29,Cambodia,Indonesia,Udayana Cricket Ground,Indonesia,field,T20,2025/26,Indonesia
2026-01-07,Sri Lanka,Pakistan,Rangiri Dambulla International Stadium,Pakistan,field,T20,2025/26,Pakistan
2026-01-11,Sri Lanka,Pakistan,Rangiri Dambulla International Stadium,Pakistan,field,T20,2025/26,Sri Lanka
2026-01-19,Afghanistan,West Indies,"v West Indies T20I Series 2026 1st T20I-Afghanistan v West Indies T20I Series 2026 T20I 1ST Dubai International Cricket Stadium, United Arab Emirates",,,T20,2026,Afghanistan
2026-01-21,Afghanistan,West Indies,"v West Indies T20I Series 2026 2nd T20I-Afghanistan v West Indies T20I Series 2026 T20I 2ND Dubai International Cricket Stadium, United Arab Emirates",,,T20,2026,Afghanistan
2026-01-21,India,New Zealand,"Vidarbha Cricket Association Stadium, Jamtha, Nagpur",New Zealand,field,T20,2025/26,India
2026-01-22,West Indies,Afghanistan,"v West Indies T20I Series 2026 3rd T20I-Afghanistan v West Indies T20I Series 2026 T20I 3RD Dubai International Cricket Stadium, United Arab Emirates",,,T20,2026,West Indies
2026-01-23,New Zealand,India,"Shaheed Veer Narayan Singh International Stadium, Raipur",India,field,T20,2025/26,India
2026-01-23,Italy,Ireland,"7he Sevens Stadium, Dubai",Ireland,field,T20,2025/26,Ireland
2026-01-25,New Zealand,India,"Barsapara Cricket Stadium, Guwahati",India,field,T20,2025/26,India
2026-01-25,Ireland,Italy,"7he Sevens Stadium, Dubai",Italy,field,T20,2025/26,Ireland
2026-01-26,Ireland,Italy,"7he Sevens Stadium, Dubai",Italy,field,T20,2025/26,Italy
2026-01-27,West Indies,South Africa,"Boland Park, Paarl",South Africa,field,T20,2025/26,South Africa
2026-01-28,New Zealand,India,"Dr. Y.S. Rajasekhara Reddy ACA-VDCA Cricket Stadium, Visakhapatnam",India,field,T20,2025/26,New Zealand
2026-01-29,West Indies,South Africa,"SuperSport Park, Centurion",South Africa,field,T20,2025/26,South Africa
2026-01-29,Ireland,United Arab Emirates,Dubai International Cricket Stadium,Ireland,bat,T20,2025/26,Ireland
2026-01-29,Pakistan,Australia,"Gaddafi Stadium, Lahore",Pakistan,bat,T20,2025/26,Pakistan
2026-01-30,Sri Lanka,England,Pallekele International Cricket Stadium,England,field,T20,2025/26,England
2026-01-31,Pakistan,Australia,"Gaddafi Stadium, Lahore",Pakistan,bat,T20,2025/26,Pakistan
2026-01-31,West Indies,South Africa,"The Wanderers Stadium, Johannesburg",South Africa,field,T20,2025/26,West Indies
2026-01-31,Ireland,United Arab Emirates,Dubai International Cricket Stadium,United Arab Emirates,field,T20,2025/26,Ireland
2026-01-31,India,New Zealand,"Greenfield International Stadium, Thiruvananthapuram",India,bat,T20,2025/26,India
2026-02-01,Sri Lanka,England,Pallekele International Cricket Stadium,England,field,T20,2025/26,England
2026-02-01,Pakistan,Australia,"Gaddafi Stadium, Lahore",Pakistan,bat,T20,2025/26,Pakistan
2026-02-03,England,Sri Lanka,Pallekele International Cricket Stadium,England,bat,T20,2025/26,England
2026-02-07,India,United States of America,"Wankhede Stadium, Mumbai",United States of America,field,T20,2025/26,India
2026-02-07,Netherlands,Pakistan,"Sinhalese Sports Club Ground, Colombo",Pakistan,field,T20,2025/26,Pakistan
2026-02-07,West Indies,Scotland,"Eden Gardens, Kolkata",Scotland,field,T20,2025/26,West Indies
2026-02-08,Afghanistan,New Zealand,"/ 4th Match, Group D -ICC Men's T20 World Cup 2026 4th Match, Group D -ICC Men's T20 World Cup 2026 T20I 4TH MA Chidambaram Stadium, Chepauk, Chennai",,,T20,2026,New Zealand
2026-02-08,Sri Lanka,Ireland,"R Premadasa Stadium, Colombo",Ireland,field,T20,2025/26,Sri Lanka
2026-02-08,England,Nepal,"Wankhede Stadium, Mumbai",England,bat,T20,2025/26,England
2026-02-09,Scotland,Italy,"Eden Gardens, Kolkata",Italy,field,T20,2025/26,Scotland
2026-02-09,Oman,Zimbabwe,"Sinhalese Sports Club Ground, Colombo",Zimbabwe,field,T20,2025/26,Zimbabwe
2026-02-09,South Africa,Canada,"Narendra Modi Stadium, Ahmedabad",Canada,field,T20,2025/26,South Africa
2026-02-10,United Arab Emirates,New Zealand,"MA Chidambaram Stadium, Chepauk, Chennai",United Arab Emirates,bat,T20,2025/26,New Zealand
2026-02-10,Pakistan,United States of America,"Sinhalese Sports Club Ground, Colombo",United States of America,field,T20,2025/26,Pakistan
2026-02-10,Namibia,Netherlands,"Arun Jaitley Stadium, Delhi",Netherlands,field,T20,2025/26,Netherlands
2026-02-11,Qatar,Bahrain,"West End Park International Cricket Stadium, Doha",Bahrain,field,T20,2025/26,Qatar
2026-02-11,Afghanistan,South Africa,"Cup / 13th Match, Group D -ICC Men's T20 World Cup 2026 13th Match, Group D -ICC Men's T20 World Cup 2026 T20I 13TH Narendra Modi Stadium, Ahmedabad",,,T20,2026,South Africa
2026-02-11,Australia,Ireland,"R Premadasa Stadium, Colombo",Australia,bat,T20,2025/26,Australia
2026-02-11,West Indies,England,"Wankhede Stadium, Mumbai",England,field,T20,2025/26,West Indies
2026-02-12,Sri Lanka,Oman,Pallekele International Cricket Stadium,Oman,field,T20,2025/26,Sri Lanka
2026-02-12,India,Namibia,"Arun Jaitley Stadium, Delhi",Namibia,field,T20,2025/26,India
2026-02-12,Nepal,Italy,"Wankhede Stadium, Mumbai",Italy,field,T20,2025/26,Italy
2026-02-13,Zimbabwe,Australia,"R Premadasa Stadium, Colombo",Australia,field,T20,2025/26,Zimbabwe
2026-02-13,Canada,United Arab Emirates,"Arun Jaitley Stadium, Delhi",Canada,bat,T20,2025/26,United Arab Emirates
2026-02-13,Qatar,Bahrain,"West End Park International Cricket Stadium, Doha",Bahrain,field,T20,2025/26,Qatar
2026-02-13,United States of America,Netherlands,"MA Chidambaram Stadium, Chepauk, Chennai",Netherlands,field,T20,2025/26,United States of America
2026-02-14,Qatar,Bahrain,"West End Park International Cricket Stadium, Doha",Bahrain,field,T20,2025/26,Bahrain
2026-02-14,Ireland,Oman,"Sinhalese Sports Club Ground, Colombo",Oman,field,T20,2025/26,Ireland
2026-02-14,Scotland,England,"Eden Gardens, Kolkata",England,field,T20,2025/26,England
2026-02-14,New Zealand,South Africa,"Narendra Modi Stadium, Ahmedabad",South Africa,field,T20,2025/26,South Africa
2026-02-15,United States of America,Namibia,"MA Chidambaram Stadium, Chepauk, Chennai",United States of America,bat,T20,2025/26,United States of America
2026-02-15,India,Pakistan,"R Premadasa Stadium, Colombo",Pakistan,field,T20,2025/26,India
2026-02-15,Nepal,West Indies,"Wankhede Stadium, Mumbai",West Indies,field,T20,2025/26,West Indies
2026-02-15,Qatar,Bahrain,"West End Park International Cricket Stadium, Doha",Qatar,bat,T20,2025/26,Qatar
2026-02-16,Afghanistan,United Arab Emirates,"World Cup / 28th Match, Group D -ICC Men's T20 World Cup 2026 28th Match, Group D -ICC Men's T20 World Cup 2026 T20I 28TH Arun Jaitley Stadium, Delhi",,,T20,2026,Afghanistan
2026-02-16,Australia,Sri Lanka,Pallekele International Cricket Stadium,Sri Lanka,field,T20,2025/26,Sri Lanka
2026-02-16,England,Italy,"Eden Gardens, Kolkata",England,bat,T20,2025/26,England
2026-02-17,Scotland,Nepal,"Wankhede Stadium, Mumbai",Nepal,field,T20,2025/26,Nepal
2026-02-17,Canada,New Zealand,"MA Chidambaram Stadium, Chepauk, Chennai",Canada,bat,T20,2025/26,New Zealand
2026-02-18,India,Netherlands,"Narendra Modi Stadium, Ahmedabad",India,bat,T20,2025/26,India
2026-02-18,Pakistan,Namibia,"Sinhalese Sports Club Ground, Colombo",Pakistan,bat,T20,2025/26,Pakistan
2026-02-18,United Arab Emirates,South Africa,"Arun Jaitley Stadium, Delhi",South Africa,field,T20,2025/26,South Africa
2026-02-19,West Indies,Italy,"Eden Gardens, Kolkata",Italy,field,T20,2025/26,West Indies
2026-02-19,Afghanistan,Canada,"h, Group D (N) -ICC Men's T20 World Cup 2026 39th Match, Group D (N) -ICC Men's T20 World Cup 2026 T20I 39TH MA Chidambaram Stadium, Chepauk, Chennai",,,T20,2026,Afghanistan
2026-02-19,Sri Lanka,Zimbabwe,"R Premadasa Stadium, Colombo",Sri Lanka,bat,T20,2025/26,Zimbabwe
2026-02-20,Oman,Australia,Pallekele International Cricket Stadium,Australia,field,T20,2025/26,Australia
2026-02-22,England,Sri Lanka,Pallekele International Cricket Stadium,Sri Lanka,field,T20,2025/26,England
2026-02-22,South Africa,India,"Narendra Modi Stadium, Ahmedabad",South Africa,bat,T20,2025/26,South Africa
2026-02-23,West Indies,Zimbabwe,"Wankhede Stadium, Mumbai",Zimbabwe,field,T20,2025/26,West Indies
2026-02-24,Pakistan,England,Pallekele International Cricket Stadium,Pakistan,bat,T20,2025/26,England
2026-02-25,Japan,Thailand,"Terdthai Cricket Ground, Bangkok",Thailand,field,T20,2025/26,Japan
2026-02-25,Bhutan,Bahrain,"Terdthai Cricket Ground, Bangkok",Bhutan,bat,T20,2025/26,Bahrain
2026-02-25,Kuwait,Hong Kong,"Mission Road Ground, Mong Kok, Hong Kong",Hong Kong,field,T20,2025/26,Hong Kong
2026-02-25,New Zealand,Sri Lanka,"R Premadasa Stadium, Colombo",Sri Lanka,field,T20,2025/26,New Zealand
2026-02-26,West Indies,South Africa,"Narendra Modi Stadium, Ahmedabad",South Africa,field,T20,2025/26,South Africa
2026-02-26,India,Zimbabwe,"MA Chidambaram Stadium, Chepauk, Chennai",Zimbabwe,field,T20,2025/26,India
2026-02-26,Thailand,Bhutan,"Terdthai Cricket Ground, Bangkok",Bhutan,field,T20,2025/26,Thailand
2026-02-26,Bahrain,Japan,"Terdthai Cricket Ground, Bangkok",Bahrain,bat,T20,2025/26,Japan
2026-02-26,Hong Kong,Kuwait,"Mission Road Ground, Mong Kok, Hong Kong",Kuwait,field,T20,2025/26,Hong Kong
2026-02-27,New Zealand,England,"R Premadasa Stadium, Colombo",New Zealand,bat,T20,2025/26,England
2026-02-27,Bahrain,Thailand,"Terdthai Cricket Ground, Bangkok",Thailand,field,T20,2025/26,Bahrain
2026-02-27,Japan,Bhutan,"Terdthai Cricket Ground, Bangkok",Japan,bat,T20,2025/26,Japan
2026-02-28,Pakistan,Sri Lanka,Pallekele International Cricket Stadium,Sri Lanka,field,T20,2025/26,Pakistan
2026-02-28,Bhutan,Thailand,"Terdthai Cricket Ground, Bangkok",Bhutan,bat,T20,2025/26,Bhutan
2026-02-28,Japan,Bahrain,"Terdthai Cricket Ground, Bangkok",Bahrain,field,T20,2025/26,No Result
2026-03-01,Hong Kong,Kuwait,"Mission Road Ground, Mong Kok, Hong Kong",Kuwait,field,T20,2025/26,Kuwait
2026-03-01,Zimbabwe,South Africa,"Arun Jaitley Stadium, Delhi",Zimbabwe,bat,T20,2025/26,South Africa
2026-03-01,West Indies,India,"Eden Gardens, Kolkata",India,field,T20,2025/26,India
2026-03-04,South Africa,New Zealand,"Eden Gardens, Kolkata",New Zealand,field,T20,2025/26,New Zealand
2026-03-05,India,England,"Wankhede Stadium, Mumbai",England,field,T20,2025/26,India
2026-03-07,Malaysia,Bahrain,"Bayuemas Oval, Kuala Lumpur",Malaysia,bat,T20,2025/26,Malaysia
2026-03-08,India,New Zealand,"Narendra Modi Stadium, Ahmedabad",New Zealand,field,T20,2025/26,India
2026-03-08,Argentina,Cayman Islands,"Jimmy Powell Oval, Cayman Islands",Argentina,bat,T20,2025/26,Cayman Islands
2026-03-08,Mexico,Suriname,"Jimmy Powell Oval, Cayman Islands",Suriname,field,T20,2025/26,Mexico
2026-03-08,Bahrain,Malaysia,"Bayuemas Oval, Kuala Lumpur",Bahrain,bat,T20,2025/26,Bahrain
2026-03-09,Lesotho,Botswana,"Botswana Cricket Association Oval 1, Gaborone",Botswana,field,T20,2025/26,Botswana
2026-03-09,Argentina,Suriname,"Jimmy Powell Oval, Cayman Islands",Argentina,bat,T20,2025/26,Argentina
2026-03-09,Mexico,Cayman Islands,"Jimmy Powell Oval, Cayman Islands",Mexico,bat,T20,2025/26,Cayman Islands
2026-03-10,Malaysia,Bahrain,"Bayuemas Oval, Kuala Lumpur",Malaysia,bat,T20,2025/26,Bahrain
2026-03-10,Lesotho,Botswana,"Botswana Cricket Association Oval 1, Gaborone",Lesotho,bat,T20,2025/26,Botswana
2026-03-11,Argentina,Mexico,"Jimmy Powell Oval, Cayman Islands",Mexico,field,T20,2025/26,Argentina
2026-03-11,Suriname,Cayman Islands,"Jimmy Powell Oval, Cayman Islands",Cayman Islands,field,T20,2025/26,Cayman Islands
2026-03-12,Suriname,Argentina,"Jimmy Powell Oval, Cayman Islands",Suriname,bat,T20,2025/26,Argentina
2026-03-12,Botswana,Lesotho,"Botswana Cricket Association Oval 1, Gaborone",Botswana,bat,T20,2025/26,Botswana
2026-03-12,Cayman Islands,Mexico,"Jimmy Powell Oval, Cayman Islands",Cayman Islands,bat,T20,2025/26,Cayman Islands
2026-03-13,Botswana,Lesotho,"Botswana Cricket Association Oval 1, Gaborone",Botswana,bat,T20,2025/26,Botswana
2026-03-14,Argentina,Mexico,"Jimmy Powell Oval, Cayman Islands",Argentina,bat,T20,2025/26,Argentina
2026-03-14,Suriname,Cayman Islands,"Jimmy Powell Oval, Cayman Islands",Suriname,bat,T20,2025/26,Cayman Islands
2026-03-14,Cyprus,Austria,Happy Valley Ground 2,Austria,field,T20,2025/26,Cyprus
2026-03-15,New Zealand,South Africa,"Bay Oval, Mount Maunganui",New Zealand,bat,T20,2025/26,South Africa
2026-03-15,Mexico,Suriname,"Jimmy Powell Oval, Cayman Islands",Suriname,field,T20,2025/26,Suriname
2026-03-15,Argentina,Cayman Islands,"Jimmy Powell Oval, Cayman Islands",Argentina,bat,T20,2025/26,Cayman Islands
2026-03-15,Botswana,Lesotho,"Botswana Cricket Association Oval 1, Gaborone",Botswana,bat,T20,2025/26,Botswana
2026-03-16,Cyprus,Austria,Happy Valley Ground 2,Cyprus,bat,T20,2025/26,Austria
2026-03-17,New Zealand,South Africa,"Seddon Park, Hamilton",South Africa,field,T20,2025/26,New Zealand
2026-03-20,South Africa,New Zealand,"Eden Park, Auckland",New Zealand,field,T20,2025/26,New Zealand
2026-03-22,South Africa,New Zealand,"Sky Stadium, Wellington",South Africa,bat,T20,2025/26,South Africa
2026-03-24,Seychelles,Ghana,"Achimota Senior Secondary School B Field, Accra",Ghana,field,T20,2025/26,Ghana
2026-03-24,Eswatini,St Helena,"Achimota Senior Secondary School A Field, Accra",Eswatini,bat,T20,2025/26,Eswatini
2026-03-24,Malawi,Tanzania,"Achimota Senior Secondary School A Field, Accra",Tanzania,field,T20,2025/26,Tanzania
2026-03-25,South Africa,New Zealand,"Hagley Oval, Christchurch",New Zealand,field,T20,2025/26,South Africa
2026-03-25,Tanzania,Eswatini,"Achimota Senior Secondary School B Field, Accra",Eswatini,field,T20,2025/26,Tanzania
2026-03-25,St Helena,Seychelles,"Achimota Senior Secondary School A Field, Accra",Seychelles,field,T20,2025/26,Seychelles
2026-03-25,Malawi,Ghana,"Achimota Senior Secondary School A Field, Accra",Ghana,field,T20,2025/26,Ghana
2026-03-27,Tanzania,Seychelles,"Achimota Senior Secondary School B Field, Accra",Tanzania,bat,T20,2025/26,Tanzania
2026-03-27,Eswatini,Malawi,"Achimota Senior Secondary School B Field, Accra",Eswatini,bat,T20,2025/26,Malawi
2026-03-27,St Helena,Ghana,"Achimota Senior Secondary School A Field, Accra",Ghana,field,T20,2025/26,Ghana
2026-03-28,Seychelles,Malawi,"Achimota Senior Secondary School A Field, Accra",Malawi,field,T20,2025/26,Malawi
2026-03-28,Ghana,Eswatini,"Achimota Senior Secondary School B Field, Accra",Ghana,bat,T20,2025/26,Ghana
2026-03-28,Tanzania,St Helena,"Achimota Senior Secondary School B Field, Accra",Tanzania,bat,T20,2025/26,Tanzania
2026-04-02,Mexico,Costa Rica,"Reforma Athletic Club, Naucalpan",Mexico,bat,T20,2026,Mexico
2026-04-03,Costa Rica,Brazil,"Reforma Athletic Club, Naucalpan",Costa Rica,bat,T20,2026,Brazil
2026-04-03,Mexico,Brazil,"Reforma Athletic Club, Naucalpan",Brazil,field,T20,2026,Mexico
2026-04-04,Brazil,Costa Rica,"Reforma Athletic Club, Naucalpan",Costa Rica,field,T20,2026,Brazil
2026-04-04,Costa Rica,Mexico,"Reforma Athletic Club, Naucalpan",Costa Rica,bat,T20,2026,Mexico
2026-04-05,France,Portugal,Santarem Cricket Ground,France,bat,T20,2026,Portugal
2026-04-05,Mexico,Brazil,"Reforma Athletic Club, Naucalpan",Mexico,bat,T20,2026,Brazil
2026-04-05,Norway,France,Santarem Cricket Ground,Norway,bat,T20,2026,Norway
2026-04-06,Portugal,Norway,Santarem Cricket Ground,Portugal,bat,T20,2026,Portugal
2026-04-06,Portugal,France,Santarem Cricket Ground,Portugal,bat,T20,2026,Portugal
2026-04-07,Indonesia,Sweden,Udayana Cricket Ground,Indonesia,bat,T20,2026,Sweden
2026-04-07,Indonesia,Sweden,Udayana Cricket Ground,Sweden,field,T20,2026,Sweden
2026-04-07,France,Norway,Santarem Cricket Ground,Norway,field,T20,2026,France
2026-04-08,Portugal,France,Santarem Cricket Ground,Portugal,bat,T20,2026,France
2026-04-08,Portugal,Norway,Santarem Cricket Ground,Portugal,bat,T20,2026,Portugal
2026-04-09,Norway,France,Santarem Cricket Ground,Norway,bat,T20,2026,France
2026-04-09,Indonesia,Sweden,Udayana Cricket Ground,Sweden,field,T20,2026,Sweden
2026-04-09,Sweden,Indonesia,Udayana Cricket Ground,Sweden,bat,T20,2026,Sweden
2026-04-09,Portugal,France,Santarem Cricket Ground,France,field,T20,2026,Portugal
2026-04-11,Sweden,Indonesia,Udayana Cricket Ground,Sweden,bat,T20,2026,Sweden
2026-04-11,Indonesia,Sweden,Udayana Cricket Ground,Sweden,field,T20,2026,Sweden
2026-04-13,Sweden,Indonesia,Udayana Cricket Ground,Sweden,bat,T20,2026,Indonesia
2026-04-13,Sweden,Indonesia,Udayana Cricket Ground,Sweden,bat,T20,2026,Sweden
2026-04-15,Namibia,Scotland,"Namibia Cricket Ground, Windhoek",Namibia,bat,T20,2026,Scotland
2026-04-17,Scotland,Namibia,"Namibia Cricket Ground, Windhoek",Namibia,field,T20,2026,Scotland
2026-04-18,Scotland,Namibia,"Namibia Cricket Ground, Windhoek",Scotland,bat,T20,2026,Namibia
2026-04-20,Nepal,United Arab Emirates,"Tribhuvan University International Cricket Ground, Kirtipur",Nepal,bat,T20,2026,United Arab Emirates
2026-04-21,United Arab Emirates,Nepal,"Tribhuvan University International Cricket Ground, Kirtipur",Nepal,field,T20,2026,Nepal
2026-04-27,New Zealand,Bangladesh,"Bir Sreshtho Flight Lieutenant Matiur Rahman Stadium, Chattogram",Bangladesh,field,T20,2026,Bangladesh
2026-05-01,Indonesia,Malaysia,"Bayuemas Oval, Kuala Lumpur",Malaysia,field,T20,2026,Malaysia
2026-05-01,Austria,Germany,Bayer Uerdingen Cricket Ground,Germany,field,T20,2026,Germany
2026-05-01,Germany,Austria,Bayer Uerdingen Cricket Ground,Austria,field,T20,2026,Germany
2026-05-02,Isle of Man,Guernsey,"King George V Sports Ground, Castel",Guernsey,field,T20,2026,Guernsey
2026-05-02,Malaysia,Indonesia,"Bayuemas Oval, Kuala Lumpur",Indonesia,field,T20,2026,Malaysia
2026-05-02,Germany,Austria,Bayer Uerdingen Cricket Ground,Germany,bat,T20,2026,Austria
2026-05-02,Bangladesh,New Zealand,"Shere Bangla National Stadium, Mirpur",New Zealand,field,T20,2026,New Zealand
2026-05-03,Guernsey,Isle of Man,"King George V Sports Ground, Castel",Isle of Man,field,T20,2026,Guernsey
2026-05-03,Guernsey,Isle of Man,"King George V Sports Ground, Castel",Guernsey,bat,T20,2026,No Result
2026-05-03,Austria,Germany,Bayer Uerdingen Cricket Ground,Austria,bat,T20,2026,Germany
2026-05-04,Malaysia,Indonesia,"Bayuemas Oval, Kuala Lumpur",Malaysia,bat,T20,2026,Malaysia
2026-05-05,Indonesia,Malaysia,"Bayuemas Oval, Kuala Lumpur",Indonesia,bat,T20,2026,Malaysia
2026-05-07,Malta,Gibraltar,Marsa Sports Club,Gibraltar,field,T20,2026,Malta
2026-05-07,Malta,Gibraltar,Marsa Sports Club,Malta,bat,T20,2026,Malta
2026-05-08,Cyprus,Finland,Happy Valley Ground,Cyprus,bat,T20,2026,Cyprus
2026-05-08,Cyprus,Finland,Happy Valley Ground,Cyprus,bat,T20,2026,Finland
2026-05-08,Romania,Bulgaria,"Moara Vlasiei Cricket Ground, Ilfov County",Romania,bat,T20,2026,Romania
2026-05-08,Malta,Gibraltar,Marsa Sports Club,Malta,bat,T20,2026,Malta
2026-05-08,South Korea,Cook Islands,"Korogi Sports Park, Nisshin",Cook Islands,field,T20,2026,Cook Islands
2026-05-08,Gibraltar,Malta,Marsa Sports Club,Gibraltar,bat,T20,2026,Malta
2026-05-08,Indonesia,Philippines,Sano International Cricket Ground,Philippines,field,T20,2026,Indonesia
2026-05-08,Vanuatu,Fiji,"Korogi Sports Park, Nisshin",Vanuatu,bat,T20,2026,Vanuatu
2026-05-09,Malta,Gibraltar,Marsa Sports Club,Malta,bat,T20,2026,No Result
2026-05-09,Gibraltar,Malta,Marsa Sports Club,Gibraltar,bat,T20,2026,Malta
2026-05-09,Romania,Bulgaria,"Moara Vlasiei Cricket Ground, Ilfov County",Romania,bat,T20,2026,Romania
2026-05-09,Finland,Cyprus,Happy Valley Ground,Finland,bat,T20,2026,Finland
2026-05-09,Finland,Cyprus,Happy Valley Ground,Finland,bat,T20,2026,Finland
2026-05-09,Japan,Vanuatu,"Korogi Sports Park, Nisshin",Japan,bat,T20,2026,Japan
2026-05-09,Romania,Bulgaria,"Moara Vlasiei Cricket Ground, Ilfov County",Romania,bat,T20,2026,Romania
2026-05-09,Papua New Guinea,South Korea,"Korogi Sports Park, Nisshin",Papua New Guinea,bat,T20,2026,Papua New Guinea
2026-05-09,Indonesia,Samoa,Sano International Cricket Ground,Samoa,field,T20,2026,Samoa
2026-05-10,Samoa,Philippines,Sano International Cricket Ground,Samoa,bat,T20,2026,Samoa
2026-05-10,Fiji,Japan,"Korogi Sports Park, Nisshin",Fiji,bat,T20,2026,Japan
2026-05-10,Papua New Guinea,Cook Islands,"Korogi Sports Park, Nisshin",Papua New Guinea,bat,T20,2026,Papua New Guinea
2026-05-10,Romania,Bulgaria,"Moara Vlasiei Cricket Ground, Ilfov County",Romania,bat,T20,2026,Romania
2026-05-12,Japan,Indonesia,Sano International Cricket Ground,Japan,bat,T20,2026,Japan
2026-05-12,Vanuatu,Samoa,Sano International Cricket Ground,Vanuatu,bat,T20,2026,Samoa
2026-05-12,Philippines,South Korea,Sano International Cricket Ground 2,Philippines,bat,T20,2026,Philippines
2026-05-13,Samoa,Papua New Guinea,Sano International Cricket Ground,Samoa,bat,T20,2026,Papua New Guinea
2026-05-13,Fiji,South Korea,Sano International Cricket Ground 2,Fiji,bat,T20,2026,South Korea
2026-05-13,Cook Islands,Vanuatu,Sano International Cricket Ground,Cook Islands,bat,T20,2026,Cook Islands
2026-05-14,Fiji,Philippines,Sano International Cricket Ground 2,Fiji,bat,T20,2026,Philippines
2026-05-14,Papua New Guinea,Indonesia,Sano International Cricket Ground,Papua New Guinea,bat,T20,2026,Papua New Guinea
2026-05-14,Japan,Cook Islands,Sano International Cricket Ground,Japan,bat,T20,2026,Cook Islands
2026-05-16,Cyprus,France,Happy Valley Ground,Cyprus,bat,T20,2026,France
2026-05-16,Guernsey,Sweden,Happy Valley Ground 2,Sweden,field,T20,2026,Guernsey
2026-05-16,Malta,Austria,Happy Valley Ground 2,Austria,field,T20,2026,Austria
2026-05-16,Switzerland,Jersey,Happy Valley Ground,Switzerland,bat,T20,2026,Jersey
2026-05-16,Samoa,Japan,Sano International Cricket Ground,Samoa,bat,T20,2026,Japan
2026-05-16,Vanuatu,Indonesia,Sano International Cricket Ground,Indonesia,field,T20,2026,Vanuatu
2026-05-16,Philippines,South Korea,Sano International Cricket Ground 2,Philippines,bat,T20,2026,South Korea
2026-05-17,Jersey,Cyprus,Happy Valley Ground 2,Jersey,bat,T20,2026,Jersey
2026-05-17,Slovenia,Austria,Happy Valley Ground,Slovenia,bat,T20,2026,Austria
2026-05-17,France,Croatia,Happy Valley Ground 2,France,bat,T20,2026,France
2026-05-17,Fiji,South Korea,Sano International Cricket Ground 2,South Korea,field,T20,2026,South Korea
2026-05-17,Malta,Guernsey,Happy Valley Ground,Guernsey,field,T20,2026,Guernsey
2026-05-17,Papua New Guinea,Vanuatu,Sano International Cricket Ground,Papua New Guinea,bat,T20,2026,Papua New Guinea
2026-05-17,Cook Islands,Indonesia,Sano International Cricket Ground,Indonesia,field,T20,2026,Cook Islands
2026-05-18,Cook Islands,Samoa,Sano International Cricket Ground,Samoa,field,T20,2026,Samoa
2026-05-18,Japan,Papua New Guinea,Sano International Cricket Ground,Japan,bat,T20,2026,Japan
2026-05-19,France,Jersey,Happy Valley Ground,Jersey,field,T20,2026,Jersey
2026-05-19,Slovenia,Sweden,Happy Valley Ground 2,Slovenia,bat,T20,2026,Sweden
2026-05-19,Croatia,Switzerland,Happy Valley Ground,Croatia,bat,T20,2026,Croatia
2026-05-19,Guernsey,Austria,Happy Valley Ground 2,Austria,field,T20,2026,Guernsey
2026-05-20,Sweden,Malta,Happy Valley Ground,Malta,field,T20,2026,Malta
2026-05-20,Slovenia,Guernsey,Happy Valley Ground,Slovenia,bat,T20,2026,Guernsey
2026-05-20,Switzerland,Cyprus,Happy Valley Ground 2,Cyprus,field,T20,2026,Switzerland
2026-05-20,Jersey,Croatia,Happy Valley Ground 2,Croatia,field,T20,2026,Jersey
2026-05-22,Austria,Sweden,Happy Valley Ground 2,Sweden,field,T20,2026,Sweden
2026-05-22,Slovenia,Malta,Happy Valley Ground 2,Slovenia,bat,T20,2026,Malta
2026-05-22,Croatia,Cyprus,Happy Valley Ground,Cyprus,field,T20,2026,Croatia
2026-05-22,France,Switzerland,Happy Valley Ground,France,bat,T20,2026,France
2026-05-23,Cameroon,Rwanda,"Botswana Cricket Association Oval 1, Gaborone",Rwanda,field,T20,2026,Rwanda
2026-05-23,Botswana,Sierra Leone,"Botswana Cricket Association Oval 1, Gaborone",Sierra Leone,field,T20,2026,Botswana
2026-05-23,Kenya,Mali,"Botswana Cricket Association Oval 2, Gaborone",Kenya,bat,T20,2026,Kenya
2026-05-23,Guernsey,Jersey,Happy Valley Ground 2,Guernsey,bat,T20,2026,Jersey
2026-05-23,Croatia,Austria,Happy Valley Ground,Croatia,bat,T20,2026,Austria
2026-05-23,Malta,Switzerland,Happy Valley Ground,Switzerland,field,T20,2026,Switzerland
2026-05-23,France,Sweden,Happy Valley Ground 2,Sweden,field,T20,2026,Sweden
2026-05-24,Mali,Botswana,"Botswana Cricket Association Oval 1, Gaborone",Mali,bat,T20,2026,Botswana
2026-05-24,Rwanda,Ivory Coast,"Botswana Cricket Association Oval 1, Gaborone",Rwanda,bat,T20,2026,Rwanda
2026-05-24,Sierra Leone,Cameroon,"Botswana Cricket Association Oval 2, Gaborone",Cameroon,field,T20,2026,Cameroon
2026-05-25,Kenya,Rwanda,"Botswana Cricket Association Oval 1, Gaborone",Kenya,bat,T20,2026,Rwanda
2026-05-25,Botswana,Cameroon,"Botswana Cricket Association Oval 2, Gaborone",Botswana,bat,T20,2026,Botswana
2026-05-25,Ivory Coast,Mali,"Botswana Cricket Association Oval 2, Gaborone",Mali,field,T20,2026,Mali
2026-05-26,Mali,Rwanda,"Botswana Cricket Association Oval 2, Gaborone",Rwanda,field,T20,2026,Rwanda
2026-05-26,Kenya,Sierra Leone,"Botswana Cricket Association Oval 1, Gaborone",Sierra Leone,field,T20,2026,Kenya
2026-05-26,Cameroon,Ivory Coast,"Botswana Cricket Association Oval 2, Gaborone",Cameroon,bat,T20,2026,Cameroon
2026-05-28,Cameroon,Kenya,"Botswana Cricket Association Oval 1, Gaborone",Kenya,field,T20,2026,Kenya
2026-05-28,Botswana,Ivory Coast,"Botswana Cricket Association Oval 1, Gaborone",Botswana,bat,T20,2026,Botswana
2026-05-28,Sierra Leone,Rwanda,"Botswana Cricket Association Oval 2, Gaborone",Rwanda,field,T20,2026,Rwanda
2026-05-29,Kenya,Botswana,"Botswana Cricket Association Oval 2, Gaborone",Kenya,bat,T20,2026,Kenya
2026-05-29,Ivory Coast,Sierra Leone,"Botswana Cricket Association Oval 2, Gaborone",Ivory Coast,bat,T20,2026,Sierra Leone
2026-05-29,Cameroon,Mali,"Botswana Cricket Association Oval 1, Gaborone",Cameroon,bat,T20,2026,Cameroon
2026-05-30,Mali,Sierra Leone,"Botswana Cricket Association Oval 1, Gaborone",Mali,bat,T20,2026,Sierra Leone
2026-05-30,Ivory Coast,Kenya,"Botswana Cricket Association Oval 2, Gaborone",Kenya,field,T20,2026,Kenya
2026-05-30,Rwanda,Botswana,"Botswana Cricket Association Oval 1, Gaborone",Rwanda,bat,T20,2026,Rwanda
2026-05-31,Nepal,China,Singapore National Cricket Ground,China,field,T20,2026,Nepal
2026-06-01,Oman,Singapore,Singapore National Cricket Ground,Singapore,field,T20,2026,Oman
2026-06-01,Bahrain,Hong Kong,Singapore National Cricket Ground,Hong Kong,field,T20,2026,Hong Kong
2026-06-02,China,Malaysia,Singapore National Cricket Ground,Malaysia,field,T20,2026,Malaysia
2026-06-02,Mozambique,Lesotho,Malkerns Country Club oval,Lesotho,field,T20,2026,Mozambique
2026-06-03,Oman,Bahrain,Singapore National Cricket Ground,Bahrain,field,T20,2026,Oman
2026-06-03,Eswatini,Mozambique,Malkerns Country Club oval,Eswatini,bat,T20,2026,Mozambique
2026-06-03,Singapore,Hong Kong,Singapore National Cricket Ground,Singapore,bat,T20,2026,Hong Kong
2026-06-04,Lesotho,Eswatini,Malkerns Country Club oval,Lesotho,bat,T20,2026,Eswatini
2026-06-04,Nepal,Malaysia,Singapore National Cricket Ground,Malaysia,field,T20,2026,Nepal
2026-06-04,Mozambique,Lesotho,Malkerns Country Club oval,Lesotho,field,T20,2026,Mozambique
2026-06-05,Hong Kong,Oman,Singapore National Cricket Ground,Oman,field,T20,2026,Hong Kong
2026-06-05,Bahrain,Singapore,Singapore National Cricket Ground,Singapore,field,T20,2026,Bahrain
2026-06-06,Mozambique,Eswatini,Malkerns Country Club oval,Mozambique,bat,T20,2026,Eswatini
2026-06-06,Mozambique,Lesotho,Malkerns Country Club oval,Mozambique,bat,T20,2026,Mozambique
2026-06-07,Lesotho,Eswatini,Malkerns Country Club oval,Lesotho,bat,T20,2026,Lesotho
2026-06-07,Malaysia,Hong Kong,Singapore National Cricket Ground,Hong Kong,field,T20,2026,Hong Kong
2026-06-07,Oman,Nepal,Singapore National Cricket Ground,Oman,bat,T20,2026,Nepal
2026-06-07,Mozambique,Eswatini,Malkerns Country Club oval,Mozambique,bat,T20,2026,Eswatini
2026-06-08,Hong Kong,Nepal,Singapore National Cricket Ground,Nepal,field,T20,2026,Nepal
2026-06-08,Oman,Malaysia,Singapore National Cricket Ground,Malaysia,field,T20,2026,Malaysia
2026-06-11,Sri Lanka,West Indies,"Sabina Park, Kingston, Jamaica",Sri Lanka,bat,T20,2026,West Indies
2026-06-11,Austria,Finland,"Botkyrka Cricket Center, Stockholm",Austria,bat,T20,2026,Finland
2026-06-11,Norway,Sweden,"Botkyrka Cricket Center, Stockholm",Sweden,field,T20,2026,Sweden
2026-06-12,Norway,Austria,"Botkyrka Cricket Center, Stockholm",Austria,field,T20,2026,Norway
2026-06-12,Sweden,Finland,"Botkyrka Cricket Center, Stockholm",Finland,field,T20,2026,Finland
2026-06-13,Finland,Norway,"Botkyrka Cricket Center, Stockholm",Norway,field,T20,2026,Finland
2026-06-13,Sri Lanka,West Indies,"Sabina Park, Kingston, Jamaica",West Indies,field,T20,2026,Sri Lanka
2026-06-13,Sweden,Austria,"Botkyrka Cricket Center, Stockholm",Austria,field,T20,2026,Sweden
2026-06-14,Norway,Austria,"Botkyrka Cricket Center, Stockholm",Norway,bat,T20,2026,Austria
2026-06-14,Sri Lanka,West Indies,"Sabina Park, Kingston, Jamaica",West Indies,field,T20,2026,West Indies
2026-06-14,Finland,Sweden,"Botkyrka Cricket Center, Stockholm",Sweden,field,T20,2026,Sweden
2026-06-17,Bangladesh,Australia,"Bir Sreshtho Flight Lieutenant Matiur Rahman Stadium, Chattogram",Bangladesh,bat,T20,2026,Australia
2026-06-18,Denmark,Germany,"Svanholm Park, Brondby",Denmark,bat,T20,2026,Germany
2026-06-18,Nigeria,Hong Kong,"Namibia Cricket Ground, Windhoek",Hong Kong,field,T20,2026,Hong Kong
2026-06-19,Germany,Denmark,"Svanholm Park, Brondby",Germany,bat,T20,2026,Denmark
2026-06-19,Hong Kong,Namibia,"Namibia Cricket Ground, Windhoek",Namibia,field,T20,2026,Namibia
2026-06-19,Belgium,Romania,"Moara Vlasiei Cricket Ground, Ilfov County",Belgium,bat,T20,2026,Belgium
2026-06-19,Romania,Switzerland,"Moara Vlasiei Cricket Ground, Ilfov County",Romania,bat,T20,2026,Switzerland
2026-06-19,Hungary,Switzerland,"Moara Vlasiei Cricket Ground, Ilfov County",Switzerland,field,T20,2026,Switzerland
2026-06-19,Germany,Denmark,"Svanholm Park, Brondby",Germany,bat,T20,2026,Denmark
2026-06-19,Australia,Bangladesh,"Bir Sreshtho Flight Lieutenant Matiur Rahman Stadium, Chattogram",Australia,bat,T20,2026,Australia
2026-06-20,Hungary,Romania,"Moara Vlasiei Cricket Ground, Ilfov County",Romania,field,T20,2026,Romania
2026-06-20,Germany,Denmark,"Svanholm Park, Brondby",Denmark,field,T20,2026,Denmark
2026-06-20,Belgium,Hungary,"Moara Vlasiei Cricket Ground, Ilfov County",Belgium,bat,T20,2026,Belgium
2026-06-20,Namibia,Nigeria,"Namibia Cricket Ground, Windhoek",Namibia,bat,T20,2026,Namibia
2026-06-20,Belgium,Switzerland,"Moara Vlasiei Cricket Ground, Ilfov County",Switzerland,field,T20,2026,Belgium
2026-06-21,Nigeria,Hong Kong,"Namibia Cricket Ground, Windhoek",Hong Kong,field,T20,2026,Hong Kong
2026-06-21,Bahamas,Bermuda,"White Hill Field, Sandys Parish",Bahamas,bat,T20,2026,No Result
2026-06-21,Romania,Switzerland,"Moara Vlasiei Cricket Ground, Ilfov County",Switzerland,field,T20,2026,Romania
2026-06-21,Belgium,Romania,"Moara Vlasiei Cricket Ground, Ilfov County",Belgium,bat,T20,2026,Belgium
2026-06-21,Bangladesh,Australia,"Bir Sreshtho Flight Lieutenant Matiur Rahman Stadium, Chattogram",Bangladesh,bat,T20,2026,Australia
2026-06-21,Belgium,Hungary,"Moara Vlasiei Cricket Ground, Ilfov County",Belgium,bat,T20,2026,Belgium
2026-06-22,Belize,Bermuda,"White Hill Field, Sandys Parish",Bermuda,field,T20,2026,Bermuda
2026-06-22,Panama,Brazil,"White Hill Field, Sandys Parish",Brazil,field,T20,2026,Panama
2026-06-22,Singapore,Uzbekistan,Singapore National Cricket Ground,Uzbekistan,field,T20,2026,Singapore
2026-06-22,Namibia,Hong Kong,"Namibia Cricket Ground, Windhoek",Namibia,bat,T20,2026,Namibia
2026-06-23,Namibia,Nigeria,"Namibia Cricket Ground, Windhoek",Namibia,bat,T20,2026,Namibia
2026-06-23,Indonesia,Uzbekistan,Singapore National Cricket Ground,Uzbekistan,field,T20,2026,Indonesia
2026-06-23,Singapore,Thailand,Singapore National Cricket Ground,Singapore,bat,T20,2026,Singapore
2026-06-24,Brazil,Belize,"White Hill Field, Sandys Parish",Brazil,bat,T20,2026,Belize
2026-06-24,Bahamas,Panama,"White Hill Field, Sandys Parish",Panama,field,T20,2026,Panama
2026-06-25,Uzbekistan,Thailand,Singapore National Cricket Ground,Thailand,field,T20,2026,Thailand
2026-06-25,Brazil,Bahamas,"White Hill Field, Sandys Parish",Bahamas,field,T20,2026,Bahamas
2026-06-25,Panama,Bermuda,"White Hill Field, Sandys Parish",Panama,bat,T20,2026,Bermuda
2026-06-25,Singapore,Indonesia,Singapore National Cricket Ground,Indonesia,field,T20,2026,Singapore
2026-06-26,Thailand,Singapore,Singapore National Cricket Ground,Thailand,bat,T20,2026,Singapore
2026-06-26,Ireland,India,"Civil Service Cricket Club, Stormont, Belfast",India,field,T20,2026,Ireland
2026-06-26,Indonesia,Uzbekistan,Singapore National Cricket Ground,Indonesia,bat,T20,2026,Indonesia
2026-06-26,Serbia,Luxembourg,"Scott Page Field, Vinor",Luxembourg,field,T20,2026,Luxembourg
2026-06-26,Czech Republic,Luxembourg,"Scott Page Field, Vinor",Luxembourg,field,T20,2026,Luxembourg
2026-06-27,Bermuda,Brazil,"White Hill Field, Sandys Parish",Bermuda,bat,T20,2026,Bermuda
2026-06-27,Hungary,Austria,"GB Oval, Szodliget",Hungary,bat,T20,2026,Austria
2026-06-27,Bahamas,Belize,"White Hill Field, Sandys Parish",Belize,field,T20,2026,Bahamas
2026-06-27,Serbia,Luxembourg,"Scott Page Field, Vinor",Serbia,bat,T20,2026,Luxembourg
2026-06-28,Hungary,Austria,"GB Oval, Szodliget",Hungary,bat,T20,2026,Austria
2026-06-28,Ireland,India,"Civil Service Cricket Club, Stormont, Belfast",India,field,T20,2026,Ireland
2026-06-28,Austria,Hungary,"GB Oval, Szodliget",Austria,bat,T20,2026,Austria
2026-06-28,Czech Republic,Luxembourg,"Scott Page Field, Vinor",Luxembourg,field,T20,2026,Czech Republic
2026-07-01,India,England,"Riverside Ground, Chester-le-Street",India,bat,T20,2026,No Result
2026-07-01,Sweden,Portugal,"Botkyrka Cricket Center, Stockholm",Sweden,bat,T20,2026,Portugal
2026-07-01,Portugal,Sweden,"Botkyrka Cricket Center, Stockholm",Sweden,field,T20,2026,Portugal
2026-07-02,Sweden,Portugal,"Botkyrka Cricket Center, Stockholm",Portugal,field,T20,2026,No Result
2026-07-03,Portugal,Finland,Kerava National Cricket Ground,Finland,field,T20,2026,Portugal
2026-07-04,India,England,"Old Trafford, Manchester",India,bat,T20,2026,England
2026-07-04,Portugal,Finland,Kerava National Cricket Ground,Finland,field,T20,2026,Portugal
2026-07-07,England,India,"Trent Bridge, Nottingham",India,field,T20,2026,England
2026-07-08,Gibraltar,Belgium,Koge Cricket Club,Belgium,field,T20,2026,Belgium
2026-07-08,Denmark,Estonia,"Svanholm Park, Brondby",Estonia,field,T20,2026,Denmark
2026-07-08,Serbia,Romania,Koge Cricket Club,Romania,field,T20,2026,Romania
2026-07-09,India,England,"County Ground, Bristol",India,bat,T20,2026,England
2026-07-09,Estonia,Norway,Koge Cricket Club,Norway,field,T20,2026,Norway
2026-07-09,Denmark,Turkey,Koge Cricket Club,Turkey,field,T20,2026,Denmark
2026-07-10,Gibraltar,Romania,"Svanholm Park, Brondby",Romania,field,T20,2026,Romania
2026-07-10,Hungary,Estonia,Koge Cricket Club,Hungary,bat,T20,2026,Hungary
2026-07-10,Belgium,Serbia,"Svanholm Park, Brondby",Serbia,field,T20,2026,Belgium
2026-07-10,Turkey,Norway,Koge Cricket Club,Norway,field,T20,2026,Norway
2026-07-11,England,India,"The Rose Bowl, Southampton",India,field,T20,2026,England
2026-07-12,Denmark,Norway,"Svanholm Park, Brondby",Norway,field,T20,2026,Denmark
2026-07-12,Belgium,Romania,Koge Cricket Club,Romania,field,T20,2026,Romania
2026-07-12,Hungary,Turkey,"Svanholm Park, Brondby",Hungary,bat,T20,2026,Hungary
2026-07-12,Serbia,Gibraltar,Koge Cricket Club,Gibraltar,field,T20,2026,Gibraltar
2026-07-13,Denmark,Hungary,"Svanholm Park, Brondby",Denmark,bat,T20,2026,Denmark
2026-07-13,Turkey,Estonia,"Svanholm Park, Brondby",Turkey,bat,T20,2026,Estonia
2026-07-14,Serbia,Estonia,Koge Cricket Club,Serbia,bat,T20,2026,Estonia
2026-07-14,Norway,Gibraltar,Koge Cricket Club,Norway,bat,T20,2026,Norway
2026-07-14,Hungary,Belgium,"Svanholm Park, Brondby",Hungary,bat,T20,2026,Belgium
2026-07-14,Denmark,Romania,"Svanholm Park, Brondby",Romania,field,T20,2026,Denmark
2026-07-15,Zimbabwe,Bangladesh,"Queens Sports Club, Bulawayo",Bangladesh,field,T20,2026,Zimbabwe
2026-07-17,Bangladesh,Zimbabwe,"Queens Sports Club, Bulawayo",Zimbabwe,field,T20,2026,Bangladesh
2026-07-19,Zimbabwe,Bangladesh,"Queens Sports Club, Bulawayo",Zimbabwe,bat,T20,2026,Bangladesh
2026-07-23,Zimbabwe,India,Harare Sports Club,India,field,T20,2026,India
2026-07-25,France,Romania,"Moara Vlasiei Cricket Ground, Ilfov County",France,bat,T20,2026,Romania
2026-07-25,India,Zimbabwe,Harare Sports Club,Zimbabwe,field,T20,2026,India
2026-07-25,Austria,Turkey,"Moara Vlasiei Cricket Ground, Ilfov County",Turkey,field,T20,2026,Austria
2026-07-26,India,Zimbabwe,Harare Sports Club,India,bat,T20,2026,India
2026-07-26,Romania,Austria,"Moara Vlasiei Cricket Ground, Ilfov County",Austria,field,T20,2026,Austria
2026-07-26,Turkey,Romania,"Moara Vlasiei Cricket Ground, Ilfov County",Turkey,bat,T20,2026,Romania
2026-07-27,France,Turkey,"Moara Vlasiei Cricket Ground, Ilfov County",France,bat,T20,2026,France
2026-07-27,Israel,Romania,"Moara Vlasiei Cricket Ground, Ilfov County",Romania,field,T20,2026,Romania
2026-07-28,France,Austria,"Moara Vlasiei Cricket Ground, Ilfov County",France,bat,T20,2026,France
2026-07-28,Turkey,Israel,"Moara Vlasiei Cricket Ground, Ilfov County",Israel,field,T20,2026,Turkey
2026-07-28,Israel,Austria,"Moara Vlasiei Cricket Ground, Ilfov County",Israel,bat,T20,2026,Austria
2026-07-29,Israel,France,"Moara Vlasiei Cricket Ground, Ilfov County",Israel,bat,T20,2026,France
2026-07-29,Turkey,France,"Moara Vlasiei Cricket Ground, Ilfov County",Turkey,bat,T20,2026,France
2026-07-30,Austria,Romania,"Moara Vlasiei Cricket Ground, Ilfov County",Romania,field,T20,2026,Romania
2026-07-30,France,Romania,"Moara Vlasiei Cricket Ground, Ilfov County",France,bat,T20,2026,France
2026-07-31,Bahrain,Kenya,"Gymkhana Club Ground, Nairobi",Bahrain,bat,T20,2026,Bahrain
2026-08-01,Bahrain,Kenya,"Gymkhana Club Ground, Nairobi",Kenya,field,T20,2026,Kenya
2026-08-06,Mexico,Panama,"Los Pinos Polo Club 1, Cundinamarca",Panama,field,T20,2026,Panama
2026-08-07,Panama,Brazil,"Los Pinos Polo Club 1, Cundinamarca",Brazil,field,T20,2026,Brazil
2026-08-08,Mexico,Peru,"Los Pinos Polo Club 1, Cundinamarca",Mexico,bat,T20,2026,Mexico
2026-08-08,Brazil,Mexico,"Los Pinos Polo Club 1, Cundinamarca",Mexico,field,T20,2026,Brazil
2026-08-08,Peru,Panama,"Los Pinos Polo Club 2, Cundinamarca",Panama,field,T20,2026,Panama
2026-08-09,Brazil,Panama,"Los Pinos Polo Club 1, Cundinamarca",Panama,field,T20,2026,Brazil
2026-08-11,Germany,Finland,Kerava National Cricket Ground,Germany,bat,T20,2026,Germany
2026-08-11,Malawi,Zambia,"TCA Oval, Blantyre",Zambia,field,T20,2026,Malawi
2026-08-11,Zambia,Rwanda,"TCA Oval, Blantyre",Rwanda,field,T20,2026,Rwanda
2026-08-12,Zambia,Rwanda,"TCA Oval, Blantyre",Zambia,bat,T20,2026,Zambia
2026-08-12,Malawi,Rwanda,"TCA Oval, Blantyre",Rwanda,field,T20,2026,Rwanda
2026-08-14,Portugal,Israel,Tikkurila Cricket Ground,Israel,field,T20,2026,Portugal
2026-08-14,Luxembourg,Isle of Man,Kerava National Cricket Ground,Isle of Man,field,T20,2026,Isle of Man
2026-08-14,Germany,Czech Republic,Tikkurila Cricket Ground,Germany,bat,T20,2026,Germany
2026-08-14,Malawi,Rwanda,"TCA Oval, Blantyre",Rwanda,field,T20,2026,Malawi
2026-08-14,Finland,Spain,Kerava National Cricket Ground,Spain,field,T20,2026,Spain
2026-08-15,Zambia,Malawi,"TCA Oval, Blantyre",Zambia,bat,T20,2026,Zambia
2026-08-15,Greece,Czech Republic,Kerava National Cricket Ground,Greece,bat,T20,2026,Czech Republic
2026-08-15,Rwanda,Zambia,"TCA Oval, Blantyre",Zambia,field,T20,2026,Zambia
2026-08-15,Finland,Bulgaria,Tikkurila Cricket Ground,Bulgaria,field,T20,2026,Finland
2026-08-15,Germany,Portugal,Kerava National Cricket Ground,Portugal,field,T20,2026,Portugal
2026-08-15,Isle of Man,Spain,Tikkurila Cricket Ground,Spain,field,T20,2026,Spain
2026-08-16,Malawi,Rwanda,"TCA Oval, Blantyre",Malawi,bat,T20,2026,Rwanda
2026-08-17,Israel,Germany,Kerava National Cricket Ground,Israel,bat,T20,2026,Germany
2026-08-17,Isle of Man,Bulgaria,Tikkurila Cricket Ground,Bulgaria,field,T20,2026,Isle of Man
2026-08-17,Greece,Portugal,Kerava National Cricket Ground,Portugal,field,T20,2026,Portugal
2026-08-17,Spain,Luxembourg,Tikkurila Cricket Ground,Luxembourg,field,T20,2026,Spain
2026-08-18,Greece,Germany,Kerava National Cricket Ground,Germany,field,T20,2026,Germany
2026-08-18,Finland,Luxembourg,Tikkurila Cricket Ground,Finland,bat,T20,2026,Finland
2026-08-18,Czech Republic,Israel,Kerava National Cricket Ground,Czech Republic,bat,T20,2026,Israel
2026-08-18,Bulgaria,Spain,Tikkurila Cricket Ground,Bulgaria,bat,T20,2026,Spain
2026-08-20,Israel,Greece,Tikkurila Cricket Ground,Greece,field,T20,2026,Israel
2026-08-20,Bulgaria,Luxembourg,Kerava National Cricket Ground,Luxembourg,field,T20,2026,Bulgaria
2026-08-20,Portugal,Czech Republic,Tikkurila Cricket Ground,Portugal,bat,T20,2026,Portugal
2026-08-21,Germany,Finland,Kerava National Cricket Ground,Germany,bat,T20,2026,Germany
2026-08-21,Bulgaria,Czech Republic,Tikkurila Cricket Ground,Czech Republic,field,T20,2026,Czech Republic
2026-08-21,Portugal,Spain,Kerava National Cricket Ground,Spain,field,T20,2026,Portugal
2026-08-21,Israel,Isle of Man,Tikkurila Cricket Ground,Isle of Man,field,T20,2026,Isle of Man
2026-08-28,Namibia,South Africa,"Namibia Cricket Ground, Windhoek",South Africa,field,T20,2026,Namibia
2026-08-29,Zimbabwe,South Africa,"Namibia Cricket Ground, Windhoek",Zimbabwe,bat,T20,2026,South Africa
2026-08-31,Zimbabwe,Namibia,"Namibia Cricket Ground, Windhoek",Namibia,field,T20,2026,Zimbabwe
2026-09-01,South Africa,Zimbabwe,"Namibia Cricket Ground, Windhoek",South Africa,bat,T20,2026,South Africa
2026-09-03,Namibia,Zimbabwe,"Namibia Cricket Ground, Windhoek",Zimbabwe,field,T20,2026,Zimbabwe
2026-09-04,South Africa,Namibia,"Namibia Cricket Ground, Windhoek",Namibia,field,T20,2026,South Africa
2026-09-06,South Africa,Zimbabwe,"Namibia Cricket Ground, Windhoek",South Africa,bat,T20,2026,South Africa
2026-09-08,Rwanda,Botswana,"Gahanga B Ground, Rwanda",Botswana,field,T20,2026,Rwanda
2026-09-08,Kenya,Sierra Leone,"Gahanga B Ground, Rwanda",Kenya,bat,T20,2026,Kenya
2026-09-09,Uganda,Sierra Leone,"Gahanga B Ground, Rwanda",Uganda,bat,T20,2026,Uganda
2026-09-09,Rwanda,Kenya,"Gahanga B Ground, Rwanda",Rwanda,bat,T20,2026,Kenya
2026-09-13,India,Afghanistan,"ndia T20I Series / 1st T20I-Afghanistan in India T20I Series 2026 1st T20I-Afghanistan in India T20I Series 2026 T20I 1ST Arun Jaitley Stadium, Delhi",,,T20,2026,India
