date,team1,team2,venue,toss_winner,toss_decision,match_type,season,winner,team1_won,toss_winner_is_team1,team1_historical_win_rate,team2_historical_win_rate,team1_recent_win_rate,team2_recent_win_rate,team1_h2h_win_rate,team2_h2h_win_rate,team1_venue_win_rate,team2_venue_win_rate
2005-02-17,New Zealand,Australia,Eden Park,Australia,bat,T20,2004/05,Australia,0,0,0.5,0.5,0.5,0.5,0.5,0.5,0.5,0.5
2005-06-13,England,Australia,The Rose Bowl,England,bat,T20,2005,England,1,1,0.5,1.0,0.5,1.0,0.5,0.5,0.5,0.5
2005-10-21,South Africa,New Zealand,New Wanderers Stadium,New Zealand,field,T20,2005/06,New Zealand,0,0,0.5,0.0,0.5,0.0,0.5,0.5,0.5,0.5
2006-01-09,Australia,South Africa,"Brisbane Cricket Ground, Woolloongabba",Australia,bat,T20,2005/06,Australia,1,1,0.5,0.0,0.5,0.0,0.5,0.5,0.5,0.5
2006-02-24,South Africa,Australia,New Wanderers Stadium,South Africa,bat,T20,2005/06,South Africa,1,1,0.0,0.6666666666666666,0.0,0.6666666666666666,0.0,1.0,0.0,0.5
2006-06-15,England,Sri Lanka,The Rose Bowl,Sri Lanka,bat,T20,2006,Sri Lanka,0,0,1.0,0.5,1.0,0.5,0.5,0.5,1.0,0.5
2006-08-28,England,Pakistan,County Ground,England,bat,T20,2006,Pakistan,0,1,0.5,0.5,0.5,0.5,0.5,0.5,0.5,0.5
2006-12-01,South Africa,India,New Wanderers Stadium,South Africa,bat,T20,2006/07,India,0,1,0.3333333333333333,0.5,0.3333333333333333,0.5,0.5,0.5,0.5,0.5
2006-12-22,New Zealand,Sri Lanka,Westpac Stadium,New Zealand,bat,T20,2006/07,Sri Lanka,0,1,0.5,1.0,0.5,1.0,0.5,0.5,0.5,0.5
2006-12-26,New Zealand,Sri Lanka,Eden Park,New Zealand,field,T20,2006/07,New Zealand,1,1,0.3333333333333333,1.0,0.3333333333333333,1.0,0.0,1.0,0.0,0.5
2007-01-09,Australia,England,Sydney Cricket Ground,Australia,bat,T20,2006/07,Australia,1,1,0.5,0.3333333333333333,0.5,0.3333333333333333,0.0,1.0,0.5,0.5
2007-06-28,England,West Indies,Kennington Oval,West Indies,bat,T20,2007,West Indies,0,0,0.25,0.5,0.25,0.5,0.5,0.5,0.5,0.5
2007-06-29,England,West Indies,Kennington Oval,West Indies,bat,T20,2007,England,1,0,0.2,1.0,0.2,1.0,0.0,1.0,0.0,1.0
2007-09-01,Kenya,Bangladesh,Gymkhana Club Ground,Bangladesh,field,T20,2007/08,Bangladesh,0,0,0.5,0.5,0.5,0.5,0.5,0.5,0.5,0.5
2007-09-02,Bangladesh,Pakistan,Gymkhana Club Ground,Bangladesh,field,T20,2007/08,Pakistan,0,1,1.0,1.0,1.0,1.0,0.5,0.5,1.0,0.5
2007-09-04,Kenya,Pakistan,Gymkhana Club Ground,Kenya,bat,T20,2007/08,Pakistan,0,1,0.0,1.0,0.0,1.0,0.5,0.5,0.0,1.0
2007-09-11,South Africa,West Indies,New Wanderers Stadium,South Africa,field,T20,2007/08,South Africa,1,1,0.25,0.5,0.25,0.5,0.5,0.5,0.3333333333333333,0.5
2007-09-12,Kenya,New Zealand,Kingsmead,New Zealand,field,T20,2007/08,New Zealand,0,0,0.0,0.5,0.0,0.5,0.5,0.5,0.5,0.5
2007-09-12,Australia,Zimbabwe,Newlands,Australia,bat,T20,2007/08,Zimbabwe,0,1,0.6,0.5,0.6,0.5,0.5,0.5,0.5,0.5
2007-09-12,Pakistan,Scotland,Kingsmead,Scotland,field,T20,2007/08,Pakistan,1,0,1.0,0.5,1.0,0.5,0.5,0.5,0.5,0.5
2007-09-13,Bangladesh,West Indies,New Wanderers Stadium,Bangladesh,field,T20,2007/08,Bangladesh,1,1,0.5,0.3333333333333333,0.5,0.3333333333333333,0.5,0.5,0.5,0.0
2007-09-13,England,Zimbabwe,Newlands,England,bat,T20,2007/08,England,1,1,0.3333333333333333,1.0,0.2,1.0,0.5,0.5,0.5,1.0
2007-09-14,Kenya,Sri Lanka,New Wanderers Stadium,Kenya,field,T20,2007/08,Sri Lanka,0,1,0.0,0.6666666666666666,0.0,0.6666666666666666,0.5,0.5,0.5,0.5
2007-09-14,Australia,England,Newlands,England,bat,T20,2007/08,Australia,1,0,0.5,0.42857142857142855,0.4,0.4,0.5,0.5,0.0,1.0
2007-09-15,New Zealand,Sri Lanka,New Wanderers Stadium,New Zealand,bat,T20,2007/08,Sri Lanka,0,1,0.6,0.75,0.6,0.75,0.5,0.5,1.0,1.0
2007-09-15,South Africa,Bangladesh,Newlands,South Africa,field,T20,2007/08,South Africa,1,1,0.4,0.6666666666666666,0.4,0.6666666666666666,0.5,0.5,0.5,0.5
2007-09-16,India,New Zealand,New Wanderers Stadium,India,field,T20,2007/08,New Zealand,0,1,1.0,0.5,1.0,0.6,0.5,0.5,1.0,0.5
2007-09-16,South Africa,England,Newlands,England,field,T20,2007/08,South Africa,1,0,0.5,0.375,0.6,0.4,0.5,0.5,1.0,0.5
2007-09-16,Australia,Bangladesh,Newlands,Australia,field,T20,2007/08,Australia,1,1,0.5714285714285714,0.5,0.6,0.5,0.5,0.5,0.5,0.0
2007-09-17,Pakistan,Sri Lanka,New Wanderers Stadium,Sri Lanka,field,T20,2007/08,Pakistan,1,0,1.0,0.8,1.0,0.8,0.5,0.5,0.5,1.0
2007-09-18,Australia,Pakistan,New Wanderers Stadium,Pakistan,field,T20,2007/08,Pakistan,0,0,0.625,1.0,0.6,1.0,0.5,0.5,0.0,1.0
2007-09-18,Bangladesh,Sri Lanka,New Wanderers Stadium,Bangladesh,field,T20,2007/08,Sri Lanka,0,1,0.4,0.6666666666666666,0.4,0.6,0.5,0.5,1.0,0.6666666666666666
2007-09-18,England,New Zealand,Kingsmead,England,field,T20,2007/08,New Zealand,0,1,0.3333333333333333,0.5714285714285714,0.4,0.6,0.5,0.5,0.5,1.0
2007-09-19,South Africa,New Zealand,Kingsmead,South Africa,field,T20,2007/08,South Africa,1,1,0.5714285714285714,0.625,0.8,0.8,0.0,1.0,0.5,1.0
2007-09-19,England,India,Kingsmead,India,bat,T20,2007/08,India,0,0,0.3,0.5,0.4,0.5,0.5,0.5,0.0,0.5
2007-09-20,South Africa,India,Kingsmead,India,bat,T20,2007/08,India,0,0,0.625,0.6666666666666666,0.8,0.6666666666666666,0.0,1.0,1.0,1.0
2007-09-20,Bangladesh,Pakistan,Newlands,Pakistan,field,T20,2007/08,Pakistan,0,0,0.3333333333333333,1.0,0.2,1.0,0.0,1.0,0.0,0.5
2007-09-20,Australia,Sri Lanka,Newlands,Australia,field,T20,2007/08,Australia,1,1,0.5555555555555556,0.7142857142857143,0.6,0.6,0.5,0.5,0.6666666666666666,0.5
2007-09-22,Australia,India,Kingsmead,India,bat,T20,2007/08,India,0,0,0.6,0.75,0.6,0.75,0.5,0.5,0.5,1.0
2007-09-22,New Zealand,Pakistan,Newlands,New Zealand,bat,T20,2007/08,Pakistan,0,1,0.5555555555555556,1.0,0.6,1.0,0.5,0.5,0.5,1.0
2007-09-24,India,Pakistan,New Wanderers Stadium,India,bat,T20,2007/08,India,1,1,0.8,1.0,0.8,1.0,0.5,0.5,0.5,1.0
2007-10-20,India,Australia,Brabourne Stadium,Australia,bat,T20,2007/08,India,1,0,0.8333333333333334,0.5454545454545454,0.8,0.6,1.0,0.0,0.5,0.5
2007-11-23,South Africa,New Zealand,New Wanderers Stadium,South Africa,field,T20,2007/08,South Africa,1,1,0.5555555555555556,0.5,0.8,0.4,0.5,0.5,0.5,0.6666666666666666
2007-12-11,Australia,New Zealand,Western Australia Cricket Association Ground,Australia,bat,T20,2007/08,Australia,1,1,0.5,0.45454545454545453,0.4,0.4,1.0,0.0,0.5,0.5
2007-12-16,South Africa,West Indies,St George's Park,West Indies,field,T20,2007/08,West Indies,0,0,0.6,0.25,0.8,0.25,1.0,0.0,0.5,0.5
2008-01-18,South Africa,West Indies,New Wanderers Stadium,South Africa,field,T20,2007/08,South Africa,1,1,0.5454545454545454,0.4,0.6,0.4,0.5,0.5,0.6,0.0
2008-02-01,Australia,India,Melbourne Cricket Ground,India,bat,T20,2007/08,Australia,1,0,0.5384615384615384,0.8571428571428571,0.4,1.0,0.0,1.0,0.5,0.5
2008-02-05,New Zealand,England,Eden Park,New Zealand,field,T20,2007/08,England,0,1,0.4166666666666667,0.2727272727272727,0.2,0.2,1.0,0.0,0.5,0.5
2008-02-07,New Zealand,England,Jade Stadium,England,bat,T20,2007/08,England,0,0,0.38461538461538464,0.3333333333333333,0.0,0.2,0.5,0.5,0.5,0.5
2008-04-20,Pakistan,Bangladesh,National Stadium,Pakistan,bat,T20,2007/08,Pakistan,1,1,0.8888888888888888,0.2857142857142857,0.8,0.2,1.0,0.0,0.5,0.5
2008-06-13,England,New Zealand,Old Trafford,England,field,T20,2008,England,1,1,0.38461538461538464,0.35714285714285715,0.4,0.0,0.6666666666666666,0.3333333333333333,0.5,0.5
2008-06-20,West Indies,Australia,"Kensington Oval, Bridgetown",West Indies,field,T20,2008,West Indies,1,1,0.3333333333333333,0.5714285714285714,0.2,0.6,0.5,0.5,0.5,0.5
2008-08-03,Bermuda,Scotland,"Civil Service Cricket Club, Stormont",Scotland,field,T20,2008,Scotland,0,0,0.5,0.0,0.5,0.0,0.5,0.5,0.5,0.5
2008-08-04,Ireland,Kenya,"Civil Service Cricket Club, Stormont",Ireland,field,T20,2008,Ireland,1,1,0.5,0.0,0.5,0.0,0.5,0.5,0.5,0.5
2008-08-04,Netherlands,Scotland,"Civil Service Cricket Club, Stormont",Netherlands,field,T20,2008,Netherlands,1,1,0.5,0.5,0.5,0.5,0.5,0.5,0.5,1.0
2008-10-11,Pakistan,Sri Lanka,Maple Leaf North-West Ground,Pakistan,field,T20,2008/09,Pakistan,1,1,0.9,0.625,0.8,0.6,1.0,0.0,0.5,0.5
2008-10-13,Pakistan,Sri Lanka,Maple Leaf North-West Ground,Sri Lanka,field,T20,2008/09,Sri Lanka,0,0,0.9090909090909091,0.5555555555555556,0.8,0.4,1.0,0.0,1.0,0.0
2008-11-05,South Africa,Bangladesh,New Wanderers Stadium,Bangladesh,field,T20,2008/09,South Africa,1,0,0.5833333333333334,0.25,0.6,0.0,1.0,0.0,0.6666666666666666,0.5
2008-12-28,New Zealand,West Indies,Seddon Park,New Zealand,bat,T20,2008/09,New Zealand,1,1,0.3333333333333333,0.42857142857142855,0.0,0.4,0.5,0.5,0.5,0.5
2009-01-11,Australia,South Africa,Melbourne Cricket Ground,Australia,bat,T20,2008/09,Australia,1,1,0.5333333333333333,0.6153846153846154,0.4,0.6,0.5,0.5,1.0,0.5
2009-01-13,Australia,South Africa,"Brisbane Cricket Ground, Woolloongabba",South Africa,bat,T20,2008/09,Australia,1,0,0.5625,0.5714285714285714,0.6,0.6,0.6666666666666666,0.3333333333333333,1.0,0.0
2009-02-10,Sri Lanka,India,R Premadasa Stadium,Sri Lanka,bat,T20,2008/09,India,0,1,0.6,0.75,0.4,0.8,0.5,0.5,0.5,0.5
2009-02-15,Australia,New Zealand,Sydney Cricket Ground,Australia,bat,T20,2008/09,Australia,1,1,0.5882352941176471,0.375,0.8,0.2,1.0,0.0,1.0,0.5
2009-02-25,New Zealand,India,AMI Stadium,New Zealand,field,T20,2008/09,New Zealand,1,1,0.35294117647058826,0.7777777777777778,0.2,0.8,1.0,0.0,0.5,0.5
2009-02-27,New Zealand,India,Westpac Stadium,New Zealand,field,T20,2008/09,New Zealand,1,1,0.3888888888888889,0.7,0.4,0.6,1.0,0.0,0.0,0.5
2009-03-15,West Indies,England,"Queen's Park Oval, Port of Spain",West Indies,field,T20,2008/09,West Indies,1,1,0.375,0.42857142857142855,0.4,0.6,0.5,0.5,0.5,0.5
2009-03-27,South Africa,Australia,New Wanderers Stadium,South Africa,field,T20,2008/09,South Africa,1,1,0.5333333333333333,0.6111111111111112,0.4,0.8,0.25,0.75,0.7142857142857143,0.0
2009-03-29,South Africa,Australia,SuperSport Park,Australia,field,T20,2008/09,South Africa,1,0,0.5625,0.5789473684210527,0.6,0.6,0.4,0.6,0.5,0.5
2009-05-07,Australia,Pakistan,Dubai International Cricket Stadium,Pakistan,field,T20,2009,Pakistan,0,0,0.55,0.8333333333333334,0.6,0.6,0.0,1.0,0.5,0.5
2009-06-05,England,Netherlands,Lord's,Netherlands,field,T20,2009,Netherlands,0,0,0.4,1.0,0.6,1.0,0.5,0.5,0.5,0.5
2009-06-06,New Zealand,Scotland,Kennington Oval,New Zealand,field,T20,2009,New Zealand,1,1,0.42105263157894735,0.3333333333333333,0.6,0.3333333333333333,0.5,0.5,0.5,0.5
2009-06-06,Australia,West Indies,Kennington Oval,Australia,bat,T20,2009,West Indies,0,1,0.5238095238095238,0.4444444444444444,0.4,0.6,0.0,1.0,0.5,0.5
2009-06-06,Bangladesh,India,Trent Bridge,India,bat,T20,2009,India,0,0,0.2222222222222222,0.6363636363636364,0.0,0.4,0.5,0.5,0.5,0.5
2009-06-07,Scotland,South Africa,Kennington Oval,Scotland,field,T20,2009,South Africa,0,1,0.25,0.5882352941176471,0.25,0.6,0.5,0.5,0.0,0.5
2009-06-07,England,Pakistan,Kennington Oval,Pakistan,field,T20,2009,England,1,0,0.375,0.8461538461538461,0.6,0.6,0.0,1.0,0.5,0.5
2009-06-08,Bangladesh,Ireland,Trent Bridge,Ireland,field,T20,2009,Ireland,0,0,0.2,1.0,0.0,1.0,0.5,0.5,0.0,0.5
2009-06-08,Australia,Sri Lanka,Trent Bridge,Sri Lanka,field,T20,2009,Sri Lanka,0,0,0.5,0.5454545454545454,0.2,0.4,1.0,0.0,0.5,0.5
2009-06-09,Netherlands,Pakistan,Lord's,Pakistan,bat,T20,2009,Pakistan,0,0,1.0,0.7857142857142857,1.0,0.6,0.5,0.5,1.0,0.5
2009-06-09,New Zealand,South Africa,Lord's,New Zealand,field,T20,2009,South Africa,0,1,0.45,0.6111111111111112,0.8,0.6,0.3333333333333333,0.6666666666666666,0.5,0.5
2009-06-10,India,Ireland,Trent Bridge,India,field,T20,2009,India,1,1,0.6666666666666666,1.0,0.4,1.0,0.5,0.5,1.0,1.0
2009-06-10,Sri Lanka,West Indies,Trent Bridge,West Indies,field,T20,2009,Sri Lanka,1,0,0.5833333333333334,0.5,0.4,0.6,0.5,0.5,1.0,0.5
2009-06-11,Ireland,New Zealand,Trent Bridge,Ireland,field,T20,2009,New Zealand,0,1,0.6666666666666666,0.42857142857142855,0.6666666666666666,0.6,0.5,0.5,0.5,0.5
2009-06-11,England,South Africa,Trent Bridge,England,bat,T20,2009,South Africa,0,1,0.4117647058823529,0.631578947368421,0.6,0.8,0.0,1.0,0.5,0.5
2009-06-12,India,West Indies,Lord's,India,bat,T20,2009,West Indies,0,1,0.6923076923076923,0.45454545454545453,0.6,0.6,0.5,0.5,0.5,0.5
2009-06-12,Pakistan,Sri Lanka,Lord's,Sri Lanka,bat,T20,2009,Sri Lanka,0,0,0.8,0.6153846153846154,0.6,0.6,0.6666666666666666,0.3333333333333333,1.0,0.5
2009-06-13,New Zealand,Pakistan,Kennington Oval,New Zealand,bat,T20,2009,Pakistan,0,1,0.45454545454545453,0.75,0.8,0.4,0.0,1.0,1.0,0.0
2009-06-13,South Africa,West Indies,Kennington Oval,West Indies,field,T20,2009,South Africa,1,0,0.65,0.5,1.0,0.6,0.6666666666666666,0.3333333333333333,1.0,0.6666666666666666
2009-06-14,Ireland,Sri Lanka,Lord's,Sri Lanka,bat,T20,2009,Sri Lanka,0,0,0.5,0.6428571428571429,0.5,0.8,0.5,0.5,0.5,1.0
2009-06-14,England,India,Lord's,India,field,T20,2009,England,1,0,0.3888888888888889,0.6428571428571429,0.4,0.4,0.0,1.0,0.0,0.0
2009-06-15,Ireland,Pakistan,Kennington Oval,Pakistan,bat,T20,2009,Pakistan,0,0,0.4,0.7647058823529411,0.4,0.6,0.5,0.5,0.5,0.5
2009-06-15,England,West Indies,Kennington Oval,England,bat,T20,2009,West Indies,0,1,0.42105263157894735,0.46153846153846156,0.4,0.6,0.3333333333333333,0.6666666666666666,0.6666666666666666,0.5
2009-06-16,India,South Africa,Trent Bridge,South Africa,bat,T20,2009,South Africa,0,0,0.6,0.6666666666666666,0.4,1.0,1.0,0.0,1.0,1.0
2009-06-16,New Zealand,Sri Lanka,Trent Bridge,Sri Lanka,bat,T20,2009,Sri Lanka,0,0,0.43478260869565216,0.6666666666666666,0.6,0.8,0.3333333333333333,0.6666666666666666,1.0,1.0
2009-06-18,Pakistan,South Africa,Trent Bridge,Pakistan,bat,T20,2009,Pakistan,1,1,0.7777777777777778,0.6818181818181818,0.6,1.0,0.5,0.5,0.5,1.0
2009-06-19,Sri Lanka,West Indies,Kennington Oval,West Indies,field,T20,2009,Sri Lanka,1,0,0.6875,0.5,1.0,0.6,1.0,0.0,0.5,0.6
2009-06-21,Pakistan,Sri Lanka,Lord's,Sri Lanka,bat,T20,2009,Pakistan,1,0,0.7894736842105263,0.7058823529411765,0.8,1.0,0.5,0.5,0.5,1.0
2009-08-02,West Indies,Bangladesh,"Warner Park, Basseterre",Bangladesh,bat,T20,2009,West Indies,1,0,0.4666666666666667,0.18181818181818182,0.4,0.0,0.0,1.0,0.5,0.5
2009-08-12,Sri Lanka,Pakistan,R Premadasa Stadium,Pakistan,bat,T20,2009,Pakistan,0,0,0.6666666666666666,0.8,0.8,0.8,0.4,0.6,0.0,0.5
2009-09-02,Sri Lanka,New Zealand,R Premadasa Stadium,New Zealand,bat,T20,2009,New Zealand,0,0,0.631578947368421,0.4166666666666667,0.6,0.4,0.75,0.25,0.0,0.5
2009-09-04,Sri Lanka,New Zealand,R Premadasa Stadium,New Zealand,bat,T20,2009,New Zealand,0,0,0.6,0.44,0.4,0.4,0.6,0.4,0.0,1.0
2009-11-12,New Zealand,Pakistan,Dubai International Cricket Stadium,New Zealand,field,T20,2009/10,Pakistan,0,1,0.46153846153846156,0.8095238095238095,0.6,1.0,0.0,1.0,0.5,1.0
2009-11-13,New Zealand,Pakistan,Dubai International Cricket Stadium,Pakistan,bat,T20,2009/10,Pakistan,0,0,0.4444444444444444,0.8181818181818182,0.4,1.0,0.0,1.0,0.0,1.0
2009-11-13,South Africa,England,New Wanderers Stadium,South Africa,field,T20,2009/10,England,0,1,0.6521739130434783,0.4,0.8,0.4,1.0,0.0,0.75,0.5
2009-11-15,South Africa,England,SuperSport Park,South Africa,bat,T20,2009/10,South Africa,1,1,0.625,0.42857142857142855,0.6,0.6,0.6666666666666666,0.3333333333333333,1.0,0.5
2009-12-09,India,Sri Lanka,"Vidarbha Cricket Association Stadium, Jamtha",India,field,T20,2009/10,Sri Lanka,0,1,0.5625,0.5714285714285714,0.4,0.2,1.0,0.0,0.5,0.5
2009-12-12,India,Sri Lanka,"Punjab Cricket Association Stadium, Mohali",Sri Lanka,bat,T20,2009/10,India,1,0,0.5294117647058824,0.5909090909090909,0.2,0.2,0.5,0.5,0.5,0.5
2010-02-03,New Zealand,Bangladesh,Seddon Park,Bangladesh,bat,T20,2009/10,New Zealand,1,0,0.42857142857142855,0.16666666666666666,0.4,0.0,0.5,0.5,1.0,0.5
2010-02-05,Australia,Pakistan,Melbourne Cricket Ground,Australia,bat,T20,2009/10,Australia,1,1,0.4782608695652174,0.8260869565217391,0.0,1.0,0.0,1.0,1.0,0.5
2010-02-09,Canada,Netherlands,Dubai International Cricket Stadium,Canada,bat,T20,2009/10,Netherlands,0,1,0.5,0.6666666666666666,0.5,0.6666666666666666,0.5,0.5,0.5,0.5
2010-02-10,Canada,Kenya,Dubai International Cricket Stadium,Kenya,field,T20,2009/10,Kenya,0,0,0.0,0.0,0.0,0.0,0.5,0.5,0.0,0.5
2010-02-11,Ireland,Scotland,Dubai International Cricket Stadium,Ireland,bat,T20,2009/10,Ireland,1,1,0.3333333333333333,0.2,0.2,0.2,0.5,0.5,0.5,0.5
2010-02-13,Ireland,Netherlands,Dubai International Cricket Stadium,Ireland,bat,T20,2009/10,Ireland,1,1,0.42857142857142855,0.75,0.2,0.75,0.5,0.5,1.0,1.0
2010-02-19,England,Pakistan,Dubai International Cricket Stadium,Pakistan,bat,T20,2009/10,England,1,0,0.4090909090909091,0.7916666666666666,0.4,0.8,0.5,0.5,0.5,1.0
2010-02-20,England,Pakistan,Dubai International Cricket Stadium,Pakistan,field,T20,2009/10,Pakistan,0,0,0.43478260869565216,0.76,0.6,0.6,0.6666666666666666,0.3333333333333333,1.0,0.75
2010-02-21,Australia,West Indies,Bellerive Oval,Australia,bat,T20,2009/10,Australia,1,1,0.5,0.5,0.2,0.6,0.0,1.0,0.5,0.5
2010-02-23,Australia,West Indies,Sydney Cricket Ground,West Indies,bat,T20,2009/10,Australia,1,0,0.52,0.47058823529411764,0.4,0.4,0.3333333333333333,0.6666666666666666,1.0,0.5
2010-02-26,New Zealand,Australia,Westpac Stadium,New Zealand,bat,T20,2009/10,Australia,0,1,0.4482758620689655,0.5384615384615384,0.6,0.6,0.0,1.0,0.5,0.5
2010-02-28,West Indies,Zimbabwe,"Queen's Park Oval, Port of Spain",Zimbabwe,bat,T20,2009/10,Zimbabwe,0,0,0.4444444444444444,0.5,0.4,0.5,0.5,0.5,1.0,0.5
2010-04-30,New Zealand,Sri Lanka,Providence Stadium,Sri Lanka,bat,T20,2010,New Zealand,1,0,0.43333333333333335,0.5652173913043478,0.4,0.2,0.5,0.5,0.5,0.5
2010-04-30,West Indies,Ireland,Providence Stadium,West Indies,bat,T20,2010,West Indies,1,1,0.42105263157894735,0.5,0.2,0.4,0.5,0.5,0.5,0.5
2010-05-01,Bangladesh,Pakistan,"Beausejour Stadium, Gros Islet",Pakistan,bat,T20,2010,Pakistan,0,0,0.15384615384615385,0.7692307692307693,0.0,0.6,0.0,1.0,0.5,0.5
2010-05-02,India,South Africa,"Beausejour Stadium, Gros Islet",South Africa,field,T20,2010,India,1,0,0.5555555555555556,0.64,0.2,0.6,0.6666666666666666,0.3333333333333333,0.5,0.5
2010-05-02,Australia,Pakistan,"Beausejour Stadium, Gros Islet",Australia,bat,T20,2010,Australia,1,1,0.5555555555555556,0.7777777777777778,0.8,0.6,0.3333333333333333,0.6666666666666666,0.5,1.0
2010-05-03,West Indies,England,Providence Stadium,West Indies,field,T20,2010,West Indies,1,1,0.45,0.4166666666666667,0.4,0.4,0.75,0.25,1.0,0.5
2010-05-03,Sri Lanka,Zimbabwe,Providence Stadium,Sri Lanka,bat,T20,2010,Sri Lanka,1,1,0.5416666666666666,0.6666666666666666,0.2,0.6666666666666666,0.5,0.5,0.0,0.5
2010-05-04,New Zealand,Zimbabwe,Providence Stadium,New Zealand,field,T20,2010,New Zealand,1,1,0.45161290322580644,0.5,0.4,0.5,0.5,0.5,1.0,0.0
2010-05-05,Australia,Bangladesh,"Kensington Oval, Bridgetown",Australia,bat,T20,2010,Australia,1,1,0.5714285714285714,0.14285714285714285,1.0,0.0,1.0,0.0,0.0,0.5
2010-05-06,England,Pakistan,"Kensington Oval, Bridgetown",England,field,T20,2010,England,1,1,0.4,0.75,0.4,0.4,0.5,0.5,0.5,0.5
2010-05-06,New Zealand,South Africa,"Kensington Oval, Bridgetown",South Africa,bat,T20,2010,South Africa,0,0,0.46875,0.6153846153846154,0.6,0.4,0.25,0.75,0.5,0.5
2010-05-07,West Indies,Sri Lanka,"Kensington Oval, Bridgetown",Sri Lanka,bat,T20,2010,Sri Lanka,0,0,0.47619047619047616,0.56,0.4,0.4,0.0,1.0,1.0,0.5
2010-05-07,Australia,India,"Kensington Oval, Bridgetown",India,field,T20,2010,Australia,1,0,0.5862068965517241,0.5789473684210527,1.0,0.4,0.3333333333333333,0.6666666666666666,0.5,0.5
2010-05-08,England,South Africa,"Kensington Oval, Bridgetown",England,bat,T20,2010,England,1,1,0.4230769230769231,0.6296296296296297,0.4,0.4,0.25,0.75,1.0,1.0
2010-05-08,New Zealand,Pakistan,"Kensington Oval, Bridgetown",Pakistan,field,T20,2010,New Zealand,1,0,0.45454545454545453,0.7241379310344828,0.6,0.4,0.0,1.0,0.0,0.0
2010-05-09,Australia,Sri Lanka,"Kensington Oval, Bridgetown",Australia,bat,T20,2010,Australia,1,1,0.6,0.5769230769230769,1.0,0.6,0.5,0.5,0.6666666666666666,1.0
2010-05-09,West Indies,India,"Kensington Oval, Bridgetown",India,field,T20,2010,West Indies,1,0,0.45454545454545453,0.55,0.4,0.4,1.0,0.0,0.5,0.0
2010-05-10,England,New Zealand,"Beausejour Stadium, Gros Islet",New Zealand,bat,T20,2010,England,1,0,0.4444444444444444,0.47058823529411764,0.6,0.6,0.75,0.25,0.5,0.5
2010-05-10,Pakistan,South Africa,"Beausejour Stadium, Gros Islet",Pakistan,bat,T20,2010,Pakistan,1,1,0.7,0.6071428571428571,0.4,0.4,1.0,0.0,0.5,0.0
2010-05-11,West Indies,Australia,"Beausejour Stadium, Gros Islet",West Indies,bat,T20,2010,Australia,0,1,0.4782608695652174,0.6129032258064516,0.6,1.0,0.5,0.5,0.5,1.0
2010-05-11,India,Sri Lanka,"Beausejour Stadium, Gros Islet",India,bat,T20,2010,Sri Lanka,0,1,0.5238095238095238,0.5555555555555556,0.4,0.4,0.6666666666666666,0.3333333333333333,1.0,0.5
2010-05-13,England,Sri Lanka,"Beausejour Stadium, Gros Islet",Sri Lanka,bat,T20,2010,England,1,0,0.4642857142857143,0.5714285714285714,0.6,0.6,0.0,1.0,1.0,1.0
2010-05-14,Australia,Pakistan,"Beausejour Stadium, Gros Islet",Australia,field,T20,2010,Australia,1,1,0.625,0.7096774193548387,1.0,0.4,0.5,0.5,1.0,0.6666666666666666
2010-05-16,Australia,England,"Kensington Oval, Bridgetown",England,field,T20,2010,England,0,0,0.6363636363636364,0.4827586206896552,1.0,0.8,0.6666666666666666,0.3333333333333333,0.75,1.0
2010-05-19,West Indies,South Africa,"Sir Vivian Richards Stadium, North Sound",West Indies,field,T20,2010,South Africa,0,1,0.4583333333333333,0.5862068965517241,0.6,0.4,0.25,0.75,0.5,0.5
2010-05-20,West Indies,South Africa,"Sir Vivian Richards Stadium, North Sound",West Indies,field,T20,2010,South Africa,0,1,0.44,0.6,0.4,0.4,0.2,0.8,0.0,1.0
2010-05-22,New Zealand,Sri Lanka,Central Broward Regional Park Stadium Turf Ground,New Zealand,bat,T20,2010,New Zealand,1,1,0.45714285714285713,0.5517241379310345,0.6,0.6,0.5714285714285714,0.42857142857142855,0.5,0.5
2010-05-23,New Zealand,Sri Lanka,Central Broward Regional Park Stadium Turf Ground,New Zealand,bat,T20,2010,Sri Lanka,0,1,0.4722222222222222,0.5333333333333333,0.6,0.4,0.625,0.375,1.0,0.0
2010-06-12,Zimbabwe,India,Harare Sports Club,India,field,T20,2010,India,0,0,0.4,0.5,0.4,0.4,0.5,0.5,0.5,0.5
2010-06-13,Zimbabwe,India,Harare Sports Club,India,field,T20,2010,India,0,0,0.3333333333333333,0.5217391304347826,0.2,0.4,0.0,1.0,0.0,1.0
2010-07-05,Australia,Pakistan,Edgbaston,Pakistan,bat,T20,2010,Pakistan,0,0,0.6176470588235294,0.6875,0.8,0.2,0.6,0.4,0.5,0.5
2010-07-06,Australia,Pakistan,Edgbaston,Pakistan,bat,T20,2010,Pakistan,0,0,0.6,0.696969696969697,0.6,0.4,0.5,0.5,0.0,1.0
2010-09-05,England,Pakistan,Sophia Gardens,England,field,T20,2010,England,1,1,0.5,0.7058823529411765,1.0,0.6,0.6,0.4,0.5,0.5
2010-09-07,England,Pakistan,Sophia Gardens,Pakistan,bat,T20,2010,England,1,0,0.5161290322580645,0.6857142857142857,1.0,0.6,0.6666666666666666,0.3333333333333333,1.0,0.0
2010-10-08,South Africa,Zimbabwe,OUTsurance Oval,Zimbabwe,bat,T20,2010/11,South Africa,1,0,0.6129032258064516,0.2857142857142857,0.6,0.2,0.5,0.5,0.5,0.5
2010-10-10,South Africa,Zimbabwe,De Beers Diamond Oval,South Africa,bat,T20,2010/11,South Africa,1,1,0.625,0.25,0.6,0.0,1.0,0.0,0.5,0.5
2010-10-26,Pakistan,South Africa,Sheikh Zayed Stadium,Pakistan,bat,T20,2010/11,South Africa,0,1,0.6666666666666666,0.6363636363636364,0.4,0.8,1.0,0.0,0.5,0.5
2010-10-27,Pakistan,South Africa,Sheikh Zayed Stadium,Pakistan,bat,T20,2010/11,South Africa,0,1,0.6486486486486487,0.6470588235294118,0.4,1.0,0.6666666666666666,0.3333333333333333,0.0,1.0
2010-10-31,Australia,Sri Lanka,Western Australia Cricket Association Ground,Australia,bat,T20,2010/11,Sri Lanka,0,1,0.5833333333333334,0.5483870967741935,0.4,0.4,0.6666666666666666,0.3333333333333333,1.0,0.5
2010-12-26,New Zealand,Pakistan,Eden Park,New Zealand,field,T20,2010/11,New Zealand,1,1,0.4594594594594595,0.631578947368421,0.4,0.2,0.2,0.8,0.3333333333333333,0.5
2010-12-28,New Zealand,Pakistan,Seddon Park,Pakistan,field,T20,2010/11,New Zealand,1,0,0.47368421052631576,0.6153846153846154,0.6,0.0,0.3333333333333333,0.6666666666666666,1.0,0.5
2010-12-30,New Zealand,Pakistan,AMI Stadium,Pakistan,bat,T20,2010/11,Pakistan,0,0,0.48717948717948717,0.6,0.6,0.0,0.42857142857142855,0.5714285714285714,1.0,0.5
2011-01-09,South Africa,India,Moses Mabhida Stadium,India,bat,T20,2010/11,India,0,0,0.6571428571428571,0.5416666666666666,1.0,0.4,0.25,0.75,0.5,0.5
2011-01-12,Australia,England,Adelaide Oval,Australia,bat,T20,2010/11,England,0,1,0.5675675675675675,0.53125,0.2,1.0,0.5,0.5,0.5,0.5
2011-01-14,Australia,England,Melbourne Cricket Ground,Australia,bat,T20,2010/11,Australia,1,1,0.5526315789473685,0.5454545454545454,0.0,1.0,0.4,0.6,1.0,0.5
2011-04-21,West Indies,Pakistan,"Beausejour Stadium, Gros Islet",West Indies,bat,T20,2011,West Indies,1,1,0.4230769230769231,0.6097560975609756,0.2,0.2,0.5,0.5,0.0,0.5
2011-06-04,West Indies,India,"Queen's Park Oval, Port of Spain",West Indies,field,T20,2011,India,0,1,0.4444444444444444,0.56,0.4,0.6,1.0,0.0,0.5,0.5
2011-06-25,England,Sri Lanka,County Ground,Sri Lanka,field,T20,2011,Sri Lanka,0,0,0.5294117647058824,0.5625,0.8,0.6,0.5,0.5,0.0,0.5
2011-08-06,Sri Lanka,Australia,Pallekele International Cricket Stadium,Australia,field,T20,2011,Sri Lanka,1,0,0.5757575757575758,0.5641025641025641,0.6,0.2,0.5,0.5,0.5,0.5
2011-08-08,Sri Lanka,Australia,Pallekele International Cricket Stadium,Sri Lanka,bat,T20,2011,Sri Lanka,1,1,0.5882352941176471,0.55,0.8,0.2,0.6,0.4,1.0,0.0
2011-08-31,England,India,Old Trafford,India,bat,T20,2011,England,1,0,0.5142857142857142,0.5769230769230769,0.6,0.8,0.5,0.5,1.0,0.5
2011-09-16,Zimbabwe,Pakistan,Harare Sports Club,Zimbabwe,field,T20,2011,Pakistan,0,1,0.2222222222222222,0.5952380952380952,0.0,0.2,0.5,0.5,0.0,0.5
2011-09-18,Zimbabwe,Pakistan,Harare Sports Club,Pakistan,bat,T20,2011,Pakistan,0,0,0.2,0.6046511627906976,0.0,0.4,0.0,1.0,0.0,1.0
2011-09-23,England,West Indies,Kennington Oval,England,field,T20,2011,England,1,1,0.5277777777777778,0.42857142857142855,0.6,0.2,0.2,0.8,0.5,0.5
2011-09-25,England,West Indies,Kennington Oval,England,field,T20,2011,West Indies,0,1,0.5405405405405406,0.41379310344827586,0.6,0.2,0.3333333333333333,0.6666666666666666,0.6,0.42857142857142855
2011-10-11,Bangladesh,West Indies,Shere Bangla National Stadium,Bangladesh,field,T20,2011/12,Bangladesh,1,1,0.13333333333333333,0.43333333333333335,0.0,0.4,0.5,0.5,0.5,0.5
2011-10-13,South Africa,Australia,Newlands,South Africa,bat,T20,2011/12,Australia,0,1,0.6388888888888888,0.5365853658536586,0.8,0.2,0.5,0.5,1.0,0.75
2011-10-15,Zimbabwe,New Zealand,Harare Sports Club,New Zealand,field,T20,2011/12,New Zealand,0,0,0.18181818181818182,0.475,0.0,0.6,0.0,1.0,0.0,0.5
2011-10-16,South Africa,Australia,New Wanderers Stadium,Australia,bat,T20,2011/12,South Africa,1,0,0.6216216216216216,0.5476190476190477,0.6,0.4,0.42857142857142855,0.5714285714285714,0.6666666666666666,0.0
2011-10-17,Zimbabwe,New Zealand,Harare Sports Club,Zimbabwe,field,T20,2011/12,New Zealand,0,1,0.16666666666666666,0.4878048780487805,0.0,0.6,0.0,1.0,0.0,1.0
2011-10-29,India,England,Eden Gardens,India,bat,T20,2011/12,England,0,1,0.5555555555555556,0.5263157894736842,0.8,0.4,0.3333333333333333,0.6666666666666666,0.5,0.5
2011-11-25,Pakistan,Sri Lanka,Sheikh Zayed Stadium,Sri Lanka,bat,T20,2011/12,Pakistan,1,0,0.6136363636363636,0.6,0.6,1.0,0.6666666666666666,0.3333333333333333,0.0,0.5
2011-11-29,Bangladesh,Pakistan,Shere Bangla National Stadium,Pakistan,bat,T20,2011/12,Pakistan,0,0,0.1875,0.6222222222222222,0.2,0.8,0.0,1.0,1.0,0.5
2012-02-01,Australia,India,Stadium Australia,India,field,T20,2011/12,Australia,1,0,0.5348837209302325,0.5357142857142857,0.4,0.6,0.5,0.5,0.5,0.5
2012-02-03,Australia,India,Melbourne Cricket Ground,Australia,bat,T20,2011/12,India,0,1,0.5454545454545454,0.5172413793103449,0.4,0.4,0.6,0.4,1.0,0.0
2012-02-11,New Zealand,Zimbabwe,Eden Park,Zimbabwe,bat,T20,2011/12,New Zealand,1,0,0.5,0.15384615384615385,0.8,0.0,1.0,0.0,0.5,0.5
2012-02-14,New Zealand,Zimbabwe,Seddon Park,Zimbabwe,bat,T20,2011/12,New Zealand,1,0,0.5116279069767442,0.14285714285714285,0.8,0.0,1.0,0.0,1.0,0.5
2012-02-17,New Zealand,South Africa,Westpac Stadium,New Zealand,field,T20,2011/12,New Zealand,1,1,0.5227272727272727,0.631578947368421,0.8,0.6,0.2,0.8,0.3333333333333333,0.5
2012-02-19,New Zealand,South Africa,Seddon Park,South Africa,field,T20,2011/12,South Africa,0,0,0.5333333333333333,0.6153846153846154,1.0,0.4,0.3333333333333333,0.6666666666666666,1.0,0.5
2012-02-22,New Zealand,South Africa,Eden Park,New Zealand,field,T20,2011/12,South Africa,0,1,0.5217391304347826,0.625,0.8,0.4,0.2857142857142857,0.7142857142857143,0.6,0.5
2012-02-22,Kenya,Ireland,Mombasa Sports Club Ground,Ireland,field,T20,2011/12,Ireland,0,0,0.16666666666666666,0.4444444444444444,0.2,0.4,0.0,1.0,0.5,0.5
2012-02-23,England,Pakistan,Dubai International Cricket Stadium,England,field,T20,2011/12,Pakistan,0,1,0.5384615384615384,0.6304347826086957,0.6,0.8,0.7142857142857143,0.2857142857142857,0.5,0.8
2012-02-23,Kenya,Ireland,Mombasa Sports Club Ground,Kenya,bat,T20,2011/12,Ireland,0,1,0.14285714285714285,0.5,0.2,0.6,0.0,1.0,0.0,1.0
2012-02-24,Kenya,Ireland,Mombasa Sports Club Ground,Ireland,bat,T20,2011/12,Ireland,0,0,0.125,0.5454545454545454,0.2,0.8,0.0,1.0,0.0,1.0
2012-02-25,England,Pakistan,Dubai International Cricket Stadium,England,bat,T20,2011/12,England,1,1,0.525,0.6382978723404256,0.6,1.0,0.625,0.375,0.3333333333333333,0.8333333333333334
2012-02-27,England,Pakistan,Sheikh Zayed Stadium,England,bat,T20,2011/12,England,1,1,0.5365853658536586,0.625,0.6,0.8,0.6666666666666666,0.3333333333333333,0.5,0.3333333333333333
2012-03-13,Canada,Netherlands,Dubai International Cricket Stadium,Netherlands,bat,T20,2011/12,Netherlands,0,0,0.0,0.6,0.0,0.6,0.0,1.0,0.0,0.5
2012-03-14,Ireland,Kenya,Dubai International Cricket Stadium,Kenya,bat,T20,2011/12,Ireland,1,0,0.5833333333333334,0.1111111111111111,0.8,0.2,1.0,0.0,1.0,1.0
2012-03-18,Ireland,Scotland,Dubai International Cricket Stadium,Ireland,bat,T20,2011/12,Ireland,1,1,0.6153846153846154,0.16666666666666666,0.8,0.2,1.0,0.0,1.0,0.0
2012-03-22,Canada,Ireland,Dubai International Cricket Stadium,Canada,bat,T20,2011/12,Ireland,0,1,0.0,0.6428571428571429,0.0,1.0,0.5,0.5,0.0,1.0
2012-03-23,Ireland,Netherlands,Dubai International Cricket Stadium,Ireland,field,T20,2011/12,Ireland,1,1,0.6666666666666666,0.6666666666666666,1.0,0.6,1.0,0.0,1.0,0.6666666666666666
2012-03-23,Canada,Scotland,Dubai International Cricket Stadium,Canada,bat,T20,2011/12,Scotland,0,1,0.0,0.14285714285714285,0.0,0.0,0.5,0.5,0.0,0.0
2012-03-27,West Indies,Australia,"Beausejour Stadium, Gros Islet",West Indies,bat,T20,2011/12,Australia,0,1,0.41935483870967744,0.5333333333333333,0.4,0.4,0.4,0.6,0.5,1.0
2012-03-30,South Africa,India,New Wanderers Stadium,India,field,T20,2011/12,South Africa,1,0,0.6341463414634146,0.5333333333333333,0.6,0.4,0.2,0.8,0.7,0.6666666666666666
2012-03-30,West Indies,Australia,"Kensington Oval, Bridgetown",West Indies,bat,T20,2011/12,West Indies,1,1,0.40625,0.5434782608695652,0.2,0.6,0.3333333333333333,0.6666666666666666,0.6666666666666666,0.6
2012-06-01,Sri Lanka,Pakistan,"Mahinda Rajapaksa International Cricket Stadium, Sooriyawewa",Sri Lanka,bat,T20,2012,Sri Lanka,1,1,0.5833333333333334,0.6122448979591837,0.8,0.6,0.2857142857142857,0.7142857142857143,0.5,0.5
2012-06-03,Sri Lanka,Pakistan,"Mahinda Rajapaksa International Cricket Stadium, Sooriyawewa",Pakistan,bat,T20,2012,Pakistan,0,0,0.5945945945945946,0.6,0.8,0.4,0.375,0.625,1.0,0.0
2012-06-24,England,West Indies,Trent Bridge,West Indies,bat,T20,2012,England,1,0,0.5476190476190477,0.42424242424242425,0.6,0.4,0.2857142857142857,0.7142857142857143,0.0,0.0
2012-06-30,New Zealand,West Indies,Central Broward Regional Park Stadium Turf Ground,New Zealand,field,T20,2012,West Indies,0,1,0.5106382978723404,0.4117647058823529,0.6,0.4,1.0,0.0,0.5,0.5
2012-07-01,New Zealand,West Indies,Central Broward Regional Park Stadium Turf Ground,West Indies,bat,T20,2012,West Indies,0,0,0.5,0.42857142857142855,0.4,0.4,0.5,0.5,0.3333333333333333,1.0
2012-07-18,Ireland,Bangladesh,"Civil Service Cricket Club, Stormont",Ireland,field,T20,2012,Bangladesh,0,1,0.6875,0.17647058823529413,1.0,0.2,1.0,0.0,1.0,0.5
2012-07-25,Netherlands,Bangladesh,Sportpark Westvliet,Netherlands,bat,T20,2012,Bangladesh,0,1,0.5714285714285714,0.2222222222222222,0.4,0.4,0.5,0.5,0.5,0.5
2012-07-26,Netherlands,Bangladesh,Sportpark Westvliet,Bangladesh,bat,T20,2012,Netherlands,1,0,0.5,0.2631578947368421,0.4,0.6,0.0,1.0,0.0,1.0
2012-08-07,Sri Lanka,India,Pallekele International Cricket Stadium,Sri Lanka,field,T20,2012,India,0,1,0.5789473684210527,0.5161290322580645,0.6,0.2,0.5,0.5,1.0,0.5
2012-09-05,Australia,Pakistan,Dubai International Cricket Stadium,Pakistan,field,T20,2012,Pakistan,0,0,0.5319148936170213,0.6078431372549019,0.4,0.4,0.42857142857142855,0.5714285714285714,0.0,0.7142857142857143
2012-09-08,England,South Africa,Riverside Ground,South Africa,field,T20,2012,South Africa,0,0,0.5581395348837209,0.6428571428571429,0.8,0.8,0.4,0.6,0.5,0.5
2012-09-10,Australia,Pakistan,Dubai International Cricket Stadium,Pakistan,field,T20,2012,Australia,1,0,0.5208333333333334,0.6153846153846154,0.4,0.4,0.375,0.625,0.0,0.75
2012-09-11,India,New Zealand,"MA Chidambaram Stadium, Chepauk",India,field,T20,2012,New Zealand,0,1,0.53125,0.4897959183673469,0.4,0.2,0.0,1.0,0.5,0.5
2012-09-12,England,South Africa,Edgbaston,South Africa,field,T20,2012,England,1,0,0.5454545454545454,0.6511627906976745,0.6,0.8,0.3333333333333333,0.6666666666666666,0.5,0.5
2012-09-18,Sri Lanka,Zimbabwe,"Mahinda Rajapaksa International Cricket Stadium, Sooriyawewa",Zimbabwe,field,T20,2012/13,Sri Lanka,1,0,0.5641025641025641,0.13333333333333333,0.4,0.0,1.0,0.0,0.5,0.5
2012-09-19,Australia,Ireland,R Premadasa Stadium,Ireland,bat,T20,2012/13,Australia,1,0,0.5306122448979592,0.6470588235294118,0.4,0.8,0.5,0.5,0.5,0.5
2012-09-20,South Africa,Zimbabwe,"Mahinda Rajapaksa International Cricket Stadium, Sooriyawewa",South Africa,field,T20,2012/13,South Africa,1,1,0.6363636363636364,0.125,0.8,0.0,1.0,0.0,0.5,0.0
2012-09-21,Bangladesh,New Zealand,Pallekele International Cricket Stadium,Bangladesh,field,T20,2012/13,New Zealand,0,1,0.25,0.5,0.6,0.2,0.0,1.0,0.5,0.5
2012-09-22,Australia,West Indies,R Premadasa Stadium,West Indies,bat,T20,2012/13,Australia,1,0,0.54,0.4444444444444444,0.6,0.6,0.5714285714285714,0.42857142857142855,1.0,0.5
2012-09-22,Sri Lanka,South Africa,"Mahinda Rajapaksa International Cricket Stadium, Sooriyawewa",Sri Lanka,field,T20,2012/13,South Africa,0,1,0.575,0.6444444444444445,0.4,0.8,0.5,0.5,0.6666666666666666,1.0
2012-09-23,New Zealand,Pakistan,Pallekele International Cricket Stadium,Pakistan,bat,T20,2012/13,Pakistan,0,0,0.5098039215686274,0.6037735849056604,0.4,0.4,0.375,0.625,1.0,0.5
2012-09-23,England,India,R Premadasa Stadium,England,field,T20,2012/13,India,0,1,0.5555555555555556,0.5151515151515151,0.8,0.4,0.75,0.25,0.5,1.0
2012-09-25,Bangladesh,Pakistan,Pallekele International Cricket Stadium,Bangladesh,bat,T20,2012/13,Pakistan,0,1,0.23809523809523808,0.6111111111111112,0.4,0.6,0.0,1.0,0.0,1.0
2012-09-27,England,West Indies,Pallekele International Cricket Stadium,West Indies,bat,T20,2012/13,West Indies,0,0,0.5434782608695652,0.43243243243243246,0.6,0.6,0.375,0.625,0.5,0.5
2012-09-28,Australia,India,R Premadasa Stadium,India,bat,T20,2012/13,Australia,1,0,0.5490196078431373,0.5294117647058824,0.6,0.6,0.5,0.5,1.0,1.0
2012-09-28,Pakistan,South Africa,R Premadasa Stadium,South Africa,bat,T20,2012/13,Pakistan,1,0,0.6181818181818182,0.6521739130434783,0.8,0.8,0.5,0.5,1.0,0.5
2012-09-29,England,New Zealand,Pallekele International Cricket Stadium,New Zealand,bat,T20,2012/13,England,1,0,0.5319148936170213,0.5,0.4,0.4,0.8,0.2,0.0,0.5
2012-09-29,Sri Lanka,West Indies,Pallekele International Cricket Stadium,West Indies,bat,T20,2012/13,Sri Lanka,1,0,0.5609756097560976,0.4473684210526316,0.4,0.6,1.0,0.0,0.6666666666666666,1.0
2012-09-30,India,Pakistan,R Premadasa Stadium,Pakistan,bat,T20,2012/13,India,1,0,0.5142857142857142,0.625,0.4,0.8,1.0,0.0,0.6666666666666666,1.0
2012-09-30,Australia,South Africa,R Premadasa Stadium,Australia,field,T20,2012/13,Australia,1,1,0.5576923076923077,0.6382978723404256,0.8,0.6,0.5,0.5,1.0,0.0
2012-10-01,Sri Lanka,England,Pallekele International Cricket Stadium,England,field,T20,2012/13,Sri Lanka,1,0,0.5714285714285714,0.5416666666666666,0.4,0.4,0.6666666666666666,0.3333333333333333,0.75,0.5
2012-10-02,Australia,Pakistan,R Premadasa Stadium,Australia,field,T20,2012/13,Pakistan,0,1,0.5660377358490566,0.6140350877192983,1.0,0.6,0.4444444444444444,0.5555555555555556,1.0,0.6666666666666666
2012-10-02,India,South Africa,R Premadasa Stadium,South Africa,field,T20,2012/13,India,1,0,0.5277777777777778,0.625,0.6,0.4,0.6666666666666666,0.3333333333333333,0.75,0.0
2012-10-04,Sri Lanka,Pakistan,R Premadasa Stadium,Sri Lanka,bat,T20,2012/13,Sri Lanka,1,1,0.5813953488372093,0.6206896551724138,0.6,0.8,0.3333333333333333,0.6666666666666666,0.0,0.75
2012-10-05,Australia,West Indies,R Premadasa Stadium,West Indies,bat,T20,2012/13,West Indies,0,0,0.5555555555555556,0.4358974358974359,0.8,0.6,0.625,0.375,0.8,0.0
2012-10-07,Sri Lanka,West Indies,R Premadasa Stadium,West Indies,bat,T20,2012/13,West Indies,0,0,0.5909090909090909,0.45,0.8,0.6,1.0,0.0,0.2,0.5
2012-12-10,Bangladesh,West Indies,Shere Bangla National Stadium,West Indies,bat,T20,2012/13,West Indies,0,0,0.22727272727272727,0.4634146341463415,0.4,0.6,0.6666666666666666,0.3333333333333333,0.5,0.0
2012-12-20,India,England,Subrata Roy Sahara Stadium,India,field,T20,2012/13,India,1,1,0.5405405405405406,0.5306122448979592,0.6,0.4,0.4,0.6,0.5,0.5
2012-12-21,South Africa,New Zealand,Kingsmead,New Zealand,bat,T20,2012/13,South Africa,1,0,0.6122448979591837,0.49056603773584906,0.4,0.4,0.75,0.25,0.5,0.6666666666666666
2012-12-22,India,England,Wankhede Stadium,England,field,T20,2012/13,England,0,0,0.5526315789473685,0.52,0.8,0.2,0.5,0.5,0.5,0.5
2012-12-23,South Africa,New Zealand,Buffalo Park,New Zealand,field,T20,2012/13,New Zealand,0,0,0.62,0.48148148148148145,0.4,0.4,0.7777777777777778,0.2222222222222222,0.5,0.5
2012-12-25,India,Pakistan,M Chinnaswamy Stadium,Pakistan,field,T20,2012/13,Pakistan,0,0,0.5384615384615384,0.6101694915254238,0.6,0.6,1.0,0.0,0.5,0.5
2012-12-26,South Africa,New Zealand,St George's Park,South Africa,bat,T20,2012/13,South Africa,1,1,0.6078431372549019,0.4909090909090909,0.2,0.4,0.7,0.3,0.0,0.5
2012-12-28,India,Pakistan,"Sardar Patel Stadium, Motera",Pakistan,field,T20,2012/13,India,1,0,0.525,0.6166666666666667,0.6,0.6,0.6666666666666666,0.3333333333333333,0.5,0.5
2013-01-26,Australia,Sri Lanka,Stadium Australia,Australia,bat,T20,2012/13,Sri Lanka,0,1,0.5454545454545454,0.5777777777777777,0.6,0.6,0.3333333333333333,0.6666666666666666,1.0,0.5
2013-01-28,Australia,Sri Lanka,Melbourne Cricket Ground,Australia,field,T20,2012/13,Sri Lanka,0,1,0.5357142857142857,0.5869565217391305,0.4,0.8,0.2857142857142857,0.7142857142857143,0.8,0.5
2013-02-09,New Zealand,England,Eden Park,New Zealand,field,T20,2012/13,England,0,1,0.48214285714285715,0.5294117647058824,0.2,0.4,0.16666666666666666,0.8333333333333334,0.5,1.0
2013-02-12,New Zealand,England,Seddon Park,England,field,T20,2012/13,New Zealand,1,0,0.47368421052631576,0.5384615384615384,0.2,0.6,0.14285714285714285,0.8571428571428571,0.8,0.5
2013-02-13,Australia,West Indies,"Brisbane Cricket Ground, Woolloongabba",West Indies,bat,T20,2012/13,West Indies,0,0,0.5263157894736842,0.47619047619047616,0.2,0.8,0.5555555555555556,0.4444444444444444,1.0,0.5
2013-02-15,New Zealand,England,Westpac Stadium,England,field,T20,2012/13,England,0,0,0.4827586206896552,0.5283018867924528,0.4,0.4,0.25,0.75,0.5,0.5
2013-03-02,West Indies,Zimbabwe,"Sir Vivian Richards Stadium, North Sound",Zimbabwe,bat,T20,2012/13,West Indies,1,0,0.4883720930232558,0.11764705882352941,0.8,0.0,0.0,1.0,0.0,0.5
2013-03-03,South Africa,Pakistan,SuperSport Park,Pakistan,bat,T20,2012/13,Pakistan,0,0,0.6153846153846154,0.6065573770491803,0.4,0.4,0.4,0.6,1.0,0.5
2013-03-03,West Indies,Zimbabwe,"Sir Vivian Richards Stadium, North Sound",West Indies,bat,T20,2012/13,West Indies,1,1,0.5,0.1111111111111111,1.0,0.0,0.5,0.5,0.3333333333333333,0.0
2013-03-15,Canada,Kenya,ICC Global Cricket Academy,Kenya,bat,T20,2012/13,Canada,1,0,0.0,0.1,0.0,0.2,0.0,1.0,0.5,0.5
2013-03-16,Canada,Kenya,ICC Global Cricket Academy,Kenya,bat,T20,2012/13,Kenya,0,0,0.16666666666666666,0.09090909090909091,0.2,0.0,0.5,0.5,1.0,0.0
2013-03-31,Sri Lanka,Bangladesh,Pallekele International Cricket Stadium,Bangladesh,field,T20,2012/13,Sri Lanka,1,0,0.5957446808510638,0.21739130434782608,0.8,0.2,1.0,0.0,0.8,0.0
2013-04-19,Kenya,Netherlands,Wanderers Cricket Ground,Netherlands,bat,T20,2013,Kenya,1,0,0.16666666666666666,0.5555555555555556,0.2,0.4,0.5,0.5,0.5,0.5
2013-04-20,Kenya,Netherlands,Wanderers Cricket Ground,Kenya,field,T20,2013,Kenya,1,1,0.23076923076923078,0.5,0.4,0.4,1.0,0.0,1.0,0.0
2013-05-11,Zimbabwe,Bangladesh,Queens Sports Club,Zimbabwe,bat,T20,2013,Zimbabwe,1,1,0.10526315789473684,0.20833333333333334,0.0,0.0,0.5,0.5,0.5,0.5
2013-05-12,Zimbabwe,Bangladesh,Queens Sports Club,Bangladesh,bat,T20,2013,Bangladesh,0,0,0.15,0.2,0.2,0.0,1.0,0.0,1.0,0.0
2013-06-25,England,New Zealand,Kennington Oval,England,field,T20,2013,New Zealand,0,1,0.5370370370370371,0.4745762711864407,0.6,0.4,0.7777777777777778,0.2222222222222222,0.5,0.5
2013-07-27,West Indies,Pakistan,"Arnos Vale Ground, Kingstown",West Indies,bat,T20,2013,Pakistan,0,1,0.5111111111111111,0.6129032258064516,1.0,0.6,1.0,0.0,0.5,0.5
2013-07-28,West Indies,Pakistan,"Arnos Vale Ground, Kingstown",Pakistan,bat,T20,2013,Pakistan,0,0,0.5,0.6190476190476191,0.8,0.6,0.5,0.5,0.0,1.0
2013-08-02,Sri Lanka,South Africa,R Premadasa Stadium,South Africa,bat,T20,2013,South Africa,0,0,0.6041666666666666,0.6037735849056604,0.8,0.4,0.0,1.0,0.16666666666666666,0.0
2013-08-04,Sri Lanka,South Africa,"Mahinda Rajapaksa International Cricket Stadium, Sooriyawewa",South Africa,bat,T20,2013,South Africa,0,0,0.5918367346938775,0.6111111111111112,0.6,0.6,0.0,1.0,0.5,1.0
2013-08-06,Sri Lanka,South Africa,"Mahinda Rajapaksa International Cricket Stadium, Sooriyawewa",South Africa,bat,T20,2013,Sri Lanka,1,0,0.58,0.6181818181818182,0.6,0.6,0.0,1.0,0.4,1.0
2013-08-23,Zimbabwe,Pakistan,Harare Sports Club,Zimbabwe,field,T20,2013,Pakistan,0,1,0.14285714285714285,0.625,0.2,0.8,0.0,1.0,0.0,1.0
2013-08-24,Zimbabwe,Pakistan,Harare Sports Club,Zimbabwe,field,T20,2013,Pakistan,0,1,0.13636363636363635,0.6307692307692307,0.2,0.8,0.0,1.0,0.0,1.0
2013-08-29,England,Australia,The Rose Bowl,England,field,T20,2013,Australia,0,1,0.5272727272727272,0.5172413793103449,0.6,0.0,0.5,0.5,0.5,0.0
2013-08-31,England,Australia,Riverside Ground,Australia,field,T20,2013,England,1,0,0.5178571428571429,0.5254237288135594,0.4,0.2,0.42857142857142855,0.5714285714285714,0.0,0.5
2013-10-10,India,Australia,Saurashtra Cricket Association Stadium,India,field,T20,2013/14,India,1,1,0.5365853658536586,0.5166666666666667,0.6,0.2,0.42857142857142855,0.5714285714285714,0.5,0.5
2013-11-06,Bangladesh,New Zealand,Shere Bangla National Stadium,New Zealand,bat,T20,2013/14,New Zealand,0,0,0.23076923076923078,0.48333333333333334,0.2,0.4,0.0,1.0,0.3333333333333333,0.5
2013-11-13,Pakistan,South Africa,Dubai International Cricket Stadium,Pakistan,bat,T20,2013/14,South Africa,0,1,0.6363636363636364,0.6071428571428571,1.0,0.6,0.6666666666666666,0.3333333333333333,0.6666666666666666,0.5
2013-11-15,Pakistan,South Africa,Dubai International Cricket Stadium,South Africa,bat,T20,2013/14,South Africa,0,0,0.6268656716417911,0.6140350877192983,0.8,0.6,0.5714285714285714,0.42857142857142855,0.6,1.0
2013-11-16,Canada,Ireland,Sheikh Zayed Stadium,Canada,field,T20,2013/14,Ireland,0,1,0.14285714285714285,0.6111111111111112,0.2,0.6,0.0,1.0,0.5,0.5
2013-11-19,Kenya,Scotland,ICC Academy,Kenya,bat,T20,2013/14,Kenya,1,1,0.2857142857142857,0.25,0.6,0.2,0.5,0.5,0.5,0.5
2013-11-20,South Africa,Pakistan,New Wanderers Stadium,Pakistan,field,T20,2013/14,South Africa,1,0,0.6206896551724138,0.6176470588235294,0.8,0.6,0.5,0.5,0.7272727272727273,0.6666666666666666
2013-11-21,Sri Lanka,New Zealand,Pallekele International Cricket Stadium,Sri Lanka,field,T20,2013/14,Sri Lanka,1,1,0.5882352941176471,0.4918032786885246,0.6,0.6,0.4444444444444444,0.5555555555555556,0.8333333333333334,0.3333333333333333
2013-11-22,South Africa,Pakistan,Newlands,Pakistan,bat,T20,2013/14,Pakistan,0,0,0.6271186440677966,0.6086956521739131,0.8,0.4,0.5555555555555556,0.4444444444444444,0.6666666666666666,1.0
2013-11-22,Netherlands,Scotland,ICC Academy,Netherlands,field,T20,2013/14,Scotland,0,1,0.45454545454545453,0.2222222222222222,0.2,0.2,1.0,0.0,0.5,0.0
2013-11-23,Kenya,Netherlands,ICC Academy,Netherlands,bat,T20,2013/14,Netherlands,0,0,0.3333333333333333,0.4166666666666667,0.8,0.2,1.0,0.0,1.0,0.0
2013-11-26,Canada,Kenya,Sharjah Cricket Stadium,Kenya,bat,T20,2013/14,Kenya,0,0,0.125,0.3125,0.2,0.8,0.3333333333333333,0.6666666666666666,0.5,0.5
2013-11-28,Netherlands,Scotland,Sheikh Zayed Stadium,Scotland,bat,T20,2013/14,Netherlands,1,0,0.46153846153846156,0.3,0.4,0.4,0.5,0.5,0.5,0.5
2013-12-11,Pakistan,Sri Lanka,Dubai International Cricket Stadium,Pakistan,field,T20,2013/14,Pakistan,1,1,0.6142857142857143,0.5961538461538461,0.4,0.6,0.6,0.4,0.5454545454545454,0.5
2013-12-13,Pakistan,Sri Lanka,Dubai International Cricket Stadium,Pakistan,field,T20,2013/14,Sri Lanka,0,1,0.6197183098591549,0.5849056603773585,0.4,0.4,0.6363636363636364,0.36363636363636365,0.5833333333333334,0.0
2014-01-11,New Zealand,West Indies,Eden Park,New Zealand,bat,T20,2013/14,New Zealand,1,1,0.4838709677419355,0.48936170212765956,0.6,0.6,0.3333333333333333,0.6666666666666666,0.42857142857142855,0.5
2014-01-15,New Zealand,West Indies,Westpac Stadium,West Indies,bat,T20,2013/14,New Zealand,1,0,0.49206349206349204,0.4791666666666667,0.6,0.4,0.5,0.5,0.4,0.5
2014-01-29,Australia,England,Bellerive Oval,Australia,bat,T20,2013/14,Australia,1,1,0.5081967213114754,0.5263157894736842,0.2,0.4,0.5,0.5,1.0,0.5
2014-01-31,Australia,England,Melbourne Cricket Ground,England,bat,T20,2013/14,Australia,1,0,0.5161290322580645,0.5172413793103449,0.4,0.4,0.5555555555555556,0.4444444444444444,0.6666666666666666,0.0
2014-02-02,Australia,England,Stadium Australia,Australia,bat,T20,2013/14,Australia,1,1,0.5238095238095238,0.5084745762711864,0.6,0.2,0.6,0.4,0.5,0.5
2014-02-12,Bangladesh,Sri Lanka,Zahur Ahmed Chowdhury Stadium,Bangladesh,field,T20,2013/14,Sri Lanka,0,1,0.2222222222222222,0.5925925925925926,0.2,0.6,0.0,1.0,0.5,0.5
2014-02-14,Bangladesh,Sri Lanka,Zahur Ahmed Chowdhury Stadium,Bangladesh,bat,T20,2013/14,Sri Lanka,0,1,0.21428571428571427,0.6,0.2,0.8,0.0,1.0,0.0,1.0
2014-02-19,West Indies,Ireland,"Sabina Park, Kingston",West Indies,bat,T20,2013/14,Ireland,0,1,0.46938775510204084,0.631578947368421,0.2,0.6,1.0,0.0,0.5,0.5
2014-02-21,West Indies,Ireland,"Sabina Park, Kingston",Ireland,field,T20,2013/14,West Indies,1,0,0.46,0.65,0.0,0.6,0.5,0.5,0.0,1.0
2014-03-09,West Indies,England,"Kensington Oval, Bridgetown",West Indies,bat,T20,2013/14,West Indies,1,1,0.47058823529411764,0.5,0.2,0.2,0.6666666666666666,0.3333333333333333,0.75,1.0
2014-03-11,West Indies,England,"Kensington Oval, Bridgetown",England,bat,T20,2013/14,West Indies,1,0,0.4807692307692308,0.4918032786885246,0.4,0.2,0.7,0.3,0.8,0.75
2014-03-12,South Africa,Australia,Kingsmead,Australia,field,T20,2013/14,Australia,0,0,0.6166666666666667,0.53125,0.6,0.6,0.4444444444444444,0.5555555555555556,0.6666666666666666,0.0
2014-03-13,West Indies,England,"Kensington Oval, Bridgetown",England,bat,T20,2013/14,England,0,0,0.49056603773584906,0.4838709677419355,0.6,0.0,0.7272727272727273,0.2727272727272727,0.8333333333333334,0.6
2014-03-14,South Africa,Australia,SuperSport Park,Australia,field,T20,2013/14,Australia,0,0,0.6065573770491803,0.5384615384615384,0.6,0.8,0.4,0.6,0.6666666666666666,0.0
2014-03-16,Hong Kong,Nepal,Zahur Ahmed Chowdhury Stadium,Hong Kong,field,T20,2013/14,Nepal,0,1,0.5,0.5,0.5,0.5,0.5,0.5,0.5,0.5
2014-03-17,Ireland,Zimbabwe,Sylhet Stadium,Ireland,field,T20,2013/14,Ireland,1,1,0.6190476190476191,0.13043478260869565,0.4,0.2,0.5,0.5,0.5,0.5
2014-03-17,Netherlands,United Arab Emirates,Sylhet Stadium,United Arab Emirates,bat,T20,2013/14,Netherlands,1,0,0.5,0.5,0.4,0.5,0.5,0.5,0.5,0.5
2014-03-18,Bangladesh,Nepal,Zahur Ahmed Chowdhury Stadium,Bangladesh,field,T20,2013/14,Bangladesh,1,1,0.20689655172413793,1.0,0.2,1.0,0.5,0.5,0.0,1.0
2014-03-19,Netherlands,Zimbabwe,Sylhet Stadium,Netherlands,bat,T20,2013/14,Zimbabwe,0,1,0.5333333333333333,0.125,0.6,0.2,0.5,0.5,1.0,0.0
2014-03-19,Ireland,United Arab Emirates,Sylhet Stadium,Ireland,field,T20,2013/14,Ireland,1,1,0.6363636363636364,0.0,0.6,0.0,0.5,0.5,1.0,0.0
2014-03-20,Bangladesh,Hong Kong,Zahur Ahmed Chowdhury Stadium,Hong Kong,field,T20,2013/14,Hong Kong,0,0,0.23333333333333334,0.0,0.4,0.0,0.5,0.5,0.3333333333333333,0.0
2014-03-21,Ireland,Netherlands,Sylhet Stadium,Netherlands,field,T20,2013/14,Netherlands,0,0,0.6521739130434783,0.5,0.8,0.6,1.0,0.0,1.0,0.5
2014-03-21,India,Pakistan,Shere Bangla National Stadium,India,field,T20,2013/14,India,1,1,0.5476190476190477,0.6111111111111112,0.6,0.4,0.75,0.25,0.5,1.0
2014-03-21,United Arab Emirates,Zimbabwe,Sylhet Stadium,Zimbabwe,field,T20,2013/14,Zimbabwe,0,0,0.0,0.16,0.0,0.2,0.5,0.5,0.0,0.5
2014-03-22,South Africa,Sri Lanka,Zahur Ahmed Chowdhury Stadium,Sri Lanka,bat,T20,2013/14,Sri Lanka,0,0,0.5967741935483871,0.6071428571428571,0.4,0.8,0.75,0.25,0.5,1.0
2014-03-22,England,New Zealand,Zahur Ahmed Chowdhury Stadium,New Zealand,field,T20,2013/14,New Zealand,0,0,0.49206349206349204,0.5,0.2,0.8,0.7,0.3,0.5,0.5
2014-03-23,Australia,Pakistan,Shere Bangla National Stadium,Australia,field,T20,2013/14,Pakistan,0,1,0.5454545454545454,0.6027397260273972,1.0,0.4,0.4,0.6,0.5,0.5
2014-03-23,India,West Indies,Shere Bangla National Stadium,India,field,T20,2013/14,India,1,1,0.5581395348837209,0.48148148148148145,0.6,0.6,0.3333333333333333,0.6666666666666666,1.0,0.5
2014-03-24,New Zealand,South Africa,Zahur Ahmed Chowdhury Stadium,New Zealand,field,T20,2013/14,South Africa,0,1,0.5076923076923077,0.5873015873015873,0.8,0.2,0.2727272727272727,0.7272727272727273,1.0,0.0
2014-03-24,Netherlands,Sri Lanka,Zahur Ahmed Chowdhury Stadium,Sri Lanka,field,T20,2013/14,Sri Lanka,0,0,0.5294117647058824,0.6140350877192983,0.8,0.8,0.5,0.5,0.5,1.0
2014-03-25,Bangladesh,West Indies,Shere Bangla National Stadium,Bangladesh,field,T20,2013/14,West Indies,0,1,0.22580645161290322,0.4727272727272727,0.2,0.6,0.5,0.5,0.25,0.3333333333333333
2014-03-27,Netherlands,South Africa,Zahur Ahmed Chowdhury Stadium,Netherlands,field,T20,2013/14,South Africa,0,1,0.5,0.59375,0.6,0.2,0.5,0.5,0.0,0.5
2014-03-27,England,Sri Lanka,Zahur Ahmed Chowdhury Stadium,England,field,T20,2013/14,England,1,1,0.484375,0.6206896551724138,0.2,1.0,0.25,0.75,0.0,1.0
2014-03-28,Australia,West Indies,Shere Bangla National Stadium,Australia,bat,T20,2013/14,West Indies,0,1,0.5373134328358209,0.48214285714285715,0.8,0.6,0.5,0.5,0.0,0.5
2014-03-28,Bangladesh,India,Shere Bangla National Stadium,India,field,T20,2013/14,India,0,0,0.21875,0.5681818181818182,0.2,0.8,0.0,1.0,0.2,1.0
2014-03-29,England,South Africa,Zahur Ahmed Chowdhury Stadium,England,field,T20,2013/14,South Africa,0,1,0.49230769230769234,0.6,0.4,0.4,0.42857142857142855,0.5714285714285714,0.5,0.6666666666666666
2014-03-29,Netherlands,New Zealand,Zahur Ahmed Chowdhury Stadium,New Zealand,field,T20,2013/14,New Zealand,0,0,0.47368421052631576,0.5,0.4,0.6,0.5,0.5,0.0,0.5
2014-03-30,Australia,India,Shere Bangla National Stadium,Australia,field,T20,2013/14,India,0,1,0.5294117647058824,0.5777777777777777,0.6,1.0,0.5,0.5,0.0,1.0
2014-03-30,Bangladesh,Pakistan,Shere Bangla National Stadium,Pakistan,bat,T20,2013/14,Pakistan,0,0,0.21212121212121213,0.6081081081081081,0.2,0.6,0.0,1.0,0.16666666666666666,0.6666666666666666
2014-03-31,New Zealand,Sri Lanka,Zahur Ahmed Chowdhury Stadium,New Zealand,field,T20,2013/14,Sri Lanka,0,1,0.5074626865671642,0.6101694915254238,0.8,0.8,0.5,0.5,0.6666666666666666,0.8
2014-03-31,England,Netherlands,Zahur Ahmed Chowdhury Stadium,England,field,T20,2013/14,Netherlands,0,1,0.48484848484848486,0.45,0.4,0.2,0.0,1.0,0.3333333333333333,0.0
2014-04-01,Pakistan,West Indies,Shere Bangla National Stadium,West Indies,bat,T20,2013/14,West Indies,0,0,0.6133333333333333,0.49122807017543857,0.6,0.6,0.6666666666666666,0.3333333333333333,0.75,0.6
2014-04-01,Bangladesh,Australia,Shere Bangla National Stadium,Bangladesh,bat,T20,2013/14,Australia,0,1,0.20588235294117646,0.5217391304347826,0.2,0.4,0.0,1.0,0.14285714285714285,0.0
2014-04-03,Sri Lanka,West Indies,Shere Bangla National Stadium,Sri Lanka,bat,T20,2013/14,Sri Lanka,1,1,0.6166666666666667,0.5,0.8,0.6,0.8,0.2,0.5,0.6666666666666666
2014-04-04,India,South Africa,Shere Bangla National Stadium,South Africa,bat,T20,2013/14,India,1,0,0.5869565217391305,0.6060606060606061,1.0,0.6,0.7142857142857143,0.2857142857142857,1.0,0.5
2014-04-06,India,Sri Lanka,Shere Bangla National Stadium,Sri Lanka,field,T20,2013/14,Sri Lanka,0,0,0.5957446808510638,0.6229508196721312,1.0,0.8,0.6,0.4,1.0,1.0
2014-05-20,England,Sri Lanka,Kennington Oval,England,field,T20,2014,Sri Lanka,0,1,0.47761194029850745,0.6290322580645161,0.4,0.8,0.4,0.6,0.42857142857142855,1.0
2014-07-05,West Indies,New Zealand,"Windsor Park, Roseau",New Zealand,field,T20,2014,New Zealand,0,0,0.4915254237288136,0.5,0.6,0.6,0.4,0.6,0.5,0.5
2014-07-06,West Indies,New Zealand,"Windsor Park, Roseau",New Zealand,field,T20,2014,West Indies,1,0,0.48333333333333334,0.5072463768115942,0.6,0.6,0.3333333333333333,0.6666666666666666,0.0,1.0
2014-09-07,England,India,Edgbaston,England,bat,T20,2014,England,1,1,0.47058823529411764,0.5833333333333334,0.2,0.8,0.5714285714285714,0.42857142857142855,1.0,0.5
2014-10-05,Australia,Pakistan,Dubai International Cricket Stadium,Pakistan,bat,T20,2014/15,Australia,1,0,0.5285714285714286,0.6052631578947368,0.4,0.4,0.36363636363636365,0.6363636363636364,0.3333333333333333,0.5384615384615384
2014-11-05,Australia,South Africa,Adelaide Oval,Australia,bat,T20,2014/15,South Africa,0,1,0.5352112676056338,0.5970149253731343,0.4,0.6,0.6363636363636364,0.36363636363636365,0.0,0.5
2014-11-07,Australia,South Africa,Melbourne Cricket Ground,South Africa,bat,T20,2014/15,Australia,1,0,0.5277777777777778,0.6029411764705882,0.4,0.8,0.5833333333333334,0.4166666666666667,0.7142857142857143,0.0
2014-11-09,Australia,South Africa,Stadium Australia,Australia,field,T20,2014/15,Australia,1,1,0.5342465753424658,0.5942028985507246,0.6,0.6,0.6153846153846154,0.38461538461538464,0.6666666666666666,0.5
2014-11-24,Hong Kong,Nepal,P Sara Oval,Hong Kong,field,T20,2014/15,Hong Kong,1,1,0.5,0.5,0.5,0.5,0.0,1.0,0.5,0.5
2014-12-04,New Zealand,Pakistan,Dubai International Cricket Stadium,Pakistan,field,T20,2014/15,Pakistan,0,0,0.5,0.5974025974025974,0.4,0.4,0.3333333333333333,0.6666666666666666,0.0,0.5
2014-12-05,New Zealand,Pakistan,Dubai International Cricket Stadium,Pakistan,field,T20,2014/15,New Zealand,1,0,0.49295774647887325,0.6025641025641025,0.4,0.6,0.3,0.7,0.0,0.5333333333333333
2015-01-09,South Africa,West Indies,Newlands,South Africa,bat,T20,2014/15,West Indies,0,1,0.5857142857142857,0.4918032786885246,0.4,0.6,0.8333333333333334,0.16666666666666666,0.5,0.5
2015-01-11,South Africa,West Indies,New Wanderers Stadium,West Indies,field,T20,2014/15,West Indies,0,0,0.5774647887323944,0.5,0.2,0.6,0.7142857142857143,0.2857142857142857,0.75,0.0
2015-01-14,South Africa,West Indies,Kingsmead,West Indies,field,T20,2014/15,South Africa,1,0,0.5694444444444444,0.5079365079365079,0.2,0.6,0.625,0.375,0.5,0.5
2015-04-24,Bangladesh,Pakistan,Shere Bangla National Stadium,Pakistan,bat,T20,2015,Bangladesh,1,0,0.2,0.5949367088607594,0.0,0.4,0.0,1.0,0.125,0.6
2015-05-22,Pakistan,Zimbabwe,Gaddafi Stadium,Zimbabwe,bat,T20,2015,Pakistan,1,0,0.5875,0.19230769230769232,0.2,0.4,1.0,0.0,0.5,0.5
2015-05-24,Pakistan,Zimbabwe,Gaddafi Stadium,Zimbabwe,bat,T20,2015,Pakistan,1,0,0.5925925925925926,0.18518518518518517,0.4,0.4,1.0,0.0,1.0,0.0
2015-06-20,Ireland,Scotland,"Bready Cricket Club, Magheramason",Scotland,field,T20,2015,Scotland,0,0,0.625,0.2727272727272727,0.6,0.4,1.0,0.0,0.5,0.5
2015-06-23,England,New Zealand,Old Trafford,England,bat,T20,2015,England,1,1,0.4782608695652174,0.5,0.4,0.4,0.6363636363636364,0.36363636363636365,1.0,0.0
2015-07-01,Netherlands,Nepal,VRA Ground,Nepal,field,T20,2015,Netherlands,1,0,0.47619047619047616,0.3333333333333333,0.4,0.3333333333333333,0.5,0.5,0.5,0.5
2015-07-02,Netherlands,Nepal,Hazelaarweg,Netherlands,bat,T20,2015,Netherlands,1,1,0.5,0.25,0.4,0.25,1.0,0.0,0.5,0.5
2015-07-05,Bangladesh,South Africa,Shere Bangla National Stadium,South Africa,bat,T20,2015,South Africa,0,0,0.2222222222222222,0.5753424657534246,0.2,0.2,0.0,1.0,0.2222222222222222,0.0
2015-07-07,Bangladesh,South Africa,Shere Bangla National Stadium,South Africa,bat,T20,2015,South Africa,0,0,0.21621621621621623,0.581081081081081,0.2,0.4,0.0,1.0,0.2,0.5
2015-07-09,Scotland,United Arab Emirates,"Grange Cricket Club Ground, Raeburn Place",Scotland,field,T20,2015,Scotland,1,1,0.3333333333333333,0.0,0.6,0.0,0.5,0.5,0.5,0.5
2015-07-11,Scotland,Netherlands,"Grange Cricket Club Ground, Raeburn Place",Netherlands,bat,T20,2015,Netherlands,0,0,0.38461538461538464,0.5217391304347826,0.6,0.6,0.3333333333333333,0.6666666666666666,1.0,0.5
2015-07-12,Netherlands,United Arab Emirates,"Grange Cricket Club Ground, Raeburn Place",Netherlands,field,T20,2015,Netherlands,1,1,0.5416666666666666,0.0,0.8,0.0,1.0,0.0,1.0,0.0
2015-07-13,Nepal,Ireland,"Civil Service Cricket Club, Stormont",Ireland,field,T20,2015,Ireland,0,0,0.2,0.6,0.2,0.4,0.5,0.5,0.5,0.5
2015-07-15,Ireland,Papua New Guinea,"Civil Service Cricket Club, Stormont",Ireland,bat,T20,2015,Papua New Guinea,0,1,0.6153846153846154,0.5,0.6,0.5,0.5,0.5,0.6666666666666666,0.5
2015-07-15,Hong Kong,Nepal,"Civil Service Cricket Club, Stormont",Hong Kong,field,T20,2015,Hong Kong,1,1,0.6666666666666666,0.16666666666666666,0.6666666666666666,0.0,0.5,0.5,0.5,0.0
2015-07-17,Zimbabwe,India,Harare Sports Club,India,bat,T20,2015,India,0,0,0.17857142857142858,0.5714285714285714,0.4,0.6,0.0,1.0,0.0,1.0
2015-07-17,Nepal,Papua New Guinea,"The Village, Malahide",Papua New Guinea,field,T20,2015,Papua New Guinea,0,0,0.14285714285714285,1.0,0.0,1.0,0.5,0.5,0.5,0.5
2015-07-17,Ireland,Hong Kong,"The Village, Malahide",Ireland,field,T20,2015,Hong Kong,0,1,0.5925925925925926,0.75,0.4,0.75,0.5,0.5,0.5,0.5
2015-07-19,Zimbabwe,India,Harare Sports Club,Zimbabwe,bat,T20,2015,Zimbabwe,1,1,0.1724137931034483,0.58,0.4,0.6,0.0,1.0,0.0,1.0
2015-07-25,Hong Kong,Scotland,"The Village, Malahide",Scotland,field,T20,2015,Scotland,0,0,0.8,0.35714285714285715,0.8,0.6,0.5,0.5,1.0,0.5
2015-07-25,Ireland,Netherlands,"The Village, Malahide",Netherlands,field,T20,2015,Netherlands,0,0,0.5714285714285714,0.56,0.2,1.0,0.6666666666666666,0.3333333333333333,0.0,0.5
2015-07-30,Sri Lanka,Pakistan,R Premadasa Stadium,Pakistan,bat,T20,2015,Pakistan,0,0,0.6349206349206349,0.5975609756097561,0.8,0.6,0.4166666666666667,0.5833333333333334,0.14285714285714285,0.6
2015-08-01,Sri Lanka,Pakistan,R Premadasa Stadium,Sri Lanka,bat,T20,2015,Pakistan,0,1,0.625,0.6024096385542169,0.8,0.6,0.38461538461538464,0.6153846153846154,0.125,0.6666666666666666
2015-08-09,Zimbabwe,New Zealand,Harare Sports Club,Zimbabwe,field,T20,2015,New Zealand,0,1,0.2,0.4931506849315068,0.4,0.4,0.0,1.0,0.1,1.0
2015-08-14,South Africa,New Zealand,Kingsmead,South Africa,field,T20,2015,South Africa,1,1,0.5866666666666667,0.5,0.6,0.4,0.75,0.25,0.6,0.5
2015-08-16,South Africa,New Zealand,SuperSport Park,New Zealand,bat,T20,2015,New Zealand,0,0,0.5921052631578947,0.49333333333333335,0.8,0.4,0.7692307692307693,0.23076923076923078,0.5,0.5
2015-08-31,England,Australia,Sophia Gardens,Australia,field,T20,2015,England,1,0,0.4857142857142857,0.5405405405405406,0.4,0.8,0.36363636363636365,0.6363636363636364,1.0,0.5
2015-09-27,Zimbabwe,Pakistan,Harare Sports Club,Pakistan,bat,T20,2015/16,Pakistan,0,0,0.1935483870967742,0.6071428571428571,0.2,0.8,0.0,1.0,0.09090909090909091,1.0
2015-09-29,Zimbabwe,Pakistan,Harare Sports Club,Pakistan,bat,T20,2015/16,Pakistan,0,0,0.1875,0.611764705882353,0.2,1.0,0.0,1.0,0.08333333333333333,1.0
2015-10-02,India,South Africa,Himachal Pradesh Cricket Association Stadium,South Africa,field,T20,2015/16,South Africa,0,0,0.5686274509803921,0.5844155844155844,0.4,0.8,0.75,0.25,0.5,0.5
2015-10-05,India,South Africa,Barabati Stadium,South Africa,field,T20,2015/16,South Africa,0,0,0.5576923076923077,0.5897435897435898,0.2,0.8,0.6666666666666666,0.3333333333333333,0.5,0.5
2015-11-09,Sri Lanka,West Indies,Pallekele International Cricket Stadium,West Indies,field,T20,2015/16,Sri Lanka,1,0,0.6153846153846154,0.5,0.6,0.6,0.8333333333333334,0.16666666666666666,0.8571428571428571,0.5
2015-11-11,Sri Lanka,West Indies,R Premadasa Stadium,West Indies,bat,T20,2015/16,West Indies,0,0,0.6212121212121212,0.49230769230769234,0.6,0.6,0.8571428571428571,0.14285714285714285,0.1111111111111111,0.6666666666666666
2015-11-13,Bangladesh,Zimbabwe,Shere Bangla National Stadium,Bangladesh,field,T20,2015/16,Bangladesh,1,1,0.21052631578947367,0.18181818181818182,0.2,0.2,0.5,0.5,0.18181818181818182,0.5
2015-11-15,Bangladesh,Zimbabwe,Shere Bangla National Stadium,Bangladesh,bat,T20,2015/16,Zimbabwe,0,1,0.23076923076923078,0.17647058823529413,0.4,0.2,0.6666666666666666,0.3333333333333333,0.25,0.0
2015-11-21,Hong Kong,Oman,Sheikh Zayed Stadium,Oman,field,T20,2015/16,Oman,0,0,0.6666666666666666,0.5,0.8,0.5,0.5,0.5,0.5,0.5
2015-11-22,United Arab Emirates,Oman,Sheikh Zayed Stadium,United Arab Emirates,field,T20,2015/16,United Arab Emirates,1,1,0.0,1.0,0.0,1.0,0.5,0.5,0.5,1.0
2015-11-25,Hong Kong,Oman,Sheikh Zayed Stadium,Hong Kong,field,T20,2015/16,Oman,0,1,0.5714285714285714,0.5,0.6,0.5,0.0,1.0,0.0,0.5
2015-11-26,England,Pakistan,Dubai International Cricket Stadium,England,bat,T20,2015/16,England,1,1,0.49295774647887325,0.6162790697674418,0.6,1.0,0.7,0.3,0.5,0.5
2015-11-26,Hong Kong,Oman,Sheikh Zayed Stadium,Hong Kong,field,T20,2015/16,Hong Kong,1,1,0.5,0.6666666666666666,0.4,0.6666666666666666,0.0,1.0,0.0,0.6666666666666666
2015-11-27,England,Pakistan,Dubai International Cricket Stadium,England,bat,T20,2015/16,England,1,1,0.5,0.6091954022988506,0.8,0.8,0.7272727272727273,0.2727272727272727,0.6,0.47058823529411764
2016-01-07,New Zealand,Sri Lanka,Bay Oval,Sri Lanka,field,T20,2015/16,New Zealand,1,0,0.5,0.6119402985074627,0.6,0.4,0.45454545454545453,0.5454545454545454,0.5,0.5
2016-01-10,New Zealand,Sri Lanka,Eden Park,New Zealand,field,T20,2015/16,New Zealand,1,1,0.5064935064935064,0.6029411764705882,0.6,0.2,0.5,0.5,0.5,0.0
2016-01-15,Bangladesh,Zimbabwe,Sheikh Abu Naser Stadium,Zimbabwe,bat,T20,2015/16,Bangladesh,1,0,0.225,0.2,0.4,0.2,0.5,0.5,0.5,0.5
2016-01-15,New Zealand,Pakistan,Eden Park,New Zealand,field,T20,2015/16,Pakistan,0,1,0.5128205128205128,0.6022727272727273,0.8,0.6,0.36363636363636365,0.6363636363636364,0.5555555555555556,0.0
2016-01-17,New Zealand,Pakistan,Seddon Park,Pakistan,bat,T20,2015/16,New Zealand,1,0,0.5063291139240507,0.6067415730337079,0.6,0.6,0.3333333333333333,0.6666666666666666,0.8333333333333334,0.0
2016-01-17,Bangladesh,Zimbabwe,Sheikh Abu Naser Stadium,Bangladesh,bat,T20,2015/16,Bangladesh,1,1,0.24390243902439024,0.19444444444444445,0.4,0.2,0.6,0.4,1.0,0.0
2016-01-20,Bangladesh,Zimbabwe,Sheikh Abu Naser Stadium,Zimbabwe,bat,T20,2015/16,Zimbabwe,0,0,0.2619047619047619,0.1891891891891892,0.6,0.2,0.6666666666666666,0.3333333333333333,1.0,0.0
2016-01-22,New Zealand,Pakistan,Westpac Stadium,Pakistan,field,T20,2015/16,New Zealand,1,0,0.5125,0.6,0.8,0.4,0.38461538461538464,0.6153846153846154,0.5,0.5
2016-01-22,Bangladesh,Zimbabwe,Sheikh Abu Naser Stadium,Zimbabwe,bat,T20,2015/16,Zimbabwe,0,0,0.2558139534883721,0.21052631578947367,0.6,0.4,0.5714285714285714,0.42857142857142855,0.6666666666666666,0.3333333333333333
2016-01-26,Australia,India,Adelaide Oval,Australia,field,T20,2015/16,India,0,1,0.5333333333333333,0.5471698113207547,0.6,0.2,0.4444444444444444,0.5555555555555556,0.0,0.5
2016-01-29,Australia,India,Melbourne Cricket Ground,Australia,field,T20,2015/16,India,0,1,0.5263157894736842,0.5555555555555556,0.4,0.4,0.4,0.6,0.75,0.5
2016-01-30,Hong Kong,Scotland,"Mission Road Ground, Mong Kok",Hong Kong,field,T20,2015/16,Hong Kong,1,1,0.5555555555555556,0.4,0.4,0.6,0.0,1.0,0.5,0.5
2016-01-31,Hong Kong,Scotland,"Mission Road Ground, Mong Kok",Hong Kong,field,T20,2015/16,Scotland,0,1,0.6,0.375,0.4,0.6,0.5,0.5,1.0,0.0
2016-01-31,Australia,India,Sydney Cricket Ground,Australia,bat,T20,2015/16,India,0,1,0.5194805194805194,0.5636363636363636,0.4,0.4,0.36363636363636365,0.6363636363636364,1.0,0.5
2016-02-03,United Arab Emirates,Netherlands,ICC Academy,United Arab Emirates,field,T20,2015/16,Netherlands,0,1,0.16666666666666666,0.5769230769230769,0.2,1.0,0.0,1.0,0.5,0.5
2016-02-04,United Arab Emirates,Scotland,ICC Academy,United Arab Emirates,bat,T20,2015/16,United Arab Emirates,1,1,0.14285714285714285,0.4117647058823529,0.2,0.6,0.0,1.0,0.0,0.5
2016-02-07,Ireland,Papua New Guinea,Tony Ireland Stadium,Papua New Guinea,field,T20,2015/16,Ireland,1,0,0.5517241379310345,1.0,0.2,1.0,0.0,1.0,0.5,0.5
2016-02-09,India,Sri Lanka,Maharashtra Cricket Association Stadium,Sri Lanka,field,T20,2015/16,Sri Lanka,0,0,0.5714285714285714,0.5942028985507246,0.6,0.2,0.5,0.5,0.5,0.5
2016-02-09,Ireland,Papua New Guinea,Tony Ireland Stadium,Papua New Guinea,bat,T20,2015/16,Papua New Guinea,0,0,0.5666666666666667,0.6666666666666666,0.4,0.6666666666666666,0.5,0.5,1.0,0.0
2016-02-12,India,Sri Lanka,JSCA International Stadium Complex,Sri Lanka,field,T20,2015/16,India,1,0,0.5614035087719298,0.6,0.6,0.4,0.42857142857142855,0.5714285714285714,0.5,0.5
2016-02-14,United Arab Emirates,Ireland,Sheikh Zayed Stadium,United Arab Emirates,field,T20,2015/16,Ireland,0,1,0.25,0.5483870967741935,0.4,0.2,0.0,1.0,1.0,1.0
2016-02-14,India,Sri Lanka,Dr. Y.S. Rajasekhara Reddy ACA-VDCA Cricket Stadium,India,field,T20,2015/16,India,1,1,0.5689655172413793,0.5915492957746479,0.8,0.2,0.5,0.5,0.5,0.5
2016-02-16,United Arab Emirates,Ireland,Sheikh Zayed Stadium,United Arab Emirates,bat,T20,2015/16,United Arab Emirates,1,1,0.2222222222222222,0.5625,0.4,0.4,0.0,1.0,0.5,1.0
2016-02-19,Hong Kong,Oman,Khan Shaheb Osman Ali Stadium,Oman,bat,T20,2015/16,Oman,0,0,0.5454545454545454,0.5,0.4,0.5,0.3333333333333333,0.6666666666666666,0.5,0.5
2016-02-19,South Africa,England,Newlands,South Africa,field,T20,2015/16,South Africa,1,1,0.5949367088607594,0.5068493150684932,0.8,1.0,0.625,0.375,0.4,0.3333333333333333
2016-02-21,Hong Kong,United Arab Emirates,Khan Shaheb Osman Ali Stadium,Hong Kong,bat,T20,2015/16,United Arab Emirates,0,1,0.5,0.3,0.4,0.6,0.5,0.5,0.0,0.5
2016-02-21,South Africa,England,New Wanderers Stadium,South Africa,field,T20,2015/16,South Africa,1,1,0.6,0.5,0.8,0.8,0.6666666666666666,0.3333333333333333,0.6923076923076923,1.0
2016-02-22,Oman,United Arab Emirates,Shere Bangla National Stadium,Oman,field,T20,2015/16,United Arab Emirates,0,1,0.6,0.36363636363636365,0.6,0.6,0.0,1.0,0.5,0.5
2016-02-24,India,Bangladesh,Shere Bangla National Stadium,Bangladesh,field,T20,2015/16,India,1,0,0.576271186440678,0.25,0.8,0.4,1.0,0.0,0.8333333333333334,0.23076923076923078
2016-02-25,Sri Lanka,United Arab Emirates,Shere Bangla National Stadium,United Arab Emirates,field,T20,2015/16,Sri Lanka,1,0,0.5833333333333334,0.4166666666666667,0.2,0.8,0.5,0.5,1.0,1.0
2016-02-26,Bangladesh,United Arab Emirates,Shere Bangla National Stadium,United Arab Emirates,field,T20,2015/16,Bangladesh,1,0,0.24444444444444444,0.38461538461538464,0.4,0.6,0.5,0.5,0.21428571428571427,0.5
2016-02-27,India,Pakistan,Shere Bangla National Stadium,India,field,T20,2015/16,India,1,1,0.5833333333333334,0.5934065934065934,0.8,0.2,0.8,0.2,0.8571428571428571,0.5
2016-02-28,Bangladesh,Sri Lanka,Shere Bangla National Stadium,Bangladesh,bat,T20,2015/16,Bangladesh,1,1,0.2608695652173913,0.589041095890411,0.4,0.4,0.0,1.0,0.26666666666666666,1.0
2016-02-29,Pakistan,United Arab Emirates,Shere Bangla National Stadium,United Arab Emirates,bat,T20,2015/16,Pakistan,1,0,0.5869565217391305,0.35714285714285715,0.2,0.6,0.5,0.5,0.42857142857142855,0.3333333333333333
2016-03-01,India,Sri Lanka,Shere Bangla National Stadium,India,field,T20,2015/16,India,1,1,0.5901639344262295,0.581081081081081,0.8,0.4,0.5555555555555556,0.4444444444444444,0.875,0.75
2016-03-02,Bangladesh,Pakistan,Shere Bangla National Stadium,Pakistan,bat,T20,2015/16,Bangladesh,1,0,0.2765957446808511,0.5913978494623656,0.4,0.4,0.125,0.875,0.3125,0.5
2016-03-03,India,United Arab Emirates,Shere Bangla National Stadium,United Arab Emirates,bat,T20,2015/16,India,1,0,0.5967741935483871,0.3333333333333333,1.0,0.4,0.5,0.5,0.8888888888888888,0.25
2016-03-04,Pakistan,Sri Lanka,Shere Bangla National Stadium,Pakistan,field,T20,2015/16,Pakistan,1,1,0.5851063829787234,0.5733333333333334,0.2,0.2,0.6428571428571429,0.35714285714285715,0.4444444444444444,0.6
2016-03-04,South Africa,Australia,Kingsmead,Australia,bat,T20,2015/16,South Africa,1,0,0.6049382716049383,0.5128205128205128,0.8,0.2,0.35714285714285715,0.6428571428571429,0.6666666666666666,0.5
2016-03-06,South Africa,Australia,New Wanderers Stadium,Australia,field,T20,2015/16,Australia,0,0,0.6097560975609756,0.5063291139240507,1.0,0.0,0.4,0.6,0.7142857142857143,0.0
2016-03-06,Bangladesh,India,Shere Bangla National Stadium,India,field,T20,2015/16,India,0,0,0.2916666666666667,0.6031746031746031,0.6,1.0,0.0,1.0,0.35294117647058826,0.9
2016-03-08,Hong Kong,Zimbabwe,"Vidarbha Cricket Association Stadium, Jamtha",Hong Kong,field,T20,2015/16,Zimbabwe,0,1,0.46153846153846156,0.23076923076923078,0.4,0.6,0.5,0.5,0.5,0.5
2016-03-09,South Africa,Australia,Newlands,South Africa,bat,T20,2015/16,Australia,0,1,0.6024096385542169,0.5125,0.8,0.2,0.375,0.625,0.5,0.8
2016-03-09,Ireland,Oman,Himachal Pradesh Cricket Association Stadium,Ireland,bat,T20,2015/16,Oman,0,1,0.5454545454545454,0.5,0.4,0.4,0.5,0.5,0.5,0.5
2016-03-09,Bangladesh,Netherlands,Himachal Pradesh Cricket Association Stadium,Netherlands,field,T20,2015/16,Bangladesh,1,0,0.2857142857142857,0.5925925925925926,0.6,1.0,0.5,0.5,0.5,0.5
2016-03-10,Scotland,Zimbabwe,"Vidarbha Cricket Association Stadium, Jamtha",Zimbabwe,bat,T20,2015/16,Zimbabwe,0,0,0.3888888888888889,0.25,0.4,0.6,0.5,0.5,0.5,1.0
2016-03-12,Hong Kong,Scotland,"Vidarbha Cricket Association Stadium, Jamtha",Hong Kong,bat,T20,2015/16,Scotland,0,1,0.42857142857142855,0.3684210526315789,0.2,0.4,0.3333333333333333,0.6666666666666666,0.0,0.0
2016-03-13,Ireland,Netherlands,Himachal Pradesh Cricket Association Stadium,Ireland,field,T20,2015/16,Netherlands,0,1,0.5294117647058824,0.5714285714285714,0.4,0.8,0.5,0.5,0.0,0.0
2016-03-13,Bangladesh,Oman,Himachal Pradesh Cricket Association Stadium,Oman,field,T20,2015/16,Bangladesh,1,0,0.3,0.5714285714285714,0.8,0.6,0.5,0.5,1.0,1.0
2016-03-15,India,New Zealand,"Vidarbha Cricket Association Stadium, Jamtha",New Zealand,bat,T20,2015/16,New Zealand,0,0,0.609375,0.5185185185185185,1.0,0.8,0.0,1.0,0.0,0.5
2016-03-16,England,West Indies,Wankhede Stadium,West Indies,field,T20,2015/16,West Indies,0,0,0.49333333333333335,0.5,0.6,0.6,0.3333333333333333,0.6666666666666666,1.0,0.5
2016-03-16,Bangladesh,Pakistan,Eden Gardens,Pakistan,bat,T20,2015/16,Pakistan,0,0,0.3137254901960784,0.5894736842105263,0.8,0.4,0.2222222222222222,0.7777777777777778,0.5,0.5
2016-03-18,Australia,New Zealand,Himachal Pradesh Cricket Association Stadium,New Zealand,bat,T20,2015/16,New Zealand,0,0,0.5185185185185185,0.524390243902439,0.4,0.8,1.0,0.0,0.5,0.5
2016-03-18,England,South Africa,Wankhede Stadium,England,field,T20,2015/16,England,1,1,0.4868421052631579,0.5952380952380952,0.4,0.6,0.3,0.7,0.5,0.5
2016-03-19,India,Pakistan,Eden Gardens,India,field,T20,2015/16,India,1,1,0.6,0.59375,0.8,0.6,0.8333333333333334,0.16666666666666666,0.0,1.0
2016-03-20,Sri Lanka,West Indies,M Chinnaswamy Stadium,West Indies,field,T20,2015/16,West Indies,0,0,0.5657894736842105,0.5074626865671642,0.2,0.6,0.75,0.25,0.5,0.5
2016-03-21,Australia,Bangladesh,M Chinnaswamy Stadium,Australia,field,T20,2015/16,Australia,1,1,0.5121951219512195,0.3076923076923077,0.4,0.6,1.0,0.0,0.5,0.5
2016-03-22,New Zealand,Pakistan,"Punjab Cricket Association IS Bindra Stadium, Mohali",New Zealand,bat,T20,2015/16,New Zealand,1,1,0.5301204819277109,0.5876288659793815,0.8,0.6,0.42857142857142855,0.5714285714285714,0.5,0.5
2016-03-23,India,Bangladesh,M Chinnaswamy Stadium,Bangladesh,field,T20,2015/16,India,1,0,0.6060606060606061,0.3018867924528302,0.8,0.4,1.0,0.0,0.0,0.0
2016-03-25,South Africa,West Indies,"Vidarbha Cricket Association Stadium, Jamtha",West Indies,field,T20,2015/16,West Indies,0,0,0.5882352941176471,0.5147058823529411,0.4,0.6,0.6666666666666666,0.3333333333333333,0.5,0.5
2016-03-25,Australia,Pakistan,"Punjab Cricket Association IS Bindra Stadium, Mohali",Australia,bat,T20,2015/16,Australia,1,1,0.5180722891566265,0.5816326530612245,0.6,0.4,0.4166666666666667,0.5833333333333334,0.5,0.0
2016-03-26,Bangladesh,New Zealand,Eden Gardens,New Zealand,bat,T20,2015/16,New Zealand,0,0,0.2962962962962963,0.5357142857142857,0.4,1.0,0.0,1.0,0.0,0.5
2016-03-26,England,Sri Lanka,Feroz Shah Kotla,Sri Lanka,field,T20,2015/16,England,1,0,0.4935064935064935,0.5584415584415584,0.4,0.2,0.3333333333333333,0.6666666666666666,0.5,0.5
2016-03-27,India,Australia,"Punjab Cricket Association IS Bindra Stadium, Mohali",Australia,bat,T20,2015/16,India,1,0,0.6119402985074627,0.5238095238095238,0.8,0.8,0.6666666666666666,0.3333333333333333,0.5,1.0
2016-03-28,South Africa,Sri Lanka,Feroz Shah Kotla,South Africa,field,T20,2015/16,South Africa,1,1,0.5813953488372093,0.5512820512820513,0.2,0.0,0.6,0.4,0.5,0.0
2016-03-30,England,New Zealand,Feroz Shah Kotla,England,field,T20,2015/16,England,1,1,0.5,0.5411764705882353,0.4,1.0,0.6666666666666666,0.3333333333333333,1.0,0.5
2016-03-31,India,West Indies,Wankhede Stadium,West Indies,field,T20,2015/16,West Indies,0,0,0.6176470588235294,0.5217391304347826,0.8,0.8,0.5,0.5,0.0,1.0
2016-04-03,England,West Indies,Eden Gardens,West Indies,field,T20,2015/16,West Indies,0,0,0.5063291139240507,0.5285714285714286,0.6,1.0,0.3076923076923077,0.6923076923076923,1.0,0.5
2016-06-18,Zimbabwe,India,Harare Sports Club,India,field,T20,2016,Zimbabwe,1,0,0.2682926829268293,0.6086956521739131,0.8,0.6,0.25,0.75,0.07692307692307693,0.75
2016-06-20,Zimbabwe,India,Harare Sports Club,Zimbabwe,bat,T20,2016,India,0,1,0.2857142857142857,0.6,1.0,0.6,0.4,0.6,0.14285714285714285,0.6
2016-06-22,Zimbabwe,India,Harare Sports Club,Zimbabwe,field,T20,2016,India,0,1,0.27906976744186046,0.6056338028169014,0.8,0.6,0.3333333333333333,0.6666666666666666,0.13333333333333333,0.6666666666666666
2016-07-05,England,Sri Lanka,The Rose Bowl,Sri Lanka,bat,T20,2016,England,1,0,0.5,0.5443037974683544,0.6,0.0,0.42857142857142855,0.5714285714285714,0.3333333333333333,1.0
2016-08-27,India,West Indies,Central Broward Regional Park Stadium Turf Ground,India,field,T20,2016,West Indies,0,1,0.6111111111111112,0.5352112676056338,0.6,1.0,0.4,0.6,0.5,1.0
2016-09-05,Ireland,Hong Kong,"Bready Cricket Club, Magheramason",Hong Kong,bat,T20,2016,Hong Kong,0,0,0.5142857142857142,0.4,0.2,0.0,0.0,1.0,0.0,0.5
2016-09-06,Sri Lanka,Australia,Pallekele International Cricket Stadium,Sri Lanka,field,T20,2016,Australia,0,1,0.5375,0.5176470588235295,0.0,0.6,0.75,0.25,0.875,0.0
2016-09-07,England,Pakistan,Old Trafford,England,bat,T20,2016,Pakistan,0,1,0.5061728395061729,0.5757575757575758,0.8,0.4,0.75,0.25,1.0,0.5
2016-09-09,Sri Lanka,Australia,R Premadasa Stadium,Sri Lanka,bat,T20,2016,Australia,0,1,0.5308641975308642,0.5232558139534884,0.0,0.6,0.6666666666666666,0.3333333333333333,0.1,0.6666666666666666
2016-09-23,Pakistan,West Indies,Dubai International Cricket Stadium,Pakistan,field,T20,2016/17,Pakistan,1,1,0.58,0.5416666666666666,0.4,1.0,0.5,0.5,0.4444444444444444,0.5
2016-09-24,Pakistan,West Indies,Dubai International Cricket Stadium,West Indies,field,T20,2016/17,Pakistan,1,0,0.5841584158415841,0.5342465753424658,0.4,0.8,0.6,0.4,0.47368421052631576,0.0
2016-09-27,Pakistan,West Indies,Sheikh Zayed Stadium,Pakistan,field,T20,2016/17,Pakistan,1,1,0.5882352941176471,0.527027027027027,0.6,0.6,0.6666666666666666,0.3333333333333333,0.25,0.5
2017-01-03,New Zealand,Bangladesh,McLean Park,Bangladesh,bat,T20,2016/17,New Zealand,1,0,0.5348837209302325,0.2909090909090909,0.8,0.2,1.0,0.0,0.5,0.5
2017-01-06,New Zealand,Bangladesh,Bay Oval,Bangladesh,field,T20,2016/17,New Zealand,1,0,0.5402298850574713,0.2857142857142857,0.8,0.0,1.0,0.0,1.0,0.5
2017-01-08,New Zealand,Bangladesh,Bay Oval,Bangladesh,field,T20,2016/17,New Zealand,1,0,0.5454545454545454,0.2807017543859649,0.8,0.0,1.0,0.0,1.0,0.0
2017-01-14,Hong Kong,Scotland,Sheikh Zayed Stadium,Scotland,bat,T20,2016/17,Scotland,0,0,0.4375,0.4,0.2,0.4,0.25,0.75,0.3333333333333333,0.0
2017-01-15,Netherlands,Oman,Sheikh Zayed Stadium,Oman,bat,T20,2016/17,Netherlands,1,0,0.5862068965517241,0.5,0.8,0.4,0.5,0.5,1.0,0.5
2017-01-16,Hong Kong,Oman,Sheikh Zayed Stadium,Oman,field,T20,2016/17,Oman,0,0,0.4117647058823529,0.4444444444444444,0.2,0.4,0.25,0.75,0.25,0.4
2017-01-17,Netherlands,Scotland,Sheikh Zayed Stadium,Netherlands,field,T20,2016/17,Scotland,0,1,0.6,0.42857142857142855,0.8,0.6,0.75,0.25,1.0,0.5
2017-01-18,United Arab Emirates,Ireland,Dubai International Cricket Stadium,Ireland,bat,T20,2016/17,Ireland,0,0,0.3125,0.5,0.2,0.2,0.3333333333333333,0.6666666666666666,0.5,1.0
2017-01-18,Hong Kong,Netherlands,Dubai International Cricket Stadium,Hong Kong,bat,T20,2016/17,Hong Kong,1,1,0.3888888888888889,0.5806451612903226,0.2,0.6,0.5,0.5,0.5,0.5
2017-01-19,Oman,Scotland,Dubai International Cricket Stadium,Oman,bat,T20,2016/17,Scotland,0,1,0.5,0.45454545454545453,0.4,0.6,0.5,0.5,0.5,0.3333333333333333
2017-01-20,Ireland,Scotland,Dubai International Cricket Stadium,Scotland,field,T20,2016/17,Ireland,1,0,0.5135135135135135,0.4782608695652174,0.2,0.8,0.6666666666666666,0.3333333333333333,1.0,0.5
2017-01-20,South Africa,Sri Lanka,SuperSport Park,Sri Lanka,field,T20,2016/17,South Africa,1,0,0.5862068965517241,0.524390243902439,0.2,0.0,0.6666666666666666,0.3333333333333333,0.4,0.5
2017-01-22,South Africa,Sri Lanka,New Wanderers Stadium,South Africa,bat,T20,2016/17,Sri Lanka,0,1,0.5909090909090909,0.5180722891566265,0.4,0.0,0.7142857142857143,0.2857142857142857,0.6666666666666666,0.75
2017-01-25,South Africa,Sri Lanka,Newlands,South Africa,bat,T20,2016/17,Sri Lanka,0,1,0.5842696629213483,0.5238095238095238,0.4,0.2,0.625,0.375,0.42857142857142855,0.0
2017-01-26,India,England,Green Park,England,field,T20,2016/17,England,0,0,0.6027397260273972,0.5,0.4,0.6,0.375,0.625,0.5,0.5
2017-01-29,India,England,"Vidarbha Cricket Association Stadium, Jamtha",England,field,T20,2016/17,India,1,0,0.5945945945945946,0.5060240963855421,0.4,0.6,0.3333333333333333,0.6666666666666666,0.0,0.5
2017-02-01,India,England,M Chinnaswamy Stadium,England,field,T20,2016/17,India,1,0,0.6,0.5,0.6,0.4,0.4,0.6,0.5,0.5
2017-02-17,Australia,Sri Lanka,Melbourne Cricket Ground,Sri Lanka,field,T20,2016/17,Sri Lanka,0,0,0.5287356321839081,0.5294117647058824,0.8,0.4,0.4,0.6,0.6666666666666666,1.0
2017-02-17,New Zealand,South Africa,Eden Park,New Zealand,field,T20,2016/17,South Africa,0,1,0.550561797752809,0.5777777777777777,0.8,0.4,0.2857142857142857,0.7142857142857143,0.5,1.0
2017-02-19,Australia,Sri Lanka,"Simonds Stadium, South Geelong",Sri Lanka,field,T20,2016/17,Sri Lanka,0,0,0.5227272727272727,0.5348837209302325,0.6,0.6,0.36363636363636365,0.6363636363636364,0.5,0.5
2017-02-22,Australia,Sri Lanka,Adelaide Oval,Sri Lanka,field,T20,2016/17,Australia,1,0,0.5168539325842697,0.5402298850574713,0.4,0.8,0.3333333333333333,0.6666666666666666,0.0,0.5
2017-03-26,West Indies,Pakistan,"Kensington Oval, Bridgetown",Pakistan,field,T20,2017,Pakistan,0,0,0.52,0.5922330097087378,0.4,0.8,0.2857142857142857,0.7142857142857143,0.7142857142857143,0.0
2017-03-30,West Indies,Pakistan,"Queen's Park Oval, Port of Spain",West Indies,field,T20,2017,Pakistan,0,1,0.5131578947368421,0.5961538461538461,0.2,1.0,0.25,0.75,0.3333333333333333,0.5
2017-04-01,West Indies,Pakistan,"Queen's Park Oval, Port of Spain",Pakistan,bat,T20,2017,West Indies,1,0,0.5064935064935064,0.6,0.0,1.0,0.2222222222222222,0.7777777777777778,0.25,1.0
2017-04-02,West Indies,Pakistan,"Queen's Park Oval, Port of Spain",Pakistan,field,T20,2017,Pakistan,0,0,0.5128205128205128,0.5943396226415094,0.2,0.8,0.3,0.7,0.4,0.5
2017-04-04,Sri Lanka,Bangladesh,R Premadasa Stadium,Bangladesh,bat,T20,2016/17,Sri Lanka,1,0,0.5340909090909091,0.27586206896551724,0.8,0.0,0.8,0.2,0.09090909090909091,0.5
2017-04-06,Sri Lanka,Bangladesh,R Premadasa Stadium,Bangladesh,bat,T20,2016/17,Bangladesh,0,0,0.5393258426966292,0.2711864406779661,0.8,0.0,0.8333333333333334,0.16666666666666666,0.16666666666666666,0.0
2017-04-12,United Arab Emirates,Papua New Guinea,Sheikh Zayed Stadium,United Arab Emirates,field,T20,2017,United Arab Emirates,1,1,0.29411764705882354,0.75,0.0,0.75,0.5,0.5,0.6666666666666666,0.5
2017-04-14,United Arab Emirates,Papua New Guinea,Sheikh Zayed Stadium,Papua New Guinea,bat,T20,2017,United Arab Emirates,1,0,0.3333333333333333,0.6,0.2,0.6,1.0,0.0,0.75,0.0
2017-04-14,United Arab Emirates,Papua New Guinea,Sheikh Zayed Stadium,Papua New Guinea,field,T20,2017,United Arab Emirates,1,0,0.3684210526315789,0.5,0.4,0.4,1.0,0.0,0.8,0.0
2017-06-21,England,South Africa,The Rose Bowl,South Africa,bat,T20,2017,England,1,0,0.49411764705882355,0.5824175824175825,0.4,0.6,0.36363636363636365,0.6363636363636364,0.5,0.5
2017-06-23,England,South Africa,County Ground,England,field,T20,2017,South Africa,0,1,0.5,0.5760869565217391,0.4,0.4,0.4166666666666667,0.5833333333333334,0.0,0.5
2017-06-25,England,South Africa,Sophia Gardens,South Africa,field,T20,2017,England,1,0,0.4942528735632184,0.5806451612903226,0.4,0.4,0.38461538461538464,0.6153846153846154,1.0,0.5
2017-07-09,West Indies,India,"Sabina Park, Kingston",West Indies,field,T20,2017,West Indies,1,1,0.5063291139240507,0.6052631578947368,0.2,0.6,0.6666666666666666,0.3333333333333333,0.5,0.5
2017-09-06,Sri Lanka,India,"R.Premadasa Stadium, Khettarama",India,field,T20,2017,India,0,0,0.5333333333333333,0.5974025974025974,0.6,0.4,0.4,0.6,0.5,0.5
2017-09-12,Pakistan,ICC World XI,Gaddafi Stadium,ICC World XI,field,T20,2017/18,Pakistan,1,0,0.5981308411214953,0.5,0.8,0.5,0.5,0.5,1.0,0.5
2017-09-13,Pakistan,ICC World XI,Gaddafi Stadium,Pakistan,bat,T20,2017/18,ICC World XI,0,1,0.6018518518518519,0.0,0.8,0.0,1.0,0.0,1.0,0.0
2017-09-15,Pakistan,ICC World XI,Gaddafi Stadium,ICC World XI,field,T20,2017/18,Pakistan,1,0,0.5963302752293578,0.5,0.6,0.5,0.5,0.5,0.75,0.5
2017-09-16,West Indies,England,Riverside Ground,England,field,T20,2017,West Indies,1,0,0.5125,0.5,0.4,0.4,0.7142857142857143,0.2857142857142857,0.5,0.5
2017-10-07,Australia,India,JSCA International Stadium Complex,India,field,T20,2017/18,India,0,0,0.5222222222222223,0.6025641025641025,0.6,0.6,0.3076923076923077,0.6923076923076923,0.5,1.0
2017-10-10,India,Australia,Barsapara Cricket Stadium,Australia,field,T20,2017/18,Australia,0,0,0.6075949367088608,0.5164835164835165,0.8,0.4,0.7142857142857143,0.2857142857142857,0.5,0.5
2017-10-26,Sri Lanka,Pakistan,Sheikh Zayed Stadium,Pakistan,field,T20,2017/18,Pakistan,0,0,0.5274725274725275,0.6,0.4,0.6,0.3333333333333333,0.6666666666666666,0.0,0.4
2017-10-26,South Africa,Bangladesh,Mangaung Oval,South Africa,bat,T20,2017/18,South Africa,1,1,0.574468085106383,0.2833333333333333,0.4,0.2,1.0,0.0,0.5,0.5
2017-10-27,Sri Lanka,Pakistan,Sheikh Zayed Stadium,Pakistan,field,T20,2017/18,Pakistan,0,0,0.5217391304347826,0.6036036036036037,0.2,0.8,0.3125,0.6875,0.0,0.5
2017-10-29,Pakistan,Sri Lanka,Gaddafi Stadium,Sri Lanka,field,T20,2017/18,Pakistan,1,0,0.6071428571428571,0.5161290322580645,0.8,0.2,0.7058823529411765,0.29411764705882354,0.8,0.5
2017-10-29,South Africa,Bangladesh,Senwes Park,Bangladesh,field,T20,2017/18,South Africa,1,0,0.5789473684210527,0.2786885245901639,0.6,0.2,1.0,0.0,0.5,0.5
2017-11-01,India,New Zealand,Arun Jaitley Stadium,New Zealand,field,T20,2017/18,India,1,0,0.6,0.5444444444444444,0.6,0.6,0.0,1.0,0.5,0.5
2017-11-04,New Zealand,India,Saurashtra Cricket Association Stadium,New Zealand,bat,T20,2017/18,New Zealand,1,1,0.5384615384615384,0.6049382716049383,0.6,0.6,0.8333333333333334,0.16666666666666666,0.5,1.0
2017-11-07,India,New Zealand,Greenfield International Stadium,New Zealand,field,T20,2017/18,India,1,0,0.5975609756097561,0.5434782608695652,0.6,0.6,0.14285714285714285,0.8571428571428571,0.5,0.5
2017-12-20,India,Sri Lanka,Barabati Stadium,Sri Lanka,field,T20,2017/18,India,1,0,0.6024096385542169,0.5106382978723404,0.6,0.0,0.6363636363636364,0.36363636363636365,0.0,0.5
2017-12-22,India,Sri Lanka,Holkar Cricket Stadium,Sri Lanka,field,T20,2017/18,India,1,0,0.6071428571428571,0.5052631578947369,0.6,0.0,0.6666666666666666,0.3333333333333333,0.5,0.5
2017-12-24,Sri Lanka,India,Wankhede Stadium,India,field,T20,2017/18,India,0,0,0.5,0.611764705882353,0.0,0.8,0.3076923076923077,0.6923076923076923,0.5,0.0
2017-12-29,New Zealand,West Indies,Saxton Oval,West Indies,field,T20,2017/18,New Zealand,1,0,0.5376344086021505,0.5185185185185185,0.4,0.6,0.5714285714285714,0.42857142857142855,0.5,0.5
2018-01-03,New Zealand,West Indies,Bay Oval,New Zealand,bat,T20,2017/18,New Zealand,1,1,0.5425531914893617,0.5121951219512195,0.4,0.6,0.625,0.375,1.0,0.5
2018-01-22,Pakistan,New Zealand,Westpac Stadium,New Zealand,field,T20,2017/18,New Zealand,0,0,0.6106194690265486,0.5473684210526316,0.8,0.6,0.5333333333333333,0.4666666666666667,0.0,0.5714285714285714
2018-01-25,Pakistan,New Zealand,Eden Park,Pakistan,bat,T20,2017/18,Pakistan,1,1,0.6052631578947368,0.5520833333333334,0.8,0.8,0.5,0.5,0.5,0.45454545454545453
2018-01-28,Pakistan,New Zealand,Bay Oval,Pakistan,bat,T20,2017/18,Pakistan,1,1,0.6086956521739131,0.5463917525773195,0.8,0.6,0.5294117647058824,0.47058823529411764,0.5,1.0
2018-02-03,New Zealand,Australia,Sydney Cricket Ground,Australia,field,T20,2017/18,Australia,0,0,0.5408163265306123,0.5217391304347826,0.6,0.4,0.2,0.8,0.0,0.75
2018-02-07,England,Australia,Bellerive Oval,Australia,field,T20,2017/18,Australia,0,0,0.4943820224719101,0.5268817204301075,0.4,0.6,0.4166666666666667,0.5833333333333334,0.0,1.0
2018-02-10,England,Australia,Melbourne Cricket Ground,Australia,field,T20,2017/18,Australia,0,0,0.4888888888888889,0.5319148936170213,0.4,0.8,0.38461538461538464,0.6153846153846154,0.0,0.6
2018-02-13,New Zealand,England,Westpac Stadium,England,field,T20,2017/18,New Zealand,1,0,0.5353535353535354,0.4835164835164835,0.4,0.2,0.3076923076923077,0.6923076923076923,0.625,1.0
2018-02-15,Bangladesh,Sri Lanka,"Shere Bangla National Stadium, Mirpur",Bangladesh,bat,T20,2017/18,Sri Lanka,0,1,0.27419354838709675,0.4948453608247423,0.2,0.0,0.2857142857142857,0.7142857142857143,0.5,0.5
2018-02-16,New Zealand,Australia,Eden Park,New Zealand,bat,T20,2017/18,Australia,0,1,0.54,0.5368421052631579,0.4,0.8,0.16666666666666666,0.8333333333333334,0.4166666666666667,1.0
2018-02-18,India,South Africa,The Wanderers Stadium,South Africa,field,T20,2017/18,India,1,0,0.6162790697674418,0.5833333333333334,0.8,0.6,0.6,0.4,0.5,0.5
2018-02-18,England,New Zealand,Seddon Park,New Zealand,field,T20,2017/18,England,1,0,0.4782608695652174,0.5346534653465347,0.2,0.2,0.6428571428571429,0.35714285714285715,0.0,0.8571428571428571
2018-02-18,Sri Lanka,Bangladesh,Sylhet International Cricket Stadium,Bangladesh,field,T20,2017/18,Sri Lanka,1,0,0.5,0.2698412698412698,0.2,0.2,0.75,0.25,0.5,0.5
2018-02-21,India,South Africa,SuperSport Park,South Africa,field,T20,2017/18,South Africa,0,0,0.6206896551724138,0.5773195876288659,1.0,0.6,0.6363636363636364,0.36363636363636365,0.5,0.5
2018-02-21,New Zealand,Australia,Eden Park,New Zealand,bat,T20,2017/18,Australia,0,1,0.5294117647058824,0.5416666666666666,0.2,1.0,0.14285714285714285,0.8571428571428571,0.38461538461538464,1.0
2018-02-24,India,South Africa,Newlands,South Africa,field,T20,2017/18,India,1,0,0.6136363636363636,0.5816326530612245,0.8,0.6,0.5833333333333334,0.4166666666666667,0.5,0.375
2018-03-06,India,Sri Lanka,"R.Premadasa Stadium, Khettarama",Sri Lanka,field,T20,2017/18,Sri Lanka,0,0,0.6179775280898876,0.5050505050505051,0.8,0.4,0.7142857142857143,0.2857142857142857,1.0,0.0
2018-03-08,Bangladesh,India,"R.Premadasa Stadium, Khettarama",India,field,T20,2017/18,India,0,0,0.265625,0.6111111111111112,0.2,0.6,0.0,1.0,0.5,0.5
2018-03-10,Sri Lanka,Bangladesh,"R.Premadasa Stadium, Khettarama",Bangladesh,field,T20,2017/18,Bangladesh,0,0,0.51,0.26153846153846155,0.6,0.0,0.7777777777777778,0.2222222222222222,0.5,0.0
2018-03-12,Sri Lanka,India,"R.Premadasa Stadium, Khettarama",India,field,T20,2017/18,India,0,0,0.504950495049505,0.6153846153846154,0.6,0.6,0.3333333333333333,0.6666666666666666,0.3333333333333333,0.6666666666666666
2018-03-14,India,Bangladesh,"R.Premadasa Stadium, Khettarama",Bangladesh,field,T20,2017/18,India,1,0,0.6195652173913043,0.2727272727272727,0.6,0.2,1.0,0.0,0.75,0.5
2018-03-16,Sri Lanka,Bangladesh,"R.Premadasa Stadium, Khettarama",Bangladesh,field,T20,2017/18,Bangladesh,0,0,0.5,0.26865671641791045,0.6,0.2,0.7,0.3,0.25,0.3333333333333333
2018-03-18,Bangladesh,India,"R.Premadasa Stadium, Khettarama",India,field,T20,2017/18,India,0,0,0.27941176470588236,0.6236559139784946,0.4,0.8,0.0,1.0,0.5,0.8
2018-04-01,Pakistan,West Indies,National Stadium,West Indies,field,T20,2018,Pakistan,1,0,0.6120689655172413,0.5060240963855421,0.8,0.4,0.7272727272727273,0.2727272727272727,1.0,0.5
2018-04-02,Pakistan,West Indies,National Stadium,Pakistan,bat,T20,2018,Pakistan,1,1,0.6153846153846154,0.5,0.8,0.4,0.75,0.25,1.0,0.0
2018-04-03,West Indies,Pakistan,National Stadium,West Indies,bat,T20,2018,Pakistan,0,1,0.49411764705882355,0.6186440677966102,0.2,0.8,0.23076923076923078,0.7692307692307693,0.0,1.0
2018-05-31,West Indies,ICC World XI,Lord's,ICC World XI,field,T20,2018,West Indies,1,0,0.4883720930232558,0.3333333333333333,0.0,0.3333333333333333,0.5,0.5,1.0,0.5
2018-06-12,Netherlands,Ireland,Hazelaarweg,Ireland,field,T20,2018,Netherlands,1,0,0.5625,0.5263157894736842,0.4,0.4,0.6,0.4,1.0,0.5
2018-06-12,Pakistan,Scotland,"Grange Cricket Club, Raeburn Place",Pakistan,bat,T20,2018,Pakistan,1,1,0.6218487394957983,0.4583333333333333,1.0,0.8,1.0,0.0,0.5,0.5
2018-06-13,Pakistan,Scotland,"Grange Cricket Club, Raeburn Place",Pakistan,bat,T20,2018,Pakistan,1,1,0.625,0.44,1.0,0.6,1.0,0.0,1.0,0.0
2018-06-13,Ireland,Netherlands,Hazelaarweg,Ireland,bat,T20,2018,Netherlands,0,1,0.5128205128205128,0.5757575757575758,0.4,0.6,0.3333333333333333,0.6666666666666666,0.0,1.0
2018-06-16,Ireland,Scotland,Sportpark Het Schootsveld,Ireland,bat,T20,2018,Ireland,1,1,0.5,0.4230769230769231,0.4,0.4,0.75,0.25,0.5,0.5
2018-06-19,Netherlands,Scotland,VRA Ground,Netherlands,bat,T20,2018,Scotland,0,1,0.5882352941176471,0.4074074074074074,0.6,0.2,0.6,0.4,1.0,0.5
2018-06-20,Scotland,Netherlands,VRA Ground,Scotland,bat,T20,2018,Scotland,1,1,0.42857142857142855,0.5714285714285714,0.2,0.4,0.5,0.5,1.0,0.5
2018-06-27,India,Ireland,"The Village, Malahide",Ireland,field,T20,2018,India,1,0,0.6276595744680851,0.5121951219512195,0.8,0.6,1.0,0.0,0.5,0.0
2018-06-27,England,Australia,Edgbaston,Australia,field,T20,2018,England,1,0,0.4838709677419355,0.5463917525773195,0.2,1.0,0.35714285714285715,0.6428571428571429,1.0,0.0
2018-06-29,India,Ireland,"The Village, Malahide",Ireland,field,T20,2018,India,1,0,0.631578947368421,0.5,1.0,0.4,1.0,0.0,1.0,0.0
2018-07-01,Pakistan,Zimbabwe,Harare Sports Club,Zimbabwe,field,T20,2018,Pakistan,1,0,0.628099173553719,0.2727272727272727,1.0,0.6,1.0,0.0,1.0,0.125
2018-07-02,Pakistan,Australia,Harare Sports Club,Australia,field,T20,2018,Australia,0,0,0.6311475409836066,0.5408163265306123,1.0,0.8,0.5384615384615384,0.46153846153846156,1.0,0.5
2018-07-03,Australia,Zimbabwe,Harare Sports Club,Zimbabwe,field,T20,2018,Australia,1,0,0.5454545454545454,0.26666666666666666,0.8,0.4,0.0,1.0,1.0,0.11764705882352941
2018-07-03,England,India,Old Trafford,India,field,T20,2018,India,0,0,0.48936170212765956,0.6354166666666666,0.4,1.0,0.5454545454545454,0.45454545454545453,0.75,0.0
2018-07-04,Zimbabwe,Pakistan,Harare Sports Club,Pakistan,field,T20,2018,Pakistan,0,0,0.2608695652173913,0.6260162601626016,0.2,0.8,0.0,1.0,0.1111111111111111,0.875
2018-07-05,Pakistan,Australia,Harare Sports Club,Australia,field,T20,2018,Pakistan,1,0,0.6290322580645161,0.55,0.8,0.8,0.5,0.5,0.8888888888888888,1.0
2018-07-06,India,England,Sophia Gardens,England,field,T20,2018,England,0,0,0.6391752577319587,0.4842105263157895,1.0,0.4,0.5,0.5,0.5,1.0
2018-07-06,Zimbabwe,Australia,Harare Sports Club,Zimbabwe,bat,T20,2018,Australia,0,1,0.2553191489361702,0.5445544554455446,0.0,0.6,0.5,0.5,0.10526315789473684,0.6666666666666666
2018-07-08,England,India,County Ground,India,field,T20,2018,India,0,0,0.4895833333333333,0.6326530612244898,0.6,0.8,0.5384615384615384,0.46153846153846156,0.0,0.5
2018-07-08,Australia,Pakistan,Harare Sports Club,Australia,bat,T20,2018,Pakistan,0,1,0.5490196078431373,0.632,0.6,0.8,0.4666666666666667,0.5333333333333333,0.75,0.9
2018-07-31,Bangladesh,West Indies,"Warner Park, Basseterre",West Indies,field,T20,2018,West Indies,0,0,0.2753623188405797,0.4942528735632184,0.4,0.2,0.4,0.6,0.0,1.0
2018-08-04,Bangladesh,West Indies,Central Broward Regional Park Stadium Turf Ground,West Indies,field,T20,2018,Bangladesh,1,0,0.2714285714285714,0.5,0.4,0.4,0.3333333333333333,0.6666666666666666,0.5,1.0
2018-08-05,Bangladesh,West Indies,Central Broward Regional Park Stadium Turf Ground,Bangladesh,bat,T20,2018,Bangladesh,1,1,0.28169014084507044,0.4943820224719101,0.4,0.4,0.42857142857142855,0.5714285714285714,1.0,0.75
2018-08-14,South Africa,Sri Lanka,"R.Premadasa Stadium, Khettarama",South Africa,bat,T20,2018,Sri Lanka,0,1,0.5757575757575758,0.49514563106796117,0.6,0.4,0.5555555555555556,0.4444444444444444,0.5,0.2
2018-10-09,South Africa,Zimbabwe,Buffalo Park,South Africa,bat,T20,2018/19,South Africa,1,1,0.57,0.25,0.4,0.0,1.0,0.0,0.0,0.5
2018-10-12,Zimbabwe,South Africa,Senwes Park,Zimbabwe,bat,T20,2018/19,South Africa,0,1,0.24489795918367346,0.5742574257425742,0.0,0.4,0.0,1.0,0.5,1.0
2018-10-22,United Arab Emirates,Australia,Tolerance Oval,United Arab Emirates,bat,T20,2018/19,Australia,0,1,0.4,0.5436893203883495,0.6,0.6,0.5,0.5,0.5,0.5
2018-10-24,Pakistan,Australia,Sheikh Zayed Stadium,Australia,field,T20,2018/19,Pakistan,1,0,0.6349206349206349,0.5480769230769231,0.8,0.6,0.5625,0.4375,0.5714285714285714,0.5
2018-10-26,Pakistan,Australia,Dubai International Cricket Stadium,Pakistan,bat,T20,2018/19,Pakistan,1,1,0.6377952755905512,0.5428571428571428,0.8,0.4,0.5882352941176471,0.4117647058823529,0.5,0.5
2018-10-27,England,Sri Lanka,"R.Premadasa Stadium, Khettarama",Sri Lanka,field,T20,2018/19,England,1,0,0.4845360824742268,0.5,0.6,0.4,0.5,0.5,0.5,0.3333333333333333
2018-10-28,Pakistan,Australia,Dubai International Cricket Stadium,Pakistan,bat,T20,2018/19,Pakistan,1,1,0.640625,0.5377358490566038,1.0,0.4,0.6111111111111112,0.3888888888888889,0.5238095238095238,0.4
2018-10-31,Pakistan,New Zealand,Sheikh Zayed Stadium,Pakistan,bat,T20,2018/19,Pakistan,1,1,0.6434108527131783,0.5242718446601942,1.0,0.2,0.5555555555555556,0.4444444444444444,0.625,0.5
2018-11-02,New Zealand,Pakistan,Dubai International Cricket Stadium,New Zealand,bat,T20,2018/19,Pakistan,0,1,0.5192307692307693,0.6461538461538462,0.2,1.0,0.42105263157894735,0.5789473684210527,0.25,0.5454545454545454
2018-11-04,West Indies,India,Eden Gardens,India,field,T20,2018/19,India,0,0,0.4888888888888889,0.6363636363636364,0.4,0.8,0.7142857142857143,0.2857142857142857,1.0,0.5
2018-11-04,Pakistan,New Zealand,Dubai International Cricket Stadium,Pakistan,bat,T20,2018/19,Pakistan,1,1,0.648854961832061,0.5142857142857142,1.0,0.0,0.6,0.4,0.5652173913043478,0.2
2018-11-06,India,West Indies,Bharat Ratna Shri Atal Bihari Vajpayee Ekana Cricket Stadium,West Indies,field,T20,2018/19,India,1,0,0.64,0.4835164835164835,0.8,0.4,0.375,0.625,0.5,0.5
2018-11-11,West Indies,India,"MA Chidambaram Stadium, Chepauk",West Indies,bat,T20,2018/19,India,0,1,0.4782608695652174,0.6435643564356436,0.2,0.8,0.5555555555555556,0.4444444444444444,0.5,0.0
2018-11-17,South Africa,Australia,Carrara Oval,Australia,field,T20,2018/19,South Africa,1,0,0.5784313725490197,0.5327102803738317,0.6,0.2,0.35294117647058826,0.6470588235294118,0.5,0.5
2018-11-21,Australia,India,"Brisbane Cricket Ground, Woolloongabba",India,field,T20,2018/19,Australia,1,0,0.5277777777777778,0.6470588235294118,0.2,0.8,0.3333333333333333,0.6666666666666666,0.6666666666666666,0.5
2018-11-25,Australia,India,Sydney Cricket Ground,Australia,bat,T20,2018/19,India,0,1,0.5321100917431193,0.6407766990291263,0.2,0.8,0.375,0.625,0.8,1.0
2018-12-17,Bangladesh,West Indies,Sylhet International Cricket Stadium,Bangladesh,bat,T20,2018/19,West Indies,0,1,0.2916666666666667,0.4731182795698925,0.6,0.0,0.5,0.5,0.0,0.5
2018-12-20,Bangladesh,West Indies,"Shere Bangla National Stadium, Mirpur",West Indies,field,T20,2018/19,Bangladesh,1,0,0.2876712328767123,0.4787234042553192,0.4,0.2,0.4444444444444444,0.5555555555555556,0.0,0.5
2018-12-22,Bangladesh,West Indies,"Shere Bangla National Stadium, Mirpur",Bangladesh,field,T20,2018/19,West Indies,0,1,0.2972972972972973,0.47368421052631576,0.6,0.2,0.5,0.5,0.5,0.0
2019-01-11,New Zealand,Sri Lanka,Eden Park,Sri Lanka,field,T20,2018/19,New Zealand,1,0,0.5094339622641509,0.49523809523809526,0.0,0.2,0.5384615384615384,0.46153846153846156,0.35714285714285715,0.0
2019-01-31,United Arab Emirates,Nepal,ICC Academy,Nepal,field,T20,2018/19,United Arab Emirates,1,0,0.38095238095238093,0.125,0.6,0.0,0.5,0.5,0.5,0.5
2019-02-01,United Arab Emirates,Nepal,ICC Academy,United Arab Emirates,bat,T20,2018/19,Nepal,0,1,0.4090909090909091,0.1111111111111111,0.8,0.0,1.0,0.0,0.6666666666666666,0.0
2019-02-01,South Africa,Pakistan,Newlands,Pakistan,field,T20,2018/19,South Africa,1,0,0.5825242718446602,0.6515151515151515,0.6,1.0,0.5,0.5,0.3333333333333333,1.0
2019-02-03,United Arab Emirates,Nepal,ICC Academy,United Arab Emirates,field,T20,2018/19,Nepal,0,1,0.391304347826087,0.2,0.6,0.2,0.5,0.5,0.5,0.5
2019-02-03,South Africa,Pakistan,The Wanderers Stadium,Pakistan,field,T20,2018/19,South Africa,1,0,0.5865384615384616,0.6466165413533834,0.8,0.8,0.5454545454545454,0.45454545454545453,0.0,0.5
2019-02-06,South Africa,Pakistan,SuperSport Park,South Africa,field,T20,2018/19,Pakistan,0,1,0.5904761904761905,0.6417910447761194,1.0,0.6,0.5833333333333334,0.4166666666666667,0.5714285714285714,1.0
2019-02-06,New Zealand,India,Westpac Stadium,India,field,T20,2018/19,New Zealand,1,0,0.514018691588785,0.6442307692307693,0.2,0.8,0.75,0.25,0.6666666666666666,0.0
2019-02-08,New Zealand,India,Eden Park,New Zealand,bat,T20,2018/19,India,0,1,0.5185185185185185,0.638095238095238,0.4,0.6,0.7777777777777778,0.2222222222222222,0.4,0.5
2019-02-10,New Zealand,India,Seddon Park,India,field,T20,2018/19,New Zealand,1,0,0.5137614678899083,0.6415094339622641,0.4,0.6,0.7,0.3,0.75,0.5
2019-02-13,Oman,Ireland,Al Amerat Cricket Ground Oman Cricket (Ministry Turf 1),Oman,field,T20,2018/19,Ireland,0,1,0.45454545454545453,0.4883720930232558,0.4,0.2,1.0,0.0,0.5,0.5
2019-02-13,Netherlands,Scotland,Al Amerat Cricket Ground Oman Cricket (Ministry Turf 1),Netherlands,field,T20,2018/19,Netherlands,1,1,0.5555555555555556,0.4482758620689655,0.4,0.4,0.42857142857142855,0.5714285714285714,0.5,0.5
2019-02-15,Oman,Netherlands,Al Amerat Cricket Ground Oman Cricket (Ministry Turf 1),Netherlands,field,T20,2018/19,Netherlands,0,0,0.4166666666666667,0.5675675675675675,0.2,0.6,0.0,1.0,0.0,1.0
2019-02-15,Ireland,Scotland,Al Amerat Cricket Ground Oman Cricket (Ministry Turf 1),Scotland,field,T20,2018/19,Scotland,0,0,0.5,0.43333333333333335,0.4,0.4,0.8,0.2,1.0,0.0
2019-02-17,Oman,Scotland,Al Amerat Cricket Ground Oman Cricket (Ministry Turf 1),Scotland,field,T20,2018/19,Scotland,0,0,0.38461538461538464,0.45161290322580644,0.2,0.6,0.0,1.0,0.0,0.5
2019-02-17,Ireland,Netherlands,Al Amerat Cricket Ground Oman Cricket (Ministry Turf 1),Ireland,field,T20,2018/19,Ireland,1,1,0.4888888888888889,0.5789473684210527,0.4,0.6,0.2857142857142857,0.7142857142857143,0.5,1.0
2019-02-24,India,Australia,Dr. Y.S. Rajasekhara Reddy ACA-VDCA Cricket Stadium,Australia,field,T20,2018/19,Australia,0,0,0.6355140186915887,0.5272727272727272,0.4,0.2,0.6470588235294118,0.35294117647058826,1.0,0.5
2019-02-27,India,Australia,M.Chinnaswamy Stadium,Australia,field,T20,2018/19,Australia,0,0,0.6296296296296297,0.5315315315315315,0.4,0.4,0.6111111111111112,0.3888888888888889,0.5,0.5
2019-03-05,West Indies,England,"Darren Sammy National Cricket Stadium, St Lucia",England,field,T20,2018/19,England,0,0,0.4791666666666667,0.4897959183673469,0.4,0.6,0.7333333333333333,0.26666666666666666,0.5,0.5
2019-03-08,West Indies,England,"Warner Park, St Kitts",West Indies,field,T20,2018/19,England,0,1,0.4742268041237113,0.494949494949495,0.4,0.6,0.6875,0.3125,0.5,0.5
2019-03-10,West Indies,England,"Warner Park, St Kitts",West Indies,bat,T20,2018/19,England,0,1,0.46938775510204084,0.5,0.4,0.8,0.6470588235294118,0.35294117647058826,0.0,1.0
2019-03-16,United Arab Emirates,United States of America,ICC Academy,United Arab Emirates,bat,T20,2018/19,United Arab Emirates,1,1,0.375,0.5,0.4,0.5,0.5,0.5,0.4,0.5
2019-03-22,South Africa,Sri Lanka,SuperSport Park,Sri Lanka,field,T20,2018/19,South Africa,1,0,0.5849056603773585,0.49056603773584906,0.8,0.2,0.5,0.5,0.5,0.0
2019-03-22,Papua New Guinea,Philippines,Amini Park,Philippines,field,T20,2018/19,Papua New Guinea,1,0,0.42857142857142855,0.5,0.2,0.5,0.5,0.5,0.5,0.5
2019-03-22,Papua New Guinea,Vanuatu,Amini Park,Vanuatu,bat,T20,2018/19,Papua New Guinea,1,0,0.5,0.5,0.4,0.5,0.5,0.5,1.0,0.5
2019-03-23,Philippines,Vanuatu,Amini Park,Vanuatu,bat,T20,2018/19,Vanuatu,0,0,0.0,0.0,0.0,0.0,0.5,0.5,0.0,0.0
2019-03-24,Philippines,Vanuatu,Amini Park,Vanuatu,field,T20,2018/19,Philippines,1,0,0.0,0.5,0.0,0.5,0.0,1.0,0.0,0.5
2019-03-24,Papua New Guinea,Vanuatu,Amini Park,Vanuatu,bat,T20,2018/19,Papua New Guinea,1,0,0.5555555555555556,0.3333333333333333,0.4,0.3333333333333333,1.0,0.0,1.0,0.3333333333333333
2019-03-24,South Africa,Sri Lanka,The Wanderers Stadium,Sri Lanka,field,T20,2018/19,South Africa,1,0,0.5887850467289719,0.48598130841121495,0.8,0.2,0.5454545454545454,0.45454545454545453,0.5,0.5
2019-05-05,England,Pakistan,Sophia Gardens,Pakistan,bat,T20,2019,England,1,0,0.504950495049505,0.6444444444444445,0.8,0.6,0.6923076923076923,0.3076923076923077,1.0,0.0
2019-05-20,Ghana,Namibia,Kyambogo Cricket Oval,Namibia,field,T20,2019,Namibia,0,0,0.5,0.5,0.5,0.5,0.5,0.5,0.5,0.5
2019-05-20,Uganda,Botswana,Lugogo Cricket Oval,Botswana,field,T20,2019,Uganda,1,0,0.5,0.5,0.5,0.5,0.5,0.5,0.5,0.5
2019-05-21,Botswana,Nigeria,Lugogo Cricket Oval,Nigeria,bat,T20,2019,Nigeria,0,0,0.0,0.5,0.0,0.5,0.5,0.5,0.0,0.5
2019-05-21,Uganda,Namibia,Kyambogo Cricket Oval,Namibia,bat,T20,2019,Namibia,0,0,1.0,1.0,1.0,1.0,0.5,0.5,0.5,1.0
2019-05-21,Ghana,Kenya,Kyambogo Cricket Oval,Ghana,field,T20,2019,Kenya,0,1,0.0,0.35294117647058826,0.0,0.8,0.5,0.5,0.0,0.5
2019-05-22,Uganda,Kenya,Lugogo Cricket Oval,Kenya,bat,T20,2019,Kenya,0,0,0.5,0.3888888888888889,0.5,0.8,0.5,0.5,1.0,0.5
2019-05-22,Botswana,Namibia,Kyambogo Cricket Oval,Botswana,bat,T20,2019,Namibia,0,1,0.0,1.0,0.0,1.0,0.5,0.5,0.5,1.0
2019-05-22,Ghana,Nigeria,Kyambogo Cricket Oval,Ghana,field,T20,2019,Nigeria,0,1,0.0,1.0,0.0,1.0,0.5,0.5,0.0,0.5
2019-05-23,Uganda,Ghana,Kyambogo Cricket Oval,Ghana,bat,T20,2019,Uganda,1,0,0.3333333333333333,0.0,0.3333333333333333,0.0,0.5,0.5,0.0,0.0
2019-05-25,Germany,Italy,Sportpark Maarschalkerweerd,Italy,field,T20,2019,Italy,0,0,0.5,0.5,0.5,0.5,0.5,0.5,0.5,0.5
2019-06-15,Guernsey,Germany,King George V Sports Ground,Germany,field,T20,2019,Germany,0,0,0.5,0.0,0.5,0.0,0.5,0.5,0.5,0.5
2019-06-16,Jersey,Norway,King George V Sports Ground,Jersey,bat,T20,2019,Jersey,1,1,0.5,0.5,0.5,0.5,0.5,0.5,0.5,0.5
2019-06-16,Guernsey,Italy,College Field,Guernsey,field,T20,2019,Italy,0,1,0.0,1.0,0.0,1.0,0.5,0.5,0.5,0.5
2019-06-16,Denmark,Jersey,King George V Sports Ground,Denmark,field,T20,2019,Jersey,0,1,0.5,1.0,0.5,1.0,0.5,0.5,0.5,1.0
2019-06-17,Denmark,Norway,King George V Sports Ground,Denmark,bat,T20,2019,Denmark,1,1,0.0,0.0,0.0,0.0,0.5,0.5,0.0,0.0
2019-06-19,Denmark,Germany,King George V Sports Ground,Germany,field,T20,2019,Germany,0,0,0.5,0.5,0.5,0.5,0.5,0.5,0.5,1.0
2019-06-19,Guernsey,Norway,King George V Sports Ground,Guernsey,field,T20,2019,Guernsey,1,1,0.0,0.0,0.0,0.0,0.5,0.5,0.0,0.0
2019-06-19,Italy,Jersey,College Field,Italy,field,T20,2019,Jersey,0,1,1.0,1.0,1.0,1.0,0.5,0.5,1.0,0.5
2019-06-20,Denmark,Italy,King George V Sports Ground,Denmark,bat,T20,2019,Denmark,1,1,0.3333333333333333,0.6666666666666666,0.3333333333333333,0.6666666666666666,0.5,0.5,0.3333333333333333,0.5
2019-06-20,Guernsey,Denmark,King George V Sports Ground,Denmark,field,T20,2019,Guernsey,1,0,0.3333333333333333,0.5,0.3333333333333333,0.5,0.5,0.5,0.5,0.5
2019-06-20,Germany,Norway,College Field,Germany,field,T20,2019,Germany,1,1,0.6666666666666666,0.0,0.6666666666666666,0.0,0.5,0.5,0.5,0.5
2019-06-20,Germany,Jersey,College Field,Germany,field,T20,2019,Germany,1,1,0.75,1.0,0.75,1.0,0.5,0.5,1.0,1.0
2019-06-23,Netherlands,Zimbabwe,Hazelaarweg,Zimbabwe,field,T20,2019,Netherlands,1,0,0.5641025641025641,0.24,0.4,0.0,0.0,1.0,1.0,0.5
2019-06-24,Malaysia,Thailand,Kinrara Academy Oval,Malaysia,field,T20,2019,Malaysia,1,1,0.5,0.5,0.5,0.5,0.5,0.5,0.5,0.5
2019-06-26,Maldives,Thailand,Kinrara Academy Oval,Thailand,bat,T20,2019,Maldives,1,0,0.5,0.0,0.5,0.0,0.5,0.5,0.5,0.0
2019-06-27,Malaysia,Thailand,Kinrara Academy Oval,Thailand,bat,T20,2019,Malaysia,1,0,1.0,0.0,1.0,0.0,1.0,0.0,1.0,0.0
2019-06-29,Maldives,Thailand,Kinrara Academy Oval,Thailand,field,T20,2019,Thailand,0,0,1.0,0.0,1.0,0.0,1.0,0.0,1.0,0.0
2019-07-12,Ireland,Zimbabwe,"Bready Cricket Club, Magheramason",Ireland,field,T20,2019,Ireland,1,1,0.5,0.23529411764705882,0.4,0.0,1.0,0.0,0.0,0.5
2019-07-13,Malaysia,Nepal,Kinrara Academy Oval,Malaysia,bat,T20,2019,Nepal,0,1,1.0,0.2727272727272727,1.0,0.4,0.5,0.5,1.0,0.5
2019-07-14,Malaysia,Nepal,Kinrara Academy Oval,Nepal,bat,T20,2019,Nepal,0,0,0.6666666666666666,0.3333333333333333,0.6666666666666666,0.6,0.0,1.0,0.6666666666666666,1.0
2019-07-14,Ireland,Zimbabwe,Bready,Zimbabwe,field,T20,2019,Zimbabwe,0,0,0.5106382978723404,0.23076923076923078,0.6,0.0,1.0,0.0,0.5,0.5
2019-07-22,Kuwait,Malaysia,Indian Association Ground,Malaysia,bat,T20,2019,Malaysia,0,0,0.5,0.5,0.5,0.5,0.5,0.5,0.5,0.5
2019-07-22,Singapore,Qatar,Indian Association Ground,Singapore,bat,T20,2019,Singapore,1,1,0.5,0.5,0.5,0.5,0.5,0.5,0.5,0.5
2019-07-23,Nepal,Qatar,Indian Association Ground,Nepal,bat,T20,2019,Qatar,0,1,0.38461538461538464,0.0,0.8,0.0,0.5,0.5,0.5,0.0
2019-07-24,Malaysia,Nepal,Indian Association Ground,Nepal,field,T20,2019,Nepal,0,0,0.6,0.35714285714285715,0.6,0.8,0.0,1.0,1.0,0.0
2019-07-26,Kuwait,Qatar,Indian Association Ground,Qatar,field,T20,2019,Kuwait,1,0,0.0,0.5,0.0,0.5,0.5,0.5,0.0,0.5
2019-07-26,Singapore,Malaysia,Indian Association Ground,Malaysia,bat,T20,2019,Singapore,1,0,1.0,0.5,1.0,0.4,0.5,0.5,1.0,0.5
2019-07-27,Malaysia,Qatar,Indian Association Ground,Malaysia,bat,T20,2019,Qatar,0,1,0.42857142857142855,0.3333333333333333,0.2,0.3333333333333333,0.5,0.5,0.3333333333333333,0.3333333333333333
2019-07-27,Kuwait,Nepal,Indian Association Ground,Nepal,field,T20,2019,Nepal,0,0,0.5,0.4,0.5,0.8,0.5,0.5,0.5,0.5
2019-07-28,Singapore,Nepal,Indian Association Ground,Singapore,bat,T20,2019,Singapore,1,1,1.0,0.4375,1.0,0.8,0.5,0.5,1.0,0.6666666666666666
2019-08-03,India,West Indies,Central Broward Regional Park Stadium Turf Ground,India,field,T20,2019,India,1,1,0.6238532110091743,0.46464646464646464,0.2,0.2,0.5,0.5,0.0,0.6
2019-08-04,India,West Indies,Central Broward Regional Park Stadium Turf Ground,India,bat,T20,2019,India,1,1,0.6272727272727273,0.46,0.4,0.2,0.5454545454545454,0.45454545454545453,0.5,0.5
2019-08-05,Netherlands,United Arab Emirates,VRA Ground,United Arab Emirates,field,T20,2019,United Arab Emirates,0,0,0.575,0.4,0.6,0.4,1.0,0.0,0.3333333333333333,0.5
2019-08-06,West Indies,India,"Providence Stadium, Guyana",India,field,T20,2019,India,0,0,0.45544554455445546,0.6306306306306306,0.0,0.4,0.4166666666666667,0.5833333333333334,0.5,0.5
2019-08-08,Netherlands,United Arab Emirates,Sportpark Westvliet,Netherlands,bat,T20,2019,United Arab Emirates,0,1,0.5609756097560976,0.4230769230769231,0.6,0.6,0.75,0.25,0.5,0.5
2019-08-18,Bermuda,United States of America,"White Hill Field, Sandys Parish",Bermuda,bat,T20,2019,Bermuda,1,1,0.0,0.0,0.0,0.0,0.5,0.5,0.5,0.5
2019-08-18,Canada,Cayman Islands,"White Hill Field, Sandys Parish",Canada,bat,T20,2019,Canada,1,1,0.1111111111111111,0.5,0.2,0.5,0.5,0.5,0.5,0.5
2019-08-19,Cayman Islands,United States of America,National Stadium,United States of America,field,T20,2019,United States of America,0,0,0.0,0.0,0.0,0.0,0.5,0.5,0.5,0.5
2019-08-19,Namibia,Botswana,United Cricket Club Ground,Botswana,field,T20,2019,Namibia,1,0,1.0,0.0,1.0,0.0,1.0,0.0,0.5,0.5
2019-08-20,Namibia,Botswana,United Cricket Club Ground,Botswana,field,T20,2019,Namibia,1,0,1.0,0.0,1.0,0.0,1.0,0.0,1.0,0.0
2019-08-21,Bermuda,Cayman Islands,"White Hill Field, Sandys Parish",Cayman Islands,bat,T20,2019,Bermuda,1,0,0.5,0.0,0.5,0.0,0.5,0.5,1.0,0.0
2019-08-21,Canada,United States of America,"White Hill Field, Sandys Parish",United States of America,bat,T20,2019,Canada,1,0,0.2,0.3333333333333333,0.4,0.3333333333333333,0.5,0.5,1.0,0.0
2019-08-22,Namibia,Botswana,United Cricket Club Ground,Namibia,bat,T20,2019,Namibia,1,1,1.0,0.0,1.0,0.0,1.0,0.0,1.0,0.0
2019-08-22,Canada,Cayman Islands,"White Hill Field, Sandys Parish",Canada,field,T20,2019,Canada,1,1,0.2727272727272727,0.0,0.4,0.0,1.0,0.0,1.0,0.0
2019-08-22,United States of America,Bermuda,Bermuda National Stadium,Bermuda,field,T20,2019,Bermuda,0,0,0.25,0.6666666666666666,0.25,0.6666666666666666,0.0,1.0,0.5,0.5
2019-08-23,Namibia,Botswana,United Cricket Club Ground,Botswana,bat,T20,2019,Namibia,1,0,1.0,0.0,1.0,0.0,1.0,0.0,1.0,0.0
2019-08-24,Cayman Islands,United States of America,"White Hill Field, Sandys Parish",Cayman Islands,bat,T20,2019,United States of America,0,1,0.0,0.2,0.0,0.2,0.0,1.0,0.0,0.0
2019-08-25,Canada,United States of America,"White Hill Field, Sandys Parish",United States of America,field,T20,2019,Canada,1,0,0.3333333333333333,0.3333333333333333,0.6,0.4,1.0,0.0,1.0,0.3333333333333333
2019-08-25,Bermuda,Cayman Islands,"White Hill Field, Sandys Parish",Cayman Islands,bat,T20,2019,Bermuda,1,0,0.75,0.0,0.75,0.0,1.0,0.0,1.0,0.0
2019-09-01,Sri Lanka,New Zealand,Pallekele International Cricket Stadium,Sri Lanka,bat,T20,2019,New Zealand,0,1,0.48148148148148145,0.5181818181818182,0.2,0.6,0.42857142857142855,0.5714285714285714,0.7777777777777778,0.25
2019-09-03,Sri Lanka,New Zealand,Pallekele International Cricket Stadium,Sri Lanka,bat,T20,2019,New Zealand,0,1,0.47706422018348627,0.5225225225225225,0.0,0.8,0.4,0.6,0.7,0.4
2019-09-06,Sri Lanka,New Zealand,Pallekele International Cricket Stadium,Sri Lanka,bat,T20,2019,Sri Lanka,1,1,0.4727272727272727,0.5267857142857143,0.0,0.8,0.375,0.625,0.6363636363636364,0.5
2019-09-13,Bangladesh,Zimbabwe,"Shere Bangla National Stadium, Mirpur",Bangladesh,field,T20,2019,Bangladesh,1,1,0.29333333333333333,0.24528301886792453,0.6,0.2,0.5,0.5,0.3333333333333333,0.5
2019-09-16,Netherlands,Scotland,"The Village, Malahide",Netherlands,field,T20,2019,Scotland,0,1,0.5476190476190477,0.46875,0.4,0.8,0.5,0.5,1.0,1.0
2019-09-17,Ireland,Scotland,"The Village, Malahide",Scotland,bat,T20,2019,Ireland,1,0,0.5,0.48484848484848486,0.6,0.8,0.6666666666666666,0.3333333333333333,0.0,1.0
2019-09-18,Bangladesh,Zimbabwe,Zahur Ahmed Chowdhury Stadium,Zimbabwe,field,T20,2019,Bangladesh,1,0,0.3026315789473684,0.24074074074074073,0.6,0.2,0.5555555555555556,0.4444444444444444,0.25,0.5
2019-09-18,India,South Africa,"Punjab Cricket Association IS Bindra Stadium, Mohali",India,field,T20,2019/20,India,1,1,0.6339285714285714,0.5925925925925926,0.6,0.8,0.6153846153846154,0.38461538461538464,1.0,0.5
2019-09-18,Ireland,Netherlands,"The Village, Malahide",Ireland,bat,T20,2019,Netherlands,0,1,0.5102040816326531,0.5348837209302325,0.6,0.2,0.375,0.625,0.2,0.5
2019-09-19,Netherlands,Scotland,"The Village, Malahide",Netherlands,bat,T20,2019,Scotland,0,1,0.5454545454545454,0.47058823529411764,0.4,0.6,0.4444444444444444,0.5555555555555556,0.6666666666666666,0.6666666666666666
2019-09-22,India,South Africa,M.Chinnaswamy Stadium,India,bat,T20,2019/20,South Africa,0,1,0.6371681415929203,0.5871559633027523,0.8,0.6,0.6428571428571429,0.35714285714285715,0.0,0.5
2019-09-27,Nepal,Zimbabwe,Indian Association Ground,Nepal,bat,T20,2019/20,Zimbabwe,0,1,0.4117647058823529,0.23636363636363636,0.6,0.2,0.5,0.5,0.5,0.5
2019-09-28,Singapore,Nepal,Indian Association Ground,Singapore,bat,T20,2019/20,Nepal,0,1,1.0,0.3888888888888889,1.0,0.4,1.0,0.0,1.0,0.4
2019-09-29,Singapore,Zimbabwe,Indian Association Ground,Singapore,bat,T20,2019/20,Singapore,1,1,0.75,0.25,0.75,0.4,0.5,0.5,0.75,1.0
2019-09-29,Malaysia,Vanuatu,Kinrara Academy Oval,Vanuatu,bat,T20,2019/20,Vanuatu,0,0,0.375,0.25,0.2,0.25,0.5,0.5,0.5,0.5
2019-10-01,Nepal,Zimbabwe,Indian Association Ground,Nepal,field,T20,2019/20,Zimbabwe,0,1,0.42105263157894735,0.24561403508771928,0.6,0.4,0.0,1.0,0.5,0.5
2019-10-01,Malaysia,Vanuatu,Kinrara Academy Oval,Vanuatu,bat,T20,2019/20,Vanuatu,0,0,0.3333333333333333,0.4,0.2,0.4,0.0,1.0,0.4,1.0
2019-10-02,Malaysia,Vanuatu,Kinrara Academy Oval,Malaysia,bat,T20,2019/20,Malaysia,1,1,0.3,0.5,0.0,0.6,0.0,1.0,0.3333333333333333,1.0
2019-10-03,Singapore,Zimbabwe,Indian Association Ground,Zimbabwe,field,T20,2019/20,Zimbabwe,0,0,0.8,0.25862068965517243,0.8,0.4,1.0,0.0,0.8,0.6666666666666666
2019-10-03,Malaysia,Vanuatu,Kinrara Academy Oval,Malaysia,bat,T20,2019/20,Vanuatu,0,1,0.36363636363636365,0.42857142857142855,0.2,0.4,0.3333333333333333,0.6666666666666666,0.42857142857142855,0.6666666666666666
2019-10-04,Malaysia,Vanuatu,Kinrara Academy Oval,Malaysia,bat,T20,2019/20,Malaysia,1,1,0.3333333333333333,0.5,0.2,0.6,0.25,0.75,0.375,0.75
2019-10-05,Ireland,Netherlands,Al Amerat Cricket Ground Oman Cricket (Ministry Turf 1),Ireland,field,T20,2019/20,Ireland,1,1,0.5,0.5333333333333333,0.6,0.2,0.3333333333333333,0.6666666666666666,0.6666666666666666,0.6666666666666666
2019-10-05,Pakistan,Sri Lanka,Gaddafi Stadium,Pakistan,field,T20,2019/20,Sri Lanka,0,1,0.6397058823529411,0.4774774774774775,0.4,0.2,0.7222222222222222,0.2777777777777778,0.8333333333333334,0.0
2019-10-06,Hong Kong,Nepal,Al Amerat Cricket Ground Oman Cricket (Ministry Turf 1),Nepal,field,T20,2019/20,Nepal,0,0,0.42105263157894735,0.4,0.4,0.4,0.6666666666666666,0.3333333333333333,0.5,0.5
2019-10-06,Oman,Ireland,Al Amerat Cricket Ground Oman Cricket (Ministry Turf 1),Ireland,field,T20,2019/20,Oman,1,0,0.35714285714285715,0.5098039215686274,0.2,0.6,0.5,0.5,0.0,0.75
2019-10-07,Hong Kong,Ireland,Al Amerat Cricket Ground Oman Cricket (Ministry Turf 1),Ireland,bat,T20,2019/20,Ireland,0,0,0.4,0.5,0.4,0.4,1.0,0.0,0.0,0.6
2019-10-07,Nepal,Netherlands,Al Amerat Cricket Ground Oman Cricket (Ministry Turf 1),Nepal,field,T20,2019/20,Nepal,1,1,0.42857142857142855,0.5217391304347826,0.4,0.2,0.0,1.0,1.0,0.5
2019-10-07,Pakistan,Sri Lanka,Gaddafi Stadium,Sri Lanka,bat,T20,2019/20,Sri Lanka,0,0,0.635036496350365,0.48214285714285715,0.2,0.4,0.6842105263157895,0.3157894736842105,0.7142857142857143,0.5
2019-10-09,Pakistan,Sri Lanka,Gaddafi Stadium,Sri Lanka,bat,T20,2019/20,Sri Lanka,0,0,0.6304347826086957,0.48672566371681414,0.2,0.6,0.65,0.35,0.625,0.6666666666666666
2019-10-09,Oman,Netherlands,Al Amerat Cricket Ground Oman Cricket (Ministry Turf 1),Netherlands,bat,T20,2019/20,Oman,1,0,0.4,0.5106382978723404,0.2,0.2,0.0,1.0,0.25,0.4
2019-10-09,Ireland,Nepal,Al Amerat Cricket Ground Oman Cricket (Ministry Turf 1),Ireland,bat,T20,2019/20,Ireland,1,1,0.5094339622641509,0.45454545454545453,0.6,0.6,1.0,0.0,0.6666666666666666,1.0
2019-10-10,Oman,Nepal,Al Amerat Cricket Ground Oman Cricket (Ministry Turf 1),Oman,field,T20,2019/20,Oman,1,1,0.4375,0.43478260869565216,0.4,0.6,0.5,0.5,0.4,0.6666666666666666
2019-10-10,Hong Kong,Netherlands,Al Amerat Cricket Ground Oman Cricket (Ministry Turf 1),Hong Kong,field,T20,2019/20,Netherlands,0,1,0.38095238095238093,0.5,0.2,0.2,1.0,0.0,0.0,0.3333333333333333
2019-10-18,Kenya,Netherlands,ICC Academy,Netherlands,bat,T20,2019/20,Netherlands,0,0,0.42105263157894735,0.5102040816326531,0.8,0.2,0.6666666666666666,0.3333333333333333,0.5,0.6666666666666666
2019-10-18,Scotland,Singapore,ICC Academy,Scotland,field,T20,2019/20,Singapore,0,1,0.4857142857142857,0.6666666666666666,0.8,0.6,0.5,0.5,0.3333333333333333,0.5
2019-10-18,United Arab Emirates,Oman,Sheikh Zayed Stadium,Oman,field,T20,2019/20,Oman,0,0,0.4444444444444444,0.47058823529411764,0.6,0.6,1.0,0.0,0.8333333333333334,0.5
2019-10-18,Hong Kong,Ireland,Sheikh Zayed Stadium,Hong Kong,bat,T20,2019/20,Ireland,0,1,0.36363636363636365,0.5185185185185185,0.2,0.6,0.6666666666666666,0.3333333333333333,0.2,0.6666666666666666
2019-10-19,Bermuda,Papua New Guinea,ICC Academy,Papua New Guinea,field,T20,2019/20,Papua New Guinea,0,0,0.8,0.6,0.8,0.6,0.5,0.5,0.5,0.5
2019-10-19,Jersey,Nigeria,Sheikh Zayed Stadium,Jersey,bat,T20,2019/20,Jersey,1,1,0.75,1.0,0.75,1.0,0.5,0.5,0.5,0.5
2019-10-19,Kenya,Scotland,ICC Academy Ground No 2,Scotland,bat,T20,2019/20,Scotland,0,0,0.4,0.4722222222222222,0.6,0.6,1.0,0.0,0.5,0.5
2019-10-19,Namibia,Netherlands,ICC Academy,Netherlands,bat,T20,2019/20,Netherlands,0,0,1.0,0.52,1.0,0.4,0.5,0.5,0.5,0.75
2019-10-19,United Arab Emirates,Ireland,Sheikh Zayed Stadium,United Arab Emirates,field,T20,2019/20,United Arab Emirates,1,1,0.42857142857142855,0.5272727272727272,0.6,0.8,0.25,0.75,0.7142857142857143,0.75
2019-10-20,Canada,Jersey,Tolerance Oval,Jersey,field,T20,2019/20,Canada,1,0,0.38461538461538464,0.8,0.8,0.8,0.5,0.5,0.5,0.5
2019-10-20,Hong Kong,Oman,Sheikh Zayed Stadium,Oman,field,T20,2019/20,Oman,0,0,0.34782608695652173,0.5,0.2,0.8,0.2,0.8,0.16666666666666666,0.5714285714285714
2019-10-20,Namibia,Papua New Guinea,ICC Academy Ground No 2,Papua New Guinea,bat,T20,2019/20,Papua New Guinea,0,0,0.875,0.6363636363636364,0.8,0.8,0.5,0.5,0.5,0.5
2019-10-20,Bermuda,Singapore,ICC Academy Ground No 2,Bermuda,bat,T20,2019/20,Singapore,0,1,0.6666666666666666,0.7142857142857143,0.8,0.6,0.5,0.5,0.5,0.5
2019-10-21,Papua New Guinea,Scotland,ICC Academy,Scotland,bat,T20,2019/20,Scotland,0,0,0.6666666666666666,0.4864864864864865,1.0,0.6,0.5,0.5,1.0,0.25
2019-10-21,United Arab Emirates,Hong Kong,Sheikh Zayed Stadium,Hong Kong,bat,T20,2019/20,United Arab Emirates,1,0,0.4482758620689655,0.3333333333333333,0.8,0.0,1.0,0.0,0.75,0.14285714285714285
2019-10-21,Ireland,Oman,Tolerance Oval,Oman,field,T20,2019/20,Ireland,1,0,0.5178571428571429,0.5263157894736842,0.6,1.0,0.3333333333333333,0.6666666666666666,0.5,0.5
2019-10-21,Bermuda,Kenya,ICC Academy,Kenya,bat,T20,2019/20,Kenya,0,0,0.5714285714285714,0.38095238095238093,0.6,0.6,0.5,0.5,0.0,0.3333333333333333
2019-10-21,Canada,Nigeria,Sheikh Zayed Stadium,Canada,bat,T20,2019/20,Canada,1,1,0.42857142857142855,0.6666666666666666,1.0,0.6666666666666666,0.5,0.5,0.0,0.0
2019-10-22,Namibia,Scotland,ICC Academy,Namibia,bat,T20,2019/20,Namibia,1,1,0.7777777777777778,0.5,0.6,0.6,0.5,0.5,0.0,0.4
2019-10-22,Netherlands,Singapore,ICC Academy,Singapore,bat,T20,2019/20,Netherlands,1,0,0.5294117647058824,0.75,0.6,0.6,0.5,0.5,0.8,1.0
2019-10-22,United Arab Emirates,Jersey,Tolerance Oval,Jersey,bat,T20,2019/20,Jersey,0,0,0.4666666666666667,0.6666666666666666,0.8,0.6,0.5,0.5,0.0,0.0
2019-10-23,Kenya,Singapore,ICC Academy Ground No 2,Singapore,bat,T20,2019/20,Kenya,1,0,0.4090909090909091,0.6666666666666666,0.6,0.6,0.5,0.5,0.0,1.0
2019-10-23,Canada,Ireland,Sheikh Zayed Stadium,Canada,bat,T20,2019/20,Canada,1,1,0.4666666666666667,0.5263157894736842,1.0,0.8,0.0,1.0,0.5,0.6
2019-10-23,Nigeria,Oman,Tolerance Oval,Nigeria,bat,T20,2019/20,Oman,0,1,0.5,0.5,0.5,0.8,0.5,0.5,0.5,0.0
2019-10-23,Hong Kong,Jersey,Sheikh Zayed Stadium,Hong Kong,bat,T20,2019/20,Hong Kong,1,1,0.32,0.7142857142857143,0.0,0.6,0.5,0.5,0.125,1.0
2019-10-23,Bermuda,Namibia,ICC Academy Ground No 2,Namibia,field,T20,2019/20,Namibia,0,0,0.5,0.8,0.4,0.6,0.5,0.5,0.0,0.0
2019-10-24,Netherlands,Papua New Guinea,ICC Academy,Netherlands,bat,T20,2019/20,Papua New Guinea,0,1,0.5384615384615384,0.6153846153846154,0.8,0.8,0.5,0.5,0.8333333333333334,0.5
2019-10-24,United Arab Emirates,Nigeria,Tolerance Oval,United Arab Emirates,field,T20,2019/20,United Arab Emirates,1,1,0.45161290322580644,0.4,0.6,0.4,0.5,0.5,0.0,0.0
2019-10-24,Canada,Hong Kong,Tolerance Oval,Hong Kong,bat,T20,2019/20,Hong Kong,0,0,0.5,0.34615384615384615,1.0,0.2,0.5,0.5,1.0,0.5
2019-10-24,Bermuda,Scotland,Dubai International Cricket Stadium,Bermuda,field,T20,2019/20,Scotland,0,1,0.4444444444444444,0.48717948717948717,0.2,0.6,0.0,1.0,0.5,0.4
2019-10-25,Papua New Guinea,Singapore,Dubai International Cricket Stadium,Singapore,field,T20,2019/20,Papua New Guinea,1,0,0.6428571428571429,0.6,0.8,0.4,0.5,0.5,0.5,0.5
2019-10-25,Spain,Portugal,La Manga Club Bottom Ground,Spain,field,T20,2019/20,Spain,1,1,0.5,0.5,0.5,0.5,0.5,0.5,0.5,0.5
2019-10-25,Canada,Oman,Sheikh Zayed Stadium,Canada,bat,T20,2019/20,Oman,0,1,0.47058823529411764,0.5238095238095238,0.8,0.8,0.5,0.5,0.6666666666666666,0.625
2019-10-25,Ireland,Jersey,Tolerance Oval,Ireland,field,T20,2019/20,Ireland,1,1,0.5172413793103449,0.625,0.6,0.4,0.5,0.5,1.0,0.5
2019-10-25,Kenya,Namibia,Dubai International Cricket Stadium,Namibia,bat,T20,2019/20,Namibia,0,0,0.43478260869565216,0.8181818181818182,0.6,0.6,0.5,0.5,0.5,0.5
2019-10-26,Spain,Portugal,La Manga Club Bottom Ground,Portugal,field,T20,2019/20,Spain,1,0,1.0,0.0,1.0,0.0,1.0,0.0,1.0,0.0
2019-10-26,Ireland,Nigeria,Sheikh Zayed Stadium,Nigeria,bat,T20,2019/20,Ireland,1,0,0.5254237288135594,0.3333333333333333,0.6,0.2,0.5,0.5,0.5,0.0
2019-10-26,Spain,Gibraltar,La Manga Club Bottom Ground,Spain,field,T20,2019/20,Spain,1,1,1.0,0.5,1.0,0.5,0.5,0.5,1.0,0.5
2019-10-26,Namibia,Singapore,Dubai International Cricket Stadium,Singapore,field,T20,2019/20,Namibia,1,0,0.8333333333333334,0.5454545454545454,0.6,0.4,0.5,0.5,1.0,0.0
2019-10-26,Bermuda,Netherlands,Dubai International Cricket Stadium,Netherlands,bat,T20,2019/20,Netherlands,0,0,0.4,0.5283018867924528,0.0,0.8,0.5,0.5,0.0,0.4
2019-10-26,Gibraltar,Portugal,La Manga Club Bottom Ground,Gibraltar,bat,T20,2019/20,Portugal,0,1,0.0,0.0,0.0,0.0,0.5,0.5,0.0,0.0
2019-10-27,United Arab Emirates,Canada,Sheikh Zayed Stadium,Canada,field,T20,2019/20,United Arab Emirates,1,0,0.46875,0.4444444444444444,0.6,0.6,0.5,0.5,0.7777777777777778,0.5
2019-10-27,Hong Kong,Nigeria,Tolerance Oval,Nigeria,bat,T20,2019/20,Hong Kong,1,0,0.37037037037037035,0.2857142857142857,0.4,0.0,0.5,0.5,1.0,0.0
2019-10-27,Kenya,Papua New Guinea,Dubai International Cricket Stadium,Kenya,field,T20,2019/20,Papua New Guinea,0,1,0.4166666666666667,0.6666666666666666,0.4,0.8,0.5,0.5,0.3333333333333333,1.0
2019-10-27,Netherlands,Scotland,Dubai International Cricket Stadium,Netherlands,field,T20,2019/20,Netherlands,1,1,0.5370370370370371,0.5,0.8,0.6,0.4,0.6,0.5,0.5
2019-10-27,Australia,Sri Lanka,Adelaide Oval,Sri Lanka,field,T20,2019/20,Australia,1,0,0.5357142857142857,0.49122807017543857,0.6,0.8,0.38461538461538464,0.6153846153846154,0.25,0.0
2019-10-27,Jersey,Oman,Sheikh Zayed Stadium,Oman,field,T20,2019/20,Jersey,1,0,0.5555555555555556,0.5454545454545454,0.4,0.8,0.5,0.5,0.5,0.6666666666666666
2019-10-27,Spain,Gibraltar,La Manga Club Bottom Ground,Spain,field,T20,2019/20,Spain,1,1,1.0,0.0,1.0,0.0,1.0,0.0,1.0,0.0
2019-10-29,Namibia,Oman,Dubai International Cricket Stadium,Namibia,bat,T20,2019/20,Namibia,1,1,0.8461538461538461,0.5217391304347826,0.8,0.6,0.5,0.5,1.0,0.0
2019-10-29,United Arab Emirates,Netherlands,Dubai International Cricket Stadium,United Arab Emirates,bat,T20,2019/20,Netherlands,0,1,0.48484848484848486,0.5454545454545454,0.8,0.8,0.4,0.6,0.0,0.5714285714285714
2019-10-30,Hong Kong,Oman,Dubai International Cricket Stadium,Oman,bat,T20,2019/20,Oman,0,0,0.39285714285714285,0.5,0.6,0.4,0.16666666666666666,0.8333333333333334,1.0,0.0
2019-10-30,Australia,Sri Lanka,"Brisbane Cricket Ground, Woolloongabba",Sri Lanka,bat,T20,2019/20,Australia,1,0,0.5398230088495575,0.48695652173913045,0.8,0.8,0.42857142857142855,0.5714285714285714,0.75,0.5
2019-10-30,United Arab Emirates,Scotland,Dubai International Cricket Stadium,Scotland,bat,T20,2019/20,Scotland,0,0,0.47058823529411764,0.4878048780487805,0.6,0.6,0.5,0.5,0.0,0.42857142857142855
2019-10-31,Oman,Scotland,ICC Academy,Oman,bat,T20,2019/20,Scotland,0,1,0.52,0.5,0.6,0.6,0.0,1.0,0.5,0.3333333333333333
2019-11-01,Namibia,Papua New Guinea,Dubai International Cricket Stadium,Papua New Guinea,bat,T20,2019/20,Papua New Guinea,0,0,0.8571428571428571,0.6875,1.0,0.8,0.0,1.0,1.0,1.0
2019-11-01,Ireland,Netherlands,Dubai International Cricket Stadium,Ireland,field,T20,2019/20,Netherlands,0,1,0.5333333333333333,0.5535714285714286,0.6,0.8,0.4,0.6,1.0,0.625
2019-11-01,Australia,Sri Lanka,Melbourne Cricket Ground,Australia,field,T20,2019/20,Australia,1,1,0.543859649122807,0.4827586206896552,0.8,0.6,0.4666666666666667,0.5333333333333333,0.6363636363636364,1.0
2019-11-01,New Zealand,England,Hagley Oval,England,field,T20,2019/20,England,0,0,0.5221238938053098,0.5098039215686274,0.6,1.0,0.3333333333333333,0.6666666666666666,0.5,0.5
2019-11-02,Ireland,Namibia,Dubai International Cricket Stadium,Ireland,bat,T20,2019/20,Ireland,1,1,0.5245901639344263,0.8,0.6,0.8,0.5,0.5,0.8888888888888888,0.75
2019-11-02,Netherlands,Papua New Guinea,Dubai International Cricket Stadium,Papua New Guinea,bat,T20,2019/20,Netherlands,1,0,0.5614035087719298,0.7058823529411765,0.8,0.8,0.0,1.0,0.6666666666666666,1.0
2019-11-03,India,Bangladesh,Arun Jaitley Stadium,Bangladesh,field,T20,2019/20,Bangladesh,0,0,0.631578947368421,0.3116883116883117,0.8,0.6,1.0,0.0,1.0,0.5
2019-11-03,New Zealand,England,Westpac Stadium,England,field,T20,2019/20,New Zealand,1,0,0.5175438596491229,0.5145631067961165,0.6,1.0,0.3125,0.6875,0.7,0.5
2019-11-05,Australia,Pakistan,Manuka Oval,Pakistan,bat,T20,2019/20,Australia,1,0,0.5478260869565217,0.6258992805755396,1.0,0.2,0.3684210526315789,0.631578947368421,0.5,0.5
2019-11-05,New Zealand,England,Saxton Oval,New Zealand,bat,T20,2019/20,New Zealand,1,1,0.5217391304347826,0.5096153846153846,0.6,0.8,0.35294117647058826,0.6470588235294118,1.0,0.5
2019-11-07,India,Bangladesh,Saurashtra Cricket Association Stadium,India,field,T20,2019/20,India,1,1,0.6260869565217392,0.32051282051282054,0.6,0.8,0.8888888888888888,0.1111111111111111,0.5,0.5
2019-11-08,Australia,Pakistan,Perth Stadium,Australia,field,T20,2019/20,Australia,1,1,0.5517241379310345,0.6214285714285714,1.0,0.0,0.4,0.6,0.5,0.5
2019-11-08,New Zealand,England,McLean Park,New Zealand,field,T20,2019/20,England,0,1,0.5258620689655172,0.5047619047619047,0.6,0.6,0.3888888888888889,0.6111111111111112,1.0,0.5
2019-11-10,India,Bangladesh,"Vidarbha Cricket Association Stadium, Jamtha",Bangladesh,field,T20,2019/20,India,1,0,0.6293103448275862,0.31645569620253167,0.6,0.6,0.9,0.1,0.3333333333333333,0.5
2019-12-05,Nepal,Bhutan,Tribhuvan University International Cricket Ground,Bhutan,field,T20,2019/20,Nepal,1,0,0.4166666666666667,0.5,0.4,0.5,0.5,0.5,0.5,0.5
2019-12-06,Nepal,Maldives,Tribhuvan University International Cricket Ground,Nepal,bat,T20,2019/20,Nepal,1,1,0.44,0.5,0.6,0.5,0.5,0.5,1.0,0.5
2019-12-06,India,West Indies,"Rajiv Gandhi International Stadium, Uppal",India,field,T20,2019/20,India,1,1,0.6324786324786325,0.45098039215686275,0.6,0.0,0.6153846153846154,0.38461538461538464,0.5,0.5
2019-12-07,Bhutan,Maldives,Tribhuvan University International Cricket Ground,Maldives,field,T20,2019/20,Maldives,0,0,0.0,0.3333333333333333,0.0,0.3333333333333333,0.5,0.5,0.0,0.0
2019-12-08,India,West Indies,Greenfield International Stadium,West Indies,field,T20,2019/20,West Indies,0,0,0.635593220338983,0.44660194174757284,0.6,0.0,0.6428571428571429,0.35714285714285715,1.0,0.5
2019-12-09,Nepal,Maldives,Tribhuvan University International Cricket Ground,Nepal,field,T20,2019/20,Nepal,1,1,0.46153846153846156,0.5,0.6,0.5,1.0,0.0,1.0,0.5
2019-12-11,India,West Indies,Wankhede Stadium,West Indies,field,T20,2019/20,India,1,0,0.6302521008403361,0.4519230769230769,0.6,0.2,0.6,0.4,0.3333333333333333,1.0
2020-01-07,India,Sri Lanka,Holkar Cricket Stadium,India,field,T20,2019/20,India,1,1,0.6333333333333333,0.47863247863247865,0.8,0.4,0.6875,0.3125,1.0,0.0
2020-01-10,India,Sri Lanka,Maharashtra Cricket Association Stadium,Sri Lanka,field,T20,2019/20,India,1,0,0.6363636363636364,0.4745762711864407,0.8,0.2,0.7058823529411765,0.29411764705882354,0.0,1.0
2020-01-15,West Indies,Ireland,"National Cricket Stadium, Grenada",Ireland,bat,T20,2019/20,Ireland,0,0,0.44761904761904764,0.532258064516129,0.2,0.6,0.6666666666666666,0.3333333333333333,0.5,0.5
2020-01-19,West Indies,Ireland,"Warner Park, St Kitts",West Indies,field,T20,2019/20,West Indies,1,1,0.44339622641509435,0.5396825396825397,0.2,0.8,0.5,0.5,0.0,0.5
2020-01-24,New Zealand,India,Eden Park,India,field,T20,2019/20,India,0,0,0.5213675213675214,0.639344262295082,0.4,0.8,0.7272727272727273,0.2727272727272727,0.375,1.0
2020-01-24,Pakistan,Bangladesh,Gaddafi Stadium,Bangladesh,bat,T20,2019/20,Pakistan,1,0,0.6170212765957447,0.3125,0.0,0.6,0.8,0.2,0.5555555555555556,0.5
2020-01-25,Pakistan,Bangladesh,Gaddafi Stadium,Bangladesh,bat,T20,2019/20,Pakistan,1,0,0.6197183098591549,0.30864197530864196,0.2,0.4,0.8181818181818182,0.18181818181818182,0.6,0.0
2020-01-26,New Zealand,India,Eden Park,New Zealand,bat,T20,2019/20,India,0,1,0.5169491525423728,0.6422764227642277,0.4,0.8,0.6666666666666666,0.3333333333333333,0.35294117647058826,1.0
2020-02-02,New Zealand,India,Bay Oval,India,bat,T20,2019/20,India,0,0,0.5126050420168067,0.6451612903225806,0.4,1.0,0.6153846153846154,0.38461538461538464,0.8,0.5
2020-02-12,South Africa,England,Buffalo Park,England,field,T20,2019/20,South Africa,1,0,0.5909090909090909,0.5094339622641509,0.6,0.6,0.5714285714285714,0.42857142857142855,0.5,0.5
2020-02-14,South Africa,England,Kingsmead,South Africa,field,T20,2019/20,England,0,1,0.5945945945945946,0.5046728971962616,0.8,0.4,0.6,0.4,0.7142857142857143,0.0
2020-02-16,South Africa,England,SuperSport Park,South Africa,bat,T20,2019/20,England,0,1,0.5892857142857143,0.5092592592592593,0.6,0.4,0.5625,0.4375,0.5555555555555556,0.0
2020-02-20,Malaysia,Hong Kong,Kinrara Academy Oval,Malaysia,bat,T20,2019/20,Malaysia,1,1,0.38461538461538464,0.3793103448275862,0.4,0.6,0.5,0.5,0.4444444444444444,0.5
2020-02-21,Malaysia,Hong Kong,Kinrara Academy Oval,Malaysia,bat,T20,2019/20,Malaysia,1,1,0.42857142857142855,0.36666666666666664,0.6,0.6,1.0,0.0,0.5,0.0
2020-02-21,South Africa,Australia,The Wanderers Stadium,South Africa,field,T20,2019/20,Australia,0,1,0.584070796460177,0.5555555555555556,0.4,1.0,0.3888888888888889,0.6111111111111112,0.6666666666666666,0.5
2020-02-23,Malaysia,Hong Kong,Kinrara Academy Oval,Malaysia,bat,T20,2019/20,Malaysia,1,1,0.4666666666666667,0.3548387096774194,0.8,0.4,1.0,0.0,0.5454545454545454,0.0
2020-02-23,South Africa,Australia,St George's Park,South Africa,bat,T20,2019/20,South Africa,1,1,0.5789473684210527,0.559322033898305,0.4,1.0,0.3684210526315789,0.631578947368421,0.5,0.5
2020-02-24,Malaysia,Hong Kong,Kinrara Academy Oval,Malaysia,bat,T20,2019/20,Malaysia,1,1,0.5,0.34375,0.8,0.2,1.0,0.0,0.5833333333333334,0.0
2020-02-25,Oman,Maldives,Al Amerat Cricket Ground Oman Cricket (Ministry Turf 1),Oman,field,T20,2019/20,Oman,1,1,0.5,0.4,0.4,0.4,0.5,0.5,0.5,0.5
2020-02-25,Bahrain,Qatar,Al Amerat Cricket Ground Oman Cricket (Ministry Turf 1),Qatar,bat,T20,2019/20,Bahrain,1,0,0.5,0.5,0.5,0.5,0.5,0.5,0.5,0.5
2020-02-25,Iran,Kuwait,Al Amerat Cricket Ground Oman Cricket (Ministry Turf 2),Kuwait,field,T20,2019/20,Kuwait,0,0,0.5,0.3333333333333333,0.5,0.3333333333333333,0.5,0.5,0.5,0.5
2020-02-25,Saudi Arabia,United Arab Emirates,Al Amerat Cricket Ground Oman Cricket (Ministry Turf 2),United Arab Emirates,bat,T20,2019/20,United Arab Emirates,0,0,0.5,0.45714285714285713,0.5,0.4,0.5,0.5,0.5,0.5
2020-02-26,Qatar,United Arab Emirates,Al Amerat Cricket Ground Oman Cricket (Ministry Turf 2),United Arab Emirates,bat,T20,2019/20,United Arab Emirates,0,0,0.4,0.4722222222222222,0.4,0.6,0.5,0.5,0.5,1.0
2020-02-26,South Africa,Australia,Newlands,South Africa,field,T20,2019/20,Australia,0,1,0.5826086956521739,0.5546218487394958,0.4,0.8,0.4,0.6,0.4,0.8333333333333334
2020-02-26,Kuwait,Bahrain,Al Amerat Cricket Ground Oman Cricket (Ministry Turf 1),Bahrain,field,T20,2019/20,Kuwait,1,0,0.5,1.0,0.5,1.0,0.5,0.5,0.5,1.0
2020-02-26,Malaysia,Hong Kong,Kinrara Academy Oval,Hong Kong,bat,T20,2019/20,Malaysia,1,0,0.5294117647058824,0.3333333333333333,1.0,0.0,1.0,0.0,0.6153846153846154,0.0
2020-02-27,Kuwait,United Arab Emirates,Al Amerat Cricket Ground Oman Cricket (Ministry Turf 1),Kuwait,field,T20,2019/20,United Arab Emirates,0,1,0.6,0.4864864864864865,0.6,0.6,0.5,0.5,1.0,0.5
2020-02-29,Thailand,Singapore,Terdthai Cricket Ground,Thailand,field,T20,2019/20,Singapore,0,1,0.25,0.5,0.25,0.2,0.5,0.5,0.5,0.5
2020-03-01,Hong Kong,Nepal,Terdthai Cricket Ground,Nepal,field,T20,2019/20,Hong Kong,1,0,0.3235294117647059,0.48148148148148145,0.0,0.6,0.5,0.5,0.5,0.5
2020-03-01,Thailand,Malaysia,Terdthai Cricket Ground,Thailand,bat,T20,2019/20,Malaysia,0,1,0.2,0.5555555555555556,0.2,1.0,0.0,1.0,0.0,0.5
2020-03-03,Malaysia,Singapore,Terdthai Cricket Ground,Singapore,bat,T20,2019/20,Singapore,0,0,0.5789473684210527,0.5384615384615384,1.0,0.2,0.0,1.0,1.0,1.0
2020-03-03,Thailand,Hong Kong,Terdthai Cricket Ground,Thailand,bat,T20,2019/20,Hong Kong,0,1,0.16666666666666666,0.34285714285714286,0.2,0.2,0.5,0.5,0.0,1.0
2020-03-04,Sri Lanka,West Indies,Pallekele International Cricket Stadium,West Indies,bat,T20,2019/20,West Indies,0,0,0.47058823529411764,0.4485981308411215,0.0,0.4,0.6666666666666666,0.3333333333333333,0.6666666666666666,0.3333333333333333
2020-03-04,Thailand,Nepal,Terdthai Cricket Ground,Thailand,bat,T20,2019/20,Nepal,0,1,0.14285714285714285,0.4642857142857143,0.2,0.6,0.5,0.5,0.0,0.0
2020-03-04,Hong Kong,Singapore,Terdthai Cricket Ground,Singapore,bat,T20,2019/20,Singapore,0,0,0.3611111111111111,0.5714285714285714,0.4,0.4,0.5,0.5,1.0,1.0
2020-03-06,Hong Kong,Malaysia,Terdthai Cricket Ground,Malaysia,bat,T20,2019/20,Hong Kong,1,0,0.35135135135135137,0.55,0.4,0.8,0.0,1.0,0.6666666666666666,0.5
2020-03-06,Sri Lanka,West Indies,Pallekele International Cricket Stadium,West Indies,field,T20,2019/20,West Indies,0,0,0.4666666666666667,0.4537037037037037,0.0,0.6,0.6,0.4,0.6153846153846154,0.5
2020-03-08,Spain,Germany,Desert Springs Cricket Ground,Spain,field,T20,2019/20,Germany,0,1,1.0,0.8,1.0,0.8,0.5,0.5,0.5,0.5
2020-03-08,Spain,Germany,Desert Springs Cricket Ground,Spain,field,T20,2019/20,Spain,1,1,0.8,0.8333333333333334,0.8,1.0,0.0,1.0,0.0,1.0
2020-03-09,Bangladesh,Zimbabwe,"Shere Bangla National Stadium, Mirpur",Zimbabwe,field,T20,2019/20,Bangladesh,1,0,0.3048780487804878,0.2711864406779661,0.2,0.6,0.6,0.4,0.5,0.0
2020-03-11,Bangladesh,Zimbabwe,"Shere Bangla National Stadium, Mirpur",Bangladesh,field,T20,2019/20,Bangladesh,1,1,0.3132530120481928,0.26666666666666666,0.2,0.6,0.6363636363636364,0.36363636363636365,0.6,0.0
2020-08-21,Isle of Man,Guernsey,College Field,Isle of Man,bat,T20,2020,Guernsey,0,1,0.5,0.5,0.5,0.5,0.5,0.5,0.5,0.0
2020-08-29,Belgium,Luxembourg,Pierre Werner Cricket Ground,Belgium,bat,T20,2020,Belgium,1,1,0.5,0.5,0.5,0.5,0.5,0.5,0.5,0.5
2020-08-30,Belgium,Luxembourg,Pierre Werner Cricket Ground,Belgium,bat,T20,2020,Belgium,1,1,1.0,0.0,1.0,0.0,1.0,0.0,1.0,0.0
2020-08-30,Belgium,Czech Republic,Pierre Werner Cricket Ground,Belgium,bat,T20,2020,Belgium,1,1,1.0,0.5,1.0,0.5,0.5,0.5,1.0,0.5
2020-08-30,Pakistan,England,Old Trafford,England,field,T20,2020,England,0,0,0.6223776223776224,0.5137614678899083,0.4,0.6,0.2857142857142857,0.7142857142857143,1.0,0.6
2020-09-01,Pakistan,England,Old Trafford,England,field,T20,2020,Pakistan,1,0,0.6180555555555556,0.5181818181818182,0.4,0.8,0.26666666666666666,0.7333333333333333,0.5,0.6666666666666666
2020-09-04,England,Australia,The Rose Bowl,Australia,field,T20,2020,England,1,0,0.5135135135135135,0.5583333333333333,0.6,0.8,0.4,0.6,0.6,0.5
2020-09-06,Australia,England,The Rose Bowl,Australia,bat,T20,2020,England,0,1,0.5537190082644629,0.5178571428571429,0.6,0.8,0.5625,0.4375,0.3333333333333333,0.6666666666666666
2020-09-08,England,Australia,The Rose Bowl,Australia,field,T20,2020,Australia,0,0,0.5221238938053098,0.5491803278688525,0.8,0.4,0.47058823529411764,0.5294117647058824,0.7142857142857143,0.25
2020-10-16,Bulgaria,Romania,Moara Vlasiei Cricket Ground,Bulgaria,bat,T20,2020/21,Bulgaria,1,1,0.5,0.5,0.5,0.5,0.5,0.5,0.5,0.5
2020-10-17,Romania,Bulgaria,Moara Vlasiei Cricket Ground,Romania,bat,T20,2020/21,Romania,1,1,0.0,1.0,0.0,1.0,0.0,1.0,0.0,1.0
2020-10-18,Bulgaria,Romania,Moara Vlasiei Cricket Ground,Bulgaria,bat,T20,2020/21,Romania,0,1,0.5,0.5,0.5,0.5,0.5,0.5,0.5,0.5
2020-11-07,Zimbabwe,Pakistan,Rawalpindi Cricket Stadium,Zimbabwe,bat,T20,2020/21,Pakistan,0,1,0.26229508196721313,0.6206896551724138,0.4,0.6,0.0,1.0,0.5,0.5
2020-11-08,Zimbabwe,Pakistan,Rawalpindi Cricket Stadium,Pakistan,field,T20,2020/21,Pakistan,0,0,0.25806451612903225,0.6232876712328768,0.4,0.8,0.0,1.0,0.0,1.0
2020-11-10,Zimbabwe,Pakistan,Rawalpindi Cricket Stadium,Zimbabwe,bat,T20,2020/21,Pakistan,0,1,0.25396825396825395,0.6258503401360545,0.2,0.8,0.0,1.0,0.0,1.0
2020-11-27,West Indies,New Zealand,Eden Park,New Zealand,field,T20,2020/21,New Zealand,0,0,0.45871559633027525,0.5083333333333333,0.6,0.2,0.3333333333333333,0.6666666666666666,0.0,0.3333333333333333
2020-11-27,South Africa,England,Newlands,England,field,T20,2020/21,England,0,0,0.5775862068965517,0.5175438596491229,0.2,0.6,0.5294117647058824,0.47058823529411764,0.36363636363636365,0.25
2020-11-29,South Africa,England,Boland Park,England,field,T20,2020/21,England,0,0,0.5726495726495726,0.5217391304347826,0.2,0.6,0.5,0.5,0.5,0.5
2020-11-29,New Zealand,West Indies,Bay Oval,West Indies,field,T20,2020/21,New Zealand,1,0,0.512396694214876,0.45454545454545453,0.2,0.6,0.7,0.3,0.6666666666666666,0.0
2020-12-01,South Africa,England,Newlands,South Africa,bat,T20,2020/21,England,0,1,0.5677966101694916,0.5258620689655172,0.2,0.8,0.47368421052631576,0.5263157894736842,0.3333333333333333,0.4
2020-12-04,India,Australia,Manuka Oval,Australia,field,T20,2020/21,India,1,0,0.648,0.5528455284552846,1.0,0.4,0.5789473684210527,0.42105263157894735,0.5,1.0
2020-12-06,Australia,India,Sydney Cricket Ground,India,field,T20,2020/21,India,0,0,0.5483870967741935,0.6507936507936508,0.4,1.0,0.4,0.6,0.6666666666666666,1.0
2020-12-08,Australia,India,Sydney Cricket Ground,India,field,T20,2020/21,Australia,1,0,0.544,0.6535433070866141,0.2,1.0,0.38095238095238093,0.6190476190476191,0.5714285714285714,1.0
2020-12-18,Pakistan,New Zealand,Eden Park,Pakistan,bat,T20,2020/21,New Zealand,0,1,0.6283783783783784,0.5163934426229508,0.8,0.4,0.6190476190476191,0.38095238095238093,0.6666666666666666,0.3684210526315789
2020-12-20,Pakistan,New Zealand,Seddon Park,Pakistan,bat,T20,2020/21,New Zealand,0,1,0.6241610738255033,0.5203252032520326,0.8,0.6,0.5909090909090909,0.4090909090909091,0.0,0.7777777777777778
2020-12-22,New Zealand,Pakistan,McLean Park,Pakistan,field,T20,2020/21,Pakistan,0,0,0.5241935483870968,0.62,0.8,0.6,0.43478260869565216,0.5652173913043478,0.5,0.5
2021-02-11,Pakistan,South Africa,Gaddafi Stadium,South Africa,field,T20,2020/21,Pakistan,1,0,0.6225165562913907,0.5630252100840336,0.6,0.2,0.46153846153846156,0.5384615384615384,0.6363636363636364,0.5
2021-02-13,Pakistan,South Africa,Gaddafi Stadium,South Africa,field,T20,2020/21,South Africa,0,0,0.625,0.5583333333333333,0.6,0.0,0.5,0.5,0.6666666666666666,0.0
2021-02-14,South Africa,Pakistan,Gaddafi Stadium,Pakistan,field,T20,2020/21,Pakistan,0,0,0.5619834710743802,0.6209150326797386,0.2,0.4,0.5333333333333333,0.4666666666666667,0.5,0.6153846153846154
2021-02-22,New Zealand,Australia,Hagley Oval,Australia,field,T20,2020/21,New Zealand,1,0,0.52,0.5476190476190477,0.8,0.4,0.125,0.875,0.0,0.5
2021-02-25,New Zealand,Australia,University Oval,Australia,field,T20,2020/21,New Zealand,1,0,0.5238095238095238,0.5433070866141733,0.8,0.4,0.2222222222222222,0.7777777777777778,0.5,0.5
2021-03-03,Sri Lanka,West Indies,"Coolidge Cricket Ground, Antigua",West Indies,field,T20,2020/21,West Indies,0,0,0.4628099173553719,0.45045045045045046,0.0,0.6,0.5454545454545454,0.45454545454545453,0.5,0.5
2021-03-03,Australia,New Zealand,Westpac Stadium,New Zealand,field,T20,2020/21,Australia,1,0,0.5390625,0.5275590551181102,0.2,0.8,0.7,0.3,1.0,0.7272727272727273
2021-03-05,Australia,New Zealand,Westpac Stadium,Australia,bat,T20,2020/21,Australia,1,1,0.5426356589147286,0.5234375,0.4,0.6,0.7272727272727273,0.2727272727272727,1.0,0.6666666666666666
2021-03-05,Sri Lanka,West Indies,"Coolidge Cricket Ground, Antigua",Sri Lanka,bat,T20,2020/21,Sri Lanka,1,1,0.45901639344262296,0.45535714285714285,0.0,0.6,0.5,0.5,0.0,1.0
2021-03-07,Sri Lanka,West Indies,"Coolidge Cricket Ground, Antigua",Sri Lanka,bat,T20,2020/21,West Indies,0,1,0.4634146341463415,0.45132743362831856,0.2,0.4,0.5384615384615384,0.46153846153846156,0.5,0.5
2021-03-07,Australia,New Zealand,Sky Stadium,Australia,bat,T20,2020/21,New Zealand,0,1,0.5461538461538461,0.5193798449612403,0.6,0.4,0.75,0.25,0.5,0.5
2021-03-12,India,England,Narendra Modi Stadium,England,field,T20,2020/21,England,0,0,0.6484375,0.5299145299145299,0.8,0.8,0.5,0.5,0.5,0.5
2021-03-14,England,India,Narendra Modi Stadium,India,field,T20,2020/21,India,0,0,0.5338983050847458,0.6434108527131783,0.8,0.6,0.5333333333333333,0.4666666666666667,1.0,0.0
2021-03-16,India,England,Narendra Modi Stadium,England,field,T20,2020/21,England,0,0,0.6461538461538462,0.5294117647058824,0.6,0.8,0.5,0.5,0.5,0.5
2021-03-18,India,England,Narendra Modi Stadium,England,field,T20,2020/21,India,1,0,0.6412213740458015,0.5333333333333333,0.4,0.8,0.47058823529411764,0.5294117647058824,0.3333333333333333,0.6666666666666666
2021-03-20,India,England,Narendra Modi Stadium,England,field,T20,2020/21,India,1,0,0.6439393939393939,0.5289256198347108,0.4,0.6,0.5,0.5,0.5,0.5
2021-03-28,New Zealand,Bangladesh,Seddon Park,New Zealand,bat,T20,2020/21,New Zealand,1,1,0.5230769230769231,0.32142857142857145,0.6,0.4,1.0,0.0,0.8,0.0
2021-03-30,New Zealand,Bangladesh,McLean Park,Bangladesh,field,T20,2020/21,New Zealand,1,0,0.5267175572519084,0.3176470588235294,0.6,0.4,1.0,0.0,0.3333333333333333,0.0
2021-04-01,New Zealand,Bangladesh,Eden Park,Bangladesh,field,T20,2020/21,New Zealand,1,0,0.5303030303030303,0.313953488372093,0.6,0.4,1.0,0.0,0.4,0.5
2021-04-03,Uganda,Namibia,Wanderers,Uganda,bat,T20,2021,Namibia,0,1,0.5,0.75,0.5,0.6,0.0,1.0,0.5,0.5
2021-04-05,Namibia,Uganda,"Wanderers Cricket Ground, Windhoek",Namibia,bat,T20,2021,Namibia,1,1,0.7647058823529411,0.4,0.6,0.4,1.0,0.0,0.5,0.5
2021-04-05,Namibia,Uganda,"Wanderers Cricket Ground, Windhoek",Namibia,bat,T20,2021,Namibia,1,1,0.7777777777777778,0.3333333333333333,0.6,0.2,1.0,0.0,1.0,0.0
2021-04-10,South Africa,Pakistan,"The Wanderers Stadium, Johannesburg",South Africa,bat,T20,2021,Pakistan,0,1,0.5573770491803278,0.6233766233766234,0.2,0.6,0.5,0.5,0.5,0.5
2021-04-12,Pakistan,South Africa,"The Wanderers Stadium, Johannesburg",Pakistan,bat,T20,2021,South Africa,0,1,0.6258064516129033,0.5528455284552846,0.8,0.2,0.5294117647058824,0.47058823529411764,1.0,0.0
2021-04-14,South Africa,Pakistan,"SuperSport Park, Centurion",Pakistan,field,T20,2021,Pakistan,0,0,0.5564516129032258,0.6217948717948718,0.4,0.6,0.5,0.5,0.5,0.5
2021-04-16,South Africa,Pakistan,"SuperSport Park, Centurion",Pakistan,field,T20,2021,Pakistan,0,0,0.552,0.6242038216560509,0.4,0.6,0.47368421052631576,0.5263157894736842,0.0,1.0
2021-04-17,Netherlands,Nepal,"Tribhuvan University International Cricket Ground, Kirtipur",Nepal,field,T20,2021,Nepal,0,0,0.5689655172413793,0.4827586206896552,1.0,0.8,0.6666666666666666,0.3333333333333333,0.5,0.5
2021-04-18,Netherlands,Malaysia,"Tribhuvan University International Cricket Ground, Kirtipur",Netherlands,bat,T20,2021,Netherlands,1,1,0.559322033898305,0.5238095238095238,0.8,0.6,0.5,0.5,0.0,0.5
2021-04-19,Malaysia,Nepal,"Tribhuvan University International Cricket Ground, Kirtipur",Nepal,field,T20,2021,Nepal,0,0,0.5,0.5,0.4,0.8,0.0,1.0,0.0,1.0
2021-04-20,Nepal,Netherlands,"Tribhuvan University International Cricket Ground, Kirtipur",Nepal,bat,T20,2021,Netherlands,0,1,0.5161290322580645,0.5666666666666667,0.8,0.8,0.5,0.5,1.0,0.5
2021-04-21,Pakistan,Zimbabwe,Harare Sports Club,Zimbabwe,field,T20,2021,Pakistan,1,0,0.6265822784810127,0.25,0.8,0.0,1.0,0.0,0.9090909090909091,0.1
2021-04-22,Nepal,Malaysia,"Tribhuvan University International Cricket Ground, Kirtipur",Malaysia,field,T20,2021,Nepal,1,0,0.5,0.4782608695652174,0.6,0.2,1.0,0.0,0.6666666666666666,0.0
2021-04-23,Zimbabwe,Pakistan,Harare Sports Club,Pakistan,field,T20,2021,Zimbabwe,1,0,0.24615384615384617,0.6289308176100629,0.0,0.8,0.0,1.0,0.09523809523809523,0.9166666666666666
2021-04-24,Nepal,Netherlands,"Tribhuvan University International Cricket Ground, Kirtipur",Netherlands,field,T20,2021,Nepal,1,0,0.5151515151515151,0.5737704918032787,0.8,0.8,0.4,0.6,0.75,0.6666666666666666
2021-04-25,Pakistan,Zimbabwe,Harare Sports Club,Pakistan,bat,T20,2021,Pakistan,1,1,0.625,0.25757575757575757,0.6,0.2,0.9333333333333333,0.06666666666666667,0.8461538461538461,0.13636363636363635
2021-05-21,Luxembourg,Czech Republic,"Scott Page Field, Vinor",Czech Republic,field,T20,2021,Czech Republic,0,0,0.0,0.0,0.0,0.0,0.5,0.5,0.5,0.5
2021-05-22,Czech Republic,Luxembourg,"Scott Page Field, Vinor",Luxembourg,field,T20,2021,Luxembourg,0,0,0.5,0.0,0.5,0.0,1.0,0.0,1.0,0.0
2021-05-22,Austria,Czech Republic,"Scott Page Field, Vinor",Czech Republic,field,T20,2021,Austria,1,0,0.5,0.3333333333333333,0.5,0.3333333333333333,0.5,0.5,0.5,0.5
2021-05-23,Austria,Luxembourg,"Scott Page Field, Vinor",Austria,bat,T20,2021,Luxembourg,0,1,1.0,0.25,1.0,0.25,0.5,0.5,1.0,0.5
2021-05-23,Czech Republic,Austria,"Scott Page Field, Vinor",Czech Republic,bat,T20,2021,Austria,0,1,0.25,0.5,0.25,0.5,0.0,1.0,0.3333333333333333,0.5
2021-06-23,Sri Lanka,England,"Sophia Gardens, Cardiff",Sri Lanka,bat,T20,2021,England,0,1,0.4596774193548387,0.5245901639344263,0.2,0.4,0.4444444444444444,0.5555555555555556,0.5,0.5
2021-06-24,Greece,Romania,"National Sports Academy, Sofia",Greece,bat,T20,2021,Romania,0,1,0.5,0.6666666666666666,0.5,0.6666666666666666,0.5,0.5,0.5,0.5
2021-06-24,Sri Lanka,England,"Sophia Gardens, Cardiff",Sri Lanka,bat,T20,2021,England,0,1,0.456,0.5284552845528455,0.2,0.4,0.4,0.6,0.0,1.0
2021-06-25,Serbia,Greece,"National Sports Academy, Sofia",Greece,field,T20,2021,Greece,0,0,0.5,0.0,0.5,0.0,0.5,0.5,0.5,0.0
2021-06-25,Romania,Serbia,"National Sports Academy, Sofia",Romania,bat,T20,2021,Romania,1,1,0.75,0.0,0.75,0.0,0.5,0.5,1.0,0.0
2021-06-25,Bulgaria,Romania,"National Sports Academy, Sofia",Bulgaria,bat,T20,2021,Romania,0,1,0.3333333333333333,0.8,0.3333333333333333,0.8,0.3333333333333333,0.6666666666666666,0.5,1.0
2021-06-26,Serbia,Romania,"National Sports Academy, Sofia",Serbia,bat,T20,2021,Romania,0,1,0.0,0.8333333333333334,0.0,1.0,0.0,1.0,0.0,1.0
2021-06-26,England,Sri Lanka,"The Rose Bowl, Southampton",Sri Lanka,field,T20,2021,England,1,0,0.532258064516129,0.4523809523809524,0.6,0.2,0.6363636363636364,0.36363636363636365,0.5,0.5
2021-06-26,South Africa,West Indies,"National Cricket Stadium, St George's, Grenada",West Indies,field,T20,2021,West Indies,0,0,0.5476190476190477,0.45614035087719296,0.2,0.4,0.6,0.4,0.5,0.5
2021-06-27,South Africa,West Indies,"National Cricket Stadium, St George's, Grenada",West Indies,field,T20,2021,South Africa,1,0,0.5433070866141733,0.4608695652173913,0.2,0.6,0.5454545454545454,0.45454545454545453,0.0,1.0
2021-06-29,South Africa,West Indies,"National Cricket Stadium, St George's, Grenada",West Indies,field,T20,2021,South Africa,1,0,0.546875,0.45689655172413796,0.4,0.6,0.5833333333333334,0.4166666666666667,0.5,0.5
2021-07-01,West Indies,South Africa,"National Cricket Stadium, St George's, Grenada",South Africa,field,T20,2021,West Indies,1,0,0.452991452991453,0.5503875968992248,0.4,0.4,0.38461538461538464,0.6153846153846154,0.3333333333333333,0.6666666666666666
2021-07-03,South Africa,West Indies,"National Cricket Stadium, St George's, Grenada",South Africa,bat,T20,2021,South Africa,1,1,0.5461538461538461,0.4576271186440678,0.4,0.6,0.5714285714285714,0.42857142857142855,0.5,0.5
2021-07-08,Belgium,Malta,Marsa Sports Club,Belgium,bat,T20,2021,Malta,0,1,1.0,0.5,1.0,0.5,0.5,0.5,0.5,0.5
2021-07-08,Malta,Belgium,Marsa Sports Club,Malta,bat,T20,2021,Belgium,0,1,1.0,0.75,1.0,0.75,1.0,0.0,1.0,0.0
2021-07-09,West Indies,Australia,"Daren Sammy National Cricket Stadium, Gros Islet, St Lucia",Australia,field,T20,2021,West Indies,1,0,0.453781512605042,0.5419847328244275,0.4,0.4,0.5454545454545454,0.45454545454545453,0.5,0.5
2021-07-09,Malta,Belgium,Marsa Sports Club,Belgium,field,T20,2021,Belgium,0,0,0.5,0.8,0.5,0.8,0.5,0.5,0.5,0.5
2021-07-10,Belgium,Malta,Marsa Sports Club,Belgium,bat,T20,2021,Belgium,1,1,0.8333333333333334,0.3333333333333333,0.8,0.3333333333333333,0.6666666666666666,0.3333333333333333,0.6666666666666666,0.3333333333333333
2021-07-10,West Indies,Australia,"Daren Sammy National Cricket Stadium, Gros Islet, St Lucia",Australia,field,T20,2021,West Indies,1,0,0.4583333333333333,0.5378787878787878,0.4,0.4,0.5833333333333334,0.4166666666666667,1.0,0.0
2021-07-10,Belgium,Malta,Marsa Sports Club,Belgium,bat,T20,2021,Malta,0,1,0.8571428571428571,0.25,0.8,0.25,0.75,0.25,0.75,0.25
2021-07-12,Australia,West Indies,"Daren Sammy National Cricket Stadium, Gros Islet, St Lucia",Australia,bat,T20,2021,West Indies,0,1,0.5338345864661654,0.4628099173553719,0.4,0.6,0.38461538461538464,0.6153846153846154,0.0,1.0
2021-07-14,Australia,West Indies,"Daren Sammy National Cricket Stadium, Gros Islet, St Lucia",Australia,bat,T20,2021,Australia,1,1,0.5298507462686567,0.4672131147540984,0.2,0.8,0.35714285714285715,0.6428571428571429,0.0,1.0
2021-07-16,Pakistan,England,"Trent Bridge, Nottingham",England,field,T20,2021,Pakistan,1,0,0.6273291925465838,0.536,0.8,0.6,0.3125,0.6875,0.5,0.5
2021-07-16,West Indies,Australia,"Daren Sammy National Cricket Stadium, Gros Islet, St Lucia",West Indies,bat,T20,2021,West Indies,1,1,0.4634146341463415,0.5333333333333333,0.6,0.2,0.6,0.4,0.75,0.25
2021-07-18,England,Pakistan,"Headingley, Leeds",Pakistan,field,T20,2021,England,1,0,0.5317460317460317,0.6296296296296297,0.6,0.8,0.6470588235294118,0.35294117647058826,0.5,0.5
2021-07-19,South Africa,Ireland,"The Village, Malahide, Dublin",Ireland,field,T20,2021,South Africa,1,0,0.549618320610687,0.53125,0.6,0.6,0.5,0.5,0.5,0.5
2021-07-20,Pakistan,England,"Old Trafford, Manchester",Pakistan,bat,T20,2021,England,0,1,0.6257668711656442,0.5354330708661418,0.6,0.8,0.3333333333333333,0.6666666666666666,0.5,0.5
2021-07-22,Zimbabwe,Bangladesh,Harare Sports Club,Zimbabwe,bat,T20,2021,Bangladesh,0,1,0.2537313432835821,0.3103448275862069,0.2,0.4,0.3333333333333333,0.6666666666666666,0.13043478260869565,0.5
2021-07-22,South Africa,Ireland,"Civil Service Cricket Club, Stormont, Belfast",South Africa,bat,T20,2021,South Africa,1,1,0.553030303030303,0.5230769230769231,0.8,0.4,1.0,0.0,0.5,0.5
2021-07-23,Zimbabwe,Bangladesh,Harare Sports Club,Zimbabwe,bat,T20,2021,Zimbabwe,1,1,0.25,0.3181818181818182,0.2,0.4,0.3076923076923077,0.6923076923076923,0.125,1.0
2021-07-24,South Africa,Ireland,"Civil Service Cricket Club, Stormont, Belfast",South Africa,bat,T20,2021,South Africa,1,1,0.556390977443609,0.5151515151515151,0.8,0.4,1.0,0.0,1.0,0.0
2021-07-25,India,Sri Lanka,"R Premadasa Stadium, Colombo",Sri Lanka,field,T20,2021,India,1,0,0.6466165413533834,0.44881889763779526,0.6,0.2,0.7222222222222222,0.2777777777777778,0.5,0.5
2021-07-25,Zimbabwe,Bangladesh,Harare Sports Club,Zimbabwe,bat,T20,2021,Bangladesh,0,1,0.2608695652173913,0.3146067415730337,0.4,0.2,0.35714285714285715,0.6428571428571429,0.16,0.5
2021-07-28,India,Sri Lanka,"R Premadasa Stadium, Colombo",Sri Lanka,field,T20,2021,Sri Lanka,0,0,0.6492537313432836,0.4453125,0.8,0.0,0.7368421052631579,0.2631578947368421,1.0,0.0
2021-07-29,India,Sri Lanka,"R Premadasa Stadium, Colombo",India,bat,T20,2021,Sri Lanka,0,1,0.6444444444444445,0.4496124031007752,0.6,0.2,0.7,0.3,0.5,0.5
2021-07-31,Pakistan,West Indies,"Providence Stadium, Guyana",West Indies,field,T20,2021,Pakistan,1,0,0.6219512195121951,0.46774193548387094,0.4,0.8,0.7857142857142857,0.21428571428571427,0.5,0.0
2021-08-03,Bangladesh,Australia,"Shere Bangla National Stadium, Mirpur",Australia,field,T20,2021,Bangladesh,1,0,0.32222222222222224,0.5294117647058824,0.4,0.2,0.0,1.0,0.6666666666666666,0.5
2021-08-04,Australia,Bangladesh,"Shere Bangla National Stadium, Mirpur",Australia,bat,T20,2021,Bangladesh,0,1,0.5255474452554745,0.32967032967032966,0.2,0.6,0.8,0.2,0.0,0.7142857142857143
2021-08-05,Norway,Germany,Bayer Uerdingen Cricket Ground,Germany,field,T20,2021,Germany,0,0,0.0,0.7142857142857143,0.0,0.8,0.0,1.0,0.5,0.5
2021-08-05,Norway,France,Bayer Uerdingen Cricket Ground,France,field,T20,2021,France,0,0,0.0,0.5,0.0,0.5,0.5,0.5,0.0,0.5
2021-08-06,Bangladesh,Australia,"Shere Bangla National Stadium, Mirpur",Bangladesh,bat,T20,2021,Bangladesh,1,1,0.33695652173913043,0.5217391304347826,0.8,0.2,0.3333333333333333,0.6666666666666666,0.75,0.0
2021-08-06,France,Germany,Bayer Uerdingen Cricket Ground,Germany,field,T20,2021,Germany,0,0,1.0,0.75,1.0,0.8,0.5,0.5,1.0,1.0
2021-08-07,Norway,France,Bayer Uerdingen Cricket Ground,France,field,T20,2021,Norway,1,0,0.0,0.5,0.0,0.5,0.0,1.0,0.0,0.5
2021-08-07,Bangladesh,Australia,"Shere Bangla National Stadium, Mirpur",Bangladesh,bat,T20,2021,Australia,0,1,0.34408602150537637,0.5179856115107914,0.8,0.2,0.42857142857142855,0.5714285714285714,0.7777777777777778,0.0
2021-08-07,Germany,France,Bayer Uerdingen Cricket Ground,France,field,T20,2021,Germany,1,0,0.7777777777777778,0.3333333333333333,0.8,0.3333333333333333,1.0,0.0,1.0,0.3333333333333333
2021-08-08,Norway,Germany,Bayer Uerdingen Cricket Ground,Germany,field,T20,2021,Norway,1,0,0.14285714285714285,0.8,0.2,0.8,0.0,1.0,0.3333333333333333,1.0
2021-08-08,Norway,Germany,Bayer Uerdingen Cricket Ground,Norway,bat,T20,2021,Germany,0,1,0.25,0.7272727272727273,0.4,0.6,0.3333333333333333,0.6666666666666666,0.5,0.75
2021-08-09,Bangladesh,Australia,"Shere Bangla National Stadium, Mirpur",Bangladesh,bat,T20,2021,Bangladesh,1,1,0.3404255319148936,0.5214285714285715,0.8,0.2,0.375,0.625,0.7,0.25
2021-08-14,Denmark,Sweden,"Svanholm Park, Brondby",Sweden,field,T20,2021,Sweden,0,0,0.4,0.5,0.4,0.5,0.5,0.5,0.5,0.5
2021-08-15,Sweden,Denmark,"Svanholm Park, Brondby",Denmark,field,T20,2021,Denmark,0,0,1.0,0.3333333333333333,1.0,0.4,1.0,0.0,1.0,0.0
2021-08-18,Ghana,Rwanda,Gahanga International Cricket Stadium. Rwanda,Ghana,bat,T20,2021,Rwanda,0,1,0.0,0.5,0.0,0.5,0.5,0.5,0.5,0.5
2021-08-20,Gibraltar,Malta,Gucherre Cricket Ground,Malta,field,T20,2021,Malta,0,0,0.0,0.4,0.0,0.4,0.5,0.5,0.5,0.5
2021-08-20,Ghana,Rwanda,Gahanga International Cricket Stadium. Rwanda,Ghana,bat,T20,2021,Ghana,1,1,0.0,1.0,0.0,1.0,0.0,1.0,0.0,1.0
2021-08-20,Rwanda,Ghana,Gahanga International Cricket Stadium. Rwanda,Ghana,field,T20,2021,Rwanda,1,0,0.5,0.16666666666666666,0.5,0.2,0.5,0.5,0.5,0.5
2021-08-21,Sweden,Finland,Kerava National Cricket Ground,Sweden,bat,T20,2021,Finland,0,1,0.5,0.5,0.5,0.5,0.5,0.5,0.5,0.5
2021-08-21,Sweden,Finland,Kerava National Cricket Ground,Sweden,bat,T20,2021,Finland,0,1,0.3333333333333333,1.0,0.3333333333333333,1.0,0.0,1.0,0.0,1.0
2021-08-21,Rwanda,Ghana,Gahanga International Cricket Stadium. Rwanda,Rwanda,bat,T20,2021,Ghana,0,1,0.6666666666666666,0.14285714285714285,0.6666666666666666,0.2,0.6666666666666666,0.3333333333333333,0.6666666666666666,0.3333333333333333
2021-08-21,Malta,Gibraltar,Gucherre Cricket Ground,Gibraltar,field,T20,2021,Malta,1,0,0.5,0.0,0.4,0.0,1.0,0.0,1.0,0.0
2021-08-22,Finland,Sweden,Kerava National Cricket Ground,Sweden,field,T20,2021,Sweden,0,0,1.0,0.25,1.0,0.25,1.0,0.0,1.0,0.0
2021-08-22,Finland,Sweden,Kerava National Cricket Ground,Sweden,field,T20,2021,Sweden,0,0,0.6666666666666666,0.4,0.6666666666666666,0.4,0.6666666666666666,0.3333333333333333,0.6666666666666666,0.3333333333333333
2021-08-22,Portugal,Gibraltar,Gucherre Cricket Ground,Gibraltar,field,T20,2021,Portugal,1,0,0.3333333333333333,0.0,0.3333333333333333,0.0,1.0,0.0,0.5,0.0
2021-08-27,Zimbabwe,Ireland,"Castle Avenue, Dublin",Ireland,field,T20,2021,Zimbabwe,1,0,0.2571428571428571,0.5074626865671642,0.4,0.2,0.3333333333333333,0.6666666666666666,0.5,0.5
2021-08-29,Zimbabwe,Ireland,"Castle Avenue, Dublin",Zimbabwe,bat,T20,2021,Ireland,0,1,0.2676056338028169,0.5,0.4,0.0,0.5,0.5,1.0,0.0
2021-09-01,Ireland,Zimbabwe,"Bready Cricket Club, Magheramason, Bready",Zimbabwe,field,T20,2021,Ireland,1,0,0.5072463768115942,0.2638888888888889,0.2,0.4,0.6,0.4,0.5,0.5
2021-09-01,New Zealand,Bangladesh,"Shere Bangla National Stadium, Mirpur",New Zealand,bat,T20,2021,Bangladesh,0,1,0.5338345864661654,0.3473684210526316,0.8,0.8,1.0,0.0,0.5,0.7272727272727273
2021-09-02,Ireland,Zimbabwe,"Bready Cricket Club, Magheramason, Bready",Zimbabwe,field,T20,2021,Ireland,1,0,0.5142857142857142,0.2602739726027397,0.4,0.4,0.6666666666666666,0.3333333333333333,1.0,0.0
2021-09-02,Luxembourg,Bulgaria,"Moara Vlasiei Cricket Ground, Ilfov County",Bulgaria,field,T20,2021,Luxembourg,1,0,0.4,0.25,0.4,0.25,0.5,0.5,0.5,0.5
2021-09-02,Hungary,Czech Republic,"Moara Vlasiei Cricket Ground, Ilfov County",Czech Republic,field,T20,2021,Hungary,1,0,0.5,0.2,0.5,0.2,0.5,0.5,0.5,0.5
2021-09-03,Bangladesh,New Zealand,"Shere Bangla National Stadium, Mirpur",Bangladesh,bat,T20,2021,Bangladesh,1,1,0.3541666666666667,0.5298507462686567,0.8,0.8,0.09090909090909091,0.9090909090909091,0.75,0.0
2021-09-03,Romania,Czech Republic,"Moara Vlasiei Cricket Ground, Ilfov County",Romania,bat,T20,2021,Romania,1,1,0.8571428571428571,0.16666666666666666,1.0,0.2,0.5,0.5,0.5,0.0
2021-09-03,Romania,Hungary,"Moara Vlasiei Cricket Ground, Ilfov County",Romania,bat,T20,2021,Romania,1,1,0.875,1.0,1.0,1.0,0.5,0.5,1.0,1.0
2021-09-03,Bulgaria,Malta,"Moara Vlasiei Cricket Ground, Ilfov County",Bulgaria,bat,T20,2021,Malta,0,1,0.2,0.5714285714285714,0.2,0.6,0.5,0.5,0.0,0.5
2021-09-04,Zimbabwe,Ireland,"Bready Cricket Club, Magheramason, Bready",Zimbabwe,bat,T20,2021,Zimbabwe,1,1,0.25675675675675674,0.5211267605633803,0.2,0.6,0.2857142857142857,0.7142857142857143,0.0,1.0
2021-09-04,Romania,Malta,"Moara Vlasiei Cricket Ground, Ilfov County",Malta,field,T20,2021,Romania,1,0,0.8888888888888888,0.625,1.0,0.8,0.5,0.5,1.0,1.0
2021-09-04,Luxembourg,Hungary,"Moara Vlasiei Cricket Ground, Ilfov County",Hungary,field,T20,2021,Luxembourg,1,0,0.5,0.5,0.6,0.5,0.5,0.5,1.0,0.5
2021-09-05,Malta,Hungary,"Moara Vlasiei Cricket Ground, Ilfov County",Hungary,field,T20,2021,Hungary,0,0,0.5555555555555556,0.3333333333333333,0.8,0.3333333333333333,0.5,0.5,0.5,0.3333333333333333
2021-09-05,Romania,Luxembourg,"Moara Vlasiei Cricket Ground, Ilfov County",Romania,bat,T20,2021,Romania,1,1,0.9,0.5714285714285714,1.0,0.8,0.5,0.5,1.0,1.0
2021-09-05,New Zealand,Bangladesh,"Shere Bangla National Stadium, Mirpur",New Zealand,bat,T20,2021,New Zealand,1,1,0.5259259259259259,0.36082474226804123,0.6,0.8,0.8333333333333334,0.16666666666666666,0.0,0.7692307692307693
2021-09-08,New Zealand,Bangladesh,"Shere Bangla National Stadium, Mirpur",New Zealand,bat,T20,2021,Bangladesh,0,1,0.5294117647058824,0.35714285714285715,0.6,0.6,0.8461538461538461,0.15384615384615385,0.3333333333333333,0.7142857142857143
2021-09-10,Spain,Germany,"Desert Springs Cricket Ground, Almeria",Germany,field,T20,2021,Germany,0,0,0.8333333333333334,0.75,0.8,0.8,0.5,0.5,0.5,0.5
2021-09-10,New Zealand,Bangladesh,"Shere Bangla National Stadium, Mirpur",New Zealand,bat,T20,2021,New Zealand,1,1,0.5255474452554745,0.36363636363636365,0.4,0.8,0.7857142857142857,0.21428571428571427,0.25,0.7333333333333333
2021-09-10,Kenya,Uganda,Entebbe Cricket Oval,Kenya,bat,T20,2021,Kenya,1,1,0.4,0.2857142857142857,0.4,0.2,1.0,0.0,0.5,0.5
2021-09-10,South Africa,Sri Lanka,"R Premadasa Stadium, Colombo",South Africa,bat,T20,2021,South Africa,1,1,0.5597014925373134,0.45384615384615384,0.8,0.4,0.5833333333333334,0.4166666666666667,0.5,0.6666666666666666
2021-09-11,Germany,Spain,"Desert Springs Cricket Ground, Almeria",Spain,field,T20,2021,Spain,0,0,0.7692307692307693,0.7142857142857143,0.8,0.6,0.6666666666666666,0.3333333333333333,1.0,0.0
2021-09-11,Germany,Spain,"Desert Springs Cricket Ground, Almeria",Germany,bat,T20,2021,Spain,0,1,0.7142857142857143,0.75,0.6,0.6,0.5,0.5,0.5,0.5
2021-09-11,Uganda,Nigeria,Entebbe Cricket Oval,Uganda,bat,T20,2021,Uganda,1,1,0.25,0.25,0.2,0.0,0.5,0.5,0.0,0.5
2021-09-11,Nigeria,Kenya,Entebbe Cricket Oval,Nigeria,bat,T20,2021,Kenya,0,1,0.2222222222222222,0.4230769230769231,0.0,0.6,0.5,0.5,0.0,1.0
2021-09-12,Sri Lanka,South Africa,"R Premadasa Stadium, Colombo",Sri Lanka,bat,T20,2021,South Africa,0,1,0.45038167938931295,0.562962962962963,0.4,1.0,0.38461538461538464,0.6153846153846154,0.5,1.0
2021-09-13,Kenya,Nigeria,Entebbe Cricket Oval,Kenya,bat,T20,2021,Kenya,1,1,0.4444444444444444,0.2,0.6,0.0,1.0,0.0,1.0,0.0
2021-09-13,Nigeria,Uganda,Entebbe Cricket Oval,Nigeria,bat,T20,2021,Uganda,0,1,0.18181818181818182,0.3333333333333333,0.0,0.2,0.0,1.0,0.0,0.5
2021-09-14,Sri Lanka,South Africa,"R Premadasa Stadium, Colombo",Sri Lanka,bat,T20,2021,South Africa,0,1,0.44696969696969696,0.5661764705882353,0.4,1.0,0.35714285714285715,0.6428571428571429,0.4,1.0
2021-09-15,Uganda,Nigeria,Entebbe Cricket Oval,Uganda,bat,T20,2021,Uganda,1,1,0.4,0.16666666666666666,0.4,0.0,1.0,0.0,0.6666666666666666,0.0
2021-09-15,Scotland,Zimbabwe,"Grange Cricket Club Ground, Raeburn Place, Edinburgh",Scotland,bat,T20,2021,Scotland,1,1,0.5116279069767442,0.26666666666666666,0.6,0.4,0.0,1.0,0.5,0.5
2021-09-16,Nigeria,Kenya,Entebbe Cricket Oval,Nigeria,bat,T20,2021,Nigeria,1,1,0.15384615384615385,0.4642857142857143,0.0,0.6,0.0,1.0,0.0,1.0
2021-09-17,Uganda,Kenya,Entebbe Cricket Oval,Uganda,bat,T20,2021,Uganda,1,1,0.45454545454545453,0.4482758620689655,0.6,0.6,0.0,1.0,0.75,0.75
2021-09-17,Zimbabwe,Scotland,"Grange Cricket Club Ground, Raeburn Place, Edinburgh",Zimbabwe,bat,T20,2021,Zimbabwe,1,1,0.2631578947368421,0.5227272727272727,0.2,0.8,0.5,0.5,0.0,1.0
2021-09-19,Scotland,Zimbabwe,"Grange Cricket Club Ground, Raeburn Place, Edinburgh",Scotland,bat,T20,2021,Zimbabwe,0,1,0.5111111111111111,0.2727272727272727,0.6,0.4,0.3333333333333333,0.6666666666666666,0.5,0.5
2021-10-05,Estonia,Cyprus,Happy Valley Ground,Estonia,bat,T20,2021/22,Cyprus,0,1,0.5,0.5,0.5,0.5,0.5,0.5,0.5,0.5
2021-10-05,Estonia,Cyprus,Happy Valley Ground,Cyprus,field,T20,2021/22,Cyprus,0,0,0.0,1.0,0.0,1.0,0.0,1.0,0.0,1.0
2021-10-06,Cyprus,Isle of Man,Happy Valley Ground,Cyprus,bat,T20,2021/22,Isle of Man,0,1,1.0,0.0,1.0,0.0,0.5,0.5,1.0,0.5
2021-10-06,Estonia,Isle of Man,Happy Valley Ground,Estonia,bat,T20,2021/22,Isle of Man,0,1,0.0,0.5,0.0,0.5,0.5,0.5,0.0,1.0
2021-10-07,Cyprus,Isle of Man,Happy Valley Ground,Isle of Man,field,T20,2021/22,Isle of Man,0,0,0.6666666666666666,0.6666666666666666,0.6666666666666666,0.6666666666666666,0.0,1.0,0.6666666666666666,1.0
2021-10-07,United Arab Emirates,Ireland,"ICC Academy, Dubai",United Arab Emirates,bat,T20,2021/22,Ireland,0,1,0.5,0.5138888888888888,0.6,0.6,0.4,0.6,0.5,0.5
2021-10-08,Estonia,Isle of Man,Happy Valley Ground,Isle of Man,field,T20,2021/22,Isle of Man,0,0,0.0,0.75,0.0,0.75,0.0,1.0,0.0,1.0
2021-10-08,Papua New Guinea,Scotland,"ICC Academy, Dubai",Papua New Guinea,bat,T20,2021/22,Scotland,0,1,0.6666666666666666,0.5,0.8,0.6,0.0,1.0,0.5,0.5
2021-10-08,Cyprus,Estonia,Happy Valley Ground,Cyprus,bat,T20,2021/22,Cyprus,1,1,0.5,0.0,0.5,0.0,1.0,0.0,0.5,0.0
2021-10-08,United Arab Emirates,Ireland,"ICC Academy, Dubai",Ireland,field,T20,2021/22,United Arab Emirates,1,0,0.48717948717948717,0.5205479452054794,0.6,0.8,0.3333333333333333,0.6666666666666666,0.0,1.0
2021-10-09,Scotland,Namibia,"ICC Academy, Dubai",Namibia,field,T20,2021/22,Namibia,0,0,0.5106382978723404,0.7894736842105263,0.6,0.6,0.0,1.0,1.0,0.5
2021-10-10,Ireland,United Arab Emirates,"ICC Academy, Dubai",United Arab Emirates,field,T20,2021/22,United Arab Emirates,0,0,0.5135135135135135,0.5,0.6,0.8,0.5714285714285714,0.42857142857142855,0.5,0.5
2021-10-10,Namibia,Papua New Guinea,"ICC Academy, Dubai",Papua New Guinea,field,T20,2021/22,Namibia,1,0,0.8,0.631578947368421,0.8,0.6,0.0,1.0,1.0,0.0
2021-10-15,Denmark,Italy,"Desert Springs Cricket Ground, Almeria",Denmark,bat,T20,2021/22,Italy,0,1,0.42857142857142855,0.5,0.4,0.5,1.0,0.0,0.5,0.5
2021-10-15,Jersey,Germany,"Desert Springs Cricket Ground, Almeria",Germany,field,T20,2021/22,Jersey,1,0,0.6,0.6666666666666666,0.4,0.4,0.0,1.0,0.5,0.3333333333333333
2021-10-16,Denmark,Germany,"Desert Springs Cricket Ground, Almeria",Denmark,bat,T20,2021/22,Germany,0,1,0.375,0.625,0.4,0.4,0.0,1.0,0.0,0.25
2021-10-16,Malawi,Uganda,Integrated Polytechnic Regional Centre,Malawi,bat,T20,2021/22,Uganda,0,1,0.5,0.5,0.5,0.8,0.5,0.5,0.5,0.5
2021-10-16,Jersey,Italy,"Desert Springs Cricket Ground, Almeria",Jersey,bat,T20,2021/22,Jersey,1,1,0.6363636363636364,0.6,0.6,0.6,1.0,0.0,1.0,1.0
2021-10-16,Rwanda,Ghana,Gahanga International Cricket Stadium. Rwanda,Ghana,field,T20,2021/22,Ghana,0,0,0.5,0.25,0.5,0.4,0.5,0.5,0.5,0.5
2021-10-16,Seychelles,Ghana,Gahanga International Cricket Stadium. Rwanda,Seychelles,bat,T20,2021/22,Ghana,0,1,0.5,0.3333333333333333,0.5,0.6,0.5,0.5,0.5,0.6
2021-10-17,Jersey,Denmark,"Desert Springs Cricket Ground, Almeria",Denmark,field,T20,2021/22,Jersey,1,0,0.6666666666666666,0.3333333333333333,0.6,0.2,1.0,0.0,1.0,0.0
2021-10-17,Italy,Germany,"Desert Springs Cricket Ground, Almeria",Italy,bat,T20,2021/22,Germany,0,1,0.5,0.6470588235294118,0.4,0.4,1.0,0.0,0.5,0.4
2021-10-17,Swaziland,Malawi,Integrated Polytechnic Regional Centre,Malawi,field,T20,2021/22,Malawi,0,0,0.5,0.0,0.5,0.0,0.5,0.5,0.5,0.0
2021-10-17,Lesotho,Seychelles,Gahanga International Cricket Stadium. Rwanda,Seychelles,field,T20,2021/22,Seychelles,0,0,0.5,0.0,0.5,0.0,0.5,0.5,0.5,0.0
2021-10-17,Papua New Guinea,Oman,Al Amerat Cricket Ground Oman Cricket (Ministry Turf 1),Oman,field,T20,2021/22,Oman,0,0,0.6,0.5185185185185185,0.4,0.4,0.5,0.5,0.5,0.5714285714285714
2021-10-17,Uganda,Rwanda,Integrated Polytechnic Regional Centre,Uganda,bat,T20,2021/22,Uganda,1,1,0.5384615384615384,0.4,1.0,0.4,0.5,0.5,1.0,0.5
2021-10-17,Scotland,Bangladesh,Al Amerat Cricket Ground Oman Cricket (Ministry Turf 1),Bangladesh,field,T20,2021/22,Scotland,1,0,0.5,0.36,0.4,0.6,0.5,0.5,0.6666666666666666,0.5
2021-10-18,Namibia,Sri Lanka,"Zayed Cricket Stadium, Abu Dhabi",Sri Lanka,field,T20,2021/22,Sri Lanka,0,0,0.8095238095238095,0.44360902255639095,1.0,0.4,0.5,0.5,0.5,0.5
2021-10-18,Netherlands,Ireland,"Zayed Cricket Stadium, Abu Dhabi",Netherlands,bat,T20,2021/22,Ireland,0,1,0.5645161290322581,0.5066666666666667,0.6,0.4,0.6363636363636364,0.36363636363636365,0.5,0.5
2021-10-19,Malawi,Ghana,Gahanga International Cricket Stadium. Rwanda,Ghana,field,T20,2021/22,Ghana,0,0,0.5,0.4,0.5,0.8,0.5,0.5,0.5,0.6666666666666666
2021-10-19,Lesotho,Uganda,Integrated Polytechnic Regional Centre,Lesotho,bat,T20,2021/22,Uganda,0,1,0.0,0.5714285714285714,0.0,1.0,0.5,0.5,0.5,1.0
2021-10-19,Swaziland,Uganda,Integrated Polytechnic Regional Centre,Swaziland,bat,T20,2021/22,Uganda,0,1,0.0,0.6,0.0,1.0,0.5,0.5,0.0,1.0
2021-10-19,Nigeria,Sierra Leone,University of Lagos Cricket Oval,Sierra Leone,field,T20,2021/22,Sierra Leone,0,0,0.21428571428571427,0.5,0.2,0.5,0.5,0.5,0.5,0.5
2021-10-19,Germany,Jersey,"Desert Springs Cricket Ground, Almeria",Germany,bat,T20,2021/22,Jersey,0,1,0.6666666666666666,0.6923076923076923,0.4,0.8,0.5,0.5,0.5,1.0
2021-10-19,Italy,Denmark,"Desert Springs Cricket Ground, Almeria",Denmark,field,T20,2021/22,Italy,1,0,0.42857142857142855,0.3,0.2,0.2,0.5,0.5,0.3333333333333333,0.0
2021-10-19,Bangladesh,Oman,Al Amerat Cricket Ground Oman Cricket (Ministry Turf 1),Bangladesh,bat,T20,2021/22,Bangladesh,1,1,0.3564356435643564,0.5357142857142857,0.4,0.6,1.0,0.0,0.0,0.625
2021-10-19,Scotland,Papua New Guinea,Al Amerat Cricket Ground Oman Cricket (Ministry Turf 1),Scotland,bat,T20,2021/22,Scotland,1,1,0.5102040816326531,0.5714285714285714,0.4,0.2,1.0,0.0,0.75,0.0
2021-10-20,Sri Lanka,Ireland,"Zayed Cricket Stadium, Abu Dhabi",Ireland,field,T20,2021/22,Sri Lanka,1,0,0.44776119402985076,0.5131578947368421,0.4,0.4,1.0,0.0,1.0,1.0
2021-10-20,Netherlands,Namibia,"Zayed Cricket Stadium, Abu Dhabi",Namibia,field,T20,2021/22,Namibia,0,0,0.5555555555555556,0.7727272727272727,0.4,0.8,1.0,0.0,0.0,0.0
2021-10-20,Malawi,Seychelles,Gahanga International Cricket Stadium. Rwanda,Malawi,bat,T20,2021/22,Malawi,1,1,0.3333333333333333,0.5,0.3333333333333333,0.5,0.5,0.5,0.0,0.5
2021-10-20,Rwanda,Lesotho,Integrated Polytechnic Regional Centre,Rwanda,bat,T20,2021/22,Rwanda,1,1,0.3333333333333333,0.0,0.2,0.0,0.5,0.5,0.0,0.0
2021-10-20,Swaziland,Seychelles,Gahanga International Cricket Stadium. Rwanda,Swaziland,bat,T20,2021/22,Seychelles,0,1,0.0,0.3333333333333333,0.0,0.3333333333333333,0.5,0.5,0.5,0.3333333333333333
2021-10-20,Germany,Denmark,"Desert Springs Cricket Ground, Almeria",Denmark,field,T20,2021/22,Germany,1,0,0.631578947368421,0.2727272727272727,0.4,0.2,1.0,0.0,0.42857142857142855,0.0
2021-10-20,Italy,Jersey,"Desert Springs Cricket Ground, Almeria",Jersey,field,T20,2021/22,Jersey,0,0,0.5,0.7142857142857143,0.4,1.0,0.0,1.0,0.5,1.0
2021-10-20,Swaziland,Ghana,Integrated Polytechnic Regional Centre,Ghana,field,T20,2021/22,Ghana,0,0,0.0,0.45454545454545453,0.0,0.8,0.5,0.5,0.0,0.5
2021-10-21,Malta,Gibraltar,Marsa Sports Club,Malta,bat,T20,2021/22,Malta,1,1,0.5,0.0,0.6,0.0,1.0,0.0,0.4,0.5
2021-10-21,Nigeria,Sierra Leone,University of Lagos Cricket Oval,Sierra Leone,field,T20,2021/22,Nigeria,1,0,0.2,1.0,0.2,1.0,0.0,1.0,0.0,1.0
2021-10-21,Uganda,Ghana,Gahanga International Cricket Stadium. Rwanda,Ghana,field,T20,2021/22,Uganda,1,0,0.625,0.5,1.0,1.0,1.0,0.0,0.5,0.7142857142857143
2021-10-21,Bangladesh,Papua New Guinea,Al Amerat Cricket Ground Oman Cricket (Ministry Turf 1),Bangladesh,bat,T20,2021/22,Bangladesh,1,1,0.3627450980392157,0.5454545454545454,0.4,0.0,0.5,0.5,0.5,0.0
2021-10-21,Italy,Germany,"Desert Springs Cricket Ground, Almeria",Germany,field,T20,2021/22,Italy,1,0,0.4444444444444444,0.65,0.4,0.6,0.5,0.5,0.4,0.5
2021-10-21,Denmark,Jersey,"Desert Springs Cricket Ground, Almeria",Denmark,bat,T20,2021/22,Jersey,0,1,0.25,0.7333333333333333,0.0,1.0,0.0,1.0,0.0,1.0
2021-10-21,Oman,Scotland,Al Amerat Cricket Ground Oman Cricket (Ministry Turf 1),Oman,bat,T20,2021/22,Scotland,0,1,0.5172413793103449,0.52,0.6,0.6,0.0,1.0,0.5555555555555556,0.8
2021-10-22,Swaziland,Rwanda,Gahanga International Cricket Stadium. Rwanda,Swaziland,bat,T20,2021/22,Rwanda,0,1,0.0,0.42857142857142855,0.0,0.4,0.5,0.5,0.0,0.4
2021-10-22,Uganda,Seychelles,Integrated Polytechnic Regional Centre,Uganda,bat,T20,2021/22,Uganda,1,1,0.6470588235294118,0.5,1.0,0.5,0.5,0.5,1.0,0.5
2021-10-22,Malawi,Rwanda,Gahanga International Cricket Stadium. Rwanda,Malawi,bat,T20,2021/22,Malawi,1,1,0.5,0.5,0.5,0.4,0.5,0.5,0.5,0.5
2021-10-22,Ireland,Namibia,Sharjah Cricket Stadium,Ireland,bat,T20,2021/22,Namibia,0,1,0.5064935064935064,0.782608695652174,0.4,0.8,1.0,0.0,0.5,0.5
2021-10-22,Netherlands,Sri Lanka,Sharjah Cricket Stadium,Sri Lanka,field,T20,2021/22,Sri Lanka,0,0,0.546875,0.45185185185185184,0.4,0.4,0.0,1.0,0.5,0.5
2021-10-22,Bulgaria,Switzerland,Marsa Sports Club,Bulgaria,bat,T20,2021/22,Switzerland,0,1,0.16666666666666666,0.5,0.0,0.5,0.5,0.5,0.5,0.5
2021-10-22,Gibraltar,Switzerland,Marsa Sports Club,Gibraltar,bat,T20,2021/22,Switzerland,0,1,0.0,1.0,0.0,1.0,0.5,0.5,0.0,1.0
2021-10-23,West Indies,England,Dubai International Cricket Stadium,England,field,T20,2021/22,England,0,0,0.464,0.5390625,0.6,0.8,0.6111111111111112,0.3888888888888889,0.0,0.6666666666666666
2021-10-23,Switzerland,Malta,Marsa Sports Club,Switzerland,bat,T20,2021/22,Switzerland,1,1,1.0,0.5454545454545454,1.0,0.6,0.5,0.5,1.0,0.5
2021-10-23,Sierra Leone,Nigeria,University of Lagos Cricket Oval,Sierra Leone,bat,T20,2021/22,Nigeria,0,1,0.5,0.25,0.5,0.4,0.5,0.5,0.5,0.5
2021-10-23,Maldives,Saudi Arabia,"West End Park International Cricket Stadium, Doha",Maldives,bat,T20,2021/22,Saudi Arabia,0,1,0.3333333333333333,0.0,0.2,0.0,0.5,0.5,0.5,0.5
2021-10-23,South Africa,Australia,"Zayed Cricket Stadium, Abu Dhabi",Australia,field,T20,2021/22,Australia,0,0,0.5693430656934306,0.5177304964539007,1.0,0.2,0.38095238095238093,0.6190476190476191,0.5,0.5
2021-10-24,Bahrain,Kuwait,"West End Park International Cricket Stadium, Doha",Kuwait,field,T20,2021/22,Kuwait,0,0,0.5,0.5,0.5,0.6,0.0,1.0,0.5,0.5
2021-10-24,Bangladesh,Sri Lanka,Sharjah Cricket Stadium,Sri Lanka,field,T20,2021/22,Sri Lanka,0,0,0.36893203883495146,0.45588235294117646,0.6,0.6,0.36363636363636365,0.6363636363636364,0.5,1.0
2021-10-24,Malta,Switzerland,Marsa Sports Club,Malta,bat,T20,2021/22,Malta,1,1,0.5,1.0,0.4,1.0,0.0,1.0,0.42857142857142855,1.0
2021-10-24,Gibraltar,Bulgaria,Marsa Sports Club,Gibraltar,bat,T20,2021/22,Bulgaria,0,1,0.0,0.14285714285714285,0.0,0.0,0.5,0.5,0.0,0.0
2021-10-24,Nigeria,Sierra Leone,University of Lagos Cricket Oval,Nigeria,bat,T20,2021/22,Nigeria,1,1,0.29411764705882354,0.3333333333333333,0.6,0.3333333333333333,0.6666666666666666,0.3333333333333333,0.6666666666666666,0.3333333333333333
2021-10-24,Qatar,Maldives,"West End Park International Cricket Stadium, Doha",Maldives,field,T20,2021/22,Qatar,1,0,0.3333333333333333,0.2857142857142857,0.4,0.2,0.5,0.5,0.5,0.0
2021-10-24,India,Pakistan,Dubai International Cricket Stadium,Pakistan,field,T20,2021/22,Pakistan,0,0,0.6397058823529411,0.6242424242424243,0.6,0.6,0.8571428571428571,0.14285714285714285,0.5,0.5833333333333334
2021-10-26,West Indies,South Africa,Dubai International Cricket Stadium,South Africa,field,T20,2021/22,South Africa,0,0,0.4603174603174603,0.5652173913043478,0.4,0.8,0.4,0.6,0.0,1.0
2021-10-26,Nigeria,Sierra Leone,University of Lagos Cricket Oval,Nigeria,bat,T20,2021/22,Nigeria,1,1,0.3333333333333333,0.25,0.8,0.25,0.75,0.25,0.75,0.25
2021-10-26,New Zealand,Pakistan,Sharjah Cricket Stadium,Pakistan,field,T20,2021/22,Pakistan,0,0,0.5289855072463768,0.6265060240963856,0.4,0.6,0.4166666666666667,0.5833333333333334,0.5,0.5
2021-10-27,Scotland,Namibia,"Zayed Cricket Stadium, Abu Dhabi",Namibia,field,T20,2021/22,Namibia,0,0,0.5294117647058824,0.7916666666666666,0.8,0.8,0.0,1.0,0.5,0.5
2021-10-27,Bangladesh,England,"Zayed Cricket Stadium, Abu Dhabi",Bangladesh,bat,T20,2021/22,England,0,1,0.36538461538461536,0.5426356589147286,0.4,0.8,0.5,0.5,0.5,0.5
2021-10-27,Maldives,Bahrain,"West End Park International Cricket Stadium, Doha",Bahrain,field,T20,2021/22,Bahrain,0,0,0.25,0.3333333333333333,0.2,0.3333333333333333,0.5,0.5,0.0,0.0
2021-10-28,Maldives,Kuwait,"West End Park International Cricket Stadium, Doha",Kuwait,field,T20,2021/22,Kuwait,0,0,0.2222222222222222,0.5714285714285714,0.0,0.6,0.5,0.5,0.0,1.0
2021-10-28,Sri Lanka,Australia,Dubai International Cricket Stadium,Australia,field,T20,2021/22,Australia,0,0,0.45985401459854014,0.5211267605633803,0.8,0.4,0.5,0.5,0.5,0.3333333333333333
2021-10-28,Bahrain,Saudi Arabia,"West End Park International Cricket Stadium, Doha",Saudi Arabia,field,T20,2021/22,Bahrain,1,0,0.5,0.5,0.5,0.5,0.5,0.5,0.5,1.0
2021-10-29,Kuwait,Qatar,"West End Park International Cricket Stadium, Doha",Kuwait,bat,T20,2021/22,Qatar,0,1,0.625,0.42857142857142855,0.8,0.4,1.0,0.0,1.0,1.0
2021-10-29,West Indies,Bangladesh,Sharjah Cricket Stadium,Bangladesh,field,T20,2021/22,West Indies,1,0,0.4566929133858268,0.3619047619047619,0.2,0.4,0.5454545454545454,0.45454545454545453,0.5,0.0
2021-10-30,Australia,England,Dubai International Cricket Stadium,England,field,T20,2021/22,England,0,0,0.5244755244755245,0.5461538461538461,0.6,0.8,0.5555555555555556,0.4444444444444444,0.42857142857142855,0.7142857142857143
2021-10-30,Sri Lanka,South Africa,Sharjah Cricket Stadium,South Africa,field,T20,2021/22,South Africa,0,0,0.45652173913043476,0.5683453237410072,0.8,0.8,0.3333333333333333,0.6666666666666666,1.0,0.5
2021-10-31,India,New Zealand,Dubai International Cricket Stadium,New Zealand,field,T20,2021/22,New Zealand,0,0,0.635036496350365,0.5251798561151079,0.4,0.4,0.42857142857142855,0.5714285714285714,0.0,0.16666666666666666
2021-11-01,England,Sri Lanka,Sharjah Cricket Stadium,Sri Lanka,field,T20,2021/22,England,1,0,0.549618320610687,0.45323741007194246,1.0,0.6,0.6666666666666666,0.3333333333333333,0.5,0.6666666666666666
2021-11-02,Pakistan,Namibia,"Zayed Cricket Stadium, Abu Dhabi",Pakistan,bat,T20,2021/22,Pakistan,1,1,0.6287425149700598,0.8,0.6,0.8,0.5,0.5,0.5,0.6666666666666666
2021-11-02,Botswana,Sierra Leone,Gahanga International Cricket Stadium. Rwanda,Botswana,bat,T20,2021/22,Botswana,1,1,0.0,0.2,0.0,0.2,0.5,0.5,0.5,0.5
2021-11-02,Tanzania,Mozambique,Gahanga International Cricket Stadium. Rwanda,Tanzania,bat,T20,2021/22,Tanzania,1,1,0.5,0.5,0.5,0.5,0.5,0.5,0.5,0.5
2021-11-02,Bangladesh,South Africa,"Zayed Cricket Stadium, Abu Dhabi",South Africa,field,T20,2021/22,South Africa,0,0,0.3584905660377358,0.5714285714285714,0.4,0.8,0.0,1.0,0.0,0.0
2021-11-03,Mozambique,Cameroon,Gahanga International Cricket Stadium. Rwanda,Cameroon,field,T20,2021/22,Mozambique,1,0,0.0,0.5,0.0,0.5,0.5,0.5,0.0,0.5
2021-11-03,New Zealand,Scotland,Dubai International Cricket Stadium,Scotland,field,T20,2021/22,New Zealand,1,0,0.5285714285714286,0.5192307692307693,0.6,0.6,1.0,0.0,0.2857142857142857,0.5
2021-11-03,Sierra Leone,Tanzania,Gahanga International Cricket Stadium. Rwanda,Sierra Leone,bat,T20,2021/22,Tanzania,0,1,0.16666666666666666,1.0,0.0,1.0,0.5,0.5,0.0,1.0
2021-11-04,Sri Lanka,West Indies,"Zayed Cricket Stadium, Abu Dhabi",West Indies,field,T20,2021/22,Sri Lanka,1,0,0.45,0.4609375,0.4,0.4,0.5,0.5,1.0,0.5
2021-11-04,Bangladesh,Australia,Dubai International Cricket Stadium,Australia,field,T20,2021/22,Australia,0,0,0.35514018691588783,0.5208333333333334,0.2,0.6,0.4444444444444444,0.5555555555555556,0.5,0.375
2021-11-05,Mozambique,Sierra Leone,Gahanga International Cricket Stadium. Rwanda,Mozambique,bat,T20,2021/22,Sierra Leone,0,1,0.5,0.14285714285714285,0.5,0.0,0.5,0.5,0.5,0.0
2021-11-05,Cameroon,Botswana,Gahanga International Cricket Stadium. Rwanda,Cameroon,bat,T20,2021/22,Botswana,0,1,0.0,0.125,0.0,0.2,0.5,0.5,0.0,1.0
2021-11-05,New Zealand,Namibia,Sharjah Cricket Stadium,Namibia,field,T20,2021/22,New Zealand,1,0,0.5319148936170213,0.7692307692307693,0.6,0.6,0.5,0.5,0.0,1.0
2021-11-05,Scotland,India,Dubai International Cricket Stadium,India,field,T20,2021/22,India,0,0,0.5094339622641509,0.6304347826086957,0.6,0.2,0.5,0.5,0.4444444444444444,0.0
2021-11-06,Tanzania,Cameroon,Gahanga International Cricket Stadium. Rwanda,Tanzania,bat,T20,2021/22,Tanzania,1,1,1.0,0.0,1.0,0.0,0.5,0.5,1.0,0.0
2021-11-06,West Indies,Australia,"Zayed Cricket Stadium, Abu Dhabi",Australia,field,T20,2021/22,Australia,0,0,0.4573643410852713,0.5241379310344828,0.2,0.6,0.625,0.375,0.0,1.0
2021-11-06,South Africa,England,Sharjah Cricket Stadium,England,field,T20,2021/22,South Africa,1,0,0.574468085106383,0.553030303030303,0.8,1.0,0.45,0.55,1.0,1.0
2021-11-06,Botswana,Mozambique,Gahanga International Cricket Stadium. Rwanda,Botswana,bat,T20,2021/22,Botswana,1,1,0.2222222222222222,0.3333333333333333,0.4,0.3333333333333333,0.5,0.5,1.0,0.3333333333333333
2021-11-07,Tanzania,Botswana,Gahanga International Cricket Stadium. Rwanda,Tanzania,bat,T20,2021/22,Tanzania,1,1,1.0,0.3,1.0,0.6,0.5,0.5,1.0,1.0
2021-11-07,Cameroon,Sierra Leone,Gahanga International Cricket Stadium. Rwanda,Cameroon,bat,T20,2021/22,Sierra Leone,0,1,0.0,0.25,0.0,0.2,0.5,0.5,0.0,0.3333333333333333
2021-11-07,Belize,United States of America,"Coolidge Cricket Ground, Antigua",United States of America,field,T20,2021/22,United States of America,0,0,0.5,0.2857142857142857,0.5,0.4,0.5,0.5,0.5,0.5
2021-11-07,Pakistan,Scotland,Sharjah Cricket Stadium,Pakistan,bat,T20,2021/22,Pakistan,1,1,0.6309523809523809,0.5,0.8,0.4,1.0,0.0,1.0,0.5
2021-11-08,Namibia,India,Dubai International Cricket Stadium,India,field,T20,2021/22,India,0,0,0.7407407407407407,0.6330935251798561,0.6,0.2,0.5,0.5,0.6,0.3333333333333333
2021-11-08,United States of America,Bermuda,"Sir Vivian Richards Stadium, North Sound, Antigua",United States of America,bat,T20,2021/22,United States of America,1,1,0.375,0.36363636363636365,0.4,0.0,0.0,1.0,0.5,0.5
2021-11-08,Belize,Panama,"Coolidge Cricket Ground, Antigua",Belize,bat,T20,2021/22,Belize,1,1,0.0,0.5,0.0,0.5,0.5,0.5,0.0,0.5
2021-11-08,Bahamas,Argentina,"Sir Vivian Richards Stadium, North Sound, Antigua",Bahamas,bat,T20,2021/22,Bahamas,1,1,0.5,0.5,0.5,0.5,0.5,0.5,0.5,0.5
2021-11-08,Canada,Belize,"Coolidge Cricket Ground, Antigua",Canada,bat,T20,2021/22,Canada,1,1,0.42105263157894735,0.5,0.4,0.5,0.5,0.5,0.5,0.5
2021-11-10,Bermuda,Bahamas,"Coolidge Cricket Ground, Antigua",Bahamas,field,T20,2021/22,Bermuda,1,0,0.3333333333333333,1.0,0.0,1.0,0.5,0.5,0.5,0.5
2021-11-10,Argentina,Belize,"Sir Vivian Richards Stadium, North Sound, Antigua",Argentina,bat,T20,2021/22,Argentina,1,1,0.0,0.3333333333333333,0.0,0.3333333333333333,0.5,0.5,0.0,0.5
2021-11-10,England,New Zealand,"Zayed Cricket Stadium, Abu Dhabi",New Zealand,field,T20,2021/22,New Zealand,0,0,0.5488721804511278,0.5352112676056338,0.8,0.8,0.631578947368421,0.3684210526315789,1.0,0.5
2021-11-11,Argentina,United States of America,"Sir Vivian Richards Stadium, North Sound, Antigua",Argentina,bat,T20,2021/22,United States of America,0,1,0.5,0.4444444444444444,0.5,0.6,0.5,0.5,0.5,1.0
2021-11-11,Pakistan,Australia,Dubai International Cricket Stadium,Australia,field,T20,2021/22,Australia,0,0,0.6331360946745562,0.5273972602739726,1.0,0.8,0.5714285714285714,0.42857142857142855,0.6,0.4444444444444444
2021-11-13,Panama,Bahamas,"Coolidge Cricket Ground, Antigua",Bahamas,field,T20,2021/22,Panama,1,0,0.0,0.5,0.0,0.5,0.5,0.5,0.0,0.0
2021-11-13,Argentina,Canada,"Sir Vivian Richards Stadium, North Sound, Antigua",Argentina,bat,T20,2021/22,Canada,0,1,0.3333333333333333,0.45,0.3333333333333333,0.4,0.5,0.5,0.3333333333333333,0.5
2021-11-13,Bahamas,United States of America,"Coolidge Cricket Ground, Antigua",Bahamas,bat,T20,2021/22,United States of America,0,1,0.3333333333333333,0.5,0.3333333333333333,0.8,0.5,0.5,0.0,1.0
2021-11-13,Belize,Bermuda,"Sir Vivian Richards Stadium, North Sound, Antigua",Belize,bat,T20,2021/22,Bermuda,0,1,0.25,0.38461538461538464,0.25,0.2,0.5,0.5,0.0,0.0
2021-11-14,New Zealand,Australia,Dubai International Cricket Stadium,Australia,field,T20,2021/22,Australia,0,0,0.5384615384615384,0.5306122448979592,0.8,0.8,0.3076923076923077,0.6923076923076923,0.375,0.5
2021-11-14,Canada,Panama,"Coolidge Cricket Ground, Antigua",Canada,bat,T20,2021/22,Canada,1,1,0.47619047619047616,0.5,0.4,0.5,0.5,0.5,1.0,0.5
2021-11-17,New Zealand,India,"Sawai Mansingh Stadium, Jaipur",India,field,T20,2021/22,India,0,0,0.5347222222222222,0.6357142857142857,0.8,0.4,0.6,0.4,0.5,0.5
2021-11-17,Nigeria,Tanzania,Gahanga International Cricket Stadium. Rwanda,Nigeria,bat,T20,2021/22,Tanzania,0,1,0.3684210526315789,1.0,0.8,1.0,0.5,0.5,0.5,1.0
2021-11-17,Tanzania,Kenya,Integrated Polytechnic Regional Centre,Tanzania,bat,T20,2021/22,Tanzania,1,1,1.0,0.43333333333333335,1.0,0.6,0.5,0.5,0.5,0.5
2021-11-17,Uganda,Nigeria,Gahanga International Cricket Stadium. Rwanda,Uganda,bat,T20,2021/22,Uganda,1,1,0.6666666666666666,0.35,1.0,0.8,1.0,0.0,1.0,0.0
2021-11-17,Kenya,Uganda,Integrated Polytechnic Regional Centre,Kenya,bat,T20,2021/22,Kenya,1,1,0.41935483870967744,0.6842105263157895,0.4,1.0,0.6666666666666666,0.3333333333333333,0.0,1.0
2021-11-18,Tanzania,Kenya,Gahanga International Cricket Stadium. Rwanda,Tanzania,bat,T20,2021/22,Kenya,0,1,1.0,0.4375,1.0,0.4,1.0,0.0,1.0,0.5
2021-11-18,Nigeria,Uganda,Integrated Polytechnic Regional Centre,Uganda,field,T20,2021/22,Uganda,0,0,0.3333333333333333,0.65,0.6,0.8,0.0,1.0,0.5,0.8333333333333334
2021-11-18,Nigeria,Kenya,Integrated Polytechnic Regional Centre,Nigeria,bat,T20,2021/22,Kenya,0,1,0.3181818181818182,0.45454545454545453,0.4,0.4,0.3333333333333333,0.6666666666666666,0.0,0.5
2021-11-18,Tanzania,Uganda,Gahanga International Cricket Stadium. Rwanda,Tanzania,bat,T20,2021/22,Uganda,0,1,0.8571428571428571,0.6666666666666666,0.8,0.8,0.5,0.5,0.8333333333333334,1.0
2021-11-19,Bangladesh,Pakistan,"Shere Bangla National Stadium, Mirpur",Bangladesh,bat,T20,2021/22,Pakistan,0,1,0.35185185185185186,0.6294117647058823,0.0,0.8,0.16666666666666666,0.8333333333333334,0.6875,0.5
2021-11-19,New Zealand,India,"JSCA International Stadium Complex, Ranchi",India,field,T20,2021/22,India,0,0,0.5310344827586206,0.6382978723404256,0.6,0.6,0.5625,0.4375,0.5,0.5
2021-11-20,Tanzania,Nigeria,Integrated Polytechnic Regional Centre,Tanzania,bat,T20,2021/22,Tanzania,1,1,0.75,0.30434782608695654,0.6,0.2,1.0,0.0,1.0,0.0
2021-11-20,Kenya,Nigeria,Integrated Polytechnic Regional Centre,Nigeria,field,T20,2021/22,Kenya,1,0,0.47058823529411764,0.2916666666666667,0.6,0.0,0.75,0.25,0.6666666666666666,0.0
2021-11-20,Tanzania,Uganda,Gahanga International Cricket Stadium. Rwanda,Uganda,field,T20,2021/22,Uganda,0,0,0.7777777777777778,0.6818181818181818,0.6,0.8,0.0,1.0,0.7142857142857143,1.0
2021-11-20,Bangladesh,Pakistan,"Shere Bangla National Stadium, Mirpur",Bangladesh,bat,T20,2021/22,Pakistan,0,1,0.3486238532110092,0.631578947368421,0.0,0.8,0.15384615384615385,0.8461538461538461,0.6470588235294118,1.0
2021-11-20,Kenya,Uganda,Gahanga International Cricket Stadium. Rwanda,Kenya,bat,T20,2021/22,Uganda,0,1,0.4857142857142857,0.6956521739130435,0.8,0.8,0.75,0.25,1.0,1.0
2021-11-21,India,New Zealand,"Eden Gardens, Kolkata",India,bat,T20,2021/22,India,1,1,0.6408450704225352,0.5273972602739726,0.8,0.4,0.47058823529411764,0.5294117647058824,0.5,0.5
2021-11-22,Bangladesh,Pakistan,"Shere Bangla National Stadium, Mirpur",Bangladesh,bat,T20,2021/22,Pakistan,0,1,0.34545454545454546,0.6337209302325582,0.0,0.8,0.14285714285714285,0.8571428571428571,0.6111111111111112,1.0
2021-12-13,Pakistan,West Indies,"National Stadium, Karachi",West Indies,field,T20,2021/22,Pakistan,1,0,0.6358381502890174,0.45384615384615384,0.8,0.2,0.8,0.2,0.5,0.5
2021-12-14,Pakistan,West Indies,"National Stadium, Karachi",Pakistan,bat,T20,2021/22,Pakistan,1,1,0.6379310344827587,0.45038167938931295,0.8,0.2,0.8125,0.1875,1.0,0.0
2021-12-16,West Indies,Pakistan,"National Stadium, Karachi",West Indies,bat,T20,2021/22,Pakistan,0,1,0.44696969696969696,0.64,0.2,1.0,0.17647058823529413,0.8235294117647058,0.0,1.0
2021-12-22,United States of America,Ireland,"Central Broward Regional Park Stadium Turf Ground, Lauderhill",United States of America,bat,T20,2021/22,United States of America,1,1,0.5454545454545454,0.5,0.8,0.2,0.5,0.5,0.5,0.5
2021-12-23,Ireland,United States of America,"Central Broward Regional Park Stadium Turf Ground, Lauderhill",United States of America,field,T20,2021/22,Ireland,1,0,0.4936708860759494,0.5833333333333334,0.2,1.0,0.0,1.0,0.0,1.0
2022-01-22,England,West Indies,"Kensington Oval, Bridgetown, Barbados",West Indies,field,T20,2021/22,West Indies,0,0,0.5447761194029851,0.44360902255639095,0.6,0.0,0.42105263157894735,0.5789473684210527,0.5,0.5
2022-01-23,England,West Indies,"Kensington Oval, Bridgetown, Barbados",West Indies,field,T20,2021/22,England,1,0,0.5407407407407407,0.44776119402985076,0.4,0.2,0.4,0.6,0.0,1.0
2022-01-26,West Indies,England,"Kensington Oval, Bridgetown, Barbados",England,field,T20,2021/22,West Indies,1,0,0.4444444444444444,0.5441176470588235,0.2,0.4,0.5714285714285714,0.42857142857142855,0.5,0.5
2022-01-29,England,West Indies,"Kensington Oval, Bridgetown, Barbados",West Indies,field,T20,2021/22,England,1,0,0.5401459854014599,0.4485294117647059,0.2,0.4,0.4090909090909091,0.5909090909090909,0.3333333333333333,0.6666666666666666
2022-01-30,West Indies,England,"Kensington Oval, Bridgetown, Barbados",West Indies,bat,T20,2021/22,West Indies,1,1,0.44525547445255476,0.5434782608695652,0.4,0.4,0.5652173913043478,0.43478260869565216,0.5,0.5
2022-02-11,Australia,Sri Lanka,Sydney Cricket Ground,Sri Lanka,field,T20,2021/22,Australia,1,0,0.5337837837837838,0.45390070921985815,0.8,0.4,0.5294117647058824,0.47058823529411764,0.625,0.5
2022-02-11,Oman,Nepal,Al Amerat Cricket Ground Oman Cricket (Ministry Turf 1),Nepal,field,T20,2021/22,Nepal,0,0,0.5,0.5294117647058824,0.4,0.8,1.0,0.0,0.5,0.5
2022-02-12,United Arab Emirates,Nepal,Al Amerat Cricket Ground Oman Cricket (Ministry Turf 1),Nepal,field,T20,2021/22,United Arab Emirates,1,0,0.5121951219512195,0.5428571428571428,0.8,0.8,0.3333333333333333,0.6666666666666666,1.0,0.6
2022-02-12,Oman,Ireland,Al Amerat Cricket Ground Oman Cricket (Ministry Turf 1),Ireland,field,T20,2021/22,Ireland,0,0,0.4838709677419355,0.5,0.4,0.4,0.5,0.5,0.45454545454545453,0.7142857142857143
2022-02-13,United Arab Emirates,Ireland,Al Amerat Cricket Ground Oman Cricket (Ministry Turf 1),Ireland,field,T20,2021/22,United Arab Emirates,1,0,0.5238095238095238,0.5061728395061729,0.8,0.4,0.5,0.5,1.0,0.75
2022-02-14,Ireland,Nepal,Al Amerat Cricket Ground Oman Cricket (Ministry Turf 1),Nepal,field,T20,2021/22,Ireland,1,0,0.5,0.5277777777777778,0.4,0.6,1.0,0.0,0.6666666666666666,0.5
2022-02-14,United Arab Emirates,Oman,Al Amerat Cricket Ground Oman Cricket (Ministry Turf 1),Oman,field,T20,2021/22,Oman,0,0,0.5348837209302325,0.46875,0.8,0.2,0.6666666666666666,0.3333333333333333,1.0,0.4166666666666667
2022-02-15,Sri Lanka,Australia,"Manuka Oval, Canberra",Australia,field,T20,2021/22,Australia,0,0,0.4507042253521127,0.5369127516778524,0.2,1.0,0.4444444444444444,0.5555555555555556,0.5,0.5
2022-02-16,West Indies,India,"Eden Gardens, Kolkata",India,field,T20,2021/22,India,0,0,0.4492753623188406,0.6433566433566433,0.6,1.0,0.375,0.625,0.5,1.0
2022-02-18,Sri Lanka,Australia,Melbourne Cricket Ground,Australia,field,T20,2021/22,Australia,0,0,0.44755244755244755,0.54,0.2,1.0,0.42105263157894735,0.5789473684210527,0.6666666666666666,0.6666666666666666
2022-02-18,Nepal,Oman,Al Amerat Cricket Ground Oman Cricket (Ministry Turf 1),Oman,field,T20,2021/22,Nepal,1,0,0.5135135135135135,0.48484848484848486,0.6,0.2,0.5,0.5,0.42857142857142855,0.46153846153846156
2022-02-18,Canada,Philippines,Al Amerat Cricket Ground Oman Cricket (Ministry Turf 2),Philippines,field,T20,2021/22,Canada,1,0,0.5,0.3333333333333333,0.6,0.3333333333333333,0.5,0.5,0.5,0.5
2022-02-18,United Arab Emirates,Ireland,Al Amerat Cricket Ground Oman Cricket (Ministry Turf 1),United Arab Emirates,bat,T20,2021/22,United Arab Emirates,1,1,0.5227272727272727,0.5060240963855421,0.8,0.6,0.5555555555555556,0.4444444444444444,0.75,0.7
2022-02-18,Germany,Bahrain,Al Amerat Cricket Ground Oman Cricket (Ministry Turf 2),Bahrain,field,T20,2021/22,Bahrain,0,0,0.6190476190476191,0.6,0.6,0.6,0.5,0.5,0.5,0.5
2022-02-18,India,West Indies,"Eden Gardens, Kolkata",West Indies,field,T20,2021/22,India,1,0,0.6458333333333334,0.4460431654676259,1.0,0.4,0.6470588235294118,0.35294117647058826,1.0,0.0
2022-02-19,Canada,Oman,Al Amerat Cricket Ground Oman Cricket (Ministry Turf 1),Oman,field,T20,2021/22,Oman,0,0,0.5217391304347826,0.47058823529411764,0.8,0.2,0.0,1.0,0.5,0.42857142857142855
2022-02-19,Nepal,Philippines,Al Amerat Cricket Ground Oman Cricket (Ministry Turf 2),Philippines,field,T20,2021/22,Nepal,1,0,0.5263157894736842,0.25,0.6,0.25,0.5,0.5,0.5,0.0
2022-02-19,United Arab Emirates,Germany,Al Amerat Cricket Ground Oman Cricket (Ministry Turf 1),United Arab Emirates,bat,T20,2021/22,United Arab Emirates,1,1,0.5333333333333333,0.5909090909090909,0.8,0.4,0.5,0.5,0.8,0.5
2022-02-19,Ireland,Bahrain,Al Amerat Cricket Ground Oman Cricket (Ministry Turf 2),Ireland,bat,T20,2021/22,Ireland,1,1,0.5,0.6666666666666666,0.6,0.6,0.5,0.5,0.5,1.0
2022-02-20,India,West Indies,"Eden Gardens, Kolkata",West Indies,field,T20,2021/22,India,1,0,0.6482758620689655,0.44285714285714284,1.0,0.4,0.6666666666666666,0.3333333333333333,1.0,0.0
2022-02-20,Australia,Sri Lanka,Melbourne Cricket Ground,Australia,bat,T20,2021/22,Sri Lanka,0,1,0.543046357615894,0.4444444444444444,1.0,0.2,0.6,0.4,0.6923076923076923,0.5
2022-02-21,Philippines,Oman,Al Amerat Cricket Ground Oman Cricket (Ministry Turf 2),Philippines,bat,T20,2021/22,Oman,0,1,0.2,0.4857142857142857,0.2,0.4,0.5,0.5,0.0,0.5
2022-02-21,Bahrain,United Arab Emirates,Al Amerat Cricket Ground Oman Cricket (Ministry Turf 2),Bahrain,bat,T20,2021/22,Bahrain,1,1,0.5714285714285714,0.5434782608695652,0.6,0.8,0.5,0.5,0.5,1.0
2022-02-21,Germany,Ireland,Al Amerat Cricket Ground Oman Cricket (Ministry Turf 1),Ireland,field,T20,2021/22,Ireland,0,0,0.5652173913043478,0.5058823529411764,0.2,0.6,0.5,0.5,0.0,0.6363636363636364
2022-02-21,Canada,Nepal,Al Amerat Cricket Ground Oman Cricket (Ministry Turf 1),Canada,bat,T20,2021/22,Nepal,0,1,0.5,0.5384615384615384,0.8,0.6,0.5,0.5,0.0,0.5
2022-02-22,Germany,Canada,Al Amerat Cricket Ground Oman Cricket (Ministry Turf 1),Canada,field,T20,2021/22,Canada,0,0,0.5416666666666666,0.48,0.2,0.6,0.5,0.5,0.0,0.0
2022-02-22,Bahrain,Philippines,Al Amerat Cricket Ground Oman Cricket (Ministry Turf 2),Bahrain,bat,T20,2021/22,Bahrain,1,1,0.625,0.16666666666666666,0.8,0.2,0.5,0.5,0.6666666666666666,0.0
2022-02-22,United Arab Emirates,Nepal,Al Amerat Cricket Ground Oman Cricket (Ministry Turf 1),United Arab Emirates,bat,T20,2021/22,United Arab Emirates,1,1,0.5319148936170213,0.55,0.6,0.6,0.5,0.5,0.8333333333333334,0.5555555555555556
2022-02-22,Ireland,Oman,Al Amerat Cricket Ground Oman Cricket (Ministry Turf 2),Oman,field,T20,2021/22,Ireland,1,0,0.5116279069767442,0.5,0.6,0.6,0.6,0.4,1.0,1.0
2022-02-24,Bahrain,Canada,Al Amerat Cricket Ground Oman Cricket (Ministry Turf 1),Bahrain,bat,T20,2021/22,Canada,0,1,0.6666666666666666,0.5,0.8,0.6,0.5,0.5,0.5,0.3333333333333333
2022-02-24,Philippines,Germany,Al Amerat Cricket Ground Oman Cricket (Ministry Turf 2),Germany,field,T20,2021/22,Germany,0,0,0.14285714285714285,0.52,0.2,0.0,0.5,0.5,0.0,0.0
2022-02-24,Ireland,United Arab Emirates,Al Amerat Cricket Ground Oman Cricket (Ministry Turf 1),Ireland,bat,T20,2021/22,United Arab Emirates,0,1,0.5172413793103449,0.5416666666666666,0.8,0.6,0.4,0.6,0.6666666666666666,0.8571428571428571
2022-02-24,Oman,Nepal,Al Amerat Cricket Ground Oman Cricket (Ministry Turf 2),Oman,bat,T20,2021/22,Nepal,0,1,0.4864864864864865,0.5365853658536586,0.6,0.6,0.3333333333333333,0.6666666666666666,0.5,1.0
2022-02-24,India,Sri Lanka,"Bharat Ratna Shri Atal Bihari Vajpayee Ekana Cricket Stadium, Lucknow",Sri Lanka,field,T20,2021/22,India,1,0,0.6506849315068494,0.4482758620689655,1.0,0.4,0.6666666666666666,0.3333333333333333,0.5,0.5
2022-02-26,Sri Lanka,India,"Himachal Pradesh Cricket Association Stadium, Dharamsala",India,field,T20,2021/22,India,0,0,0.4452054794520548,0.6530612244897959,0.2,1.0,0.3181818181818182,0.6818181818181818,0.5,0.5
2022-02-27,Sri Lanka,India,"Himachal Pradesh Cricket Association Stadium, Dharamsala",Sri Lanka,bat,T20,2021/22,India,0,1,0.4421768707482993,0.6554054054054054,0.2,1.0,0.30434782608695654,0.6956521739130435,0.0,1.0
2022-03-28,Nepal,Papua New Guinea,"Tribhuvan University International Cricket Ground, Kirtipur",Papua New Guinea,field,T20,2021/22,Nepal,1,0,0.5476190476190477,0.5217391304347826,0.8,0.0,0.0,1.0,0.8,0.5
2022-03-29,Malaysia,Papua New Guinea,"Tribhuvan University International Cricket Ground, Kirtipur",Malaysia,bat,T20,2021/22,Malaysia,1,1,0.4583333333333333,0.5,0.0,0.0,0.5,0.5,0.0,0.0
2022-03-30,Malaysia,Nepal,"Tribhuvan University International Cricket Ground, Kirtipur",Malaysia,bat,T20,2021/22,Nepal,0,1,0.48,0.5581395348837209,0.2,0.8,0.0,1.0,0.25,0.8333333333333334
2022-03-31,Nepal,Papua New Guinea,"Tribhuvan University International Cricket Ground, Kirtipur",Papua New Guinea,field,T20,2021/22,Nepal,1,0,0.5681818181818182,0.48,0.8,0.0,0.5,0.5,0.8571428571428571,0.0
2022-04-01,Malaysia,Papua New Guinea,"Tribhuvan University International Cricket Ground, Kirtipur",Papua New Guinea,field,T20,2021/22,Papua New Guinea,0,0,0.46153846153846156,0.46153846153846156,0.2,0.0,1.0,0.0,0.2,0.0
2022-04-02,Nepal,Malaysia,"Tribhuvan University International Cricket Ground, Kirtipur",Malaysia,field,T20,2021/22,Nepal,1,0,0.5777777777777777,0.4444444444444444,0.8,0.2,1.0,0.0,0.875,0.16666666666666666
2022-04-04,Nepal,Papua New Guinea,"Tribhuvan University International Cricket Ground, Kirtipur",Papua New Guinea,field,T20,2021/22,Nepal,1,0,0.5869565217391305,0.48148148148148145,1.0,0.2,0.6666666666666666,0.3333333333333333,0.8888888888888888,0.25
2022-04-05,Pakistan,Australia,"Gaddafi Stadium, Lahore",Australia,field,T20,2021/22,Australia,0,0,0.6420454545454546,0.5394736842105263,1.0,0.8,0.5454545454545454,0.45454545454545453,0.5,0.5
2022-04-08,Uganda,Namibia,"United Cricket Club Ground, Windhoek",Namibia,field,T20,2022,Namibia,0,0,0.7083333333333334,0.7142857142857143,0.8,0.4,0.0,1.0,0.5,0.5
2022-04-09,Namibia,Uganda,"United Cricket Club Ground, Windhoek",Uganda,field,T20,2022,Uganda,0,0,0.7241379310344828,0.68,0.4,0.8,1.0,0.0,1.0,0.0
2022-04-10,Namibia,Uganda,"United Cricket Club Ground, Windhoek",Uganda,field,T20,2022,Namibia,1,0,0.7,0.6923076923076923,0.2,0.8,0.8333333333333334,0.16666666666666666,0.5,0.5
2022-04-29,Norway,Guernsey,"Desert Springs Cricket Ground, Almeria",Norway,bat,T20,2022,Norway,1,1,0.2222222222222222,0.6,0.4,0.6,0.0,1.0,0.5,0.5
2022-04-30,Spain,Norway,"Desert Springs Cricket Ground, Almeria",Spain,bat,T20,2022,Spain,1,1,0.7777777777777778,0.3,0.6,0.6,0.5,0.5,0.6666666666666666,1.0
2022-04-30,Norway,Guernsey,"Desert Springs Cricket Ground, Almeria",Norway,bat,T20,2022,Guernsey,0,1,0.2727272727272727,0.5,0.6,0.6,0.5,0.5,0.5,0.0
2022-04-30,Guernsey,Spain,"Desert Springs Cricket Ground, Almeria",Guernsey,bat,T20,2022,Spain,0,1,0.5714285714285714,0.8,0.8,0.8,0.5,0.5,0.5,0.75
2022-05-01,Spain,Guernsey,"Desert Springs Cricket Ground, Almeria",Spain,bat,T20,2022,Guernsey,0,1,0.8181818181818182,0.5,0.8,0.6,1.0,0.0,0.8,0.3333333333333333
2022-05-01,Spain,Norway,"Desert Springs Cricket Ground, Almeria",Spain,bat,T20,2022,Spain,1,1,0.75,0.25,0.8,0.4,1.0,0.0,0.6666666666666666,0.3333333333333333
2022-05-07,Denmark,Finland,"Svanholm Park, Brondby",Finland,field,T20,2022,Finland,0,0,0.23076923076923078,0.5,0.0,0.5,0.5,0.5,0.5,0.5
2022-05-07,Denmark,Finland,"Svanholm Park, Brondby",Finland,field,T20,2022,Denmark,1,0,0.21428571428571427,0.6,0.0,0.6,0.0,1.0,0.3333333333333333,1.0
2022-05-08,Denmark,Finland,"Svanholm Park, Brondby",Denmark,bat,T20,2022,Denmark,1,1,0.26666666666666666,0.5,0.2,0.4,0.5,0.5,0.5,0.5
2022-05-10,Gibraltar,Malta,Marsa Sports Club,Malta,field,T20,2022,Malta,0,0,0.0,0.5384615384615384,0.0,0.4,0.0,1.0,0.0,0.5
2022-05-10,Malta,Hungary,Marsa Sports Club,Hungary,field,T20,2022,Malta,1,0,0.5714285714285714,0.5,0.6,0.5,0.0,1.0,0.5555555555555556,0.5
2022-05-10,Gibraltar,Hungary,Marsa Sports Club,Hungary,field,T20,2022,Hungary,0,0,0.0,0.4,0.0,0.4,0.5,0.5,0.0,0.0
2022-05-11,Romania,Malta,Marsa Sports Club,Malta,field,T20,2022,Malta,0,0,0.9090909090909091,0.6,1.0,0.8,1.0,0.0,0.5,0.6
2022-05-11,Hungary,Bulgaria,Marsa Sports Club,Bulgaria,field,T20,2022,Hungary,1,0,0.5,0.25,0.4,0.2,0.5,0.5,0.5,0.5
2022-05-11,Czech Republic,Gibraltar,Marsa Sports Club,Czech Republic,bat,T20,2022,Czech Republic,1,1,0.14285714285714285,0.0,0.0,0.0,0.5,0.5,0.5,0.0
2022-05-12,Romania,Hungary,Marsa Sports Club,Romania,bat,T20,2022,Hungary,0,1,0.8333333333333334,0.5714285714285714,0.8,0.6,1.0,0.0,0.0,0.6666666666666666
2022-05-12,Czech Republic,Bulgaria,Marsa Sports Club,Czech Republic,bat,T20,2022,Czech Republic,1,1,0.25,0.2222222222222222,0.2,0.2,0.5,0.5,1.0,0.3333333333333333
2022-05-12,Malta,Czech Republic,Marsa Sports Club,Czech Republic,field,T20,2022,Malta,1,0,0.625,0.3333333333333333,0.8,0.4,0.5,0.5,0.6363636363636364,1.0
2022-05-13,Gibraltar,Bulgaria,Marsa Sports Club,Gibraltar,bat,T20,2022,Gibraltar,1,1,0.0,0.2,0.0,0.2,0.0,1.0,0.0,0.25
2022-05-13,Bulgaria,Romania,Marsa Sports Club,Bulgaria,bat,T20,2022,Romania,0,1,0.18181818181818182,0.7692307692307693,0.2,0.6,0.25,0.75,0.2,0.0
2022-05-13,Romania,Czech Republic,Marsa Sports Club,Romania,bat,T20,2022,Romania,1,1,0.7857142857142857,0.3,0.6,0.4,1.0,0.0,0.3333333333333333,0.6666666666666666
2022-05-14,Hungary,Czech Republic,Marsa Sports Club,Hungary,bat,T20,2022,Czech Republic,0,1,0.625,0.2727272727272727,0.8,0.4,1.0,0.0,0.75,0.5
2022-05-14,Gibraltar,Romania,Marsa Sports Club,Gibraltar,bat,T20,2022,Romania,0,1,0.07692307692307693,0.8,0.2,0.6,0.5,0.5,0.14285714285714285,0.5
2022-05-14,Bulgaria,Malta,Marsa Sports Club,Bulgaria,bat,T20,2022,Malta,0,1,0.16666666666666666,0.6470588235294118,0.2,1.0,0.0,1.0,0.16666666666666666,0.6666666666666666
2022-05-15,Romania,Malta,Marsa Sports Club,Romania,bat,T20,2022,Romania,1,1,0.8125,0.6666666666666666,0.6,1.0,0.5,0.5,0.6,0.6923076923076923
2022-05-15,Czech Republic,Hungary,Marsa Sports Club,Hungary,field,T20,2022,Czech Republic,1,0,0.3333333333333333,0.5555555555555556,0.6,0.6,0.5,0.5,0.6,0.6
2022-05-15,Gibraltar,Bulgaria,Marsa Sports Club,Gibraltar,bat,T20,2022,Bulgaria,0,1,0.07142857142857142,0.15384615384615385,0.2,0.0,0.5,0.5,0.125,0.14285714285714285
2022-05-17,Zimbabwe,Namibia,"Queens Sports Club, Bulawayo",Zimbabwe,bat,T20,2022,Zimbabwe,1,1,0.28205128205128205,0.7096774193548387,0.6,0.4,0.5,0.5,0.5,0.5
2022-05-19,Zimbabwe,Namibia,"Queens Sports Club, Bulawayo",Zimbabwe,bat,T20,2022,Namibia,0,1,0.2911392405063291,0.6875,0.8,0.4,1.0,0.0,1.0,0.0
2022-05-20,Jersey,Guernsey,"College Field, St Peter Port",Guernsey,field,T20,2022,Jersey,1,0,0.75,0.5555555555555556,1.0,0.6,0.5,0.5,0.5,0.5
2022-05-21,Namibia,Zimbabwe,"Queens Sports Club, Bulawayo",Namibia,bat,T20,2022,Zimbabwe,0,1,0.696969696969697,0.2875,0.6,0.6,0.5,0.5,0.5,0.5
2022-05-22,Zimbabwe,Namibia,"Queens Sports Club, Bulawayo",Namibia,field,T20,2022,Namibia,0,0,0.2962962962962963,0.6764705882352942,0.8,0.4,0.6666666666666666,0.3333333333333333,0.6666666666666666,0.3333333333333333
2022-05-24,Namibia,Zimbabwe,"Queens Sports Club, Bulawayo",Zimbabwe,field,T20,2022,Namibia,1,0,0.6857142857142857,0.2926829268292683,0.6,0.6,0.5,0.5,0.5,0.5
2022-06-07,Sri Lanka,Australia,"R Premadasa Stadium, Colombo",Australia,field,T20,2022,Australia,0,0,0.4391891891891892,0.5424836601307189,0.2,0.8,0.42857142857142855,0.5714285714285714,0.3333333333333333,0.5
2022-06-08,Sri Lanka,Australia,"R Premadasa Stadium, Colombo",Australia,field,T20,2022,Australia,0,0,0.436241610738255,0.5454545454545454,0.2,0.8,0.4090909090909091,0.5909090909090909,0.2857142857142857,1.0
2022-06-09,Sweden,Germany,Bayer Uerdingen Cricket Ground,Germany,field,T20,2022,Germany,0,0,0.5,0.5384615384615384,0.4,0.2,0.5,0.5,0.5,0.8
2022-06-09,India,South Africa,"Arun Jaitley Stadium, Delhi",South Africa,field,T20,2022,South Africa,0,0,0.6577181208053692,0.5774647887323944,1.0,0.8,0.6,0.4,0.5,0.5
2022-06-09,Germany,Austria,Bayer Uerdingen Cricket Ground,Austria,field,T20,2022,Germany,1,0,0.5555555555555556,0.6666666666666666,0.4,0.6666666666666666,0.5,0.5,0.8333333333333334,0.5
2022-06-10,Austria,Sweden,Bayer Uerdingen Cricket Ground,Sweden,field,T20,2022,Austria,1,0,0.5,0.42857142857142855,0.5,0.4,0.5,0.5,0.0,0.0
2022-06-10,Austria,Germany,Bayer Uerdingen Cricket Ground,Austria,bat,T20,2022,Austria,1,1,0.6,0.5714285714285714,0.6,0.6,0.0,1.0,0.5,0.8571428571428571
2022-06-11,Germany,Sweden,Bayer Uerdingen Cricket Ground,Germany,bat,T20,2022,Germany,1,1,0.5517241379310345,0.375,0.6,0.4,1.0,0.0,0.75,0.0
2022-06-11,Austria,Sweden,Bayer Uerdingen Cricket Ground,Sweden,field,T20,2022,Austria,1,0,0.6666666666666666,0.3333333333333333,0.6,0.4,1.0,0.0,0.6666666666666666,0.0
2022-06-11,Australia,Sri Lanka,Pallekele International Cricket Stadium,Australia,bat,T20,2022,Sri Lanka,0,1,0.5483870967741935,0.43333333333333335,0.8,0.0,0.6086956521739131,0.391304347826087,0.3333333333333333,0.5714285714285714
2022-06-12,India,South Africa,"Barabati Stadium, Cuttack",South Africa,field,T20,2022,South Africa,0,0,0.6533333333333333,0.5804195804195804,0.8,1.0,0.5625,0.4375,0.5,0.5
2022-06-14,India,South Africa,"Dr. Y.S. Rajasekhara Reddy ACA-VDCA Cricket Stadium, Visakhapatnam",South Africa,field,T20,2022,India,1,0,0.6490066225165563,0.5833333333333334,0.6,1.0,0.5294117647058824,0.47058823529411764,0.5,0.5
2022-06-17,India,South Africa,"Saurashtra Cricket Association Stadium, Rajkot",South Africa,field,T20,2022,India,1,0,0.6513157894736842,0.5793103448275863,0.6,0.8,0.5555555555555556,0.4444444444444444,0.5,0.5
2022-06-24,Serbia,Bulgaria,"National Sports Academy, Sofia",Bulgaria,field,T20,2022,Bulgaria,0,0,0.0,0.21428571428571427,0.0,0.2,0.5,0.5,0.0,0.0
2022-06-25,Serbia,Bulgaria,"National Sports Academy, Sofia",Serbia,bat,T20,2022,Bulgaria,0,1,0.0,0.26666666666666666,0.0,0.4,0.0,1.0,0.0,0.5
2022-06-25,Serbia,Bulgaria,"National Sports Academy, Sofia",Serbia,bat,T20,2022,Bulgaria,0,1,0.0,0.3125,0.0,0.6,0.0,1.0,0.0,0.6666666666666666
2022-06-26,Serbia,Bulgaria,"National Sports Academy, Sofia",Bulgaria,field,T20,2022,Bulgaria,0,0,0.0,0.35294117647058826,0.0,0.8,0.0,1.0,0.0,0.75
2022-06-26,Ireland,India,"The Village, Malahide, Dublin",India,field,T20,2022,India,0,0,0.5113636363636364,0.6535947712418301,0.6,0.6,0.0,1.0,0.0,0.5
2022-06-28,India,Ireland,"The Village, Malahide, Dublin",India,bat,T20,2022,India,1,1,0.6558441558441559,0.5056179775280899,0.6,0.6,1.0,0.0,1.0,0.0
2022-06-28,Gibraltar,Belgium,"Meersen, Gent",Belgium,field,T20,2022,Belgium,0,0,0.06666666666666667,0.75,0.2,0.6,0.5,0.5,0.5,0.5
2022-06-28,Malaysia,Singapore,"Indian Association Ground, Singapore",Singapore,field,T20,2022,Singapore,0,0,0.42857142857142855,0.6,0.2,0.6,0.0,1.0,0.5,0.5
2022-06-29,Malaysia,Singapore,"Indian Association Ground, Singapore",Malaysia,bat,T20,2022,Malaysia,1,1,0.41379310344827586,0.625,0.2,0.8,0.0,1.0,0.0,1.0
2022-06-29,Portugal,Malta,"Meersen, Gent",Portugal,bat,T20,2022,Portugal,1,1,0.5,0.631578947368421,0.5,0.8,0.5,0.5,0.5,0.5
2022-06-29,Denmark,Gibraltar,"Royal Brussels Cricket Club Ground, Waterloo",Denmark,bat,T20,2022,Denmark,1,1,0.3125,0.0625,0.4,0.2,0.5,0.5,0.5,0.5
2022-06-29,Israel,Spain,"Meersen, Gent",Israel,bat,T20,2022,Spain,0,1,0.5,0.7692307692307693,0.5,0.8,0.5,0.5,0.5,0.5
2022-06-29,Hungary,Belgium,"Royal Brussels Cricket Club Ground, Waterloo",Hungary,bat,T20,2022,Belgium,0,1,0.5,0.7777777777777778,0.6,0.8,0.5,0.5,0.5,0.5
2022-06-30,Singapore,Malaysia,"Indian Association Ground, Singapore",Singapore,bat,T20,2022,Malaysia,0,1,0.5882352941176471,0.43333333333333335,0.8,0.2,0.75,0.25,0.5,0.5
2022-07-01,Portugal,Spain,"Meersen, Gent",Portugal,bat,T20,2022,Spain,0,1,0.6,0.7857142857142857,0.6,0.8,0.0,1.0,1.0,1.0
2022-07-01,Hungary,Gibraltar,"Royal Brussels Cricket Club Ground, Waterloo",Gibraltar,field,T20,2022,Gibraltar,0,0,0.45454545454545453,0.058823529411764705,0.4,0.2,1.0,0.0,0.0,0.0
2022-07-01,Malta,Israel,"Meersen, Gent",Israel,field,T20,2022,Malta,1,0,0.6,0.0,0.6,0.0,0.5,0.5,0.0,0.0
2022-07-01,Belgium,Denmark,"Royal Brussels Cricket Club Ground, Waterloo",Denmark,field,T20,2022,Belgium,1,0,0.8,0.35294117647058826,0.8,0.6,0.5,0.5,1.0,1.0
2022-07-02,Malaysia,Bhutan,"UKM-YSD Cricket Oval, Bangi",Bhutan,field,T20,2022,Malaysia,1,0,0.45161290322580644,0.0,0.4,0.0,0.5,0.5,0.5,0.5
2022-07-02,Denmark,Spain,"Royal Brussels Cricket Club Ground, Waterloo",Spain,field,T20,2022,Denmark,1,0,0.3333333333333333,0.8,0.6,0.8,0.5,0.5,0.5,0.5
2022-07-02,Belgium,Portugal,"Royal Brussels Cricket Club Ground, Waterloo",Belgium,bat,T20,2022,Portugal,0,1,0.8181818181818182,0.5,0.8,0.6,0.5,0.5,1.0,0.5
2022-07-02,Singapore,Papua New Guinea,"Indian Association Ground, Singapore",Singapore,bat,T20,2022,Singapore,1,1,0.5555555555555556,0.4642857142857143,0.6,0.2,0.0,1.0,0.3333333333333333,0.5
2022-07-03,Singapore,Papua New Guinea,"Indian Association Ground, Singapore",Singapore,bat,T20,2022,Papua New Guinea,0,1,0.5789473684210527,0.4482758620689655,0.6,0.2,0.5,0.5,0.5,0.0
2022-07-03,Israel,Hungary,"Royal Brussels Cricket Club Ground, Waterloo",Hungary,field,T20,2022,Israel,1,0,0.0,0.4166666666666667,0.0,0.2,0.5,0.5,0.5,0.0
2022-07-03,Gibraltar,Malta,"Royal Brussels Cricket Club Ground, Waterloo",Gibraltar,bat,T20,2022,Malta,0,1,0.1111111111111111,0.6190476190476191,0.2,0.6,0.0,1.0,0.5,0.5
2022-07-03,West Indies,Bangladesh,"Windsor Park, Roseau, Dominica",West Indies,bat,T20,2022,West Indies,1,1,0.4397163120567376,0.34234234234234234,0.2,0.0,0.5833333333333334,0.4166666666666667,0.5,0.5
2022-07-04,Spain,Belgium,"Royal Brussels Cricket Club Ground, Waterloo",Spain,bat,T20,2022,Belgium,0,1,0.75,0.75,0.6,0.6,0.5,0.5,0.0,0.6666666666666666
2022-07-04,Portugal,Denmark,"Royal Brussels Cricket Club Ground, Waterloo",Portugal,bat,T20,2022,Denmark,0,1,0.5714285714285714,0.3684210526315789,0.8,0.8,0.5,0.5,1.0,0.6666666666666666
2022-07-04,Bhutan,Maldives,"UKM-YSD Cricket Oval, Bangi",Maldives,field,T20,2022,Bhutan,1,0,0.0,0.2,0.0,0.0,0.0,1.0,0.0,0.5
2022-07-04,Thailand,Malaysia,"UKM-YSD Cricket Oval, Bangi",Thailand,bat,T20,2022,Malaysia,0,1,0.125,0.46875,0.2,0.6,0.0,1.0,0.5,1.0
2022-07-06,Thailand,Bhutan,"UKM-YSD Cricket Oval, Bangi",Bhutan,field,T20,2022,Bhutan,0,0,0.1111111111111111,0.25,0.0,0.25,0.5,0.5,0.0,0.5
2022-07-06,Maldives,Malaysia,"UKM-YSD Cricket Oval, Bangi",Malaysia,field,T20,2022,Malaysia,0,0,0.18181818181818182,0.48484848484848486,0.0,0.8,0.5,0.5,0.0,1.0
2022-07-07,India,England,"The Rose Bowl, Southampton",India,bat,T20,2022,India,1,1,0.6580645161290323,0.539568345323741,0.8,0.4,0.5263157894736842,0.47368421052631576,0.5,1.0
2022-07-07,Thailand,Malaysia,"UKM-YSD Cricket Oval, Bangi",Malaysia,field,T20,2022,Malaysia,0,0,0.1,0.5,0.0,1.0,0.0,1.0,0.0,1.0
2022-07-07,Bangladesh,West Indies,"Providence Stadium, Guyana",Bangladesh,bat,T20,2022,West Indies,0,1,0.3392857142857143,0.44366197183098594,0.0,0.4,0.38461538461538464,0.6153846153846154,0.5,0.0
2022-07-07,Bhutan,Maldives,"UKM-YSD Cricket Oval, Bangi",Maldives,field,T20,2022,Bhutan,1,0,0.4,0.16666666666666666,0.4,0.0,0.5,0.5,0.6666666666666666,0.0
2022-07-08,Luxembourg,Czech Republic,"Scott Page Field, Vinor",Luxembourg,bat,T20,2022,Czech Republic,0,1,0.5,0.38461538461538464,0.8,0.6,0.5,0.5,0.6666666666666666,0.25
2022-07-08,Maldives,Thailand,"UKM-YSD Cricket Oval, Bangi",Thailand,field,T20,2022,Maldives,1,0,0.15384615384615385,0.09090909090909091,0.0,0.0,0.5,0.5,0.0,0.0
2022-07-08,Bulgaria,Serbia,Lisicji Jarak Cricket Ground,Serbia,field,T20,2022,Serbia,0,0,0.3888888888888889,0.0,1.0,0.0,1.0,0.0,0.5,0.5
2022-07-08,Luxembourg,Austria,"Scott Page Field, Vinor",Austria,field,T20,2022,Austria,0,0,0.4444444444444444,0.7142857142857143,0.6,0.8,1.0,0.0,0.5,0.6666666666666666
2022-07-09,Austria,Luxembourg,"Scott Page Field, Vinor",Luxembourg,field,T20,2022,Austria,1,0,0.75,0.4,0.8,0.4,0.5,0.5,0.75,0.4
2022-07-09,Bhutan,Thailand,"UKM-YSD Cricket Oval, Bangi",Bhutan,bat,T20,2022,Bhutan,1,1,0.5,0.08333333333333333,0.6,0.0,1.0,0.0,0.75,0.0
2022-07-09,Czech Republic,Austria,"Scott Page Field, Vinor",Austria,field,T20,2022,Austria,0,0,0.42857142857142855,0.7777777777777778,0.6,1.0,0.0,1.0,0.4,0.8
2022-07-09,Bulgaria,Serbia,Lisicji Jarak Cricket Ground,Serbia,field,T20,2022,Bulgaria,1,0,0.3684210526315789,0.125,0.8,0.2,0.8,0.2,0.0,1.0
2022-07-09,Bulgaria,Serbia,Lisicji Jarak Cricket Ground,Serbia,field,T20,2022,Serbia,0,0,0.4,0.1111111111111111,0.8,0.2,0.8333333333333334,0.16666666666666666,0.5,0.5
2022-07-09,India,England,"Edgbaston, Birmingham",England,field,T20,2022,India,1,0,0.6602564102564102,0.5357142857142857,1.0,0.4,0.55,0.45,0.5,0.5
2022-07-10,England,India,"Trent Bridge, Nottingham",England,bat,T20,2022,England,1,1,0.5319148936170213,0.6624203821656051,0.2,1.0,0.42857142857142855,0.5714285714285714,0.0,0.5
2022-07-10,Czech Republic,Luxembourg,"Scott Page Field, Vinor",Czech Republic,bat,T20,2022,Czech Republic,1,1,0.4,0.36363636363636365,0.6,0.2,0.6666666666666666,0.3333333333333333,0.3333333333333333,0.3333333333333333
2022-07-10,Austria,Czech Republic,"Scott Page Field, Vinor",Czech Republic,field,T20,2022,Czech Republic,0,0,0.8,0.4375,1.0,0.8,1.0,0.0,0.8333333333333334,0.42857142857142855
2022-07-11,Zimbabwe,Singapore,"Queens Sports Club, Bulawayo",Singapore,field,T20,2022,Zimbabwe,1,0,0.2891566265060241,0.55,0.4,0.4,0.5,0.5,0.4,0.5
2022-07-11,Jersey,United States of America,Bulawayo Athletic Club,United States of America,field,T20,2022,United States of America,0,0,0.7647058823529411,0.5384615384615384,1.0,0.8,0.5,0.5,0.5,0.5
2022-07-11,Bhutan,Malaysia,"UKM-YSD Cricket Oval, Bangi",Malaysia,field,T20,2022,Malaysia,0,0,0.5714285714285714,0.5142857142857142,0.8,1.0,0.0,1.0,0.8,1.0
2022-07-11,Hong Kong,Uganda,Bulawayo Athletic Club,Hong Kong,bat,T20,2022,Uganda,0,1,0.3684210526315789,0.6666666666666666,0.6,0.6,0.5,0.5,0.5,0.5
2022-07-11,Netherlands,Papua New Guinea,"Queens Sports Club, Bulawayo",Netherlands,bat,T20,2022,Netherlands,1,1,0.5384615384615384,0.4666666666666667,0.2,0.4,0.5,0.5,0.5,0.5
2022-07-12,Zimbabwe,Jersey,"Queens Sports Club, Bulawayo",Jersey,field,T20,2022,Zimbabwe,1,0,0.2976190476190476,0.7222222222222222,0.4,0.8,0.5,0.5,0.5,0.5
2022-07-12,United States of America,Singapore,Bulawayo Athletic Club,Singapore,field,T20,2022,United States of America,1,0,0.5714285714285714,0.5238095238095238,0.8,0.2,0.5,0.5,1.0,0.5
2022-07-12,Hong Kong,Netherlands,"Queens Sports Club, Bulawayo",Hong Kong,bat,T20,2022,Netherlands,0,1,0.358974358974359,0.5454545454545454,0.6,0.2,0.5,0.5,0.5,1.0
2022-07-12,Uganda,Papua New Guinea,Bulawayo Athletic Club,Papua New Guinea,field,T20,2022,Papua New Guinea,0,0,0.6785714285714286,0.45161290322580644,0.6,0.4,0.5,0.5,1.0,0.5
2022-07-12,Romania,Turkey,Kerava National Cricket Ground,Turkey,field,T20,2022,Romania,1,0,0.8235294117647058,0.5,0.8,0.5,0.5,0.5,0.5,0.5
2022-07-12,Finland,Sweden,Tikkurila Cricket Ground,Sweden,field,T20,2022,Finland,1,0,0.42857142857142855,0.3,0.2,0.2,0.5,0.5,0.5,0.5
2022-07-12,Cyprus,Isle of Man,Kerava National Cricket Ground,Isle of Man,field,T20,2022,Isle of Man,0,0,0.6,0.8,0.6,0.8,0.0,1.0,0.5,0.5
2022-07-13,Finland,Italy,Kerava National Cricket Ground,Italy,field,T20,2022,Italy,0,0,0.5,0.5,0.4,0.4,0.5,0.5,0.5,0.5
2022-07-13,Isle of Man,Serbia,Tikkurila Cricket Ground,Serbia,field,T20,2022,Isle of Man,1,0,0.8333333333333334,0.2,1.0,0.4,0.5,0.5,0.5,0.5
2022-07-13,Croatia,Sweden,Kerava National Cricket Ground,Sweden,field,T20,2022,Sweden,0,0,0.5,0.2727272727272727,0.5,0.0,0.5,0.5,0.5,0.5
2022-07-13,Cyprus,Romania,Tikkurila Cricket Ground,Romania,field,T20,2022,Cyprus,1,0,0.5,0.8333333333333334,0.4,1.0,0.5,0.5,0.5,0.5
2022-07-14,Zimbabwe,United States of America,"Queens Sports Club, Bulawayo",Zimbabwe,bat,T20,2022,Zimbabwe,1,1,0.3058823529411765,0.6,0.6,0.8,0.5,0.5,0.5714285714285714,0.5
2022-07-14,Papua New Guinea,Hong Kong,Bulawayo Athletic Club,Hong Kong,field,T20,2022,Hong Kong,0,0,0.46875,0.35,0.4,0.4,0.5,0.5,1.0,0.0
2022-07-14,Netherlands,Uganda,"Queens Sports Club, Bulawayo",Uganda,field,T20,2022,Netherlands,1,0,0.5522388059701493,0.6551724137931034,0.4,0.4,0.5,0.5,1.0,0.5
2022-07-15,Romania,Isle of Man,Kerava National Cricket Ground,Isle of Man,field,T20,2022,Isle of Man,0,0,0.7894736842105263,0.8571428571428571,0.8,1.0,0.5,0.5,1.0,1.0
2022-07-15,Italy,Sweden,Tikkurila Cricket Ground,Sweden,field,T20,2022,Italy,1,0,0.5454545454545454,0.3333333333333333,0.6,0.2,0.5,0.5,0.5,0.0
2022-07-15,Uganda,Jersey,"Queens Sports Club, Bulawayo",Uganda,bat,T20,2022,Uganda,1,1,0.6333333333333333,0.6842105263157895,0.4,0.6,0.5,0.5,0.0,0.0
2022-07-15,Turkey,Serbia,Kerava National Cricket Ground,Serbia,field,T20,2022,Serbia,0,0,0.0,0.18181818181818182,0.0,0.4,0.5,0.5,0.0,0.5
2022-07-15,Croatia,Greece,Tikkurila Cricket Ground,Greece,field,T20,2022,Croatia,1,0,0.0,0.5,0.0,0.5,0.5,0.5,0.5,0.5
2022-07-15,Singapore,Hong Kong,Bulawayo Athletic Club,Hong Kong,field,T20,2022,Hong Kong,0,0,0.5,0.36585365853658536,0.2,0.4,1.0,0.0,0.0,0.5
2022-07-15,Zimbabwe,Papua New Guinea,"Queens Sports Club, Bulawayo",Zimbabwe,bat,T20,2022,Zimbabwe,1,1,0.313953488372093,0.45454545454545453,0.6,0.4,0.5,0.5,0.625,0.0
2022-07-15,United States of America,Netherlands,Bulawayo Athletic Club,United States of America,bat,T20,2022,Netherlands,0,1,0.5625,0.5588235294117647,0.6,0.6,0.5,0.5,1.0,0.5
2022-07-16,Cyprus,Turkey,Tikkurila Cricket Ground,Cyprus,bat,T20,2022,Cyprus,1,1,0.5714285714285714,0.0,0.4,0.0,0.5,0.5,1.0,0.5
2022-07-16,Finland,Greece,Kerava National Cricket Ground,Greece,field,T20,2022,Finland,1,0,0.4444444444444444,0.3333333333333333,0.4,0.3333333333333333,0.5,0.5,0.4,0.5
2022-07-16,Romania,Serbia,Tikkurila Cricket Ground,Romania,bat,T20,2022,Romania,1,1,0.75,0.25,0.6,0.6,1.0,0.0,0.0,0.0
2022-07-16,Italy,Croatia,Kerava National Cricket Ground,Italy,bat,T20,2022,Italy,1,1,0.5833333333333334,0.5,0.8,0.5,0.5,0.5,1.0,0.0
2022-07-17,Papua New Guinea,United States of America,Bulawayo Athletic Club,United States of America,field,T20,2022,Papua New Guinea,1,0,0.4411764705882353,0.5294117647058824,0.4,0.4,0.5,0.5,0.5,0.6666666666666666
2022-07-17,Singapore,Jersey,Bulawayo Athletic Club,Singapore,bat,T20,2022,Jersey,0,1,0.4782608695652174,0.65,0.2,0.4,0.5,0.5,0.0,0.0
2022-07-17,Uganda,Hong Kong,"Queens Sports Club, Bulawayo",Hong Kong,field,T20,2022,Uganda,1,0,0.6451612903225806,0.38095238095238093,0.4,0.6,1.0,0.0,0.5,0.0
2022-07-17,Zimbabwe,Netherlands,"Queens Sports Club, Bulawayo",Zimbabwe,bat,T20,2022,Zimbabwe,1,1,0.3218390804597701,0.5652173913043478,0.8,0.8,0.5,0.5,0.6666666666666666,1.0
2022-07-18,Isle of Man,Turkey,Kerava National Cricket Ground,Isle of Man,bat,T20,2022,Isle of Man,1,1,0.875,0.0,1.0,0.0,0.5,0.5,1.0,0.0
2022-07-18,New Zealand,Ireland,"Civil Service Cricket Club, Stormont, Belfast",Ireland,field,T20,2022,New Zealand,1,0,0.5238095238095238,0.5,0.2,0.4,1.0,0.0,0.5,0.0
2022-07-18,Sweden,Greece,Tikkurila Cricket Ground,Greece,field,T20,2022,Sweden,1,0,0.3076923076923077,0.25,0.2,0.25,0.5,0.5,0.0,0.0
2022-07-18,Cyprus,Serbia,Kerava National Cricket Ground,Cyprus,bat,T20,2022,Serbia,0,1,0.625,0.23076923076923078,0.6,0.4,0.5,0.5,0.0,1.0
2022-07-18,Croatia,Finland,Tikkurila Cricket Ground,Croatia,bat,T20,2022,Finland,0,1,0.3333333333333333,0.5,0.3333333333333333,0.4,0.5,0.5,1.0,1.0
2022-07-19,Isle of Man,Italy,Kerava National Cricket Ground,Italy,field,T20,2022,Italy,0,0,0.8888888888888888,0.6153846153846154,1.0,0.8,0.5,0.5,1.0,1.0
2022-07-19,Romania,Sweden,Tikkurila Cricket Ground,Romania,bat,T20,2022,Sweden,0,1,0.7619047619047619,0.35714285714285715,0.6,0.4,0.5,0.5,0.5,0.3333333333333333
2022-07-19,Finland,Cyprus,Kerava National Cricket Ground,Finland,bat,T20,2022,Finland,1,1,0.5454545454545454,0.5555555555555556,0.6,0.6,0.5,0.5,0.5,0.0
2022-07-19,Serbia,Croatia,Tikkurila Cricket Ground,Serbia,bat,T20,2022,Croatia,0,1,0.2857142857142857,0.25,0.6,0.25,0.5,0.5,0.0,0.5
2022-07-20,New Zealand,Ireland,"Civil Service Cricket Club, Stormont, Belfast",Ireland,field,T20,2022,New Zealand,1,0,0.527027027027027,0.4945054945054945,0.2,0.2,1.0,0.0,1.0,0.0
2022-07-22,Ireland,New Zealand,"Civil Service Cricket Club, Stormont, Belfast",Ireland,bat,T20,2022,New Zealand,0,1,0.4891304347826087,0.5302013422818792,0.0,0.4,0.0,1.0,0.0,1.0
2022-07-24,Austria,Luxembourg,Tikkurila Cricket Ground,Luxembourg,field,T20,2022,Austria,1,0,0.7272727272727273,0.3333333333333333,0.8,0.0,0.6666666666666666,0.3333333333333333,0.5,0.5
2022-07-24,Estonia,Norway,Kerava National Cricket Ground,Estonia,bat,T20,2022,Norway,0,1,0.0,0.23076923076923078,0.0,0.2,0.5,0.5,0.5,0.5
2022-07-24,Guernsey,Bulgaria,Tikkurila Cricket Ground,Bulgaria,field,T20,2022,Guernsey,1,0,0.5,0.38095238095238093,0.4,0.6,0.5,0.5,0.5,0.5
2022-07-24,France,Czech Republic,Kerava National Cricket Ground,Czech Republic,field,T20,2022,France,1,0,0.25,0.47058823529411764,0.25,0.8,0.5,0.5,0.5,0.5
2022-07-25,Austria,Slovenia,Kerava National Cricket Ground,Slovenia,field,T20,2022,Austria,1,0,0.75,0.5,0.8,0.5,0.5,0.5,0.5,0.5
2022-07-25,Guernsey,Luxembourg,Kerava National Cricket Ground,Luxembourg,field,T20,2022,Guernsey,1,0,0.5454545454545454,0.3076923076923077,0.6,0.0,0.5,0.5,0.5,0.5
2022-07-25,France,Switzerland,Tikkurila Cricket Ground,France,bat,T20,2022,Switzerland,0,1,0.4,0.75,0.4,0.75,0.5,0.5,0.5,0.5
2022-07-27,England,South Africa,"County Ground, Bristol",South Africa,field,T20,2022,England,1,0,0.5352112676056338,0.5753424657534246,0.4,0.6,0.5238095238095238,0.47619047619047616,0.5,0.5
2022-07-27,France,Norway,Kerava National Cricket Ground,France,bat,T20,2022,France,1,1,0.3333333333333333,0.2857142857142857,0.2,0.4,0.5,0.5,1.0,1.0
2022-07-27,Slovenia,Bulgaria,Tikkurila Cricket Ground,Bulgaria,field,T20,2022,Bulgaria,0,0,0.0,0.36363636363636365,0.0,0.4,0.5,0.5,0.5,0.0
2022-07-27,Switzerland,Estonia,Kerava National Cricket Ground,Switzerland,bat,T20,2022,Switzerland,1,1,0.8,0.0,0.8,0.0,0.5,0.5,0.5,0.0
2022-07-27,Guernsey,Austria,Tikkurila Cricket Ground,Guernsey,bat,T20,2022,Austria,0,1,0.5833333333333334,0.7692307692307693,0.6,0.8,0.5,0.5,1.0,1.0
2022-07-27,New Zealand,Scotland,"Grange Cricket Club Ground, Raeburn Place, Edinburgh",Scotland,field,T20,2022,New Zealand,1,0,0.5333333333333333,0.4909090909090909,0.6,0.2,1.0,0.0,0.5,0.3333333333333333
2022-07-28,South Africa,England,"Sophia Gardens, Cardiff",England,field,T20,2022,South Africa,1,0,0.5714285714285714,0.5384615384615384,0.4,0.4,0.45454545454545453,0.5454545454545454,0.5,1.0
2022-07-28,Slovenia,Guernsey,Kerava National Cricket Ground,Guernsey,field,T20,2022,Guernsey,0,0,0.0,0.5384615384615384,0.0,0.6,0.5,0.5,0.0,1.0
2022-07-28,Czech Republic,Estonia,Tikkurila Cricket Ground,Czech Republic,bat,T20,2022,Czech Republic,1,1,0.4444444444444444,0.0,0.6,0.0,0.5,0.5,0.5,0.5
2022-07-28,Norway,Switzerland,Tikkurila Cricket Ground,Norway,bat,T20,2022,Norway,1,1,0.26666666666666666,0.8333333333333334,0.2,0.8,0.5,0.5,0.5,1.0
2022-07-28,Luxembourg,Bulgaria,Kerava National Cricket Ground,Luxembourg,bat,T20,2022,Luxembourg,1,1,0.2857142857142857,0.391304347826087,0.0,0.4,1.0,0.0,0.0,0.5
2022-07-29,New Zealand,Scotland,"Grange Cricket Club Ground, Raeburn Place, Edinburgh",New Zealand,bat,T20,2022,New Zealand,1,1,0.5364238410596026,0.48214285714285715,0.8,0.0,1.0,0.0,1.0,0.25
2022-07-29,India,West Indies,"Brian Lara Stadium, Tarouba, Trinidad",West Indies,field,T20,2022,India,1,0,0.6582278481012658,0.44755244755244755,0.8,0.4,0.6842105263157895,0.3157894736842105,0.5,0.5
2022-07-30,Switzerland,Czech Republic,Kerava National Cricket Ground,Switzerland,bat,T20,2022,Czech Republic,0,1,0.7142857142857143,0.47368421052631576,0.6,0.6,0.5,0.5,1.0,0.0
2022-07-30,Luxembourg,Slovenia,Tikkurila Cricket Ground,Luxembourg,bat,T20,2022,Luxembourg,1,1,0.3333333333333333,0.0,0.2,0.0,0.5,0.5,0.0,0.0
2022-07-30,Zimbabwe,Bangladesh,Harare Sports Club,Zimbabwe,bat,T20,2022,Zimbabwe,1,1,0.32954545454545453,0.336283185840708,1.0,0.0,0.3333333333333333,0.6666666666666666,0.15384615384615385,0.6666666666666666
2022-07-31,Zimbabwe,Bangladesh,Harare Sports Club,Zimbabwe,bat,T20,2022,Bangladesh,0,1,0.33707865168539325,0.3333333333333333,1.0,0.0,0.375,0.625,0.18518518518518517,0.5
2022-07-31,Bulgaria,Czech Republic,Tikkurila Cricket Ground,Bulgaria,bat,T20,2022,Czech Republic,0,1,0.375,0.5,0.4,0.8,0.0,1.0,0.5,1.0
2022-07-31,Guernsey,France,Kerava National Cricket Ground,Guernsey,bat,T20,2022,Guernsey,1,1,0.5714285714285714,0.42857142857142855,0.6,0.4,0.5,0.5,1.0,1.0
2022-07-31,Luxembourg,Switzerland,Tikkurila Cricket Ground,Luxembourg,bat,T20,2022,Luxembourg,1,1,0.375,0.625,0.4,0.4,0.5,0.5,0.5,0.5
2022-07-31,South Africa,England,"The Rose Bowl, Southampton",England,field,T20,2022,South Africa,1,0,0.5743243243243243,0.5347222222222222,0.4,0.4,0.4782608695652174,0.5217391304347826,0.5,0.5
2022-07-31,Norway,Austria,Kerava National Cricket Ground,Norway,bat,T20,2022,Austria,0,1,0.3125,0.7857142857142857,0.4,0.8,0.5,0.5,0.5,1.0
2022-08-01,India,West Indies,"Warner Park, Basseterre, St Kitts",West Indies,field,T20,2022,West Indies,0,0,0.660377358490566,0.4444444444444444,0.8,0.4,0.7,0.3,0.5,0.5
2022-08-02,West Indies,India,"Warner Park, Basseterre, St Kitts",India,field,T20,2022,India,0,0,0.4482758620689655,0.65625,0.6,0.6,0.3333333333333333,0.6666666666666666,1.0,0.0
2022-08-02,Zimbabwe,Bangladesh,Harare Sports Club,Zimbabwe,bat,T20,2022,Zimbabwe,1,1,0.3333333333333333,0.3391304347826087,0.8,0.2,0.35294117647058826,0.6470588235294118,0.17857142857142858,0.6
2022-08-03,South Africa,Ireland,"County Ground, Bristol",South Africa,bat,T20,2022,South Africa,1,1,0.5771812080536913,0.4838709677419355,0.4,0.0,1.0,0.0,0.0,0.5
2022-08-04,New Zealand,Netherlands,"Sportpark Westvliet, The Hague",New Zealand,bat,T20,2022,New Zealand,1,1,0.5394736842105263,0.5571428571428572,1.0,0.8,1.0,0.0,0.5,0.5
2022-08-05,South Africa,Ireland,"County Ground, Bristol",Ireland,field,T20,2022,South Africa,1,0,0.58,0.4787234042553192,0.6,0.0,1.0,0.0,0.5,0.0
2022-08-05,Netherlands,New Zealand,"Sportpark Westvliet, The Hague",Netherlands,bat,T20,2022,New Zealand,0,1,0.5492957746478874,0.5424836601307189,0.6,1.0,0.0,1.0,0.0,1.0
2022-08-06,India,West Indies,"Central Broward Regional Park Stadium Turf Ground, Lauderhill",West Indies,field,T20,2022,India,1,0,0.6583850931677019,0.4452054794520548,0.6,0.6,0.6818181818181818,0.3181818181818182,0.5,0.5
2022-08-07,India,West Indies,"Central Broward Regional Park Stadium Turf Ground, Lauderhill",India,bat,T20,2022,India,1,1,0.6604938271604939,0.4421768707482993,0.6,0.4,0.6956521739130435,0.30434782608695654,1.0,0.0
2022-08-10,New Zealand,West Indies,"Sabina Park, Kingston, Jamaica",West Indies,field,T20,2022,New Zealand,1,0,0.5454545454545454,0.4391891891891892,1.0,0.2,0.7272727272727273,0.2727272727272727,0.5,0.5
2022-08-12,New Zealand,West Indies,"Sabina Park, Kingston, Jamaica",New Zealand,bat,T20,2022,New Zealand,1,1,0.5483870967741935,0.436241610738255,1.0,0.2,0.75,0.25,1.0,0.0
2022-08-13,Kuwait,Bahrain,Al Amerat Cricket Ground Oman Cricket (Ministry Turf 1),Bahrain,field,T20,2022,Kuwait,1,0,0.5555555555555556,0.6,0.6,0.6,1.0,0.0,0.5,0.3333333333333333
2022-08-14,New Zealand,West Indies,"Sabina Park, Kingston, Jamaica",New Zealand,bat,T20,2022,West Indies,0,1,0.5512820512820513,0.43333333333333335,1.0,0.0,0.7692307692307693,0.23076923076923078,1.0,0.0
2022-08-14,Bahrain,Kuwait,Al Amerat Cricket Ground Oman Cricket (Ministry Turf 1),Kuwait,field,T20,2022,Kuwait,0,0,0.5454545454545454,0.6,0.4,0.6,0.0,1.0,0.25,0.6666666666666666
2022-08-17,Kuwait,Bahrain,Al Amerat Cricket Ground Oman Cricket (Ministry Turf 1),Bahrain,field,T20,2022,Kuwait,1,0,0.6363636363636364,0.5,0.8,0.4,1.0,0.0,0.75,0.2
2022-08-20,Hong Kong,Singapore,Al Amerat Cricket Ground Oman Cricket (Ministry Turf 1),Singapore,field,T20,2022,Hong Kong,1,0,0.37209302325581395,0.4583333333333333,0.4,0.0,0.5,0.5,0.0,0.5
2022-08-21,United Arab Emirates,Kuwait,Al Amerat Cricket Ground Oman Cricket (Ministry Turf 1),Kuwait,field,T20,2022,Kuwait,0,0,0.5510204081632653,0.6666666666666666,0.8,0.8,1.0,0.0,0.875,0.8
2022-08-22,United Arab Emirates,Singapore,Al Amerat Cricket Ground Oman Cricket (Ministry Turf 1),Singapore,field,T20,2022,United Arab Emirates,1,0,0.54,0.44,0.6,0.0,0.5,0.5,0.7777777777777778,0.0
2022-08-23,Kuwait,Hong Kong,Al Amerat Cricket Ground Oman Cricket (Ministry Turf 1),Hong Kong,field,T20,2022,Hong Kong,0,0,0.6923076923076923,0.38636363636363635,0.8,0.6,0.5,0.5,0.8333333333333334,0.25
2022-08-24,United Arab Emirates,Hong Kong,Al Amerat Cricket Ground Oman Cricket (Ministry Turf 1),Hong Kong,field,T20,2022,Hong Kong,0,0,0.5490196078431373,0.4,0.6,0.8,1.0,0.0,0.8,0.4
2022-08-24,Singapore,Kuwait,Al Amerat Cricket Ground Oman Cricket (Ministry Turf 1),Singapore,bat,T20,2022,Kuwait,0,1,0.4230769230769231,0.6428571428571429,0.0,0.8,0.5,0.5,0.0,0.7142857142857143
2022-08-25,Kenya,Nepal,"Gymkhana Club Ground, Nairobi",Nepal,field,T20,2022,Nepal,0,0,0.4722222222222222,0.5957446808510638,0.8,1.0,0.5,0.5,0.5,0.5
2022-08-28,Pakistan,India,Dubai International Cricket Stadium,India,field,T20,2022,India,0,0,0.6384180790960452,0.6625766871165644,0.8,0.8,0.25,0.75,0.5769230769230769,0.5
2022-08-28,Kenya,Nepal,"Gymkhana Club Ground, Nairobi",Kenya,bat,T20,2022,Nepal,0,1,0.4594594594594595,0.6041666666666666,0.6,1.0,0.0,1.0,0.0,1.0
2022-08-29,Kenya,Nepal,"Gymkhana Club Ground, Nairobi",Kenya,bat,T20,2022,Kenya,1,1,0.4473684210526316,0.6122448979591837,0.4,1.0,0.0,1.0,0.0,1.0
2022-08-30,Nepal,Kenya,"Gymkhana Club Ground, Nairobi",Nepal,bat,T20,2022,Nepal,1,1,0.6,0.46153846153846156,0.8,0.4,0.6666666666666666,0.3333333333333333,0.6666666666666666,0.3333333333333333
2022-08-31,India,Hong Kong,Dubai International Cricket Stadium,Hong Kong,field,T20,2022,India,1,0,0.6646341463414634,0.41304347826086957,0.8,0.8,0.5,0.5,0.6,0.5
2022-09-01,Bangladesh,Sri Lanka,Dubai International Cricket Stadium,Sri Lanka,field,T20,2022,Sri Lanka,0,0,0.33620689655172414,0.4370860927152318,0.2,0.2,0.3333333333333333,0.6666666666666666,0.0,0.3333333333333333
2022-09-02,Pakistan,Hong Kong,Sharjah Cricket Stadium,Hong Kong,field,T20,2022,Pakistan,1,0,0.6348314606741573,0.40425531914893614,0.6,0.6,0.5,0.5,1.0,0.5
2022-09-04,India,Pakistan,Dubai International Cricket Stadium,Pakistan,field,T20,2022,Pakistan,0,0,0.6666666666666666,0.6368715083798883,1.0,0.6,0.7777777777777778,0.2222222222222222,0.6666666666666666,0.5555555555555556
2022-09-06,India,Sri Lanka,Dubai International Cricket Stadium,Sri Lanka,field,T20,2022,Sri Lanka,0,0,0.6626506024096386,0.4407894736842105,0.8,0.4,0.7083333333333334,0.2916666666666667,0.5714285714285714,0.5
2022-09-09,Pakistan,Sri Lanka,Dubai International Cricket Stadium,Sri Lanka,field,T20,2022,Sri Lanka,0,0,0.6388888888888888,0.4444444444444444,0.6,0.6,0.6190476190476191,0.38095238095238093,0.5714285714285714,0.6
2022-09-10,Cook Islands,Fiji,"Independence Park, Port Vila",Cook Islands,bat,T20,2022,Fiji,0,1,0.5,0.5,0.5,0.5,0.5,0.5,0.5,0.5
2022-09-10,Samoa,Vanuatu,"Independence Park, Port Vila",Samoa,bat,T20,2022,Vanuatu,0,1,0.5,0.4444444444444444,0.5,0.6,0.5,0.5,0.5,0.5
2022-09-11,Sri Lanka,Pakistan,Dubai International Cricket Stadium,Pakistan,field,T20,2022,Sri Lanka,1,0,0.44805194805194803,0.6353591160220995,0.8,0.4,0.4090909090909091,0.5909090909090909,0.6666666666666666,0.5517241379310345
2022-09-11,Samoa,Fiji,"Independence Park, Port Vila",Samoa,bat,T20,2022,Fiji,0,1,0.0,1.0,0.0,1.0,0.5,0.5,0.0,1.0
2022-09-11,Vanuatu,Cook Islands,"Independence Park, Port Vila",Vanuatu,bat,T20,2022,Cook Islands,0,1,0.5,0.0,0.6,0.0,0.5,0.5,1.0,0.0
2022-09-13,Samoa,Cook Islands,"Independence Park, Port Vila",Cook Islands,field,T20,2022,Cook Islands,0,0,0.0,0.5,0.0,0.5,0.5,0.5,0.0,0.5
2022-09-13,Vanuatu,Fiji,"Independence Park, Port Vila",Fiji,field,T20,2022,Vanuatu,1,0,0.45454545454545453,1.0,0.4,1.0,0.5,0.5,0.5,1.0
2022-09-14,Samoa,Vanuatu,"Independence Park, Port Vila",Vanuatu,field,T20,2022,Vanuatu,0,0,0.0,0.5,0.0,0.6,0.0,1.0,0.0,0.6666666666666666
2022-09-14,Fiji,Cook Islands,"Independence Park, Port Vila",Cook Islands,field,T20,2022,Cook Islands,0,0,0.6666666666666666,0.6666666666666666,0.6666666666666666,0.6666666666666666,1.0,0.0,0.6666666666666666,0.6666666666666666
2022-09-15,Fiji,Samoa,"Independence Park, Port Vila",Samoa,field,T20,2022,Fiji,1,0,0.5,0.0,0.5,0.0,1.0,0.0,0.5,0.0
2022-09-15,Vanuatu,Cook Islands,"Independence Park, Port Vila",Cook Islands,field,T20,2022,Vanuatu,1,0,0.5384615384615384,0.75,0.6,0.75,0.0,1.0,0.75,0.75
2022-09-15,Botswana,Uganda,"Willowmoore Park, Benoni",Uganda,field,T20,2022,Uganda,0,0,0.2727272727272727,0.65625,0.6,0.6,0.0,1.0,0.5,0.5
2022-09-16,Ghana,Mozambique,"Willowmoore Park, Benoni",Ghana,bat,T20,2022,Ghana,1,1,0.46153846153846156,0.25,0.8,0.25,0.5,0.5,0.5,0.5
2022-09-17,Kenya,Tanzania,"Willowmoore Park, Benoni",Kenya,bat,T20,2022,Tanzania,0,1,0.45,0.7,0.2,0.4,0.5,0.5,0.5,0.5
2022-09-18,Uganda,Mozambique,"Willowmoore Park, Benoni",Uganda,bat,T20,2022,Uganda,1,1,0.6666666666666666,0.2,0.6,0.2,0.5,0.5,1.0,0.0
2022-09-18,Botswana,Ghana,"Willowmoore Park, Benoni",Ghana,field,T20,2022,Botswana,1,0,0.25,0.5,0.6,0.8,0.5,0.5,0.0,1.0
2022-09-19,Cameroon,Kenya,"Willowmoore Park, Benoni",Kenya,field,T20,2022,Kenya,0,0,0.0,0.43902439024390244,0.0,0.2,0.5,0.5,0.5,0.0
2022-09-19,Botswana,Mozambique,"Willowmoore Park, Benoni",Mozambique,field,T20,2022,Botswana,1,0,0.3076923076923077,0.16666666666666666,0.6,0.2,1.0,0.0,0.5,0.0
2022-09-20,India,Australia,"Punjab Cricket Association IS Bindra Stadium, Mohali, Chandigarh",Australia,field,T20,2022,Australia,0,0,0.6586826347305389,0.5448717948717948,0.6,0.6,0.5909090909090909,0.4090909090909091,0.5,0.5
2022-09-20,Ghana,Uganda,"Willowmoore Park, Benoni",Ghana,bat,T20,2022,Uganda,0,1,0.4666666666666667,0.6764705882352942,0.6,0.8,0.0,1.0,0.5,1.0
2022-09-20,Pakistan,England,"National Stadium, Karachi",England,field,T20,2022,England,0,0,0.6318681318681318,0.5310344827586206,0.4,0.4,0.3157894736842105,0.6842105263157895,1.0,0.5
2022-09-20,Tanzania,Malawi,"Willowmoore Park, Benoni",Malawi,field,T20,2022,Tanzania,1,0,0.7272727272727273,0.6,0.4,0.6,0.5,0.5,1.0,0.5
2022-09-21,Kenya,Uganda,"Willowmoore Park, Benoni",Uganda,field,T20,2022,Uganda,0,0,0.4523809523809524,0.6857142857142857,0.4,1.0,0.6,0.4,0.5,1.0
2022-09-21,Botswana,Tanzania,"Willowmoore Park, Benoni",Tanzania,field,T20,2022,Tanzania,0,0,0.35714285714285715,0.75,0.6,0.6,0.0,1.0,0.6666666666666666,1.0
2022-09-22,England,Pakistan,"National Stadium, Karachi",England,bat,T20,2022,Pakistan,0,1,0.5342465753424658,0.6284153005464481,0.6,0.4,0.7,0.3,1.0,0.75
2022-09-22,Tanzania,Uganda,"Willowmoore Park, Benoni",Uganda,field,T20,2022,Uganda,0,0,0.7692307692307693,0.6944444444444444,0.8,1.0,0.0,1.0,1.0,1.0
2022-09-23,Australia,India,"Vidarbha Cricket Association Stadium, Jamtha, Nagpur",India,field,T20,2022,India,0,0,0.5477707006369427,0.6547619047619048,0.8,0.4,0.43478260869565216,0.5652173913043478,0.5,0.5
2022-09-23,England,Pakistan,"National Stadium, Karachi",Pakistan,field,T20,2022,England,1,0,0.5306122448979592,0.6304347826086957,0.4,0.4,0.6666666666666666,0.3333333333333333,0.5,0.8
2022-09-25,Australia,India,"Rajiv Gandhi International Stadium, Uppal, Hyderabad",India,field,T20,2022,India,0,0,0.5443037974683544,0.6568047337278107,0.6,0.4,0.4166666666666667,0.5833333333333334,0.5,0.5
2022-09-25,Pakistan,England,"National Stadium, Karachi",England,field,T20,2022,Pakistan,1,0,0.6270270270270271,0.5337837837837838,0.2,0.4,0.3181818181818182,0.6818181818181818,0.6666666666666666,0.6666666666666666
2022-09-25,Bangladesh,United Arab Emirates,Dubai International Cricket Stadium,United Arab Emirates,field,T20,2022,Bangladesh,1,0,0.3333333333333333,0.5384615384615384,0.2,0.6,1.0,0.0,0.0,0.0
2022-09-27,Bangladesh,United Arab Emirates,Dubai International Cricket Stadium,United Arab Emirates,field,T20,2022,Bangladesh,1,0,0.3389830508474576,0.5283018867924528,0.4,0.4,1.0,0.0,0.3333333333333333,0.0
2022-09-28,Pakistan,England,"Gaddafi Stadium, Lahore",England,field,T20,2022,Pakistan,1,0,0.6290322580645161,0.5302013422818792,0.4,0.4,0.34782608695652173,0.6521739130434783,0.0,0.5
2022-09-28,South Africa,India,"Greenfield International Stadium, Thiruvananthapuram",India,field,T20,2022/23,India,0,0,0.5827814569536424,0.6588235294117647,0.8,0.4,0.42105263157894735,0.5789473684210527,0.5,0.5
2022-09-30,Pakistan,England,"Gaddafi Stadium, Lahore",England,field,T20,2022,England,0,0,0.6310160427807486,0.5266666666666666,0.6,0.4,0.375,0.625,0.5,0.0
2022-10-02,England,Pakistan,"Gaddafi Stadium, Lahore",Pakistan,field,T20,2022,England,1,0,0.5298013245033113,0.6276595744680851,0.4,0.6,0.64,0.36,0.5,0.3333333333333333
2022-10-02,India,South Africa,"Barsapara Cricket Stadium, Guwahati",South Africa,field,T20,2022/23,India,1,0,0.6608187134502924,0.5789473684210527,0.6,0.8,0.6,0.4,0.5,0.5
2022-10-04,South Africa,India,"Holkar Cricket Stadium, Indore",India,field,T20,2022/23,South Africa,1,0,0.5751633986928104,0.6627906976744186,0.6,0.8,0.38095238095238093,0.6190476190476191,0.5,0.5
2022-10-05,West Indies,Australia,Carrara Oval,Australia,field,T20,2022/23,Australia,0,0,0.4370860927152318,0.5408805031446541,0.2,0.4,0.5882352941176471,0.4117647058823529,0.5,0.0
2022-10-07,Pakistan,Bangladesh,"Hagley Oval, Christchurch",Bangladesh,field,T20,2022/23,Pakistan,1,0,0.6243386243386243,0.3445378151260504,0.4,0.6,0.8666666666666667,0.13333333333333333,0.5,0.5
2022-10-07,Australia,West Indies,"Brisbane Cricket Ground, Woolloongabba, Brisbane",West Indies,field,T20,2022/23,Australia,1,0,0.54375,0.4342105263157895,0.4,0.2,0.4444444444444444,0.5555555555555556,0.5,0.5
2022-10-08,New Zealand,Pakistan,"Hagley Oval, Christchurch",New Zealand,bat,T20,2022/23,Pakistan,0,1,0.5477707006369427,0.6263157894736842,0.8,0.6,0.4,0.6,0.5,1.0
2022-10-09,England,Australia,Perth Stadium,Australia,field,T20,2022/23,England,1,0,0.5328947368421053,0.546583850931677,0.6,0.6,0.47368421052631576,0.5263157894736842,0.5,1.0
2022-10-09,Bangladesh,New Zealand,"Hagley Oval, Christchurch",New Zealand,field,T20,2022/23,New Zealand,0,0,0.3416666666666667,0.5443037974683544,0.4,0.6,0.2,0.8,0.0,0.0
2022-10-10,Japan,Indonesia,Sano International Cricket Ground,Japan,bat,T20,2022/23,Japan,1,1,0.5,0.5,0.5,0.5,0.5,0.5,0.5,0.5
2022-10-11,Japan,Indonesia,Sano International Cricket Ground,Japan,bat,T20,2022/23,Indonesia,0,1,1.0,0.0,1.0,0.0,1.0,0.0,1.0,0.0
2022-10-11,Pakistan,New Zealand,"Hagley Oval, Christchurch",Pakistan,bat,T20,2022/23,New Zealand,0,1,0.6282722513089005,0.5471698113207547,0.6,0.6,0.6153846153846154,0.38461538461538464,1.0,0.5
2022-10-12,New Zealand,Bangladesh,"Hagley Oval, Christchurch",Bangladesh,field,T20,2022/23,New Zealand,1,0,0.55,0.33884297520661155,0.6,0.4,0.8125,0.1875,0.6666666666666666,0.0
2022-10-12,England,Australia,"Manuka Oval, Canberra",Australia,field,T20,2022/23,England,1,0,0.5359477124183006,0.5432098765432098,0.6,0.4,0.5,0.5,0.5,1.0
2022-10-13,Bangladesh,Pakistan,"Hagley Oval, Christchurch",Bangladesh,bat,T20,2022/23,Pakistan,0,1,0.3360655737704918,0.625,0.4,0.4,0.125,0.875,0.0,0.6666666666666666
2022-10-14,New Zealand,Pakistan,"Hagley Oval, Christchurch",Pakistan,field,T20,2022/23,Pakistan,0,0,0.5527950310559007,0.6269430051813472,0.6,0.6,0.4074074074074074,0.5925925925925926,0.75,0.75
2022-10-15,Japan,South Korea,Sano International Cricket Ground,Japan,bat,T20,2022/23,Japan,1,1,0.5,0.5,0.5,0.5,0.5,0.5,0.5,0.5
2022-10-15,Indonesia,South Korea,Sano International Cricket Ground,South Korea,field,T20,2022/23,Indonesia,1,0,0.5,0.0,0.5,0.0,0.5,0.5,0.5,0.0
2022-10-16,Namibia,Sri Lanka,"GMHBA Stadium, South Geelong, Victoria",Sri Lanka,field,T20,2022/23,Namibia,1,0,0.6944444444444444,0.45161290322580644,0.6,1.0,0.0,1.0,0.5,0.5
2022-10-16,United Arab Emirates,Netherlands,"GMHBA Stadium, South Geelong, Victoria",United Arab Emirates,bat,T20,2022/23,Netherlands,0,1,0.5185185185185185,0.5416666666666666,0.2,0.4,0.3333333333333333,0.6666666666666666,0.5,0.5
2022-10-16,Indonesia,Japan,Sano International Cricket Ground,Indonesia,bat,T20,2022/23,Japan,0,1,0.6666666666666666,0.6666666666666666,0.6666666666666666,0.6666666666666666,0.5,0.5,0.6666666666666666,0.6666666666666666
2022-10-17,Zimbabwe,Ireland,"Bellerive Oval, Hobart",Ireland,field,T20,2022/23,Zimbabwe,1,0,0.34065934065934067,0.47368421052631576,0.8,0.0,0.375,0.625,0.5,0.5
2022-10-17,Scotland,West Indies,"Bellerive Oval, Hobart",West Indies,field,T20,2022/23,Scotland,1,0,0.47368421052631576,0.43137254901960786,0.0,0.2,0.5,0.5,0.5,0.5
2022-10-18,Namibia,Netherlands,"GMHBA Stadium, South Geelong, Victoria",Namibia,bat,T20,2022/23,Netherlands,0,1,0.7027027027027027,0.547945205479452,0.8,0.4,0.5,0.5,1.0,1.0
2022-10-18,Sri Lanka,United Arab Emirates,"GMHBA Stadium, South Geelong, Victoria",United Arab Emirates,field,T20,2022/23,Sri Lanka,1,0,0.44871794871794873,0.509090909090909,0.8,0.2,1.0,0.0,0.0,0.0
2022-10-18,Japan,Indonesia,Sano International Cricket Ground,Japan,bat,T20,2022/23,Indonesia,0,1,0.75,0.5,0.75,0.5,0.6666666666666666,0.3333333333333333,0.75,0.5
2022-10-18,South Korea,Indonesia,Sano International Cricket Ground,South Korea,bat,T20,2022/23,Indonesia,0,1,0.0,0.6,0.0,0.6,0.0,1.0,0.0,0.6
2022-10-19,West Indies,Zimbabwe,"Bellerive Oval, Hobart",West Indies,bat,T20,2022/23,West Indies,1,1,0.42857142857142855,0.34782608695652173,0.2,0.8,0.6666666666666666,0.3333333333333333,0.0,1.0
2022-10-19,Scotland,Ireland,"Bellerive Oval, Hobart",Scotland,bat,T20,2022/23,Ireland,0,1,0.4827586206896552,0.46875,0.2,0.0,0.2857142857142857,0.7142857142857143,1.0,0.0
2022-10-20,Sri Lanka,Netherlands,"GMHBA Stadium, South Geelong, Victoria",Sri Lanka,bat,T20,2022/23,Sri Lanka,1,1,0.45222929936305734,0.5540540540540541,0.8,0.4,1.0,0.0,0.5,1.0
2022-10-20,United Arab Emirates,Namibia,"GMHBA Stadium, South Geelong, Victoria",United Arab Emirates,bat,T20,2022/23,United Arab Emirates,1,1,0.5,0.6842105263157895,0.0,0.6,0.5,0.5,0.0,0.5
2022-10-21,Scotland,Zimbabwe,"Bellerive Oval, Hobart",Scotland,bat,T20,2022/23,Zimbabwe,0,1,0.4745762711864407,0.34408602150537637,0.2,0.6,0.25,0.75,0.5,0.5
2022-10-21,West Indies,Ireland,"Bellerive Oval, Hobart",West Indies,bat,T20,2022/23,Ireland,0,1,0.432258064516129,0.4742268041237113,0.4,0.2,0.6,0.4,0.5,0.5
2022-10-22,New Zealand,Australia,Sydney Cricket Ground,Australia,field,T20,2022/23,New Zealand,1,0,0.5493827160493827,0.5398773006134969,0.6,0.4,0.2857142857142857,0.7142857142857143,0.0,0.6666666666666666
2022-10-23,Pakistan,India,Melbourne Cricket Ground,India,field,T20,2022/23,India,0,0,0.6288659793814433,0.6589595375722543,0.8,0.8,0.3,0.7,0.0,0.6666666666666666
2022-10-23,Ireland,Sri Lanka,"Bellerive Oval, Hobart",Ireland,bat,T20,2022/23,Sri Lanka,0,1,0.47959183673469385,0.45569620253164556,0.4,0.8,0.0,1.0,0.6666666666666666,0.5
2022-10-24,Bangladesh,Netherlands,"Bellerive Oval, Hobart",Netherlands,field,T20,2022/23,Bangladesh,1,0,0.3333333333333333,0.5466666666666666,0.2,0.4,0.6666666666666666,0.3333333333333333,0.5,0.5
2022-10-25,Sri Lanka,Australia,Perth Stadium,Australia,field,T20,2022/23,Australia,0,0,0.4591194968553459,0.5365853658536586,0.8,0.4,0.4166666666666667,0.5833333333333334,0.5,0.5
2022-10-26,Ireland,England,Melbourne Cricket Ground,England,field,T20,2022/23,Ireland,1,0,0.47474747474747475,0.538961038961039,0.4,0.8,0.5,0.5,0.5,0.0
2022-10-27,Zimbabwe,Pakistan,Perth Stadium,Zimbabwe,bat,T20,2022/23,Zimbabwe,1,1,0.35106382978723405,0.6256410256410256,0.6,0.6,0.0625,0.9375,0.5,0.0
2022-10-27,India,Netherlands,Sydney Cricket Ground,India,bat,T20,2022/23,India,1,1,0.6609195402298851,0.5394736842105263,0.8,0.4,0.5,0.5,0.75,0.5
2022-10-27,South Africa,Bangladesh,Sydney Cricket Ground,South Africa,bat,T20,2022/23,South Africa,1,1,0.577922077922078,0.3387096774193548,0.6,0.2,1.0,0.0,0.5,0.5
2022-10-29,New Zealand,Sri Lanka,Sydney Cricket Ground,New Zealand,bat,T20,2022/23,New Zealand,1,1,0.5521472392638037,0.45625,0.8,0.6,0.5882352941176471,0.4117647058823529,0.3333333333333333,0.0
2022-10-30,Netherlands,Pakistan,Perth Stadium,Netherlands,bat,T20,2022/23,Pakistan,0,1,0.5324675324675324,0.6224489795918368,0.4,0.4,0.0,1.0,0.5,0.0
2022-10-30,India,South Africa,Perth Stadium,India,bat,T20,2022/23,South Africa,0,1,0.6628571428571428,0.5806451612903226,0.8,0.6,0.5909090909090909,0.4090909090909091,0.5,0.5
2022-10-30,Bangladesh,Zimbabwe,"Brisbane Cricket Ground, Woolloongabba, Brisbane",Bangladesh,bat,T20,2022/23,Bangladesh,1,1,0.336,0.35789473684210527,0.2,0.8,0.6111111111111112,0.3888888888888889,0.5,0.5
2022-10-31,Australia,Ireland,"Brisbane Cricket Ground, Woolloongabba, Brisbane",Ireland,field,T20,2022/23,Australia,1,0,0.5393939393939394,0.48,0.4,0.6,1.0,0.0,1.0,0.5
2022-11-01,England,New Zealand,"Brisbane Cricket Ground, Woolloongabba, Brisbane",England,bat,T20,2022/23,England,1,1,0.535483870967742,0.5548780487804879,0.8,0.8,0.6,0.4,0.5,0.5
2022-11-02,Zimbabwe,Netherlands,Adelaide Oval,Zimbabwe,bat,T20,2022/23,Netherlands,0,1,0.3541666666666667,0.5256410256410257,0.6,0.2,0.6666666666666666,0.3333333333333333,0.5,0.5
2022-11-02,India,Bangladesh,Adelaide Oval,Bangladesh,field,T20,2022/23,India,1,0,0.6590909090909091,0.3412698412698413,0.6,0.4,0.9090909090909091,0.09090909090909091,1.0,0.5
2022-11-03,Pakistan,South Africa,Sydney Cricket Ground,Pakistan,bat,T20,2022/23,Pakistan,1,1,0.6243654822335025,0.5833333333333334,0.6,0.6,0.55,0.45,0.5,1.0
2022-11-04,New Zealand,Ireland,Adelaide Oval,Ireland,field,T20,2022/23,New Zealand,1,0,0.5515151515151515,0.4752475247524752,0.6,0.6,1.0,0.0,0.5,0.5
2022-11-04,Italy,Germany,"Desert Springs Cricket Ground, Almeria",Italy,bat,T20,2022/23,Germany,0,1,0.6428571428571429,0.5666666666666667,1.0,0.8,0.6666666666666666,0.3333333333333333,0.5,0.4444444444444444
2022-11-04,Italy,Germany,"Desert Springs Cricket Ground, Almeria",Italy,bat,T20,2022/23,Germany,0,1,0.6,0.5806451612903226,0.8,0.8,0.5,0.5,0.42857142857142855,0.5
2022-11-05,Sri Lanka,England,Sydney Cricket Ground,Sri Lanka,bat,T20,2022/23,England,0,1,0.453416149068323,0.5384615384615384,0.6,0.8,0.3076923076923077,0.6923076923076923,0.0,0.0
2022-11-05,Germany,Spain,"Desert Springs Cricket Ground, Almeria",Spain,field,T20,2022/23,Germany,1,0,0.59375,0.7058823529411765,0.8,0.6,0.4,0.6,0.5454545454545454,0.7142857142857143
2022-11-05,Italy,Spain,"Desert Springs Cricket Ground, Almeria",Italy,bat,T20,2022/23,Spain,0,1,0.5625,0.6666666666666666,0.6,0.4,0.5,0.5,0.375,0.625
2022-11-06,Spain,Germany,"Desert Springs Cricket Ground, Almeria",Germany,field,T20,2022/23,Spain,1,0,0.6842105263157895,0.6060606060606061,0.4,0.8,0.5,0.5,0.6666666666666666,0.5833333333333334
2022-11-06,India,Zimbabwe,Melbourne Cricket Ground,India,bat,T20,2022/23,India,1,1,0.6610169491525424,0.35051546391752575,0.6,0.4,0.7142857142857143,0.2857142857142857,0.75,0.5
2022-11-06,Bangladesh,Pakistan,Adelaide Oval,Bangladesh,bat,T20,2022/23,Pakistan,0,1,0.33858267716535434,0.6262626262626263,0.4,0.6,0.11764705882352941,0.8823529411764706,0.0,0.5
2022-11-06,Netherlands,South Africa,Adelaide Oval,South Africa,field,T20,2022/23,Netherlands,1,0,0.5316455696202531,0.5796178343949044,0.2,0.6,0.0,1.0,1.0,1.0
2022-11-06,Italy,Spain,"Desert Springs Cricket Ground, Almeria",Italy,bat,T20,2022/23,Italy,1,1,0.5294117647058824,0.7,0.4,0.4,0.0,1.0,0.3333333333333333,0.7
2022-11-09,New Zealand,Pakistan,Sydney Cricket Ground,New Zealand,bat,T20,2022/23,Pakistan,0,1,0.5542168674698795,0.628140703517588,0.6,0.6,0.39285714285714285,0.6071428571428571,0.5,1.0
2022-11-10,India,England,Adelaide Oval,England,field,T20,2022/23,England,0,0,0.6629213483146067,0.5414012738853503,0.8,0.8,0.5454545454545454,0.45454545454545453,1.0,1.0
2022-11-13,Pakistan,England,Melbourne Cricket Ground,England,field,T20,2022/23,England,0,0,0.63,0.5443037974683544,0.8,0.8,0.34615384615384615,0.6538461538461539,0.0,0.0
2022-11-14,Bahrain,Canada,Al Amerat Cricket Ground Oman Cricket (Ministry Turf 1),Canada,field,T20,2022/23,Canada,0,0,0.46153846153846156,0.5185185185185185,0.2,0.6,0.0,1.0,0.16666666666666666,0.5
2022-11-14,Saudi Arabia,Oman,Al Amerat Cricket Ground Oman Cricket (Ministry Turf 1),Saudi Arabia,bat,T20,2022/23,Oman,0,1,0.3333333333333333,0.47368421052631576,0.3333333333333333,0.4,0.5,0.5,0.5,0.4666666666666667
2022-11-15,Oman,Bahrain,Al Amerat Cricket Ground Oman Cricket (Ministry Turf 1),Bahrain,field,T20,2022/23,Bahrain,0,0,0.48717948717948717,0.42857142857142855,0.6,0.0,0.5,0.5,0.5,0.14285714285714285
2022-11-15,Canada,Saudi Arabia,Al Amerat Cricket Ground Oman Cricket (Ministry Turf 1),Saudi Arabia,field,T20,2022/23,Canada,1,0,0.5357142857142857,0.25,0.6,0.25,0.5,0.5,0.6,0.0
2022-11-16,Canada,Oman,Al Amerat Cricket Ground Oman Cricket (Ministry Turf 1),Oman,field,T20,2022/23,Canada,1,0,0.5517241379310345,0.475,0.8,0.4,0.0,1.0,0.6666666666666666,0.47058823529411764
2022-11-16,Bahrain,Saudi Arabia,Al Amerat Cricket Ground Oman Cricket (Ministry Turf 1),Saudi Arabia,field,T20,2022/23,Bahrain,1,0,0.4666666666666667,0.2,0.2,0.2,1.0,0.0,0.25,0.0
2022-11-17,Canada,Bahrain,Al Amerat Cricket Ground Oman Cricket (Ministry Turf 1),Bahrain,field,T20,2022/23,Bahrain,0,0,0.5666666666666667,0.5,1.0,0.4,1.0,0.0,0.7142857142857143,0.3333333333333333
2022-11-17,Saudi Arabia,Oman,Al Amerat Cricket Ground Oman Cricket (Ministry Turf 1),Oman,field,T20,2022/23,Oman,0,0,0.16666666666666666,0.4634146341463415,0.2,0.2,0.0,1.0,0.0,0.4444444444444444
2022-11-17,Botswana,Rwanda,Gahanga International Cricket Stadium. Rwanda,Rwanda,field,T20,2022/23,Rwanda,0,0,0.3333333333333333,0.4444444444444444,0.4,0.4,0.5,0.5,0.75,0.42857142857142855
2022-11-17,Lesotho,Mali,Integrated Polytechnic Regional Centre,Mali,field,T20,2022/23,Lesotho,1,0,0.0,0.5,0.0,0.5,0.5,0.5,0.0,0.5
2022-11-18,Lesotho,Botswana,Integrated Polytechnic Regional Centre,Botswana,field,T20,2022/23,Botswana,0,0,0.25,0.3125,0.25,0.4,0.5,0.5,0.3333333333333333,0.5
2022-11-18,Rwanda,St Helena,Gahanga International Cricket Stadium. Rwanda,Rwanda,bat,T20,2022/23,Rwanda,1,1,0.5,0.5,0.6,0.5,0.5,0.5,0.5,0.5
2022-11-19,Oman,Bahrain,Al Amerat Cricket Ground Oman Cricket (Ministry Turf 1),Bahrain,field,T20,2022/23,Oman,1,0,0.47619047619047616,0.5294117647058824,0.4,0.6,0.0,1.0,0.47368421052631576,0.4
2022-11-19,Canada,Saudi Arabia,Al Amerat Cricket Ground Oman Cricket (Ministry Turf 1),Saudi Arabia,field,T20,2022/23,Canada,1,0,0.5483870967741935,0.14285714285714285,0.8,0.0,1.0,0.0,0.625,0.0
2022-11-20,Rwanda,Kenya,Gahanga International Cricket Stadium. Rwanda,Kenya,field,T20,2022/23,Kenya,0,0,0.5454545454545454,0.4418604651162791,0.8,0.4,0.5,0.5,0.5555555555555556,0.5
2022-11-20,Mali,Kenya,Integrated Polytechnic Regional Centre,Mali,bat,T20,2022/23,Kenya,0,1,0.0,0.45454545454545453,0.0,0.4,0.5,0.5,0.0,0.75
2022-11-20,Bahrain,Saudi Arabia,Al Amerat Cricket Ground Oman Cricket (Ministry Turf 1),Bahrain,bat,T20,2022/23,Saudi Arabia,0,1,0.5,0.125,0.6,0.0,1.0,0.0,0.36363636363636365,0.0
2022-11-20,Oman,Canada,Al Amerat Cricket Ground Oman Cricket (Ministry Turf 1),Canada,field,T20,2022/23,Canada,0,0,0.4883720930232558,0.5625,0.6,0.8,0.6666666666666666,0.3333333333333333,0.5,0.6666666666666666
2022-11-20,India,New Zealand,"Bay Oval, Mount Maunganui",New Zealand,field,T20,2022/23,India,1,0,0.659217877094972,0.5508982035928144,0.6,0.6,0.5,0.5,0.5,0.5
2022-11-21,Oman,Canada,Al Amerat Cricket Ground Oman Cricket (Ministry Turf 1),Canada,field,T20,2022/23,Canada,0,0,0.4772727272727273,0.5757575757575758,0.4,0.8,0.5,0.5,0.47619047619047616,0.7
2022-11-21,Kenya,Lesotho,Integrated Polytechnic Regional Centre,Kenya,bat,T20,2022/23,Kenya,1,1,0.4666666666666667,0.2,0.6,0.2,0.5,0.5,0.8,0.25
2022-11-21,Saudi Arabia,Bahrain,Al Amerat Cricket Ground Oman Cricket (Ministry Turf 1),Bahrain,field,T20,2022/23,Saudi Arabia,1,0,0.2222222222222222,0.47368421052631576,0.2,0.6,0.3333333333333333,0.6666666666666666,0.16666666666666666,0.3333333333333333
2022-11-22,St Helena,Lesotho,Integrated Polytechnic Regional Centre,Lesotho,field,T20,2022/23,St Helena,1,0,0.0,0.16666666666666666,0.0,0.2,0.5,0.5,0.5,0.2
2022-11-22,Mali,Botswana,Gahanga International Cricket Stadium. Rwanda,Botswana,field,T20,2022/23,Botswana,0,0,0.0,0.35294117647058826,0.0,0.6,0.5,0.5,0.5,0.6
2022-11-24,Mali,Rwanda,Integrated Polytechnic Regional Centre,Rwanda,field,T20,2022/23,Rwanda,0,0,0.0,0.5,0.0,0.6,0.5,0.5,0.0,0.5
2022-11-24,Botswana,Kenya,Gahanga International Cricket Stadium. Rwanda,Botswana,bat,T20,2022/23,Kenya,0,1,0.3888888888888889,0.4782608695652174,0.6,0.8,0.5,0.5,0.6666666666666666,0.6666666666666666
2022-11-24,Rwanda,Seychelles,Integrated Polytechnic Regional Centre,Rwanda,bat,T20,2022/23,Rwanda,1,1,0.5384615384615384,0.4,0.6,0.4,0.5,0.5,0.6666666666666666,0.0
2022-11-24,St Helena,Malawi,Gahanga International Cricket Stadium. Rwanda,Malawi,field,T20,2022/23,Malawi,0,0,0.5,0.5,0.5,0.6,0.5,0.5,0.0,0.6666666666666666
2022-11-25,Seychelles,Kenya,Gahanga International Cricket Stadium. Rwanda,Seychelles,bat,T20,2022/23,Kenya,0,1,0.3333333333333333,0.48936170212765956,0.4,0.8,0.5,0.5,0.5,0.75
2022-12-01,Gambia,Eswatini,Integrated Polytechnic Regional Centre,Eswatini,field,T20,2022/23,Eswatini,0,0,0.5,0.5,0.5,0.5,0.5,0.5,0.5,0.5
2022-12-01,Mozambique,Nigeria,Gahanga International Cricket Stadium. Rwanda,Nigeria,field,T20,2022/23,Nigeria,0,0,0.14285714285714285,0.28,0.0,0.0,0.5,0.5,0.25,0.0
2022-12-01,Sierra Leone,Tanzania,Gahanga International Cricket Stadium. Rwanda,Tanzania,field,T20,2022/23,Tanzania,0,0,0.3333333333333333,0.7142857142857143,0.4,0.6,0.0,1.0,0.5,0.625
2022-12-02,Sierra Leone,Nigeria,Gahanga International Cricket Stadium. Rwanda,Nigeria,field,T20,2022/23,Nigeria,0,0,0.3,0.3076923076923077,0.4,0.2,0.2,0.8,0.4,0.3333333333333333
2022-12-02,Cameroon,Sierra Leone,Gahanga International Cricket Stadium. Rwanda,Sierra Leone,field,T20,2022/23,Sierra Leone,0,0,0.0,0.2727272727272727,0.0,0.4,0.0,1.0,0.0,0.3333333333333333
2022-12-02,Eswatini,Mozambique,Integrated Polytechnic Regional Centre,Mozambique,field,T20,2022/23,Mozambique,0,0,1.0,0.125,1.0,0.0,0.5,0.5,1.0,0.5
2022-12-02,Ghana,Mozambique,Integrated Polytechnic Regional Centre,Mozambique,field,T20,2022/23,Mozambique,0,0,0.4375,0.2222222222222222,0.4,0.2,1.0,0.0,1.0,1.0
2022-12-04,Nigeria,Eswatini,Integrated Polytechnic Regional Centre,Eswatini,field,T20,2022/23,Nigeria,1,0,0.3333333333333333,0.5,0.4,0.5,0.5,0.5,0.0,0.5
2022-12-04,Ghana,Tanzania,Gahanga International Cricket Stadium. Rwanda,Tanzania,field,T20,2022/23,Tanzania,0,0,0.4117647058823529,0.7333333333333333,0.2,0.8,0.5,0.5,0.625,0.6666666666666666
2022-12-04,Cameroon,Mozambique,Gahanga International Cricket Stadium. Rwanda,Mozambique,field,T20,2022/23,Mozambique,0,0,0.0,0.3,0.0,0.4,0.0,1.0,0.0,0.2
2022-12-05,Mozambique,Tanzania,Gahanga International Cricket Stadium. Rwanda,Tanzania,field,T20,2022/23,Tanzania,0,0,0.36363636363636365,0.75,0.6,0.8,0.0,1.0,0.3333333333333333,0.7
2022-12-05,Sierra Leone,Eswatini,Integrated Polytechnic Regional Centre,Eswatini,field,T20,2022/23,Sierra Leone,1,0,0.3333333333333333,0.3333333333333333,0.6,0.3333333333333333,0.5,0.5,0.5,0.3333333333333333
2022-12-05,Cameroon,Nigeria,Gahanga International Cricket Stadium. Rwanda,Nigeria,field,T20,2022/23,Nigeria,0,0,0.0,0.35714285714285715,0.0,0.6,0.5,0.5,0.0,0.5
2022-12-05,Ghana,Sierra Leone,Integrated Polytechnic Regional Centre,Sierra Leone,field,T20,2022/23,Sierra Leone,0,0,0.3888888888888889,0.38461538461538464,0.2,0.6,0.5,0.5,0.5,1.0
2022-12-06,Tanzania,Eswatini,Gahanga International Cricket Stadium. Rwanda,Eswatini,field,T20,2022/23,Tanzania,1,0,0.7647058823529411,0.25,0.8,0.25,0.5,0.5,0.7272727272727273,0.5
2022-12-06,Gambia,Sierra Leone,Integrated Polytechnic Regional Centre,Sierra Leone,field,T20,2022/23,Sierra Leone,0,0,0.0,0.42857142857142855,0.0,0.6,0.5,0.5,0.0,1.0
2022-12-06,Gambia,Tanzania,Gahanga International Cricket Stadium. Rwanda,Tanzania,field,T20,2022/23,Tanzania,0,0,0.0,0.7777777777777778,0.0,0.8,0.5,0.5,0.5,0.75
2022-12-08,Mozambique,Gambia,Integrated Polytechnic Regional Centre,Mozambique,bat,T20,2022/23,Mozambique,1,1,0.3333333333333333,0.0,0.6,0.0,0.5,0.5,1.0,0.0
2022-12-08,Ghana,Gambia,Gahanga International Cricket Stadium. Rwanda,Ghana,bat,T20,2022/23,Ghana,1,1,0.3684210526315789,0.0,0.0,0.0,0.5,0.5,0.5555555555555556,0.0
2022-12-09,Tanzania,Cameroon,Integrated Polytechnic Regional Centre,Tanzania,bat,T20,2022/23,Tanzania,1,1,0.7894736842105263,0.0,1.0,0.0,1.0,0.0,1.0,0.5
2022-12-09,Ghana,Nigeria,Gahanga International Cricket Stadium. Rwanda,Ghana,bat,T20,2022/23,Nigeria,0,1,0.4,0.3793103448275862,0.2,0.8,0.0,1.0,0.6,0.6
2022-12-09,Gambia,Cameroon,Integrated Polytechnic Regional Centre,Gambia,bat,T20,2022/23,Gambia,1,1,0.0,0.0,0.0,0.0,0.5,0.5,0.0,0.0
2022-12-13,Tanzania,Rwanda,"Gahanga International Cricket Stadium, Rwanda",Rwanda,field,T20,2022/23,Tanzania,1,0,0.8,0.5714285714285714,1.0,0.8,0.5,0.5,0.5,0.5
2022-12-14,Uganda,Rwanda,"Gahanga International Cricket Stadium, Rwanda",Rwanda,field,T20,2022/23,Uganda,1,0,0.7027027027027027,0.5333333333333333,1.0,0.6,1.0,0.0,0.5,0.0
2022-12-15,Singapore,Qatar,"UKM-YSD Cricket Oval, Bangi",Singapore,bat,T20,2022/23,Qatar,0,1,0.4074074074074074,0.5,0.0,0.6,1.0,0.0,0.5,0.5
2022-12-15,Uganda,Tanzania,"Gahanga International Cricket Stadium, Rwanda",Tanzania,field,T20,2022/23,Uganda,1,0,0.7105263157894737,0.8095238095238095,1.0,1.0,1.0,0.0,1.0,1.0
2022-12-15,Uganda,Rwanda,"Gahanga International Cricket Stadium, Rwanda",Uganda,bat,T20,2022/23,Uganda,1,1,0.717948717948718,0.5,1.0,0.4,1.0,0.0,1.0,0.0
2022-12-16,Rwanda,Tanzania,"Gahanga International Cricket Stadium, Rwanda",Tanzania,field,T20,2022/23,Rwanda,1,0,0.47058823529411764,0.7727272727272727,0.4,0.8,0.0,1.0,0.0,0.5
2022-12-16,Qatar,Malaysia,"UKM-YSD Cricket Oval, Bangi",Qatar,bat,T20,2022/23,Malaysia,0,1,0.5555555555555556,0.5277777777777778,0.6,1.0,1.0,0.0,1.0,1.0
2022-12-18,Bahrain,Qatar,"UKM-YSD Cricket Oval, Bangi",Qatar,field,T20,2022/23,Bahrain,1,0,0.45,0.5,0.4,0.6,1.0,0.0,0.5,0.5
2022-12-18,Malaysia,Singapore,"UKM-YSD Cricket Oval, Bangi",Malaysia,bat,T20,2022/23,Malaysia,1,1,0.5405405405405406,0.39285714285714285,1.0,0.0,0.4,0.6,1.0,0.0
2022-12-18,Rwanda,Tanzania,"Gahanga International Cricket Stadium, Rwanda",Rwanda,bat,T20,2022/23,Tanzania,0,1,0.5,0.7391304347826086,0.4,0.6,0.5,0.5,0.25,0.3333333333333333
2022-12-18,Uganda,Tanzania,"Gahanga International Cricket Stadium, Rwanda",Uganda,bat,T20,2022/23,Uganda,1,1,0.725,0.75,1.0,0.6,1.0,0.0,1.0,0.5
2022-12-19,Uganda,Tanzania,"Gahanga International Cricket Stadium, Rwanda",Uganda,bat,T20,2022/23,Tanzania,0,1,0.7317073170731707,0.72,1.0,0.4,1.0,0.0,1.0,0.4
2022-12-19,Singapore,Qatar,"UKM-YSD Cricket Oval, Bangi",Qatar,field,T20,2022/23,Qatar,0,0,0.3793103448275862,0.45454545454545453,0.0,0.6,0.5,0.5,0.0,0.3333333333333333
2022-12-19,Bahrain,Malaysia,"UKM-YSD Cricket Oval, Bangi",Bahrain,bat,T20,2022/23,Malaysia,0,1,0.47619047619047616,0.5526315789473685,0.4,1.0,0.5,0.5,1.0,1.0
2022-12-20,Tanzania,Rwanda,"Gahanga International Cricket Stadium, Rwanda",Tanzania,bat,T20,2022/23,Tanzania,1,1,0.7307692307692307,0.47368421052631576,0.4,0.2,0.6666666666666666,0.3333333333333333,0.5,0.2
2022-12-20,Rwanda,Uganda,"Gahanga International Cricket Stadium, Rwanda",Uganda,field,T20,2022/23,Uganda,0,0,0.45,0.7142857142857143,0.2,0.8,0.0,1.0,0.16666666666666666,0.8
2022-12-21,Singapore,Bahrain,"UKM-YSD Cricket Oval, Bangi",Bahrain,field,T20,2022/23,Bahrain,0,0,0.36666666666666664,0.45454545454545453,0.0,0.2,0.5,0.5,0.0,0.5
2022-12-22,Tanzania,Rwanda,"Gahanga International Cricket Stadium, Rwanda",Rwanda,field,T20,2022/23,Tanzania,1,0,0.7407407407407407,0.42857142857142855,0.6,0.2,0.75,0.25,0.5714285714285714,0.14285714285714285
2022-12-22,Uganda,Tanzania,"Gahanga International Cricket Stadium, Rwanda",Uganda,bat,T20,2022/23,Uganda,1,1,0.7209302325581395,0.75,0.8,0.8,0.8333333333333334,0.16666666666666666,0.8333333333333334,0.625
2022-12-22,Malaysia,Singapore,"UKM-YSD Cricket Oval, Bangi",Malaysia,bat,T20,2022/23,Malaysia,1,1,0.5641025641025641,0.3548387096774194,1.0,0.0,0.5,0.5,1.0,0.0
2022-12-23,Uganda,Rwanda,"Gahanga International Cricket Stadium, Rwanda",Rwanda,field,T20,2022/23,Uganda,1,0,0.7272727272727273,0.4090909090909091,0.8,0.2,1.0,0.0,0.8571428571428571,0.125
2022-12-23,Singapore,Qatar,"UKM-YSD Cricket Oval, Bangi",Qatar,field,T20,2022/23,Qatar,0,0,0.34375,0.5,0.0,0.6,0.3333333333333333,0.6666666666666666,0.0,0.5
2022-12-23,Malaysia,Bahrain,"UKM-YSD Cricket Oval, Bangi",Malaysia,bat,T20,2022/23,Bahrain,0,1,0.575,0.4782608695652174,1.0,0.4,1.0,0.0,1.0,0.6666666666666666
2023-01-03,India,Sri Lanka,"Wankhede Stadium, Mumbai",Sri Lanka,field,T20,2022/23,India,1,0,0.6611111111111111,0.4506172839506173,0.6,0.4,0.68,0.32,0.5,0.5
2023-01-05,Sri Lanka,India,"Maharashtra Cricket Association Stadium, Pune",India,field,T20,2022/23,Sri Lanka,1,0,0.44785276073619634,0.6629834254143646,0.2,0.8,0.3076923076923077,0.6923076923076923,0.5,0.5
2023-01-07,India,Sri Lanka,"Saurashtra Cricket Association Stadium, Rajkot",India,bat,T20,2022/23,India,1,1,0.6593406593406593,0.45121951219512196,0.6,0.2,0.6666666666666666,0.3333333333333333,1.0,0.5
2023-01-12,Ireland,Zimbabwe,Harare Sports Club,Zimbabwe,field,T20,2022/23,Zimbabwe,0,0,0.47058823529411764,0.3469387755102041,0.4,0.4,0.5555555555555556,0.4444444444444444,0.5,0.20689655172413793
2023-01-14,Zimbabwe,Ireland,Harare Sports Club,Ireland,field,T20,2022/23,Ireland,0,0,0.35353535353535354,0.46601941747572817,0.4,0.2,0.5,0.5,0.23333333333333334,0.0
2023-01-15,Ireland,Zimbabwe,Harare Sports Club,Zimbabwe,field,T20,2022/23,Zimbabwe,0,0,0.47115384615384615,0.35,0.4,0.2,0.5454545454545454,0.45454545454545453,0.5,0.22580645161290322
2023-01-27,New Zealand,India,"JSCA International Stadium Complex, Ranchi",India,field,T20,2022/23,New Zealand,1,0,0.5476190476190477,0.6612021857923497,0.4,0.6,0.47368421052631576,0.5263157894736842,0.0,1.0
2023-01-29,New Zealand,India,"Bharat Ratna Shri Atal Bihari Vajpayee Ekana Cricket Stadium, Lucknow",New Zealand,bat,T20,2022/23,India,0,1,0.5502958579881657,0.657608695652174,0.4,0.6,0.5,0.5,0.5,1.0
2023-02-01,India,New Zealand,"Narendra Modi Stadium, Ahmedabad",India,bat,T20,2022/23,India,1,1,0.6594594594594595,0.5470588235294118,0.6,0.4,0.5238095238095238,0.47619047619047616,0.5,0.5
2023-02-21,Argentina,Bermuda,"St Albans Club, Buenos Aires",Argentina,bat,T20,2022/23,Bermuda,0,1,0.25,0.42857142857142855,0.25,0.4,0.5,0.5,0.5,0.5
2023-02-22,Bermuda,Argentina,"Belgrano Athletic Club Ground, Buenos Aires",Argentina,field,T20,2022/23,Bermuda,1,0,0.4666666666666667,0.2,0.6,0.2,1.0,0.0,0.5,0.5
2023-02-25,Panama,Argentina,"Hurlingham Club Ground, Buenos Aires",Argentina,field,T20,2022/23,Panama,1,0,0.3333333333333333,0.16666666666666666,0.3333333333333333,0.2,0.5,0.5,0.5,0.5
2023-02-25,Bermuda,Cayman Islands,"St Albans Club, Buenos Aires",Bermuda,bat,T20,2022/23,Bermuda,1,1,0.5,0.0,0.8,0.0,1.0,0.0,1.0,0.5
2023-02-25,Isle of Man,Spain,La Manga Club Bottom Ground,Isle of Man,bat,T20,2022/23,Spain,0,1,0.8,0.6666666666666666,0.8,0.4,0.5,0.5,0.5,1.0
2023-02-25,Isle of Man,Spain,La Manga Club Bottom Ground,Isle of Man,bat,T20,2022/23,Spain,0,1,0.7272727272727273,0.6818181818181818,0.6,0.6,0.0,1.0,0.0,1.0
2023-02-26,Panama,Bahamas,"Hurlingham Club Ground, Buenos Aires",Panama,bat,T20,2022/23,Bahamas,0,1,0.5,0.25,0.5,0.25,1.0,0.0,1.0,0.5
2023-02-26,Isle of Man,Spain,La Manga Club Bottom Ground,Spain,field,T20,2022/23,Spain,0,0,0.6666666666666666,0.6956521739130435,0.4,0.8,0.0,1.0,0.0,1.0
2023-02-26,Isle of Man,Spain,La Manga Club Bottom Ground,Spain,field,T20,2022/23,Spain,0,0,0.6153846153846154,0.7083333333333334,0.2,0.8,0.0,1.0,0.0,1.0
2023-02-26,Bermuda,Argentina,"Belgrano Athletic Club Ground, Buenos Aires",Bermuda,bat,T20,2022/23,Bermuda,1,1,0.5294117647058824,0.14285714285714285,1.0,0.0,1.0,0.0,1.0,0.0
2023-02-28,Bermuda,Panama,"Belgrano Athletic Club Ground, Buenos Aires",Bermuda,bat,T20,2022/23,Bermuda,1,1,0.5555555555555556,0.4,1.0,0.4,0.5,0.5,1.0,0.5
2023-02-28,Cayman Islands,Bahamas,"St Albans Club, Buenos Aires",Cayman Islands,bat,T20,2022/23,Cayman Islands,1,1,0.0,0.4,0.0,0.4,0.5,0.5,0.0,0.5
2023-03-02,Argentina,Bahamas,"St Albans Club, Buenos Aires",Argentina,bat,T20,2022/23,Argentina,1,1,0.125,0.3333333333333333,0.0,0.2,0.0,1.0,0.0,0.0
2023-03-02,Cayman Islands,Panama,"Hurlingham Club Ground, Buenos Aires",Cayman Islands,bat,T20,2022/23,Cayman Islands,1,1,0.125,0.3333333333333333,0.2,0.4,0.5,0.5,0.5,0.5
2023-03-04,Bahamas,Bermuda,"Hurlingham Club Ground, Buenos Aires",Bermuda,field,T20,2022/23,Bermuda,0,0,0.2857142857142857,0.5789473684210527,0.2,1.0,0.0,1.0,1.0,0.5
2023-03-04,Argentina,Cayman Islands,"Belgrano Athletic Club Ground, Buenos Aires",Argentina,bat,T20,2022/23,Cayman Islands,0,1,0.2222222222222222,0.2222222222222222,0.2,0.4,0.5,0.5,0.0,0.5
2023-03-08,Hong Kong,Bahrain,"Mission Road Ground, Mong Kok, Hong Kong",Bahrain,field,T20,2022/23,Hong Kong,1,0,0.3958333333333333,0.5,0.6,0.6,0.5,0.5,0.5,0.5
2023-03-08,Kuwait,Malaysia,"Mission Road Ground, Mong Kok, Hong Kong",Malaysia,field,T20,2022/23,Malaysia,0,0,0.6666666666666666,0.5609756097560976,0.8,0.8,0.0,1.0,0.5,0.5
2023-03-09,England,Bangladesh,"Zahur Ahmed Chowdhury Stadium, Chattogram",Bangladesh,field,T20,2022/23,Bangladesh,0,0,0.5471698113207547,0.3359375,0.8,0.4,1.0,0.0,0.5,0.5
2023-03-09,Malaysia,Bahrain,"Mission Road Ground, Mong Kok, Hong Kong",Bahrain,field,T20,2022/23,Malaysia,1,0,0.5714285714285714,0.48,0.8,0.6,0.5,0.5,1.0,0.0
2023-03-09,Hong Kong,Kuwait,"Mission Road Ground, Mong Kok, Hong Kong",Kuwait,field,T20,2022/23,Hong Kong,1,0,0.40816326530612246,0.625,0.6,0.6,1.0,0.0,1.0,0.0
2023-03-11,Malaysia,Hong Kong,"Mission Road Ground, Mong Kok, Hong Kong",Hong Kong,field,T20,2022/23,Hong Kong,0,0,0.5813953488372093,0.42,0.8,0.6,0.8333333333333334,0.16666666666666666,1.0,1.0
2023-03-11,Kuwait,Bahrain,"Mission Road Ground, Mong Kok, Hong Kong",Bahrain,field,T20,2022/23,Bahrain,0,0,0.5882352941176471,0.46153846153846156,0.4,0.4,1.0,0.0,0.0,0.0
2023-03-12,Hong Kong,Malaysia,"Mission Road Ground, Mong Kok, Hong Kong",Malaysia,field,T20,2022/23,Hong Kong,1,0,0.43137254901960786,0.5681818181818182,0.6,0.6,0.2857142857142857,0.7142857142857143,1.0,0.6666666666666666
2023-03-12,England,Bangladesh,"Shere Bangla National Stadium, Mirpur",Bangladesh,field,T20,2022/23,Bangladesh,0,0,0.54375,0.34108527131782945,0.8,0.4,0.5,0.5,0.5,0.5789473684210527
2023-03-12,Bahrain,Kuwait,"Mission Road Ground, Mong Kok, Hong Kong",Kuwait,field,T20,2022/23,Kuwait,0,0,0.48148148148148145,0.5555555555555556,0.6,0.2,0.16666666666666666,0.8333333333333334,0.3333333333333333,0.0
2023-03-14,Bangladesh,England,"Shere Bangla National Stadium, Mirpur",England,field,T20,2022/23,Bangladesh,1,0,0.34615384615384615,0.5403726708074534,0.6,0.6,0.6666666666666666,0.3333333333333333,0.6,0.0
2023-03-25,South Africa,West Indies,"SuperSport Park, Centurion",West Indies,field,T20,2022/23,West Indies,0,0,0.5759493670886076,0.42948717948717946,0.6,0.2,0.625,0.375,0.0,0.5
2023-03-26,West Indies,South Africa,"SuperSport Park, Centurion",South Africa,field,T20,2022/23,South Africa,0,0,0.43312101910828027,0.5723270440251572,0.4,0.4,0.4117647058823529,0.5882352941176471,1.0,0.0
2023-03-27,Bangladesh,Ireland,"Zahur Ahmed Chowdhury Stadium, Chattogram",Ireland,field,T20,2022/23,Bangladesh,1,0,0.3511450381679389,0.4666666666666667,0.6,0.2,0.5,0.5,1.0,0.5
2023-03-28,West Indies,South Africa,"The Wanderers Stadium, Johannesburg",South Africa,field,T20,2022/23,West Indies,1,0,0.43037974683544306,0.575,0.4,0.4,0.3888888888888889,0.6111111111111112,0.5,0.5
2023-03-29,Bangladesh,Ireland,"Zahur Ahmed Chowdhury Stadium, Chattogram",Ireland,field,T20,2022/23,Bangladesh,1,0,0.3560606060606061,0.46226415094339623,0.8,0.2,0.6666666666666666,0.3333333333333333,1.0,0.0
2023-03-31,Bangladesh,Ireland,"Zahur Ahmed Chowdhury Stadium, Chattogram",Bangladesh,bat,T20,2022/23,Ireland,0,1,0.3609022556390977,0.45794392523364486,1.0,0.2,0.75,0.25,1.0,0.0
2023-04-05,Sri Lanka,New Zealand,"University Oval, Dunedin",New Zealand,field,T20,2022/23,New Zealand,0,0,0.4484848484848485,0.543859649122807,0.2,0.2,0.3888888888888889,0.6111111111111112,0.5,0.5
2023-04-08,Sri Lanka,New Zealand,"John Davies Oval, Queenstown",New Zealand,field,T20,2022/23,New Zealand,0,0,0.4457831325301205,0.5465116279069767,0.2,0.4,0.3684210526315789,0.631578947368421,0.5,0.5
2023-04-10,Portugal,Gibraltar,Santarem Cricket Ground,Portugal,bat,T20,2023,Portugal,1,1,0.5,0.10526315789473684,0.6,0.2,1.0,0.0,0.5,0.5
2023-04-11,Gibraltar,Portugal,Santarem Cricket Ground,Gibraltar,bat,T20,2023,Portugal,0,1,0.1,0.5555555555555556,0.2,0.6,0.0,1.0,0.0,1.0
2023-04-11,Gibraltar,Portugal,Santarem Cricket Ground,Gibraltar,bat,T20,2023,Portugal,0,1,0.09523809523809523,0.6,0.2,0.6,0.0,1.0,0.0,1.0
2023-04-14,Pakistan,New Zealand,"Gaddafi Stadium, Lahore",Pakistan,bat,T20,2023,Pakistan,1,1,0.6268656716417911,0.5491329479768786,0.8,0.6,0.6206896551724138,0.3793103448275862,0.25,0.5
2023-04-15,Pakistan,New Zealand,"Gaddafi Stadium, Lahore",Pakistan,bat,T20,2023,Pakistan,1,1,0.6287128712871287,0.5459770114942529,0.8,0.4,0.6333333333333333,0.36666666666666664,0.4,0.0
2023-04-17,New Zealand,Pakistan,"Gaddafi Stadium, Lahore",New Zealand,bat,T20,2023,New Zealand,1,1,0.5428571428571428,0.6305418719211823,0.4,0.8,0.3548387096774194,0.6451612903225806,0.0,0.5
2023-04-24,Pakistan,New Zealand,Rawalpindi Cricket Stadium,New Zealand,field,T20,2023,New Zealand,0,0,0.6274509803921569,0.5454545454545454,0.6,0.6,0.625,0.375,1.0,0.5
2023-05-04,Gibraltar,Portugal,Europa Sports Complex,Gibraltar,bat,T20,2023,Portugal,0,1,0.09090909090909091,0.6363636363636364,0.2,0.8,0.0,1.0,0.5,0.5
2023-05-04,Portugal,Malta,Europa Sports Complex,Malta,field,T20,2023,Portugal,1,0,0.6666666666666666,0.6363636363636364,0.8,0.6,1.0,0.0,1.0,0.5
2023-05-05,Portugal,Malta,Europa Sports Complex,Portugal,bat,T20,2023,Portugal,1,1,0.6923076923076923,0.6086956521739131,1.0,0.4,1.0,0.0,1.0,0.0
2023-05-05,Gibraltar,Malta,Europa Sports Complex,Gibraltar,bat,T20,2023,Gibraltar,1,1,0.08695652173913043,0.5833333333333334,0.0,0.4,0.0,1.0,0.0,0.0
2023-05-06,Malta,Portugal,Europa Sports Complex,Malta,bat,T20,2023,Portugal,0,1,0.56,0.7142857142857143,0.4,1.0,0.0,1.0,0.0,1.0
2023-05-06,Gibraltar,Malta,Europa Sports Complex,Gibraltar,bat,T20,2023,Gibraltar,1,1,0.125,0.5384615384615384,0.2,0.2,0.16666666666666666,0.8333333333333334,0.5,0.0
2023-05-06,Gibraltar,Portugal,Europa Sports Complex,Gibraltar,bat,T20,2023,Portugal,0,1,0.16,0.7333333333333333,0.4,1.0,0.0,1.0,0.6666666666666666,1.0
2023-05-07,Malta,Gibraltar,Europa Sports Complex,Malta,bat,T20,2023,Malta,1,1,0.5185185185185185,0.15384615384615385,0.0,0.4,0.7142857142857143,0.2857142857142857,0.0,0.5
2023-05-07,Gibraltar,Portugal,Europa Sports Complex,Gibraltar,bat,T20,2023,Portugal,0,1,0.14814814814814814,0.75,0.4,1.0,0.0,1.0,0.4,1.0
2023-05-18,Norway,Denmark,"Svanholm Park, Brondby",Norway,bat,T20,2023,Denmark,0,1,0.29411764705882354,0.4,0.4,0.8,0.0,1.0,0.5,0.6
2023-05-18,Denmark,Finland,"Svanholm Park, Brondby",Denmark,bat,T20,2023,Denmark,1,1,0.42857142857142855,0.5833333333333334,0.8,0.8,0.6666666666666666,0.3333333333333333,0.6666666666666666,0.3333333333333333
2023-05-19,Denmark,Sweden,"Svanholm Park, Brondby",Sweden,field,T20,2023,Sweden,0,0,0.45454545454545453,0.4,0.8,0.6,0.5,0.5,0.7142857142857143,0.5
2023-05-19,Finland,Denmark,"Svanholm Park, Brondby",Finland,bat,T20,2023,Denmark,0,1,0.5384615384615384,0.43478260869565216,0.6,0.8,0.25,0.75,0.25,0.625
2023-05-20,Finland,Norway,"Solvangs Park, Glostrup",Finland,bat,T20,2023,Norway,0,1,0.5,0.2777777777777778,0.6,0.4,0.5,0.5,0.5,0.5
2023-06-10,Kenya,Uganda,"Gymkhana Club Ground, Nairobi",Kenya,bat,T20,2023,Kenya,1,1,0.5,0.7333333333333333,1.0,0.8,0.5,0.5,0.25,0.5
2023-06-10,Belgium,Germany,Bayer Uerdingen Cricket Ground,Germany,field,T20,2023,Germany,0,0,0.7692307692307693,0.5882352941176471,0.8,0.8,0.5,0.5,0.5,0.7777777777777778
2023-06-11,Botswana,Kenya,"Gymkhana Club Ground, Nairobi",Botswana,bat,T20,2023,Kenya,0,1,0.3684210526315789,0.5102040816326531,0.4,1.0,0.0,1.0,0.5,0.4
2023-06-11,Belgium,Germany,Bayer Uerdingen Cricket Ground,Germany,field,T20,2023,Germany,0,0,0.7142857142857143,0.6,0.6,0.8,0.0,1.0,0.0,0.8
2023-06-11,Hungary,Czech Republic,"Scott Page Field, Vinor",Hungary,bat,T20,2023,Czech Republic,0,1,0.38461538461538464,0.5238095238095238,0.0,0.8,0.3333333333333333,0.6666666666666666,0.5,0.5
2023-06-11,Rwanda,Uganda,"Gymkhana Club Ground, Nairobi",Rwanda,bat,T20,2023,Uganda,0,1,0.391304347826087,0.717391304347826,0.0,0.6,0.0,1.0,0.5,0.0
2023-06-13,Uganda,Kenya,"Gymkhana Club Ground, Nairobi",Uganda,bat,T20,2023,Uganda,1,1,0.723404255319149,0.52,0.8,1.0,0.42857142857142855,0.5714285714285714,0.5,0.5
2023-06-13,Rwanda,Botswana,"Gymkhana Club Ground, Nairobi",Botswana,field,T20,2023,Rwanda,1,0,0.375,0.35,0.0,0.4,1.0,0.0,0.0,0.0
2023-06-14,Rwanda,Kenya,"Gymkhana Club Ground, Nairobi",Rwanda,bat,T20,2023,Kenya,0,1,0.4,0.5098039215686274,0.2,0.8,0.0,1.0,0.5,0.42857142857142855
2023-06-14,Uganda,Botswana,"Gymkhana Club Ground, Nairobi",Uganda,bat,T20,2023,Uganda,1,1,0.7291666666666666,0.3333333333333333,0.8,0.4,1.0,0.0,0.6666666666666666,0.0
2023-06-15,Botswana,Kenya,"Gymkhana Club Ground, Nairobi",Botswana,bat,T20,2023,Botswana,1,1,0.3181818181818182,0.5192307692307693,0.2,0.8,0.0,1.0,0.0,0.5
2023-06-15,Rwanda,Uganda,"Gymkhana Club Ground, Nairobi",Uganda,field,T20,2023,Uganda,0,0,0.38461538461538464,0.7346938775510204,0.2,0.8,0.0,1.0,0.3333333333333333,0.75
2023-06-17,Botswana,Uganda,"Gymkhana Club Ground, Nairobi",Botswana,bat,T20,2023,Uganda,0,1,0.34782608695652173,0.74,0.2,0.8,0.0,1.0,0.25,0.8
2023-06-17,Rwanda,Kenya,"Gymkhana Club Ground, Nairobi",Rwanda,bat,T20,2023,Kenya,0,1,0.37037037037037035,0.5094339622641509,0.2,0.6,0.0,1.0,0.25,0.4444444444444444
2023-06-18,Botswana,Rwanda,"Gymkhana Club Ground, Nairobi",Botswana,bat,T20,2023,Rwanda,0,1,0.3333333333333333,0.35714285714285715,0.2,0.2,0.0,1.0,0.2,0.2
2023-06-18,Kenya,Uganda,"Gymkhana Club Ground, Nairobi",Kenya,bat,T20,2023,Uganda,0,1,0.5185185185185185,0.7450980392156863,0.6,1.0,0.5,0.5,0.5,0.8333333333333334
2023-06-19,Uganda,Rwanda,"Gymkhana Club Ground, Nairobi",Uganda,bat,T20,2023,Uganda,1,1,0.75,0.3793103448275862,1.0,0.4,1.0,0.0,0.8571428571428571,0.3333333333333333
2023-06-19,Botswana,Kenya,"Gymkhana Club Ground, Nairobi",Botswana,bat,T20,2023,Kenya,0,1,0.32,0.509090909090909,0.2,0.4,0.3333333333333333,0.6666666666666666,0.16666666666666666,0.45454545454545453
2023-06-21,Uganda,Kenya,"Gymkhana Club Ground, Nairobi",Uganda,bat,T20,2023,Uganda,1,1,0.7547169811320755,0.5178571428571429,1.0,0.6,0.5555555555555556,0.4444444444444444,0.875,0.5
2023-06-23,Serbia,Turkey,"National Sports Academy, Sofia",Serbia,bat,T20,2023,Serbia,1,1,0.26666666666666666,0.0,0.4,0.0,1.0,0.0,0.0,0.5
2023-06-23,Croatia,Bulgaria,"National Sports Academy, Sofia",Bulgaria,field,T20,2023,Bulgaria,0,0,0.4,0.36,0.4,0.2,0.5,0.5,0.5,0.8
2023-06-23,Bulgaria,Serbia,"National Sports Academy, Sofia",Serbia,field,T20,2023,Serbia,0,0,0.38461538461538464,0.3125,0.4,0.6,0.7142857142857143,0.2857142857142857,0.8333333333333334,0.125
2023-06-24,Croatia,Turkey,"National Sports Academy, Sofia",Croatia,bat,T20,2023,Turkey,0,1,0.3333333333333333,0.0,0.4,0.0,0.5,0.5,0.0,0.0
2023-06-24,Turkey,Bulgaria,"National Sports Academy, Sofia",Bulgaria,field,T20,2023,Bulgaria,0,0,0.16666666666666666,0.37037037037037035,0.2,0.4,0.5,0.5,0.5,0.7142857142857143
2023-06-24,Croatia,Serbia,"National Sports Academy, Sofia",Croatia,bat,T20,2023,Serbia,0,1,0.2857142857142857,0.35294117647058826,0.2,0.6,1.0,0.0,0.0,0.2222222222222222
2023-06-29,Austria,Germany,"Sportpark Het Schootsveld, Deventer",Germany,field,T20,2023,Germany,0,0,0.8,0.6111111111111112,0.8,0.8,0.5,0.5,0.5,0.5
2023-06-30,Austria,Germany,"Sportpark Het Schootsveld, Deventer",Germany,field,T20,2023,Germany,0,0,0.75,0.6216216216216216,0.8,0.8,0.3333333333333333,0.6666666666666666,0.0,1.0
2023-07-10,Malta,France,Marsa Sports Club,Malta,bat,T20,2023,Malta,1,1,0.5357142857142857,0.375,0.2,0.4,0.5,0.5,0.6428571428571429,0.5
2023-07-10,France,Malta,Marsa Sports Club,Malta,field,T20,2023,France,1,0,0.3333333333333333,0.5517241379310345,0.4,0.4,0.0,1.0,0.0,0.6666666666666666
2023-07-11,Malta,Luxembourg,Marsa Sports Club,Luxembourg,field,T20,2023,Malta,1,0,0.5333333333333333,0.4117647058823529,0.4,0.6,0.5,0.5,0.625,0.5
2023-07-11,France,Luxembourg,Marsa Sports Club,France,bat,T20,2023,France,1,1,0.4,0.3888888888888889,0.4,0.6,0.5,0.5,0.5,0.0
2023-07-12,Malta,Luxembourg,Marsa Sports Club,Malta,bat,T20,2023,Luxembourg,0,1,0.5483870967741935,0.3684210526315789,0.6,0.6,1.0,0.0,0.6470588235294118,0.0
2023-07-12,Luxembourg,France,Marsa Sports Club,Luxembourg,bat,T20,2023,France,0,1,0.4,0.45454545454545453,0.6,0.6,0.0,1.0,0.3333333333333333,0.6666666666666666
2023-07-12,France,Malta,Marsa Sports Club,France,bat,T20,2023,France,1,1,0.5,0.53125,0.6,0.6,0.5,0.5,0.75,0.6111111111111112
2023-07-13,Luxembourg,Malta,Marsa Sports Club,Malta,field,T20,2023,Malta,0,0,0.38095238095238093,0.5151515151515151,0.4,0.4,0.5,0.5,0.25,0.5789473684210527
2023-07-13,Romania,Switzerland,Marsa Sports Club,Switzerland,field,T20,2023,Switzerland,0,0,0.7272727272727273,0.5555555555555556,0.4,0.4,0.5,0.5,0.6666666666666666,0.75
2023-07-13,France,Romania,Marsa Sports Club,France,bat,T20,2023,France,1,1,0.5384615384615384,0.6956521739130435,0.8,0.2,0.5,0.5,0.8,0.5714285714285714
2023-07-14,France,Switzerland,Marsa Sports Club,France,bat,T20,2023,Switzerland,0,1,0.5714285714285714,0.6,1.0,0.4,0.0,1.0,0.8333333333333334,0.8
2023-07-14,Luxembourg,Switzerland,Marsa Sports Club,Switzerland,field,T20,2023,Switzerland,0,0,0.36363636363636365,0.6363636363636364,0.2,0.4,1.0,0.0,0.2,0.8333333333333334
2023-07-14,Malta,Romania,Marsa Sports Club,Malta,bat,T20,2023,Malta,1,1,0.5294117647058824,0.6666666666666666,0.4,0.2,0.3333333333333333,0.6666666666666666,0.6,0.5
2023-07-15,Romania,Luxembourg,Marsa Sports Club,Romania,bat,T20,2023,Luxembourg,0,1,0.64,0.34782608695652173,0.2,0.2,1.0,0.0,0.4444444444444444,0.16666666666666666
2023-07-15,Malta,Switzerland,Marsa Sports Club,Switzerland,field,T20,2023,Switzerland,0,0,0.5428571428571428,0.6666666666666666,0.6,0.6,0.5,0.5,0.6190476190476191,0.8571428571428571
2023-07-15,France,Luxembourg,Marsa Sports Club,France,bat,T20,2023,Luxembourg,0,1,0.5333333333333333,0.375,0.8,0.4,1.0,0.0,0.7142857142857143,0.2857142857142857
2023-07-16,France,Malta,Marsa Sports Club,France,bat,T20,2023,Malta,0,1,0.5,0.5277777777777778,0.6,0.4,0.6666666666666666,0.3333333333333333,0.625,0.5909090909090909
2023-07-16,Luxembourg,Romania,Marsa Sports Club,Romania,field,T20,2023,Romania,0,0,0.4,0.6153846153846154,0.4,0.0,0.5,0.5,0.375,0.4
2023-07-16,Malta,Switzerland,Marsa Sports Club,Malta,bat,T20,2023,Switzerland,0,1,0.5405405405405406,0.6923076923076923,0.6,0.8,0.3333333333333333,0.6666666666666666,0.6086956521739131,0.875
2023-07-20,Scotland,Germany,"Goldenacre, Edinburgh",Germany,field,T20,2023,Scotland,1,0,0.4666666666666667,0.631578947368421,0.2,0.8,0.5,0.5,0.5,0.5
2023-07-20,Austria,Jersey,"Grange Cricket Club Ground, Raeburn Place, Edinburgh",Jersey,field,T20,2023,Jersey,0,0,0.7058823529411765,0.6666666666666666,0.6,0.4,0.5,0.5,0.5,0.5
2023-07-20,Ireland,Italy,"Goldenacre, Edinburgh",Italy,field,T20,2023,Ireland,1,0,0.46296296296296297,0.5555555555555556,0.4,0.4,0.5,0.5,0.5,0.5
2023-07-21,Austria,Germany,"Goldenacre, Edinburgh",Austria,bat,T20,2023,Germany,0,1,0.6666666666666666,0.6153846153846154,0.4,0.8,0.25,0.75,0.5,0.0
2023-07-21,Denmark,Ireland,"Grange Cricket Club Ground, Raeburn Place, Edinburgh",Denmark,bat,T20,2023,Ireland,0,1,0.4583333333333333,0.46788990825688076,0.8,0.4,0.5,0.5,0.5,0.5
2023-07-21,Scotland,Jersey,"Grange Cricket Club Ground, Raeburn Place, Edinburgh",Jersey,field,T20,2023,Scotland,1,0,0.47540983606557374,0.6818181818181818,0.4,0.4,0.5,0.5,0.2,1.0
2023-07-22,Vanuatu,Papua New Guinea,"Amini Park, Port Moresby",Vanuatu,bat,T20,2023,Papua New Guinea,0,1,0.5714285714285714,0.45714285714285713,0.8,0.4,0.0,1.0,0.5,0.5
2023-07-22,Japan,Philippines,"Amini Park, Port Moresby",Japan,bat,T20,2023,Japan,1,1,0.6,0.125,0.6,0.0,0.5,0.5,0.5,0.5
2023-07-23,Ireland,Austria,"Grange Cricket Club Ground, Raeburn Place, Edinburgh",Austria,field,T20,2023,Ireland,1,0,0.4727272727272727,0.631578947368421,0.6,0.2,0.5,0.5,1.0,0.0
2023-07-23,Denmark,Germany,"Grange Cricket Club Ground, Raeburn Place, Edinburgh",Denmark,bat,T20,2023,Germany,0,1,0.44,0.625,0.6,0.8,0.0,1.0,0.0,0.5
2023-07-23,Italy,Jersey,"Goldenacre, Edinburgh",Jersey,field,T20,2023,Italy,1,0,0.5263157894736842,0.6521739130434783,0.2,0.4,0.0,1.0,0.0,0.5
2023-07-23,Japan,Vanuatu,"Amini Park, Port Moresby",Vanuatu,field,T20,2023,Japan,1,0,0.6666666666666666,0.5333333333333333,0.6,0.6,0.5,0.5,1.0,0.0
2023-07-24,Austria,Denmark,"Goldenacre, Edinburgh",Denmark,field,T20,2023,Denmark,0,0,0.6,0.4230769230769231,0.0,0.4,0.5,0.5,0.0,0.5
2023-07-24,Scotland,Italy,"Grange Cricket Club Ground, Raeburn Place, Edinburgh",Italy,field,T20,2023,Scotland,1,0,0.4838709677419355,0.55,0.6,0.4,0.5,0.5,0.3333333333333333,0.5
2023-07-24,Jersey,Ireland,"Goldenacre, Edinburgh",Ireland,field,T20,2023,Ireland,0,0,0.625,0.4774774774774775,0.4,0.8,0.0,1.0,0.0,1.0
2023-07-25,Scotland,Austria,"Goldenacre, Edinburgh",Austria,field,T20,2023,Scotland,1,0,0.49206349206349204,0.5714285714285714,0.6,0.0,0.5,0.5,1.0,0.0
2023-07-25,Jersey,Germany,"Grange Cricket Club Ground, Raeburn Place, Edinburgh",Germany,field,T20,2023,Jersey,1,0,0.6,0.6341463414634146,0.4,0.8,0.6666666666666666,0.3333333333333333,0.5,1.0
2023-07-25,Italy,Denmark,"Grange Cricket Club Ground, Raeburn Place, Edinburgh",Denmark,field,T20,2023,Italy,1,0,0.5238095238095238,0.4444444444444444,0.4,0.4,0.6666666666666666,0.3333333333333333,0.0,0.0
2023-07-25,Japan,Papua New Guinea,"Amini Park, Port Moresby",Japan,bat,T20,2023,Papua New Guinea,0,1,0.7142857142857143,0.4722222222222222,0.8,0.6,0.5,0.5,1.0,1.0
2023-07-25,Vanuatu,Philippines,"Amini Park, Port Moresby",Vanuatu,bat,T20,2023,Philippines,0,1,0.5,0.1111111111111111,0.6,0.0,0.5,0.5,0.0,0.0
2023-07-26,Bhutan,Myanmar,"Bayuemas Oval, Kuala Lumpur",Bhutan,bat,T20,2023,Bhutan,1,1,0.5,0.5,0.8,0.5,0.5,0.5,0.5,0.5
2023-07-26,China,Malaysia,"Bayuemas Oval, Kuala Lumpur",China,bat,T20,2023,Malaysia,0,1,0.5,0.5555555555555556,0.5,0.4,0.5,0.5,0.5,0.5
2023-07-26,Papua New Guinea,Vanuatu,"Amini Park, Port Moresby",Papua New Guinea,bat,T20,2023,Papua New Guinea,1,1,0.4864864864864865,0.47058823529411764,0.6,0.4,1.0,0.0,1.0,0.0
2023-07-26,Japan,Philippines,"Amini Park, Port Moresby",Japan,bat,T20,2023,Japan,1,1,0.625,0.2,0.6,0.2,1.0,0.0,0.6666666666666666,0.5
2023-07-27,Malaysia,Bhutan,"Bayuemas Oval, Kuala Lumpur",Bhutan,field,T20,2023,Malaysia,1,0,0.5652173913043478,0.5555555555555556,0.6,0.8,1.0,0.0,1.0,1.0
2023-07-27,China,Thailand,"Bayuemas Oval, Kuala Lumpur",Thailand,field,T20,2023,Thailand,0,0,0.0,0.07692307692307693,0.0,0.0,0.5,0.5,0.0,0.5
2023-07-27,Scotland,Denmark,"Grange Cricket Club Ground, Raeburn Place, Edinburgh",Denmark,field,T20,2023,Scotland,1,0,0.5,0.42857142857142855,0.8,0.4,0.5,0.5,0.42857142857142855,0.0
2023-07-28,Japan,Vanuatu,"Amini Park, Port Moresby",Vanuatu,field,T20,2023,Vanuatu,0,0,0.6666666666666666,0.4444444444444444,0.6,0.2,1.0,0.0,0.75,0.0
2023-07-28,Papua New Guinea,Philippines,"Amini Park, Port Moresby",Philippines,field,T20,2023,Papua New Guinea,1,0,0.5,0.18181818181818182,0.8,0.2,1.0,0.0,1.0,0.3333333333333333
2023-07-28,Thailand,Myanmar,"Bayuemas Oval, Kuala Lumpur",Myanmar,field,T20,2023,Thailand,1,0,0.14285714285714285,0.0,0.2,0.0,0.5,0.5,1.0,0.0
2023-07-28,Scotland,Ireland,"Grange Cricket Club Ground, Raeburn Place, Edinburgh",Ireland,field,T20,2023,Scotland,1,0,0.5076923076923077,0.48214285714285715,1.0,1.0,0.25,0.75,0.5,1.0
2023-07-28,Germany,Italy,"Grange Cricket Club Ground, Raeburn Place, Edinburgh",Italy,field,T20,2023,Italy,0,0,0.6190476190476191,0.5454545454545454,0.6,0.6,0.6,0.4,0.5,0.5
2023-07-28,Jersey,Denmark,"Goldenacre, Edinburgh",Denmark,field,T20,2023,Jersey,1,0,0.6153846153846154,0.41379310344827586,0.4,0.2,1.0,0.0,0.0,1.0
2023-07-29,Philippines,Vanuatu,"Amini Park, Port Moresby",Philippines,bat,T20,2023,Vanuatu,0,1,0.16666666666666666,0.47368421052631576,0.2,0.2,0.6666666666666666,0.3333333333333333,0.25,0.2
2023-07-29,Japan,Papua New Guinea,"Amini Park, Port Moresby",Japan,bat,T20,2023,Papua New Guinea,0,1,0.6,0.5128205128205128,0.6,1.0,0.0,1.0,0.6,1.0
2023-07-30,Malaysia,Myanmar,"Bayuemas Oval, Kuala Lumpur",Myanmar,field,T20,2023,Malaysia,1,0,0.574468085106383,0.0,0.6,0.0,0.5,0.5,1.0,0.0
2023-07-30,Bhutan,China,"Bayuemas Oval, Kuala Lumpur",Bhutan,bat,T20,2023,Bhutan,1,1,0.5,0.0,0.6,0.0,0.5,0.5,0.5,0.0
2023-07-31,Myanmar,China,"Bayuemas Oval, Kuala Lumpur",China,field,T20,2023,China,0,0,0.0,0.0,0.0,0.0,0.5,0.5,0.0,0.0
2023-07-31,Bhutan,Thailand,"Bayuemas Oval, Kuala Lumpur",Thailand,field,T20,2023,Thailand,0,0,0.5454545454545454,0.2,0.6,0.4,1.0,0.0,0.6666666666666666,1.0
2023-08-01,Thailand,Malaysia,"Bayuemas Oval, Kuala Lumpur",Malaysia,field,T20,2023,Malaysia,0,0,0.25,0.5833333333333334,0.6,0.6,0.0,1.0,1.0,1.0
2023-08-03,West Indies,India,"Brian Lara Stadium, Tarouba, Trinidad",West Indies,bat,T20,2023,West Indies,1,1,0.4339622641509434,0.6612903225806451,0.6,0.6,0.2916666666666667,0.7083333333333334,0.0,1.0
2023-08-05,Hungary,Croatia,"GB Oval, Szodliget",Hungary,bat,T20,2023,Hungary,1,1,0.35714285714285715,0.25,0.0,0.2,0.5,0.5,0.5,0.5
2023-08-06,India,West Indies,"Providence Stadium, Guyana",India,bat,T20,2023,West Indies,0,1,0.6577540106951871,0.4375,0.6,0.6,0.68,0.32,1.0,0.3333333333333333
2023-08-06,Croatia,Hungary,"GB Oval, Szodliget",Croatia,bat,T20,2023,Hungary,0,1,0.2222222222222222,0.4,0.2,0.2,0.0,1.0,0.0,1.0
2023-08-08,West Indies,India,"Providence Stadium, Guyana",West Indies,bat,T20,2023,India,0,1,0.4409937888198758,0.6542553191489362,0.8,0.4,0.34615384615384615,0.6538461538461539,0.5,0.5
2023-08-12,West Indies,India,"Central Broward Regional Park Stadium Turf Ground, Lauderhill",West Indies,bat,T20,2023,India,0,1,0.4382716049382716,0.656084656084656,0.6,0.6,0.3333333333333333,0.6666666666666666,0.0,1.0
2023-08-13,India,West Indies,"Central Broward Regional Park Stadium Turf Ground, Lauderhill",India,bat,T20,2023,West Indies,0,1,0.6578947368421053,0.43558282208588955,0.6,0.6,0.6785714285714286,0.32142857142857145,1.0,0.0
2023-08-14,Guernsey,Germany,"Sportpark Het Schootsveld, Deventer",Germany,field,T20,2023,Germany,0,0,0.6,0.6046511627906976,0.8,0.4,0.0,1.0,0.5,1.0
2023-08-14,Germany,Guernsey,"Sportpark Het Schootsveld, Deventer",Germany,bat,T20,2023,Guernsey,0,1,0.6136363636363636,0.5625,0.6,0.6,1.0,0.0,1.0,0.0
2023-08-15,Guernsey,Germany,"Sportpark Het Schootsveld, Deventer",Guernsey,bat,T20,2023,Guernsey,1,1,0.5882352941176471,0.6,0.6,0.4,0.3333333333333333,0.6666666666666666,0.5,0.75
2023-08-17,New Zealand,United Arab Emirates,Dubai International Cricket Stadium,United Arab Emirates,field,T20,2023,New Zealand,1,0,0.5480225988700564,0.5087719298245614,0.6,0.2,0.5,0.5,0.3333333333333333,0.0
2023-08-18,Romania,Malta,"Moara Vlasiei Cricket Ground, Ilfov County",Romania,bat,T20,2023,Malta,0,1,0.6296296296296297,0.5263157894736842,0.2,0.6,0.5,0.5,1.0,0.3333333333333333
2023-08-18,Ireland,India,"Malahide, Dublin",India,field,T20,2023,India,0,0,0.4778761061946903,0.6544502617801047,0.8,0.4,0.0,1.0,0.5,0.5
2023-08-19,Romania,Malta,"Moara Vlasiei Cricket Ground, Ilfov County",Romania,bat,T20,2023,Malta,0,1,0.6071428571428571,0.5384615384615384,0.2,0.6,0.4,0.6,0.8,0.5
2023-08-19,Malta,Romania,"Moara Vlasiei Cricket Ground, Ilfov County",Romania,field,T20,2023,Romania,0,0,0.55,0.5862068965517241,0.6,0.2,0.6666666666666666,0.3333333333333333,0.6,0.6666666666666666
2023-08-19,New Zealand,United Arab Emirates,Dubai International Cricket Stadium,United Arab Emirates,field,T20,2023,United Arab Emirates,0,0,0.550561797752809,0.5,0.6,0.2,1.0,0.0,0.4,0.0
2023-08-20,New Zealand,United Arab Emirates,Dubai International Cricket Stadium,United Arab Emirates,field,T20,2023,New Zealand,1,0,0.547486033519553,0.5084745762711864,0.6,0.4,0.5,0.5,0.36363636363636365,0.14285714285714285
2023-08-20,India,Ireland,"Malahide, Dublin",Ireland,field,T20,2023,India,1,0,0.65625,0.47368421052631576,0.6,0.6,1.0,0.0,1.0,0.0
2023-08-20,Romania,Malta,"Moara Vlasiei Cricket Ground, Ilfov County",Malta,field,T20,2023,Romania,1,0,0.6,0.5365853658536586,0.4,0.6,0.42857142857142855,0.5714285714285714,0.7142857142857143,0.5
2023-08-20,Malta,Romania,"Moara Vlasiei Cricket Ground, Ilfov County",Romania,field,T20,2023,Romania,0,0,0.5238095238095238,0.6129032258064516,0.4,0.6,0.5,0.5,0.42857142857142855,0.75
2023-08-20,Uganda,Rwanda,"Gahanga International Cricket Stadium, Rwanda",Uganda,bat,T20,2023,Uganda,1,1,0.7592592592592593,0.36666666666666664,1.0,0.2,1.0,0.0,0.875,0.1111111111111111
2023-08-20,Tanzania,Uganda,"Gahanga International Cricket Stadium, Rwanda",Tanzania,bat,T20,2023,Uganda,0,1,0.7241379310344828,0.7636363636363637,0.6,1.0,0.14285714285714285,0.8571428571428571,0.5555555555555556,0.8888888888888888
2023-08-21,Uganda,Tanzania,"Gahanga International Cricket Stadium, Rwanda",Uganda,bat,T20,2023,Tanzania,0,1,0.7678571428571429,0.7,1.0,0.6,0.875,0.125,0.9,0.5
2023-08-22,Uganda,Rwanda,"Gahanga International Cricket Stadium, Rwanda",Rwanda,field,T20,2023,Uganda,1,0,0.7543859649122807,0.3548387096774194,0.8,0.2,1.0,0.0,0.8181818181818182,0.1
2023-08-22,Rwanda,Tanzania,"Gahanga International Cricket Stadium, Rwanda",Tanzania,field,T20,2023,Tanzania,0,0,0.34375,0.7096774193548387,0.2,0.6,0.2,0.8,0.09090909090909091,0.5454545454545454
2023-08-24,Uganda,Tanzania,"Gahanga International Cricket Stadium, Rwanda",Tanzania,field,T20,2023,Uganda,1,0,0.7586206896551724,0.71875,0.8,0.6,0.7777777777777778,0.2222222222222222,0.8333333333333334,0.5833333333333334
2023-08-24,Uganda,Rwanda,"Gahanga International Cricket Stadium, Rwanda",Rwanda,field,T20,2023,Uganda,1,0,0.7627118644067796,0.3333333333333333,0.8,0.2,1.0,0.0,0.8461538461538461,0.08333333333333333
2023-08-25,Uganda,Tanzania,"Gahanga International Cricket Stadium, Rwanda",Uganda,bat,T20,2023,Uganda,1,1,0.7666666666666667,0.696969696969697,0.8,0.4,0.8,0.2,0.8571428571428571,0.5384615384615384
2023-08-25,Rwanda,Tanzania,"Gahanga International Cricket Stadium, Rwanda",Tanzania,field,T20,2023,Tanzania,0,0,0.3235294117647059,0.6764705882352942,0.0,0.4,0.16666666666666666,0.8333333333333334,0.07692307692307693,0.5
2023-08-27,Rwanda,Uganda,"Gahanga International Cricket Stadium, Rwanda",Rwanda,bat,T20,2023,Uganda,0,1,0.3142857142857143,0.7704918032786885,0.0,0.8,0.0,1.0,0.07142857142857142,0.8666666666666667
2023-08-27,Tanzania,Rwanda,"Gahanga International Cricket Stadium, Rwanda",Rwanda,field,T20,2023,Tanzania,1,0,0.6857142857142857,0.3055555555555556,0.6,0.0,0.8571428571428571,0.14285714285714285,0.5333333333333333,0.06666666666666667
2023-08-28,Rwanda,Uganda,"Gahanga International Cricket Stadium, Rwanda",Rwanda,bat,T20,2023,Uganda,0,1,0.2972972972972973,0.7741935483870968,0.0,1.0,0.0,1.0,0.0625,0.875
2023-08-28,Uganda,Tanzania,"Gahanga International Cricket Stadium, Rwanda",Uganda,bat,T20,2023,Uganda,1,1,0.7777777777777778,0.6944444444444444,1.0,0.6,0.8181818181818182,0.18181818181818182,0.8823529411764706,0.5625
2023-08-30,New Zealand,England,"Riverside Ground, Chester-le-Street",England,field,T20,2023,England,0,0,0.55,0.5370370370370371,0.8,0.4,0.38095238095238093,0.6190476190476191,0.5,0.5
2023-08-30,Australia,South Africa,"Kingsmead, Durban",South Africa,field,T20,2023/24,Australia,1,0,0.5421686746987951,0.5714285714285714,0.4,0.2,0.6363636363636364,0.36363636363636365,0.5,0.5
2023-08-30,Uganda,Tanzania,"Gahanga International Cricket Stadium, Rwanda",Tanzania,field,T20,2023,Uganda,1,0,0.78125,0.6756756756756757,1.0,0.4,0.8333333333333334,0.16666666666666666,0.8888888888888888,0.5294117647058824
2023-08-30,Tanzania,Rwanda,"Gahanga International Cricket Stadium, Rwanda",Rwanda,field,T20,2023,Tanzania,1,0,0.6578947368421053,0.2894736842105263,0.4,0.0,0.875,0.125,0.5,0.058823529411764705
2023-08-31,Rwanda,Uganda,"Gahanga International Cricket Stadium, Rwanda",Rwanda,bat,T20,2023,Uganda,0,1,0.28205128205128205,0.7846153846153846,0.0,1.0,0.0,1.0,0.05555555555555555,0.8947368421052632
2023-08-31,Tanzania,Rwanda,"Gahanga International Cricket Stadium, Rwanda",Tanzania,bat,T20,2023,Tanzania,1,1,0.6666666666666666,0.275,0.6,0.0,0.8888888888888888,0.1111111111111111,0.5263157894736842,0.05263157894736842
2023-09-01,South Africa,Australia,"Kingsmead, Durban",Australia,field,T20,2023/24,Australia,0,0,0.5679012345679012,0.5449101796407185,0.2,0.6,0.34782608695652173,0.6521739130434783,0.0,1.0
2023-09-01,England,New Zealand,"Old Trafford, Manchester",England,bat,T20,2023,England,1,1,0.5398773006134969,0.5469613259668509,0.4,0.6,0.6363636363636364,0.36363636363636365,1.0,0.5
2023-09-03,South Africa,Australia,"Kingsmead, Durban",South Africa,bat,T20,2023/24,Australia,0,1,0.5644171779141104,0.5476190476190477,0.2,0.8,0.3333333333333333,0.6666666666666666,0.0,1.0
2023-09-03,New Zealand,England,"Edgbaston, Birmingham",New Zealand,bat,T20,2023,New Zealand,1,1,0.5439560439560439,0.5426829268292683,0.4,0.4,0.34782608695652173,0.6521739130434783,0.5,0.0
2023-09-05,England,New Zealand,"Trent Bridge, Nottingham",England,bat,T20,2023,New Zealand,0,1,0.5393939393939394,0.546448087431694,0.4,0.4,0.625,0.375,0.5,0.5
2023-09-15,Qatar,Bahrain,"West End Park International Cricket Stadium, Doha",Bahrain,field,T20,2023,Qatar,1,0,0.5384615384615384,0.4642857142857143,0.6,0.4,0.0,1.0,1.0,0.6666666666666666
2023-09-15,Saudi Arabia,Kuwait,"West End Park International Cricket Stadium, Doha",Saudi Arabia,bat,T20,2023,Kuwait,0,1,0.3,0.5789473684210527,0.4,0.4,0.5,0.5,0.5,0.6666666666666666
2023-09-16,Bahrain,Kuwait,"West End Park International Cricket Stadium, Doha",Kuwait,field,T20,2023,Kuwait,0,0,0.4482758620689655,0.6,0.2,0.4,0.14285714285714285,0.8571428571428571,0.5,0.75
2023-09-18,Qatar,Kuwait,"West End Park International Cricket Stadium, Doha",Kuwait,field,T20,2023,Qatar,1,0,0.5714285714285714,0.6190476190476191,0.6,0.6,0.5,0.5,1.0,0.8
2023-09-18,Saudi Arabia,Bahrain,"West End Park International Cricket Stadium, Doha",Saudi Arabia,bat,T20,2023,Bahrain,0,1,0.2727272727272727,0.43333333333333335,0.4,0.2,0.5,0.5,0.3333333333333333,0.4
2023-09-19,Bahrain,Oman,"West End Park International Cricket Stadium, Doha",Oman,field,T20,2023,Bahrain,1,0,0.45161290322580644,0.4666666666666667,0.4,0.4,0.5,0.5,0.5,0.5
2023-09-19,Malaysia,Hong Kong,"Bayuemas Oval, Kuala Lumpur",Hong Kong,field,T20,2023,Malaysia,1,0,0.5918367346938775,0.4423076923076923,0.8,0.8,0.625,0.375,1.0,0.5
2023-09-20,United Arab Emirates,Qatar,"West End Park International Cricket Stadium, Doha",United Arab Emirates,bat,T20,2023,United Arab Emirates,1,1,0.5,0.6,0.4,0.8,1.0,0.0,0.5,1.0
2023-09-20,Malaysia,Papua New Guinea,"Bayuemas Oval, Kuala Lumpur",Malaysia,bat,T20,2023,Papua New Guinea,0,1,0.6,0.525,1.0,1.0,0.5,0.5,1.0,0.5
2023-09-22,Oman,Kuwait,"West End Park International Cricket Stadium, Doha",Oman,bat,T20,2023,Oman,1,1,0.45652173913043476,0.5909090909090909,0.4,0.6,0.5,0.5,0.0,0.6666666666666666
2023-09-22,Malaysia,Hong Kong,"Bayuemas Oval, Kuala Lumpur",Malaysia,bat,T20,2023,Malaysia,1,1,0.5882352941176471,0.4339622641509434,0.8,0.8,0.6666666666666666,0.3333333333333333,0.8333333333333334,0.0
2023-09-22,Bahrain,United Arab Emirates,"West End Park International Cricket Stadium, Doha",Bahrain,bat,T20,2023,Bahrain,1,1,0.46875,0.5081967213114754,0.4,0.6,1.0,0.0,0.5714285714285714,1.0
2023-09-23,Malaysia,Papua New Guinea,"Bayuemas Oval, Kuala Lumpur",Malaysia,bat,T20,2023,Papua New Guinea,0,1,0.5961538461538461,0.5365853658536586,0.8,1.0,0.3333333333333333,0.6666666666666666,0.8571428571428571,1.0
2023-09-23,United Arab Emirates,Oman,"West End Park International Cricket Stadium, Doha",United Arab Emirates,bat,T20,2023,Oman,0,1,0.5,0.46808510638297873,0.4,0.4,0.5,0.5,0.5,0.5
2023-09-24,Hong Kong,Papua New Guinea,"Bayuemas Oval, Kuala Lumpur",Papua New Guinea,field,T20,2023,Papua New Guinea,0,0,0.42592592592592593,0.5476190476190477,0.6,1.0,1.0,0.0,0.0,1.0
2023-09-27,Nepal,Mongolia,Zhejiang University of Technology Cricket Field,Mongolia,field,T20,2023,Nepal,1,0,0.6078431372549019,0.5,0.8,0.5,0.5,0.5,0.5,0.5
2023-09-28,Qatar,Kuwait,"West End Park International Cricket Stadium, Doha",Kuwait,field,T20,2023/24,Kuwait,0,0,0.5625,0.5652173913043478,0.8,0.6,0.6666666666666666,0.3333333333333333,0.8,0.5714285714285714
2023-09-29,Maldives,Kuwait,"West End Park International Cricket Stadium, Doha",Kuwait,field,T20,2023/24,Kuwait,0,0,0.21428571428571427,0.5833333333333334,0.2,0.6,0.0,1.0,0.0,0.625
2023-09-30,Panama,Cayman Islands,"White Hill Field, Sandys Parish",Panama,bat,T20,2023/24,Cayman Islands,0,1,0.2857142857142857,0.3,0.2,0.6,0.0,1.0,0.5,0.0
2023-09-30,Gibraltar,Estonia,Europa Sports Complex,Estonia,field,T20,2023,Estonia,0,0,0.14285714285714285,0.0,0.4,0.0,0.5,0.5,0.3333333333333333,0.5
2023-09-30,Bermuda,Canada,"White Hill Field, Sandys Parish",Canada,field,T20,2023/24,Bermuda,1,0,0.6,0.5882352941176471,1.0,0.8,0.5,0.5,1.0,1.0
2023-09-30,Estonia,Gibraltar,Europa Sports Complex,Gibraltar,field,T20,2023,Gibraltar,0,0,0.1111111111111111,0.13793103448275862,0.2,0.2,1.0,0.0,1.0,0.2857142857142857
2023-10-01,Panama,Bermuda,"White Hill Field, Sandys Parish",Panama,bat,T20,2023/24,Bermuda,0,1,0.25,0.6190476190476191,0.2,1.0,0.0,1.0,0.0,1.0
2023-10-01,Canada,Cayman Islands,"White Hill Field, Sandys Parish",Canada,bat,T20,2023/24,Canada,1,1,0.5714285714285714,0.36363636363636365,0.6,0.8,1.0,0.0,0.8,0.16666666666666666
2023-10-01,Kuwait,Saudi Arabia,"West End Park International Cricket Stadium, Doha",Kuwait,bat,T20,2023/24,Saudi Arabia,0,1,0.6,0.25,0.6,0.4,1.0,0.0,0.6666666666666666,0.25
2023-10-01,Maldives,Qatar,"West End Park International Cricket Stadium, Doha",Qatar,field,T20,2023/24,Qatar,0,0,0.2,0.5294117647058824,0.2,0.6,0.0,1.0,0.0,0.6666666666666666
2023-10-02,Qatar,Kuwait,"West End Park International Cricket Stadium, Doha",Kuwait,field,T20,2023/24,Kuwait,0,0,0.5555555555555556,0.5769230769230769,0.6,0.4,0.5,0.5,0.7142857142857143,0.6
2023-10-02,Maldives,Saudi Arabia,"West End Park International Cricket Stadium, Doha",Maldives,bat,T20,2023/24,Saudi Arabia,0,1,0.1875,0.3076923076923077,0.2,0.6,0.0,1.0,0.0,0.4
2023-10-03,Bermuda,Cayman Islands,"National Stadium, Hamilton",Bermuda,bat,T20,2023/24,Bermuda,1,1,0.6363636363636364,0.3333333333333333,1.0,0.8,1.0,0.0,0.5,0.5
2023-10-03,Pakistan,Hong Kong,Zhejiang University of Technology Cricket Field,Hong Kong,field,T20,2023,Pakistan,1,0,0.624390243902439,0.41818181818181815,0.4,0.4,1.0,0.0,0.5,0.5
2023-10-03,India,Nepal,Zhejiang University of Technology Cricket Field,India,bat,T20,2023,India,1,1,0.6580310880829016,0.6153846153846154,0.8,0.8,0.5,0.5,0.5,1.0
2023-10-03,Canada,Panama,"National Stadium, Hamilton",Canada,bat,T20,2023/24,Canada,1,1,0.5833333333333334,0.2222222222222222,0.8,0.0,1.0,0.0,0.5,0.5
2023-10-04,Sierra Leone,Ghana,"Tafawa Balewa Square Cricket Oval, Lagos",Ghana,field,T20,2023/24,Ghana,0,0,0.4666666666666667,0.38095238095238093,0.8,0.2,1.0,0.0,0.5,0.5
2023-10-04,Nigeria,Rwanda,"Tafawa Balewa Square Cricket Oval, Lagos",Nigeria,bat,T20,2023/24,Nigeria,1,1,0.4,0.2682926829268293,1.0,0.0,0.5,0.5,0.5,0.5
2023-10-04,Bangladesh,Malaysia,Zhejiang University of Technology Cricket Field,Bangladesh,bat,T20,2023,Bangladesh,1,1,0.3582089552238806,0.5849056603773585,0.8,0.6,0.5,0.5,0.5,0.5
2023-10-04,Maldives,Kuwait,"West End Park International Cricket Stadium, Doha",Kuwait,field,T20,2023/24,Kuwait,0,0,0.17647058823529413,0.5925925925925926,0.2,0.6,0.0,1.0,0.0,0.6363636363636364
2023-10-04,Canada,Cayman Islands,"National Stadium, Hamilton",Canada,bat,T20,2023/24,Canada,1,1,0.5945945945945946,0.3076923076923077,0.8,0.6,1.0,0.0,1.0,0.0
2023-10-04,Panama,Bermuda,"National Stadium, Hamilton",Bermuda,field,T20,2023/24,Bermuda,0,0,0.2,0.6521739130434783,0.0,1.0,0.0,1.0,0.0,1.0
2023-10-05,Serbia,Gibraltar,Europa Sports Complex,Serbia,bat,T20,2023/24,Gibraltar,0,1,0.3888888888888889,0.16666666666666666,0.8,0.2,0.5,0.5,0.5,0.375
2023-10-05,Nigeria,Sierra Leone,"Tafawa Balewa Square Cricket Oval, Lagos",Sierra Leone,field,T20,2023/24,Nigeria,1,0,0.41935483870967744,0.4375,1.0,0.8,0.8333333333333334,0.16666666666666666,1.0,0.0
2023-10-05,Qatar,Maldives,"West End Park International Cricket Stadium, Doha",Maldives,field,T20,2023/24,Qatar,1,0,0.5263157894736842,0.16666666666666666,0.4,0.2,1.0,0.0,0.625,0.0
2023-10-05,Saudi Arabia,Kuwait,"West End Park International Cricket Stadium, Doha",Kuwait,field,T20,2023/24,Kuwait,0,0,0.35714285714285715,0.6071428571428571,0.6,0.8,0.5,0.5,0.5,0.6666666666666666
2023-10-05,Serbia,Gibraltar,Europa Sports Complex,Gibraltar,field,T20,2023/24,Gibraltar,0,0,0.3684210526315789,0.1935483870967742,0.6,0.4,0.0,1.0,0.0,0.4444444444444444
2023-10-06,Nigeria,Ghana,"Tafawa Balewa Square Cricket Oval, Lagos",Ghana,field,T20,2023/24,Nigeria,1,0,0.4375,0.4090909090909091,1.0,0.4,1.0,0.0,1.0,1.0
2023-10-06,Rwanda,Sierra Leone,"Tafawa Balewa Square Cricket Oval, Lagos",Rwanda,bat,T20,2023/24,Rwanda,1,1,0.2619047619047619,0.4117647058823529,0.0,0.6,0.5,0.5,0.0,0.0
2023-10-06,Bangladesh,India,Zhejiang University of Technology Cricket Field,India,field,T20,2023,India,0,0,0.362962962962963,0.6597938144329897,0.8,0.8,0.08333333333333333,0.9166666666666666,1.0,1.0
2023-10-07,Canada,Bermuda,"National Stadium, Hamilton",Canada,bat,T20,2023/24,Canada,1,1,0.6052631578947368,0.6666666666666666,0.8,1.0,0.0,1.0,1.0,1.0
2023-10-07,Pakistan,Bangladesh,Zhejiang University of Technology Cricket Field,Bangladesh,field,T20,2023,Bangladesh,0,0,0.6262135922330098,0.3602941176470588,0.6,0.6,0.8888888888888888,0.1111111111111111,1.0,0.5
2023-10-07,Rwanda,Nigeria,"Tafawa Balewa Square Cricket Oval, Lagos",Nigeria,field,T20,2023/24,Nigeria,0,0,0.27906976744186046,0.45454545454545453,0.2,1.0,0.0,1.0,0.5,1.0
2023-10-08,Sierra Leone,Nigeria,"Tafawa Balewa Square Cricket Oval, Lagos",Sierra Leone,bat,T20,2023/24,Nigeria,0,1,0.3888888888888889,0.47058823529411764,0.4,1.0,0.14285714285714285,0.8571428571428571,0.0,1.0
2023-10-08,Rwanda,Ghana,"Tafawa Balewa Square Cricket Oval, Lagos",Rwanda,bat,T20,2023/24,Rwanda,1,1,0.2727272727272727,0.391304347826087,0.2,0.4,0.4,0.6,0.3333333333333333,0.5
2023-10-10,Nigeria,Ghana,"Tafawa Balewa Square Cricket Oval, Lagos",Nigeria,bat,T20,2023/24,Nigeria,1,1,0.4857142857142857,0.375,1.0,0.4,1.0,0.0,1.0,0.3333333333333333
2023-10-10,Sierra Leone,Rwanda,"Tafawa Balewa Square Cricket Oval, Lagos",Sierra Leone,bat,T20,2023/24,Sierra Leone,1,1,0.3684210526315789,0.28888888888888886,0.2,0.4,0.0,1.0,0.0,0.5
2023-10-11,Ghana,Nigeria,"Tafawa Balewa Square Cricket Oval, Lagos",Nigeria,field,T20,2023/24,Nigeria,0,0,0.36,0.5,0.2,1.0,0.0,1.0,0.25,1.0
2023-10-11,Sierra Leone,Rwanda,"Tafawa Balewa Square Cricket Oval, Lagos",Sierra Leone,bat,T20,2023/24,Rwanda,0,1,0.4,0.2826086956521739,0.2,0.4,0.5,0.5,0.2,0.4
2023-10-12,Ghana,Rwanda,"Tafawa Balewa Square Cricket Oval, Lagos",Ghana,bat,T20,2023/24,Rwanda,0,1,0.34615384615384615,0.2978723404255319,0.2,0.6,0.5,0.5,0.2,0.5
2023-10-12,Nigeria,Sierra Leone,"Tafawa Balewa Square Cricket Oval, Lagos",Sierra Leone,field,T20,2023/24,Nigeria,1,0,0.5135135135135135,0.38095238095238093,1.0,0.2,0.875,0.125,1.0,0.16666666666666666
2023-10-14,Rwanda,Nigeria,"Tafawa Balewa Square Cricket Oval, Lagos",Nigeria,field,T20,2023/24,Nigeria,0,0,0.3125,0.5263157894736842,0.6,1.0,0.0,1.0,0.5714285714285714,1.0
2023-10-14,Ghana,Sierra Leone,"Tafawa Balewa Square Cricket Oval, Lagos",Sierra Leone,field,T20,2023/24,Ghana,1,0,0.3333333333333333,0.36363636363636365,0.0,0.2,0.5,0.5,0.16666666666666666,0.14285714285714285
2023-10-15,Nigeria,Rwanda,"Tafawa Balewa Square Cricket Oval, Lagos",Nigeria,bat,T20,2023/24,Nigeria,1,1,0.5384615384615384,0.30612244897959184,1.0,0.6,1.0,0.0,1.0,0.5
2023-10-15,Ghana,Sierra Leone,"Tafawa Balewa Square Cricket Oval, Lagos",Ghana,bat,T20,2023/24,Sierra Leone,0,1,0.35714285714285715,0.34782608695652173,0.2,0.2,0.6666666666666666,0.3333333333333333,0.2857142857142857,0.125
2023-10-15,Luxembourg,Gibraltar,Europa Sports Complex,Luxembourg,bat,T20,2023/24,Luxembourg,1,1,0.38461538461538464,0.21875,0.4,0.6,0.5,0.5,0.5,0.5
2023-10-15,Gibraltar,Luxembourg,Europa Sports Complex,Luxembourg,field,T20,2023/24,Gibraltar,1,0,0.21212121212121213,0.4074074074074074,0.6,0.6,0.0,1.0,0.45454545454545453,1.0
2023-10-18,United Arab Emirates,Nepal,Mulpani Cricket Ground,Nepal,field,T20,2023/24,Nepal,0,0,0.49206349206349204,0.6037735849056604,0.4,0.6,0.6,0.4,0.5,0.5
2023-10-18,Chile,Mexico,St Georges Quilmes,Chile,bat,T20,2023/24,Mexico,0,1,0.5,0.5,0.5,0.5,0.5,0.5,0.5,0.5
2023-10-19,Hong Kong,Nepal,Mulpani Cricket Ground,Nepal,field,T20,2023/24,Nepal,0,0,0.4107142857142857,0.6111111111111112,0.2,0.6,0.6,0.4,0.5,1.0
2023-10-19,Mexico,Argentina,St Georges Quilmes,Argentina,field,T20,2023/24,Argentina,0,0,1.0,0.2,1.0,0.2,0.5,0.5,1.0,0.5
2023-10-20,Chile,Argentina,St Georges Quilmes,Chile,bat,T20,2023/24,Argentina,0,1,0.0,0.2727272727272727,0.0,0.4,0.5,0.5,0.0,1.0
2023-10-21,Nepal,Hong Kong,Mulpani Cricket Ground,Nepal,bat,T20,2023/24,Nepal,1,1,0.6181818181818182,0.40350877192982454,0.8,0.0,0.5,0.5,1.0,0.0
2023-10-22,Hong Kong,United Arab Emirates,Mulpani Cricket Ground,United Arab Emirates,field,T20,2023/24,United Arab Emirates,0,0,0.39655172413793105,0.484375,0.0,0.2,0.3333333333333333,0.6666666666666666,0.0,0.0
2023-10-23,United Arab Emirates,Nepal,Mulpani Cricket Ground,Nepal,field,T20,2023/24,Nepal,0,0,0.49230769230769234,0.625,0.4,0.8,0.5,0.5,0.5,1.0
2023-10-24,Zimbabwe,Namibia,"Wanderers Cricket Ground, Windhoek",Zimbabwe,bat,T20,2023/24,Namibia,0,1,0.3564356435643564,0.6666666666666666,0.4,0.6,0.4,0.6,0.5,1.0
2023-10-25,Namibia,Zimbabwe,"Wanderers Cricket Ground, Windhoek",Zimbabwe,field,T20,2023/24,Zimbabwe,0,0,0.675,0.35294117647058826,0.6,0.4,0.6666666666666666,0.3333333333333333,1.0,0.0
2023-10-25,Hong Kong,United Arab Emirates,Mulpani Cricket Ground,Hong Kong,bat,T20,2023/24,Hong Kong,1,1,0.3898305084745763,0.48484848484848486,0.0,0.2,0.25,0.75,0.0,0.3333333333333333
2023-10-27,Nepal,United Arab Emirates,"Tribhuvan University International Cricket Ground, Kirtipur",United Arab Emirates,field,T20,2023/24,United Arab Emirates,0,0,0.631578947368421,0.47761194029850745,0.8,0.2,0.5714285714285714,0.42857142857142855,0.9,0.5
2023-10-27,Namibia,Zimbabwe,"United Cricket Club Ground, Windhoek",Namibia,bat,T20,2023/24,Zimbabwe,0,1,0.6585365853658537,0.3592233009708738,0.4,0.6,0.5714285714285714,0.42857142857142855,0.6666666666666666,0.5
2023-10-29,Zimbabwe,Namibia,"United Cricket Club Ground, Windhoek",Zimbabwe,bat,T20,2023/24,Namibia,0,1,0.36538461538461536,0.6428571428571429,0.6,0.2,0.5,0.5,1.0,0.5
2023-10-30,Hong Kong,Kuwait,Mulpani Cricket Ground,Kuwait,field,T20,2023/24,Hong Kong,1,0,0.4,0.6206896551724138,0.2,0.8,1.0,0.0,0.25,0.5
2023-10-30,Oman,Malaysia,"Tribhuvan University International Cricket Ground, Kirtipur",Oman,bat,T20,2023/24,Oman,1,1,0.4791666666666667,0.5740740740740741,0.4,0.4,0.5,0.5,0.5,0.14285714285714285
2023-10-30,Singapore,Nepal,"Tribhuvan University International Cricket Ground, Kirtipur",Singapore,bat,T20,2023/24,Nepal,0,1,0.3333333333333333,0.6206896551724138,0.0,0.8,0.5,0.5,0.5,0.8181818181818182
2023-10-30,Bahrain,United Arab Emirates,Mulpani Cricket Ground,United Arab Emirates,field,T20,2023/24,United Arab Emirates,0,0,0.48484848484848486,0.4852941176470588,0.6,0.4,1.0,0.0,0.5,0.25
2023-10-30,Namibia,Zimbabwe,"United Cricket Club Ground, Windhoek",Zimbabwe,field,T20,2023/24,Namibia,1,0,0.6511627906976745,0.3619047619047619,0.4,0.6,0.5555555555555556,0.4444444444444444,0.6,0.5
2023-10-31,Malaysia,Nepal,"Tribhuvan University International Cricket Ground, Kirtipur",Malaysia,bat,T20,2023/24,Nepal,0,1,0.5636363636363636,0.6271186440677966,0.2,0.8,0.0,1.0,0.125,0.8333333333333334
2023-10-31,Bahrain,Hong Kong,Mulpani Cricket Ground,Hong Kong,field,T20,2023/24,Bahrain,1,0,0.47058823529411764,0.4098360655737705,0.6,0.4,0.0,1.0,0.0,0.4
2023-10-31,Oman,Singapore,"Tribhuvan University International Cricket Ground, Kirtipur",Singapore,field,T20,2023/24,Oman,1,0,0.4897959183673469,0.3235294117647059,0.6,0.0,0.5,0.5,1.0,0.0
2023-10-31,Kuwait,United Arab Emirates,Mulpani Cricket Ground,Kuwait,bat,T20,2023/24,United Arab Emirates,0,1,0.6,0.4927536231884058,0.6,0.6,0.5,0.5,0.0,0.4
2023-11-02,Bahrain,Kuwait,Mulpani Cricket Ground,Kuwait,field,T20,2023/24,Kuwait,0,0,0.4857142857142857,0.5806451612903226,0.8,0.6,0.125,0.875,0.5,0.0
2023-11-02,Malaysia,Singapore,"Tribhuvan University International Cricket Ground, Kirtipur",Malaysia,bat,T20,2023/24,Malaysia,1,1,0.5535714285714286,0.3142857142857143,0.2,0.0,0.5714285714285714,0.42857142857142855,0.1111111111111111,0.0
2023-11-02,United Arab Emirates,Hong Kong,Mulpani Cricket Ground,Hong Kong,field,T20,2023/24,United Arab Emirates,1,0,0.5,0.4032258064516129,0.6,0.4,0.6,0.4,0.5,0.3333333333333333
2023-11-02,Oman,Nepal,"Tribhuvan University International Cricket Ground, Kirtipur",Nepal,field,T20,2023/24,Oman,1,0,0.5,0.6333333333333333,0.8,0.8,0.25,0.75,1.0,0.8461538461538461
2023-11-03,United Arab Emirates,Nepal,Mulpani Cricket Ground,United Arab Emirates,bat,T20,2023/24,Nepal,0,1,0.5070422535211268,0.6229508196721312,0.8,0.6,0.5,0.5,0.5714285714285714,1.0
2023-11-03,Bahrain,Oman,"Tribhuvan University International Cricket Ground, Kirtipur",Bahrain,bat,T20,2023/24,Oman,0,1,0.4722222222222222,0.5098039215686274,0.6,1.0,0.6666666666666666,0.3333333333333333,0.5,1.0
2023-11-20,Cambodia,Indonesia,Udayana Cricket Ground,Cambodia,bat,T20,2023/24,Indonesia,0,1,0.5,0.6666666666666666,0.5,0.8,0.5,0.5,0.5,0.5
2023-11-20,Cambodia,Indonesia,Udayana Cricket Ground,Cambodia,bat,T20,2023/24,Indonesia,0,1,0.0,0.7142857142857143,0.0,0.8,0.0,1.0,0.0,1.0
2023-11-21,Indonesia,Cambodia,Udayana Cricket Ground,Cambodia,field,T20,2023/24,Indonesia,1,0,0.75,0.0,0.8,0.0,1.0,0.0,1.0,0.0
2023-11-21,Indonesia,Cambodia,Udayana Cricket Ground,Cambodia,field,T20,2023/24,Cambodia,0,0,0.7777777777777778,0.0,1.0,0.0,1.0,0.0,1.0,0.0
2023-11-22,Kenya,Rwanda,"United Cricket Club Ground, Windhoek",Rwanda,field,T20,2023/24,Kenya,1,0,0.5087719298245614,0.3,0.4,0.4,1.0,0.0,0.5,0.5
2023-11-22,Indonesia,Cambodia,Udayana Cricket Ground,Cambodia,field,T20,2023/24,Cambodia,0,0,0.7,0.25,0.8,0.25,0.75,0.25,0.75,0.25
2023-11-22,Zimbabwe,Namibia,"Wanderers Cricket Ground, Windhoek",Namibia,field,T20,2023/24,Namibia,0,0,0.3584905660377358,0.6590909090909091,0.4,0.6,0.4,0.6,0.5,0.75
2023-11-22,Tanzania,Uganda,"Wanderers Cricket Ground, Windhoek",Uganda,field,T20,2023/24,Uganda,0,0,0.675,0.7878787878787878,0.6,1.0,0.15384615384615385,0.8461538461538461,0.5,0.0
2023-11-23,Cambodia,Indonesia,Udayana Cricket Ground,Indonesia,field,T20,2023/24,Indonesia,0,0,0.4,0.6363636363636364,0.4,0.6,0.4,0.6,0.4,0.6
2023-11-23,Australia,India,"Dr. Y.S. Rajasekhara Reddy ACA-VDCA Cricket Stadium, Visakhapatnam",India,field,T20,2023/24,India,0,0,0.5502958579881657,0.6615384615384615,1.0,0.8,0.4,0.6,0.5,1.0
2023-11-23,Tanzania,Zimbabwe,"United Cricket Club Ground, Windhoek",Zimbabwe,field,T20,2023/24,Zimbabwe,0,0,0.6585365853658537,0.35514018691588783,0.4,0.4,0.5,0.5,0.5,0.3333333333333333
2023-11-23,Nigeria,Kenya,"United Cricket Club Ground, Windhoek",Kenya,field,T20,2023/24,Kenya,0,0,0.55,0.5172413793103449,1.0,0.6,0.2,0.8,0.5,1.0
2023-11-24,Uganda,Namibia,"Wanderers Cricket Ground, Windhoek",Namibia,field,T20,2023/24,Namibia,0,0,0.7910447761194029,0.6666666666666666,1.0,0.6,0.14285714285714285,0.8571428571428571,0.3333333333333333,0.8
2023-11-25,Kenya,Tanzania,"Wanderers Cricket Ground, Windhoek",Tanzania,field,T20,2023/24,Kenya,1,0,0.5254237288135594,0.6428571428571429,0.6,0.4,0.3333333333333333,0.6666666666666666,0.5,0.0
2023-11-25,Namibia,Rwanda,"Wanderers Cricket Ground, Windhoek",Rwanda,field,T20,2023/24,Namibia,1,0,0.6739130434782609,0.29411764705882354,0.8,0.4,0.5,0.5,0.8333333333333334,0.5
2023-11-26,India,Australia,"Greenfield International Stadium, Thiruvananthapuram",Australia,field,T20,2023/24,India,1,0,0.6632653061224489,0.5470588235294118,1.0,0.8,0.6153846153846154,0.38461538461538464,1.0,0.5
2023-11-26,Tanzania,Nigeria,"United Cricket Club Ground, Windhoek",Tanzania,bat,T20,2023/24,Nigeria,0,1,0.627906976744186,0.5365853658536586,0.4,0.8,1.0,0.0,0.0,0.0
2023-11-26,Zimbabwe,Uganda,"United Cricket Club Ground, Windhoek",Uganda,field,T20,2023/24,Uganda,0,0,0.3611111111111111,0.7794117647058824,0.4,0.8,0.5,0.5,0.5,0.3333333333333333
2023-11-27,Kenya,Namibia,"United Cricket Club Ground, Windhoek",Namibia,field,T20,2023/24,Namibia,0,0,0.5333333333333333,0.6808510638297872,0.8,1.0,0.0,1.0,1.0,0.6666666666666666
2023-11-27,Zimbabwe,Rwanda,"Wanderers Cricket Ground, Windhoek",Rwanda,field,T20,2023/24,Zimbabwe,1,0,0.3577981651376147,0.28846153846153844,0.2,0.2,0.5,0.5,0.3333333333333333,0.0
2023-11-27,Nigeria,Uganda,"United Cricket Club Ground, Windhoek",Nigeria,bat,T20,2023/24,Uganda,0,1,0.5476190476190477,0.782608695652174,0.8,0.8,0.0,1.0,0.5,0.5
2023-11-28,Namibia,Tanzania,"Wanderers Cricket Ground, Windhoek",Tanzania,field,T20,2023/24,Namibia,1,0,0.6875,0.6136363636363636,1.0,0.2,0.5,0.5,0.8571428571428571,0.0
2023-11-28,India,Australia,"Barsapara Cricket Stadium, Guwahati",Australia,field,T20,2023/24,Australia,0,0,0.6649746192893401,0.543859649122807,1.0,0.6,0.6296296296296297,0.37037037037037035,1.0,0.5
2023-11-29,Nigeria,Zimbabwe,"United Cricket Club Ground, Windhoek",Nigeria,bat,T20,2023/24,Zimbabwe,0,1,0.5348837209302325,0.36363636363636365,0.6,0.4,0.5,0.5,0.3333333333333333,0.4
2023-11-29,Tanzania,Rwanda,"Wanderers Cricket Ground, Windhoek",Rwanda,field,T20,2023/24,Tanzania,1,0,0.6,0.2830188679245283,0.0,0.0,0.9,0.1,0.0,0.0
2023-11-29,Uganda,Kenya,"Wanderers Cricket Ground, Windhoek",Uganda,bat,T20,2023/24,Uganda,1,1,0.7857142857142857,0.5245901639344263,0.8,0.6,0.6,0.4,0.25,1.0
2023-11-30,Nigeria,Namibia,"Wanderers Cricket Ground, Windhoek",Nigeria,bat,T20,2023/24,Namibia,0,1,0.5227272727272727,0.6938775510204082,0.4,1.0,0.5,0.5,0.5,0.875
2023-11-30,Rwanda,Uganda,"Wanderers Cricket Ground, Windhoek",Uganda,field,T20,2023/24,Uganda,0,0,0.2777777777777778,0.7887323943661971,0.0,0.8,0.0,1.0,0.0,0.4
2023-11-30,Zimbabwe,Kenya,"United Cricket Club Ground, Windhoek",Kenya,field,T20,2023/24,Zimbabwe,1,0,0.36936936936936937,0.5161290322580645,0.6,0.6,0.5,0.5,0.5,0.6666666666666666
2023-12-01,India,Australia,"Shaheed Veer Narayan Singh International Stadium, Raipur",Australia,field,T20,2023/24,India,1,0,0.6616161616161617,0.5465116279069767,0.8,0.6,0.6071428571428571,0.39285714285714285,0.5,0.5
2023-12-03,India,Australia,"M Chinnaswamy Stadium, Bengaluru",Australia,field,T20,2023/24,India,1,0,0.6633165829145728,0.5433526011560693,0.8,0.4,0.6206896551724138,0.3793103448275862,0.5,0.5
2023-12-07,Ireland,Zimbabwe,Harare Sports Club,Zimbabwe,field,T20,2023/24,Zimbabwe,0,0,0.46956521739130436,0.375,0.4,0.8,0.5,0.5,0.3333333333333333,0.25
2023-12-09,Zimbabwe,Ireland,Harare Sports Club,Ireland,field,T20,2023/24,Ireland,0,0,0.3805309734513274,0.46551724137931033,0.8,0.2,0.5384615384615384,0.46153846153846156,0.2727272727272727,0.25
2023-12-10,Zimbabwe,Ireland,Harare Sports Club,Ireland,field,T20,2023/24,Ireland,0,0,0.37719298245614036,0.4700854700854701,0.8,0.2,0.5,0.5,0.2647058823529412,0.4
2023-12-12,England,West Indies,"Kensington Oval, Bridgetown, Barbados",West Indies,field,T20,2023/24,West Indies,0,0,0.536144578313253,0.43902439024390244,0.4,0.6,0.4166666666666667,0.5833333333333334,0.4,0.6
2023-12-12,India,South Africa,"St George's Park, Gqeberha",South Africa,field,T20,2023/24,South Africa,0,0,0.665,0.5609756097560976,0.8,0.2,0.5652173913043478,0.43478260869565216,0.5,0.5
2023-12-14,West Indies,England,"National Cricket Stadium, St George's, Grenada",England,field,T20,2023/24,West Indies,1,0,0.44242424242424244,0.5329341317365269,0.6,0.4,0.6,0.4,0.4,0.5
2023-12-14,India,South Africa,"The Wanderers Stadium, Johannesburg",South Africa,field,T20,2023/24,India,1,0,0.6616915422885572,0.5636363636363636,0.6,0.2,0.5416666666666666,0.4583333333333333,0.5,0.3333333333333333
2023-12-16,West Indies,England,"National Cricket Stadium, St George's, Grenada",England,field,T20,2023/24,England,0,0,0.4457831325301205,0.5297619047619048,0.6,0.2,0.6153846153846154,0.38461538461538464,0.5,0.0
2023-12-19,England,West Indies,"Brian Lara Stadium, Tarouba, Trinidad",West Indies,field,T20,2023/24,England,1,0,0.5325443786982249,0.4431137724550898,0.2,0.6,0.4074074074074074,0.5925925925925926,0.5,0.5
2023-12-21,England,West Indies,"Brian Lara Stadium, Tarouba, Trinidad",West Indies,field,T20,2023/24,West Indies,0,0,0.5352941176470588,0.44047619047619047,0.4,0.6,0.42857142857142855,0.5714285714285714,1.0,0.3333333333333333
2023-12-22,Philippines,Indonesia,Udayana Cricket Ground,Indonesia,field,T20,2023/24,Philippines,1,0,0.15384615384615385,0.6666666666666666,0.2,0.6,0.5,0.5,0.5,0.6666666666666666
2023-12-23,Indonesia,Philippines,Udayana Cricket Ground,Philippines,field,T20,2023/24,Indonesia,1,0,0.6153846153846154,0.21428571428571427,0.4,0.4,0.0,1.0,0.5714285714285714,1.0
2023-12-23,Philippines,Indonesia,Udayana Cricket Ground,Indonesia,field,T20,2023/24,Indonesia,0,0,0.2,0.6428571428571429,0.2,0.4,0.5,0.5,0.5,0.625
2023-12-24,Indonesia,Philippines,Udayana Cricket Ground,Philippines,field,T20,2023/24,Philippines,0,0,0.6666666666666666,0.1875,0.6,0.2,0.6666666666666666,0.3333333333333333,0.6666666666666666,0.3333333333333333
2023-12-26,Indonesia,Philippines,Udayana Cricket Ground,Philippines,field,T20,2023/24,Philippines,0,0,0.625,0.23529411764705882,0.6,0.4,0.5,0.5,0.6,0.5
2023-12-27,New Zealand,Bangladesh,"McLean Park, Napier",Bangladesh,field,T20,2023/24,Bangladesh,0,0,0.5489130434782609,0.36496350364963503,0.6,0.6,0.8235294117647058,0.17647058823529413,0.5,0.5
2023-12-31,Bangladesh,New Zealand,"Bay Oval, Mount Maunganui",New Zealand,field,T20,2023/24,New Zealand,0,0,0.3695652173913043,0.5459459459459459,0.6,0.4,0.2222222222222222,0.7777777777777778,0.5,0.0
2024-01-12,New Zealand,Pakistan,"Eden Park, Auckland",Pakistan,field,T20,2023/24,New Zealand,1,0,0.5483870967741935,0.6231884057971014,0.6,0.4,0.3939393939393939,0.6060606060606061,0.5,0.5
2024-01-14,Zimbabwe,Sri Lanka,"R Premadasa Stadium, Colombo",Sri Lanka,field,T20,2023/24,Sri Lanka,0,0,0.3739130434782609,0.4431137724550898,0.6,0.2,0.0,1.0,0.5,0.25
2024-01-14,New Zealand,Pakistan,"Seddon Park, Hamilton",Pakistan,field,T20,2023/24,New Zealand,1,0,0.5508021390374331,0.6201923076923077,0.8,0.2,0.4117647058823529,0.5882352941176471,0.5,0.5
2024-01-16,Sri Lanka,Zimbabwe,"R Premadasa Stadium, Colombo",Zimbabwe,field,T20,2023/24,Zimbabwe,0,0,0.44642857142857145,0.3706896551724138,0.4,0.4,1.0,0.0,0.3333333333333333,0.0
2024-01-17,New Zealand,Pakistan,"University Oval, Dunedin",Pakistan,field,T20,2023/24,New Zealand,1,0,0.5531914893617021,0.6172248803827751,0.8,0.2,0.42857142857142855,0.5714285714285714,1.0,0.5
2024-01-18,Zimbabwe,Sri Lanka,"R Premadasa Stadium, Colombo",Sri Lanka,field,T20,2023/24,Sri Lanka,0,0,0.37606837606837606,0.4437869822485207,0.4,0.2,0.25,0.75,0.5,0.3
2024-01-19,Pakistan,New Zealand,"Hagley Oval, Christchurch",New Zealand,field,T20,2023/24,New Zealand,0,0,0.6142857142857143,0.5555555555555556,0.2,0.8,0.5555555555555556,0.4444444444444444,0.8,0.6
2024-01-21,Pakistan,New Zealand,"Hagley Oval, Christchurch",Pakistan,bat,T20,2023/24,Pakistan,1,1,0.6113744075829384,0.5578947368421052,0.0,1.0,0.5405405405405406,0.4594594594594595,0.6666666666666666,0.6666666666666666
2024-01-27,Myanmar,Cambodia,"Terdthai Cricket Ground, Bangkok",Cambodia,field,T20,2023/24,Cambodia,0,0,0.0,0.3333333333333333,0.0,0.4,0.5,0.5,0.5,0.5
2024-01-28,Cambodia,China,"Terdthai Cricket Ground, Bangkok",Cambodia,bat,T20,2023/24,Cambodia,1,1,0.42857142857142855,0.25,0.6,0.25,0.5,0.5,1.0,0.5
2024-02-01,Indonesia,Bhutan,"Terdthai Cricket Ground, Bangkok",Bhutan,field,T20,2023/24,Indonesia,1,0,0.5882352941176471,0.5,0.4,0.4,0.5,0.5,0.5,0.5
2024-02-02,Japan,Thailand,"Terdthai Cricket Ground, Bangkok",Thailand,field,T20,2023/24,Japan,1,0,0.5454545454545454,0.23529411764705882,0.4,0.6,0.5,0.5,0.5,0.5
2024-02-02,Singapore,Maldives,"Terdthai Cricket Ground, Bangkok",Singapore,bat,T20,2023/24,Singapore,1,1,0.3055555555555556,0.15789473684210525,0.0,0.0,0.5,0.5,0.5,0.5
2024-02-03,Indonesia,Cambodia,"Terdthai Cricket Ground, Bangkok",Indonesia,bat,T20,2023/24,Cambodia,0,1,0.6111111111111112,0.5,0.6,0.8,0.6666666666666666,0.3333333333333333,1.0,1.0
2024-02-03,Bhutan,Saudi Arabia,"Terdthai Cricket Ground, Bangkok",Saudi Arabia,field,T20,2023/24,Saudi Arabia,0,0,0.46153846153846156,0.3333333333333333,0.4,0.4,0.5,0.5,0.0,0.5
2024-02-04,Japan,Maldives,"Terdthai Cricket Ground, Bangkok",Japan,bat,T20,2023/24,Japan,1,1,0.5833333333333334,0.15,0.4,0.0,0.5,0.5,1.0,0.0
2024-02-04,Singapore,Thailand,"Terdthai Cricket Ground, Bangkok",Singapore,bat,T20,2023/24,Thailand,0,1,0.32432432432432434,0.2222222222222222,0.2,0.6,1.0,0.0,1.0,0.0
2024-02-05,Saudi Arabia,Indonesia,"Terdthai Cricket Ground, Bangkok",Saudi Arabia,bat,T20,2023/24,Saudi Arabia,1,1,0.375,0.5789473684210527,0.6,0.4,0.5,0.5,1.0,0.5
2024-02-06,Singapore,Japan,"Terdthai Cricket Ground, Bangkok",Japan,field,T20,2023/24,Singapore,1,0,0.3157894736842105,0.6153846153846154,0.2,0.6,0.5,0.5,0.5,1.0
2024-02-06,Maldives,Thailand,"Terdthai Cricket Ground, Bangkok",Maldives,bat,T20,2023/24,Thailand,0,1,0.14285714285714285,0.2631578947368421,0.0,0.6,0.6666666666666666,0.3333333333333333,0.0,0.5
2024-02-07,Maldives,Bhutan,"Terdthai Cricket Ground, Bangkok",Maldives,bat,T20,2023/24,Maldives,1,1,0.13636363636363635,0.42857142857142855,0.0,0.2,0.3333333333333333,0.6666666666666666,0.0,0.0
2024-02-07,Indonesia,Thailand,"Terdthai Cricket Ground, Bangkok",Thailand,field,T20,2023/24,Thailand,0,0,0.55,0.3,0.2,0.6,0.5,0.5,0.3333333333333333,0.6666666666666666
2024-02-09,Australia,West Indies,"Bellerive Oval, Hobart",West Indies,field,T20,2023/24,Australia,1,0,0.5402298850574713,0.4437869822485207,0.2,0.6,0.47368421052631576,0.5263157894736842,0.5,0.3333333333333333
2024-02-09,Singapore,Cambodia,"Terdthai Cricket Ground, Bangkok",Singapore,bat,T20,2023/24,Cambodia,0,1,0.3333333333333333,0.5555555555555556,0.4,0.8,0.5,0.5,0.6666666666666666,1.0
2024-02-09,Japan,Saudi Arabia,"Terdthai Cricket Ground, Bangkok",Saudi Arabia,field,T20,2023/24,Saudi Arabia,0,0,0.5714285714285714,0.4117647058823529,0.4,0.8,0.5,0.5,0.6666666666666666,1.0
2024-02-11,Cambodia,Saudi Arabia,"Terdthai Cricket Ground, Bangkok",Saudi Arabia,field,T20,2023/24,Saudi Arabia,0,0,0.6,0.4444444444444444,0.8,0.8,0.5,0.5,1.0,1.0
2024-02-11,Japan,Singapore,"Terdthai Cricket Ground, Bangkok",Singapore,field,T20,2023/24,Singapore,0,0,0.5333333333333333,0.325,0.4,0.4,0.0,1.0,0.5,0.5
2024-02-11,Australia,West Indies,Adelaide Oval,West Indies,field,T20,2023/24,Australia,1,0,0.5428571428571428,0.4411764705882353,0.4,0.4,0.5,0.5,0.4,0.5
2024-02-12,Saudi Arabia,Maldives,"Terdthai Cricket Ground, Bangkok",Saudi Arabia,bat,T20,2023/24,Saudi Arabia,1,1,0.47368421052631576,0.17391304347826086,0.8,0.2,1.0,0.0,1.0,0.25
2024-02-12,Bhutan,Thailand,"Terdthai Cricket Ground, Bangkok",Bhutan,bat,T20,2023/24,Thailand,0,1,0.4,0.3333333333333333,0.2,0.6,0.6666666666666666,0.3333333333333333,0.0,0.75
2024-02-13,Thailand,Saudi Arabia,"Terdthai Cricket Ground, Bangkok",Saudi Arabia,field,T20,2023/24,Saudi Arabia,0,0,0.36363636363636365,0.5,0.8,1.0,0.5,0.5,0.8,1.0
2024-02-13,Bhutan,Maldives,"Terdthai Cricket Ground, Bangkok",Bhutan,bat,T20,2023/24,Maldives,0,1,0.375,0.16666666666666666,0.0,0.2,0.5,0.5,0.0,0.2
2024-02-13,West Indies,Australia,Perth Stadium,West Indies,bat,T20,2023/24,West Indies,1,1,0.43859649122807015,0.5454545454545454,0.2,0.6,0.47619047619047616,0.5238095238095238,0.5,0.6666666666666666
2024-02-14,Japan,Hong Kong,"Mission Road Ground, Mong Kok, Hong Kong",Japan,bat,T20,2023/24,Hong Kong,0,1,0.5,0.3968253968253968,0.4,0.4,0.5,0.5,0.5,1.0
2024-02-14,Hong Kong,China,"Mission Road Ground, Mong Kok, Hong Kong",Hong Kong,bat,T20,2023/24,Hong Kong,1,1,0.40625,0.2,0.6,0.2,0.5,0.5,1.0,0.5
2024-02-15,Maldives,Thailand,"Terdthai Cricket Ground, Bangkok",Thailand,field,T20,2023/24,Thailand,0,0,0.2,0.34782608695652173,0.4,0.8,0.5,0.5,0.3333333333333333,0.6666666666666666
2024-02-15,Saudi Arabia,Bhutan,"Terdthai Cricket Ground, Bangkok",Bhutan,field,T20,2023/24,Saudi Arabia,1,0,0.5238095238095238,0.35294117647058826,1.0,0.0,1.0,0.0,1.0,0.0
2024-02-15,Hong Kong,Japan,"Mission Road Ground, Mong Kok, Hong Kong",Hong Kong,bat,T20,2023/24,Hong Kong,1,1,0.4153846153846154,0.47058823529411764,0.6,0.2,1.0,0.0,1.0,0.0
2024-02-15,Japan,China,"Mission Road Ground, Mong Kok, Hong Kong",Japan,bat,T20,2023/24,Japan,1,1,0.4444444444444444,0.16666666666666666,0.0,0.2,0.5,0.5,0.0,0.0
2024-02-16,Japan,China,"Mission Road Ground, Mong Kok, Hong Kong",Japan,bat,T20,2023/24,Japan,1,1,0.47368421052631576,0.14285714285714285,0.2,0.2,1.0,0.0,0.3333333333333333,0.0
2024-02-16,Thailand,Saudi Arabia,"Terdthai Cricket Ground, Bangkok",Saudi Arabia,field,T20,2023/24,Saudi Arabia,0,0,0.375,0.5454545454545454,0.8,1.0,0.0,1.0,0.7142857142857143,1.0
2024-02-16,Maldives,Bhutan,"Terdthai Cricket Ground, Bangkok",Maldives,bat,T20,2023/24,Bhutan,0,1,0.19230769230769232,0.3333333333333333,0.4,0.0,0.6,0.4,0.2857142857142857,0.0
2024-02-16,China,Hong Kong,"Mission Road Ground, Mong Kok, Hong Kong",China,bat,T20,2023/24,Hong Kong,0,1,0.125,0.42424242424242425,0.2,0.6,0.0,1.0,0.0,1.0
2024-02-17,Hong Kong,Japan,"Mission Road Ground, Mong Kok, Hong Kong",Japan,field,T20,2023/24,Hong Kong,1,0,0.43283582089552236,0.5,0.8,0.4,1.0,0.0,1.0,0.5
2024-02-21,New Zealand,Australia,"Sky Stadium, Wellington",New Zealand,bat,T20,2023/24,Australia,0,1,0.5549738219895288,0.5423728813559322,0.8,0.4,0.3333333333333333,0.6666666666666666,0.5,0.5
2024-02-23,Australia,New Zealand,"Eden Park, Auckland",New Zealand,field,T20,2023/24,Australia,1,0,0.5449438202247191,0.5520833333333334,0.6,0.6,0.6875,0.3125,0.5,1.0
2024-02-25,Australia,New Zealand,"Eden Park, Auckland",New Zealand,field,T20,2023/24,Australia,1,0,0.547486033519553,0.5492227979274611,0.8,0.4,0.7058823529411765,0.29411764705882354,1.0,0.5
2024-02-27,Namibia,Nepal,"Tribhuvan University International Cricket Ground, Kirtipur",Namibia,bat,T20,2023/24,Namibia,1,1,0.7,0.6290322580645161,1.0,0.6,0.5,0.5,0.5,0.7857142857142857
2024-02-27,Hong Kong,Qatar,University of Doha for Science and Technology,Qatar,field,T20,2023/24,Hong Kong,1,0,0.4411764705882353,0.55,1.0,0.4,0.5,0.5,0.5,0.5
2024-02-28,Netherlands,Nepal,"Tribhuvan University International Cricket Ground, Kirtipur",Nepal,field,T20,2023/24,Netherlands,1,0,0.5375,0.6190476190476191,0.4,0.6,0.5,0.5,0.5,0.7333333333333333
2024-02-29,Netherlands,Namibia,"Tribhuvan University International Cricket Ground, Kirtipur",Netherlands,bat,T20,2023/24,Netherlands,1,1,0.5432098765432098,0.7058823529411765,0.6,1.0,0.6666666666666666,0.3333333333333333,0.6,1.0
2024-02-29,Hong Kong,Qatar,University of Doha for Science and Technology,Hong Kong,bat,T20,2023/24,Qatar,0,1,0.4492753623188406,0.5238095238095238,1.0,0.4,1.0,0.0,1.0,0.0
2024-03-01,Nepal,Namibia,"Tribhuvan University International Cricket Ground, Kirtipur",Namibia,field,T20,2023/24,Nepal,1,0,0.609375,0.6923076923076923,0.4,0.8,0.0,1.0,0.6875,0.5
2024-03-02,Netherlands,Nepal,"Tribhuvan University International Cricket Ground, Kirtipur",Netherlands,bat,T20,2023/24,Nepal,0,1,0.5487804878048781,0.6153846153846154,0.8,0.4,0.5714285714285714,0.42857142857142855,0.6666666666666666,0.7058823529411765
2024-03-04,Sri Lanka,Bangladesh,Sylhet International Cricket Stadium,Bangladesh,field,T20,2023/24,Sri Lanka,1,0,0.4470588235294118,0.3669064748201439,0.4,0.6,0.6923076923076923,0.3076923076923077,1.0,0.0
2024-03-05,Kuwait,Bahrain,"Bayuemas Oval, Kuala Lumpur",Bahrain,field,T20,2023/24,Bahrain,0,0,0.59375,0.4594594594594595,0.6,0.4,0.8888888888888888,0.1111111111111111,0.5,0.5
2024-03-05,Vanuatu,Tanzania,"Bayuemas Oval, Kuala Lumpur",Tanzania,field,T20,2023/24,Vanuatu,1,0,0.5,0.6086956521739131,0.4,0.2,0.5,0.5,0.5,0.5
2024-03-05,Nepal,Netherlands,"Tribhuvan University International Cricket Ground, Kirtipur",Nepal,bat,T20,2023/24,Netherlands,0,1,0.6212121212121212,0.5421686746987951,0.6,0.8,0.5,0.5,0.7222222222222222,0.5714285714285714
2024-03-06,Papua New Guinea,Oman,Al Amerat Cricket Ground Oman Cricket (Ministry Turf 1),Oman,field,T20,2023/24,Oman,0,0,0.5581395348837209,0.5192307692307693,1.0,1.0,0.0,1.0,0.0,0.45454545454545453
2024-03-06,Sri Lanka,Bangladesh,Sylhet International Cricket Stadium,Bangladesh,field,T20,2023/24,Bangladesh,0,0,0.4502923976608187,0.36428571428571427,0.6,0.4,0.7142857142857143,0.2857142857142857,1.0,0.0
2024-03-06,Tanzania,Kuwait,"Bayuemas Oval, Kuala Lumpur",Tanzania,bat,T20,2023/24,Kuwait,0,1,0.5957446808510638,0.5757575757575758,0.2,0.4,0.5,0.5,0.0,0.0
2024-03-06,Malaysia,Vanuatu,"Bayuemas Oval, Kuala Lumpur",Malaysia,bat,T20,2023/24,Malaysia,1,1,0.5614035087719298,0.5238095238095238,0.2,0.6,0.4,0.6,0.75,1.0
2024-03-07,Malaysia,Bahrain,"Bayuemas Oval, Kuala Lumpur",Bahrain,field,T20,2023/24,Bahrain,0,0,0.5689655172413793,0.47368421052631576,0.4,0.4,0.6666666666666666,0.3333333333333333,0.7777777777777778,1.0
2024-03-07,Vanuatu,Kuwait,"Bayuemas Oval, Kuala Lumpur",Kuwait,field,T20,2023/24,Kuwait,0,0,0.5,0.5882352941176471,0.6,0.4,0.5,0.5,0.5,0.5
2024-03-07,Oman,Papua New Guinea,Al Amerat Cricket Ground Oman Cricket (Ministry Turf 1),Papua New Guinea,field,T20,2023/24,Papua New Guinea,0,0,0.5283018867924528,0.5454545454545454,1.0,0.8,1.0,0.0,0.4782608695652174,0.0
2024-03-08,Papua New Guinea,Oman,Al Amerat Cricket Ground Oman Cricket (Ministry Turf 1),Oman,field,T20,2023/24,Oman,0,0,0.5555555555555556,0.5185185185185185,0.8,0.8,0.3333333333333333,0.6666666666666666,0.2,0.4583333333333333
2024-03-09,Hong Kong,Nepal,"Mission Road Ground, Mong Kok, Hong Kong",Nepal,field,T20,2023/24,Hong Kong,1,0,0.44285714285714284,0.6119402985074627,0.8,0.4,0.42857142857142855,0.5714285714285714,1.0,0.5
2024-03-09,Kuwait,Malaysia,"Bayuemas Oval, Kuala Lumpur",Malaysia,field,T20,2023/24,Malaysia,0,0,0.6,0.559322033898305,0.6,0.4,0.0,1.0,0.6666666666666666,0.7
2024-03-09,Bahrain,Tanzania,"Bayuemas Oval, Kuala Lumpur",Tanzania,field,T20,2023/24,Bahrain,1,0,0.48717948717948717,0.5833333333333334,0.6,0.2,0.5,0.5,1.0,0.0
2024-03-09,Sri Lanka,Bangladesh,Sylhet International Cricket Stadium,Bangladesh,field,T20,2023/24,Sri Lanka,1,0,0.4476744186046512,0.36879432624113473,0.6,0.6,0.6666666666666666,0.3333333333333333,0.6666666666666666,0.25
2024-03-10,Tanzania,Malaysia,"Bayuemas Oval, Kuala Lumpur",Tanzania,bat,T20,2023/24,Malaysia,0,1,0.5714285714285714,0.5666666666666667,0.2,0.6,0.5,0.5,0.0,0.7272727272727273
2024-03-10,Bahrain,Vanuatu,"Bayuemas Oval, Kuala Lumpur",Bahrain,bat,T20,2023/24,Bahrain,1,1,0.5,0.4782608695652174,0.6,0.6,0.5,0.5,1.0,0.3333333333333333
2024-03-11,Scotland,United Arab Emirates,Dubai International Cricket Stadium,United Arab Emirates,field,T20,2023/24,United Arab Emirates,0,0,0.5151515151515151,0.5,1.0,0.8,0.6666666666666666,0.3333333333333333,0.4,0.125
2024-03-11,Malaysia,Bahrain,"Bayuemas Oval, Kuala Lumpur",Malaysia,bat,T20,2023/24,Bahrain,0,1,0.5737704918032787,0.5121951219512195,0.8,0.8,0.5,0.5,0.75,1.0
2024-03-11,Vanuatu,Kuwait,"Bayuemas Oval, Kuala Lumpur",Kuwait,field,T20,2023/24,Kuwait,0,0,0.4583333333333333,0.5833333333333334,0.4,0.6,0.0,1.0,0.25,0.5
2024-03-12,Hong Kong,Papua New Guinea,"Mission Road Ground, Mong Kok, Hong Kong",Hong Kong,bat,T20,2023/24,Papua New Guinea,0,1,0.4507042253521127,0.5434782608695652,0.8,0.6,0.5,0.5,1.0,0.5
2024-03-12,Nepal,Papua New Guinea,"Mission Road Ground, Mong Kok, Hong Kong",Papua New Guinea,field,T20,2023/24,Nepal,1,0,0.6029411764705882,0.5531914893617021,0.4,0.6,0.75,0.25,0.0,1.0
2024-03-13,Papua New Guinea,Nepal,"Mission Road Ground, Mong Kok, Hong Kong",Nepal,field,T20,2023/24,Papua New Guinea,1,0,0.5416666666666666,0.6086956521739131,0.4,0.6,0.2,0.8,0.5,0.5
2024-03-13,Scotland,United Arab Emirates,Dubai International Cricket Stadium,United Arab Emirates,field,T20,2023/24,Scotland,1,0,0.5074626865671642,0.5068493150684932,0.8,0.8,0.5,0.5,0.36363636363636365,0.2222222222222222
2024-03-14,Scotland,United Arab Emirates,Dubai International Cricket Stadium,United Arab Emirates,field,T20,2023/24,Scotland,1,0,0.5147058823529411,0.5,0.8,0.6,0.6,0.4,0.4166666666666667,0.2
2024-03-16,Papua New Guinea,Malaysia,"Bayuemas Oval, Kuala Lumpur",Malaysia,field,T20,2023/24,Papua New Guinea,1,0,0.5510204081632653,0.5645161290322581,0.6,0.6,0.75,0.25,1.0,0.6923076923076923
2024-03-17,Malaysia,Papua New Guinea,"Bayuemas Oval, Kuala Lumpur",Malaysia,bat,T20,2023/24,Malaysia,1,1,0.5555555555555556,0.56,0.4,0.6,0.2,0.8,0.6428571428571429,1.0
2024-03-17,South Africa,Ghana,"Achimota Senior Secondary School A Field, Accra",South Africa,bat,T20,2023/24,South Africa,1,1,0.5602409638554217,0.3448275862068966,0.2,0.2,0.5,0.5,0.5,0.5
2024-03-17,Tanzania,Nigeria,"Achimota Senior Secondary School B Field, Accra",Tanzania,bat,T20,2023/24,Tanzania,1,1,0.56,0.5111111111111111,0.2,0.2,0.6666666666666666,0.3333333333333333,0.5,0.5
2024-03-17,Uganda,Kenya,"Achimota Senior Secondary School B Field, Accra",Uganda,bat,T20,2023/24,Uganda,1,1,0.7916666666666666,0.5079365079365079,0.8,0.4,0.6363636363636364,0.36363636363636365,0.5,0.5
2024-03-17,Zimbabwe,Namibia,"Achimota Senior Secondary School A Field, Accra",Zimbabwe,bat,T20,2023/24,Zimbabwe,1,1,0.3728813559322034,0.6792452830188679,0.2,0.6,0.36363636363636365,0.6363636363636364,0.5,0.5
2024-03-18,Uganda,Ghana,"Achimota Senior Secondary School B Field, Accra",Uganda,bat,T20,2023/24,Uganda,1,1,0.7945205479452054,0.3333333333333333,1.0,0.2,1.0,0.0,1.0,0.5
2024-03-18,Namibia,Nigeria,"Achimota Senior Secondary School B Field, Accra",Namibia,bat,T20,2023/24,Nigeria,0,1,0.6666666666666666,0.5,0.4,0.2,1.0,0.0,0.5,0.0
2024-03-18,Tanzania,Zimbabwe,"Achimota Senior Secondary School A Field, Accra",Tanzania,bat,T20,2023/24,Zimbabwe,0,1,0.5686274509803921,0.37815126050420167,0.2,0.4,0.0,1.0,0.5,1.0
2024-03-20,Tanzania,Namibia,"Achimota Senior Secondary School B Field, Accra",Tanzania,bat,T20,2023/24,Namibia,0,1,0.5576923076923077,0.6545454545454545,0.2,0.2,0.0,1.0,1.0,0.0
2024-03-20,Ghana,Kenya,"Achimota Senior Secondary School B Field, Accra",Ghana,bat,T20,2023/24,Kenya,0,1,0.3225806451612903,0.5,0.2,0.2,0.0,1.0,0.0,0.0
2024-03-20,Nigeria,Zimbabwe,"Achimota Senior Secondary School A Field, Accra",Nigeria,bat,T20,2023/24,Zimbabwe,0,1,0.5106382978723404,0.38333333333333336,0.2,0.6,0.0,1.0,0.5,1.0
2024-03-21,Namibia,Uganda,"Achimota Senior Secondary School A Field, Accra",Namibia,bat,T20,2023/24,Namibia,1,1,0.6607142857142857,0.7972972972972973,0.2,1.0,0.875,0.125,0.0,0.5
2024-03-21,Zimbabwe,Kenya,"Achimota Senior Secondary School A Field, Accra",Zimbabwe,bat,T20,2023/24,Zimbabwe,1,1,0.3884297520661157,0.5076923076923077,0.8,0.2,1.0,0.0,1.0,0.5
2024-03-23,Uganda,Kenya,"Achimota Senior Secondary School A Field, Accra",Uganda,bat,T20,2023/24,Uganda,1,1,0.7866666666666666,0.5,0.8,0.2,0.6666666666666666,0.3333333333333333,0.0,0.0
2024-03-23,Namibia,Zimbabwe,"Achimota Senior Secondary School A Field, Accra",Namibia,bat,T20,2023/24,Zimbabwe,0,1,0.6666666666666666,0.39344262295081966,0.4,0.8,0.5833333333333334,0.4166666666666667,0.5,1.0
2024-04-01,Oman,Namibia,Al Amerat Cricket Ground Oman Cricket (Ministry Turf 1),Namibia,field,T20,2024,Namibia,0,0,0.5272727272727272,0.6551724137931034,0.8,0.4,0.0,1.0,0.48,0.5
2024-04-02,Oman,Namibia,Al Amerat Cricket Ground Oman Cricket (Ministry Turf 1),Oman,bat,T20,2024,Oman,1,1,0.5178571428571429,0.6610169491525424,0.6,0.6,0.0,1.0,0.46153846153846156,1.0
2024-04-04,Namibia,Oman,Al Amerat Cricket Ground Oman Cricket (Ministry Turf 1),Oman,field,T20,2024,Oman,0,0,0.65,0.5263157894736842,0.6,0.6,0.6666666666666666,0.3333333333333333,0.5,0.48148148148148145
2024-04-05,Namibia,Oman,Al Amerat Cricket Ground Oman Cricket (Ministry Turf 1),Oman,field,T20,2024,Namibia,1,0,0.639344262295082,0.5344827586206896,0.4,0.6,0.5,0.5,0.3333333333333333,0.5
2024-04-07,Canada,United States of America,Prairie View Cricket Complex,United States of America,field,T20,2024,United States of America,0,0,0.6153846153846154,0.5,0.8,0.4,1.0,0.0,0.5,0.5
2024-04-07,Namibia,Oman,Al Amerat Cricket Ground Oman Cricket (Ministry Turf 1),Namibia,bat,T20,2024,Namibia,1,1,0.6451612903225806,0.5254237288135594,0.4,0.6,0.6,0.4,0.5,0.4827586206896552
2024-04-09,United States of America,Canada,Prairie View Cricket Complex,Canada,field,T20,2024,United States of America,1,0,0.5263157894736842,0.6,0.4,0.8,0.3333333333333333,0.6666666666666666,1.0,0.0
2024-04-12,Mexico,Costa Rica,Los Reyes Polo Club,Mexico,bat,T20,2024,Mexico,1,1,0.5,0.5,0.5,0.5,0.5,0.5,0.5,0.5
2024-04-12,Mexico,Costa Rica,Los Reyes Polo Club,Costa Rica,field,T20,2024,Mexico,1,0,0.6666666666666666,0.0,0.6666666666666666,0.0,1.0,0.0,1.0,0.0
2024-04-12,Oman,Bahrain,Al Amerat Cricket Ground Oman Cricket (Ministry Turf 1),Bahrain,field,T20,2024,Oman,1,0,0.5166666666666667,0.5238095238095238,0.4,1.0,0.5,0.5,0.4666666666666667,0.3076923076923077
2024-04-12,Kuwait,United Arab Emirates,Al Amerat Cricket Ground Oman Cricket (Ministry Turf 2),United Arab Emirates,field,T20,2024,United Arab Emirates,0,0,0.5945945945945946,0.49333333333333335,0.6,0.4,0.3333333333333333,0.6666666666666666,1.0,0.6666666666666666
2024-04-12,Malaysia,Nepal,Al Amerat Cricket Ground Oman Cricket (Ministry Turf 1),Malaysia,bat,T20,2024,Nepal,0,1,0.5625,0.6,0.6,0.4,0.0,1.0,0.5,0.5
2024-04-12,Hong Kong,Qatar,Al Amerat Cricket Ground Oman Cricket (Ministry Turf 2),Hong Kong,bat,T20,2024,Hong Kong,1,1,0.4444444444444444,0.5454545454545454,0.6,0.6,0.5,0.5,0.5,0.0
2024-04-12,United States of America,Canada,Prairie View Cricket Complex,Canada,field,T20,2024,United States of America,1,0,0.55,0.5853658536585366,0.4,0.6,0.5,0.5,1.0,0.0
2024-04-13,Costa Rica,Mexico,Los Reyes Polo Club,Costa Rica,bat,T20,2024,Costa Rica,1,1,0.0,0.75,0.0,0.75,0.0,1.0,0.0,1.0
2024-04-13,Cambodia,Kuwait,Al Amerat Cricket Ground Oman Cricket (Ministry Turf 1),Cambodia,bat,T20,2024,Kuwait,0,1,0.5454545454545454,0.5789473684210527,0.8,0.6,0.5,0.5,0.5,0.75
2024-04-13,United Arab Emirates,Bahrain,Al Amerat Cricket Ground Oman Cricket (Ministry Turf 2),Bahrain,field,T20,2024,United Arab Emirates,1,0,0.5,0.5116279069767442,0.4,0.8,0.3333333333333333,0.6666666666666666,0.75,0.75
2024-04-13,Nepal,Qatar,Al Amerat Cricket Ground Oman Cricket (Ministry Turf 1),Nepal,bat,T20,2024,Nepal,1,1,0.6056338028169014,0.5217391304347826,0.4,0.4,0.0,1.0,0.5454545454545454,0.0
2024-04-13,Malaysia,Saudi Arabia,Al Amerat Cricket Ground Oman Cricket (Ministry Turf 2),Malaysia,bat,T20,2024,Malaysia,1,1,0.5538461538461539,0.5652173913043478,0.4,1.0,0.5,0.5,0.5,0.0
2024-04-13,Canada,United States of America,Prairie View Cricket Complex,Canada,bat,T20,2024,United States of America,0,1,0.5714285714285714,0.5714285714285714,0.4,0.6,0.4,0.6,0.0,1.0
2024-04-14,Oman,Cambodia,Al Amerat Cricket Ground Oman Cricket (Ministry Turf 2),Cambodia,field,T20,2024,Oman,1,0,0.5245901639344263,0.5,0.6,0.6,0.5,0.5,0.3333333333333333,0.5
2024-04-14,Jersey,Spain,La Manga Club Top Ground,Jersey,bat,T20,2024,Spain,0,1,0.6296296296296297,0.72,0.4,0.8,0.5,0.5,0.5,0.5
2024-04-14,Jersey,Spain,La Manga Club Top Ground,Spain,field,T20,2024,Spain,0,0,0.6071428571428571,0.7307692307692307,0.4,1.0,0.0,1.0,0.0,1.0
2024-04-14,Mexico,Costa Rica,Los Reyes Polo Club,Mexico,bat,T20,2024,Mexico,1,1,0.6,0.3333333333333333,0.6,0.3333333333333333,0.6666666666666666,0.3333333333333333,0.6666666666666666,0.3333333333333333
2024-04-14,Saudi Arabia,Hong Kong,Al Amerat Cricket Ground Oman Cricket (Ministry Turf 2),Saudi Arabia,bat,T20,2024,Saudi Arabia,1,1,0.5416666666666666,0.4520547945205479,0.8,0.6,0.5,0.5,0.0,1.0
2024-04-15,Hong Kong,Nepal,Al Amerat Cricket Ground Oman Cricket (Ministry Turf 1),Nepal,field,T20,2024,Nepal,0,0,0.44594594594594594,0.6111111111111112,0.4,0.6,0.5,0.5,0.5,0.5833333333333334
2024-04-15,Kuwait,Bahrain,Al Amerat Cricket Ground Oman Cricket (Ministry Turf 2),Bahrain,field,T20,2024,Kuwait,1,0,0.5897435897435898,0.5,0.6,0.6,0.8,0.2,0.5,0.6
2024-04-15,United Arab Emirates,Oman,Al Amerat Cricket Ground Oman Cricket (Ministry Turf 1),Oman,field,T20,2024,Oman,0,0,0.5064935064935064,0.532258064516129,0.6,0.6,0.4,0.6,0.7272727272727273,0.4838709677419355
2024-04-15,Malaysia,Qatar,Al Amerat Cricket Ground Oman Cricket (Ministry Turf 2),Qatar,field,T20,2024,Qatar,0,0,0.5606060606060606,0.5,0.4,0.4,0.5,0.5,1.0,0.0
2024-04-16,Qatar,Saudi Arabia,Al Amerat Cricket Ground Oman Cricket (Ministry Turf 1),Saudi Arabia,field,T20,2024,Qatar,1,0,0.52,0.56,0.4,0.8,0.5,0.5,0.0,0.2857142857142857
2024-04-16,Cambodia,Bahrain,Al Amerat Cricket Ground Oman Cricket (Ministry Turf 1),Cambodia,bat,T20,2024,Bahrain,0,1,0.46153846153846156,0.4888888888888889,0.4,0.4,0.5,0.5,0.0,0.2857142857142857
2024-04-17,Malaysia,Hong Kong,Al Amerat Cricket Ground Oman Cricket (Ministry Turf 1),Hong Kong,field,T20,2024,Hong Kong,0,0,0.5522388059701493,0.44,0.4,0.4,0.7,0.3,0.0,0.42857142857142855
2024-04-17,Saudi Arabia,Nepal,Al Amerat Cricket Ground Oman Cricket (Ministry Turf 2),Nepal,field,T20,2024,Nepal,0,0,0.5384615384615384,0.6164383561643836,0.6,0.8,0.5,0.5,0.3333333333333333,1.0
2024-04-17,Oman,Kuwait,Al Amerat Cricket Ground Oman Cricket (Ministry Turf 2),Kuwait,field,T20,2024,Oman,1,0,0.5396825396825397,0.6,0.6,0.6,1.0,0.0,0.5,0.6666666666666666
2024-04-17,Cambodia,United Arab Emirates,Al Amerat Cricket Ground Oman Cricket (Ministry Turf 1),Cambodia,bat,T20,2024,United Arab Emirates,0,1,0.42857142857142855,0.5,0.2,0.4,0.5,0.5,0.0,0.6666666666666666
2024-04-19,Nepal,United Arab Emirates,Al Amerat Cricket Ground Oman Cricket (Ministry Turf 1),United Arab Emirates,field,T20,2024,United Arab Emirates,0,0,0.6216216216216216,0.5063291139240507,0.8,0.6,0.5555555555555556,0.4444444444444444,0.6153846153846154,0.6923076923076923
2024-04-19,Hong Kong,Oman,Al Amerat Cricket Ground Oman Cricket (Ministry Turf 1),Oman,field,T20,2024,Oman,0,0,0.4473684210526316,0.546875,0.4,0.8,0.14285714285714285,0.8571428571428571,0.5,0.5
2024-04-20,Nepal,Hong Kong,Al Amerat Cricket Ground Oman Cricket (Ministry Turf 1),Nepal,bat,T20,2024,Hong Kong,0,1,0.6133333333333333,0.44155844155844154,0.8,0.4,0.5555555555555556,0.4444444444444444,0.5714285714285714,0.4444444444444444
2024-04-20,New Zealand,Pakistan,Rawalpindi Cricket Stadium,Pakistan,field,T20,2024,Pakistan,0,0,0.5463917525773195,0.6132075471698113,0.2,0.2,0.4473684210526316,0.5526315789473685,1.0,0.75
2024-04-21,United Arab Emirates,Oman,Al Amerat Cricket Ground Oman Cricket (Ministry Turf 1),Oman,field,T20,2024,United Arab Emirates,1,0,0.5125,0.5538461538461539,0.8,1.0,0.3333333333333333,0.6666666666666666,0.7142857142857143,0.5151515151515151
2024-04-21,Pakistan,New Zealand,Rawalpindi Cricket Stadium,New Zealand,field,T20,2024,New Zealand,0,0,0.6150234741784038,0.5435897435897435,0.4,0.0,0.5641025641025641,0.4358974358974359,0.8,0.5
2024-04-25,New Zealand,Pakistan,"Gaddafi Stadium, Lahore",Pakistan,field,T20,2024,New Zealand,1,0,0.5459183673469388,0.6121495327102804,0.2,0.4,0.45,0.55,0.3333333333333333,0.42857142857142855
2024-04-27,Pakistan,New Zealand,"Gaddafi Stadium, Lahore",New Zealand,field,T20,2024,Pakistan,1,0,0.6093023255813953,0.5482233502538071,0.4,0.4,0.5365853658536586,0.4634146341463415,0.375,0.5
2024-05-01,Thailand,Indonesia,Udayana Cricket Ground,Indonesia,field,T20,2024,Thailand,1,0,0.36,0.5238095238095238,0.6,0.2,1.0,0.0,0.5,0.5454545454545454
2024-05-02,Thailand,Indonesia,Udayana Cricket Ground,Thailand,bat,T20,2024,Indonesia,0,1,0.38461538461538464,0.5,0.6,0.2,1.0,0.0,1.0,0.5
2024-05-03,Zimbabwe,Bangladesh,"Zahur Ahmed Chowdhury Stadium, Chattogram",Bangladesh,field,T20,2024,Bangladesh,0,0,0.3983739837398374,0.36619718309859156,1.0,0.4,0.3684210526315789,0.631578947368421,0.5,0.75
2024-05-04,Indonesia,Thailand,Udayana Cricket Ground,Thailand,field,T20,2024,Indonesia,1,0,0.5217391304347826,0.37037037037037035,0.2,0.4,0.3333333333333333,0.6666666666666666,0.5384615384615384,0.5
2024-05-05,Thailand,Indonesia,Udayana Cricket Ground,Indonesia,field,T20,2024,Thailand,1,0,0.35714285714285715,0.5416666666666666,0.4,0.4,0.5,0.5,0.3333333333333333,0.5714285714285714
2024-05-05,Zimbabwe,Bangladesh,"Zahur Ahmed Chowdhury Stadium, Chattogram",Bangladesh,field,T20,2024,Bangladesh,0,0,0.3951612903225806,0.3706293706293706,0.8,0.4,0.35,0.65,0.0,0.8
2024-05-06,Indonesia,Thailand,Udayana Cricket Ground,Indonesia,bat,T20,2024,Thailand,0,1,0.52,0.3793103448275862,0.4,0.4,0.4,0.6,0.5333333333333333,0.5
2024-05-07,Japan,Mongolia,Sano International Cricket Ground,Japan,bat,T20,2024,Japan,1,1,0.47619047619047616,0.0,0.4,0.0,0.5,0.5,0.6,0.5
2024-05-07,Bangladesh,Zimbabwe,"Zahur Ahmed Chowdhury Stadium, Chattogram",Zimbabwe,field,T20,2024,Bangladesh,1,0,0.375,0.392,0.6,0.6,0.6666666666666666,0.3333333333333333,0.8333333333333334,0.0
2024-05-08,Japan,Mongolia,Sano International Cricket Ground,Japan,bat,T20,2024,Japan,1,1,0.5,0.0,0.6,0.0,1.0,0.0,0.6666666666666666,0.0
2024-05-09,France,Malta,Dreux Sport Cricket Club,France,bat,T20,2024,France,1,1,0.47058823529411764,0.5116279069767442,0.4,0.4,0.5,0.5,0.5,0.5
2024-05-09,France,Malta,Dreux Sport Cricket Club,France,bat,T20,2024,France,1,1,0.5,0.5,0.4,0.2,0.6,0.4,1.0,0.0
2024-05-09,Mongolia,Japan,Sano International Cricket Ground,Mongolia,bat,T20,2024,Japan,0,1,0.0,0.5217391304347826,0.0,0.8,0.0,1.0,0.0,0.7142857142857143
2024-05-10,Pakistan,Ireland,"Castle Avenue, Dublin",Ireland,field,T20,2024,Ireland,0,0,0.6111111111111112,0.4745762711864407,0.6,0.4,1.0,0.0,0.5,0.5
2024-05-10,Belgium,Malta,Dreux Sport Cricket Club,Belgium,bat,T20,2024,Belgium,1,1,0.6666666666666666,0.4888888888888889,0.4,0.0,0.6,0.4,0.5,0.0
2024-05-10,Bangladesh,Zimbabwe,"Shere Bangla National Stadium, Mirpur",Zimbabwe,field,T20,2024,Bangladesh,1,0,0.3793103448275862,0.3888888888888889,0.8,0.4,0.6818181818181818,0.3181818181818182,0.6190476190476191,0.0
2024-05-11,Japan,Mongolia,Sano International Cricket Ground,Japan,bat,T20,2024,Japan,1,1,0.5416666666666666,0.0,0.8,0.0,1.0,0.0,0.75,0.0
2024-05-11,Japan,Mongolia,Sano International Cricket Ground,Japan,bat,T20,2024,Japan,1,1,0.56,0.0,0.8,0.0,1.0,0.0,0.7777777777777778,0.0
2024-05-11,Malta,Belgium,Dreux Sport Cricket Club,Malta,bat,T20,2024,Belgium,0,1,0.4782608695652174,0.6875,0.0,0.4,0.3333333333333333,0.6666666666666666,0.0,1.0
2024-05-11,Belgium,France,Dreux Sport Cricket Club,Belgium,bat,T20,2024,France,0,1,0.7058823529411765,0.5263157894736842,0.6,0.4,0.5,0.5,1.0,1.0
2024-05-12,Bangladesh,Zimbabwe,"Shere Bangla National Stadium, Mirpur",Zimbabwe,field,T20,2024,Zimbabwe,0,0,0.3835616438356164,0.3858267716535433,0.8,0.2,0.6956521739130435,0.30434782608695654,0.6363636363636364,0.0
2024-05-12,Japan,Mongolia,Sano International Cricket Ground,Japan,bat,T20,2024,Japan,1,1,0.5769230769230769,0.0,1.0,0.0,1.0,0.0,0.8,0.0
2024-05-12,Ireland,Pakistan,"Castle Avenue, Dublin",Pakistan,field,T20,2024,Pakistan,0,0,0.4789915966386555,0.6082949308755761,0.6,0.4,0.5,0.5,0.6666666666666666,0.0
2024-05-12,France,Belgium,Dreux Sport Cricket Club,France,bat,T20,2024,Belgium,0,1,0.55,0.6666666666666666,0.6,0.4,1.0,0.0,1.0,0.6666666666666666
2024-05-14,Ireland,Pakistan,"Castle Avenue, Dublin",Pakistan,field,T20,2024,Pakistan,0,0,0.475,0.6100917431192661,0.6,0.4,0.3333333333333333,0.6666666666666666,0.5,0.5
2024-05-18,Netherlands,Scotland,"Sportpark Westvliet, The Hague",Scotland,field,T20,2024,Netherlands,1,0,0.5476190476190477,0.5217391304347826,0.8,0.8,0.45454545454545453,0.5454545454545454,0.0,0.5
2024-05-19,Ireland,Netherlands,"Sportpark Westvliet, The Hague",Netherlands,field,T20,2024,Ireland,1,0,0.47107438016528924,0.5529411764705883,0.6,0.8,0.4166666666666667,0.5833333333333334,0.5,0.3333333333333333
2024-05-21,Bangladesh,United States of America,Prairie View Cricket Complex,United States of America,field,T20,2024,United States of America,0,0,0.38095238095238093,0.5909090909090909,0.8,0.8,0.5,0.5,0.5,1.0
2024-05-22,Scotland,Netherlands,"Sportpark Westvliet, The Hague",Netherlands,field,T20,2024,Scotland,1,0,0.5142857142857142,0.5465116279069767,0.6,0.6,0.5,0.5,0.0,0.25
2024-05-23,United States of America,Bangladesh,Prairie View Cricket Complex,Bangladesh,field,T20,2024,United States of America,1,0,0.6086956521739131,0.3783783783783784,1.0,0.6,1.0,0.0,1.0,0.0
2024-05-23,West Indies,South Africa,"Sabina Park, Kingston, Jamaica",South Africa,field,T20,2024,West Indies,1,0,0.4418604651162791,0.562874251497006,0.4,0.4,0.42105263157894735,0.5789473684210527,0.3333333333333333,0.5
2024-05-23,Scotland,Ireland,"Sportpark Westvliet, The Hague",Scotland,bat,T20,2024,Ireland,0,1,0.5211267605633803,0.47540983606557374,0.6,0.6,0.3333333333333333,0.6666666666666666,0.5,1.0
2024-05-24,Ireland,Netherlands,"Sportpark Westvliet, The Hague",Netherlands,field,T20,2024,Ireland,1,0,0.4796747967479675,0.5402298850574713,0.6,0.4,0.46153846153846156,0.5384615384615384,1.0,0.2
2024-05-24,Bulgaria,Gibraltar,"Moara Vlasiei Cricket Ground, Ilfov County",Gibraltar,field,T20,2024,Gibraltar,0,0,0.39285714285714285,0.23529411764705882,0.4,0.8,0.6666666666666666,0.3333333333333333,0.0,0.5
2024-05-24,Bulgaria,Romania,"Moara Vlasiei Cricket Ground, Ilfov County",Bulgaria,bat,T20,2024,Romania,0,1,0.3793103448275862,0.625,0.4,0.6,0.2,0.8,0.0,0.7777777777777778
2024-05-25,United States of America,Bangladesh,Prairie View Cricket Complex,Bangladesh,field,T20,2024,Bangladesh,0,0,0.625,0.37583892617449666,1.0,0.4,1.0,0.0,1.0,0.0
2024-05-25,Romania,Gibraltar,"Moara Vlasiei Cricket Ground, Ilfov County",Romania,bat,T20,2024,Gibraltar,0,1,0.6363636363636364,0.2571428571428571,0.8,0.8,1.0,0.0,0.8,1.0
2024-05-25,West Indies,South Africa,"Sabina Park, Kingston, Jamaica",West Indies,bat,T20,2024,West Indies,1,1,0.44508670520231214,0.5595238095238095,0.6,0.4,0.45,0.55,0.5,0.0
2024-05-25,England,Pakistan,"Edgbaston, Birmingham",Pakistan,field,T20,2024,England,1,0,0.5321637426900585,0.6118721461187214,0.4,0.6,0.6666666666666666,0.3333333333333333,0.0,0.5
2024-05-26,South Africa,West Indies,"Sabina Park, Kingston, Jamaica",South Africa,bat,T20,2024,West Indies,0,1,0.5562130177514792,0.4482758620689655,0.4,0.6,0.5238095238095238,0.47619047619047616,0.0,0.6
2024-05-26,Romania,Bulgaria,"Moara Vlasiei Cricket Ground, Ilfov County",Bulgaria,field,T20,2024,Romania,1,0,0.6176470588235294,0.36666666666666664,0.8,0.4,0.8333333333333334,0.16666666666666666,0.7272727272727273,0.0
2024-05-30,Pakistan,England,"Kennington Oval, London",England,field,T20,2024,England,0,0,0.6090909090909091,0.5348837209302325,0.6,0.6,0.32142857142857145,0.6785714285714286,0.5,0.5
2024-06-01,Canada,United States of America,"Grand Prairie Stadium, Dallas",United States of America,field,T20,2024,United States of America,0,0,0.5581395348837209,0.6,0.2,0.8,0.3333333333333333,0.6666666666666666,0.5,0.5
2024-06-02,Papua New Guinea,West Indies,"Providence Stadium, Guyana",West Indies,field,T20,2024,West Indies,0,0,0.5490196078431373,0.4514285714285714,0.6,0.8,0.5,0.5,0.5,0.4
2024-06-03,Sri Lanka,South Africa,"Nassau County International Cricket Stadium, New York",Sri Lanka,bat,T20,2024,South Africa,0,1,0.4508670520231214,0.5529411764705883,0.6,0.2,0.3125,0.6875,0.5,0.5
2024-06-04,Nepal,Netherlands,"Grand Prairie Stadium, Dallas",Netherlands,field,T20,2024,Netherlands,0,0,0.6052631578947368,0.5340909090909091,0.6,0.4,0.4444444444444444,0.5555555555555556,0.5,0.5
2024-06-05,Ireland,India,"Nassau County International Cricket Stadium, New York",India,field,T20,2024,India,0,0,0.4838709677419355,0.6633663366336634,0.6,0.6,0.0,1.0,0.5,0.5
2024-06-05,Papua New Guinea,Uganda,"Providence Stadium, Guyana",Uganda,field,T20,2024,Uganda,0,0,0.5384615384615384,0.7894736842105263,0.4,0.8,1.0,0.0,0.0,0.5
2024-06-05,Australia,Oman,"Kensington Oval, Bridgetown, Barbados",Oman,field,T20,2024,Australia,1,0,0.55,0.5454545454545454,0.8,0.8,0.5,0.5,0.5,0.5
2024-06-06,Namibia,Scotland,"Kensington Oval, Bridgetown, Barbados",Namibia,bat,T20,2024,Scotland,0,1,0.6507936507936508,0.5138888888888888,0.6,0.6,1.0,0.0,0.5,0.5
2024-06-07,Canada,Ireland,"Nassau County International Cricket Stadium, New York",Ireland,field,T20,2024,Canada,1,0,0.5454545454545454,0.48,0.0,0.6,0.3333333333333333,0.6666666666666666,0.5,0.0
2024-06-07,Sri Lanka,Bangladesh,"Grand Prairie Stadium, Dallas",Bangladesh,field,T20,2024,Bangladesh,0,0,0.4482758620689655,0.38,0.6,0.4,0.6875,0.3125,0.5,0.5
2024-06-08,Netherlands,South Africa,"Nassau County International Cricket Stadium, New York",South Africa,field,T20,2024,South Africa,0,0,0.5393258426966292,0.5555555555555556,0.4,0.4,0.5,0.5,0.5,1.0
2024-06-08,Australia,England,"Kensington Oval, Bridgetown, Barbados",England,field,T20,2024,Australia,1,0,0.5524861878453039,0.5375722543352601,0.8,0.8,0.47619047619047616,0.5238095238095238,1.0,0.3333333333333333
2024-06-08,West Indies,Uganda,"Providence Stadium, Guyana",West Indies,bat,T20,2024,West Indies,1,1,0.45454545454545453,0.7922077922077922,1.0,0.8,0.5,0.5,0.5,1.0
2024-06-09,Austria,Romania,"Simar Cricket Ground, Rome",Austria,bat,T20,2024,Romania,0,1,0.5454545454545454,0.6285714285714286,0.0,0.8,0.5,0.5,0.5,0.5
2024-06-09,Portugal,Hungary,"Simar Cricket Ground, Rome",Hungary,field,T20,2024,Portugal,1,0,0.7647058823529411,0.4375,1.0,0.4,0.5,0.5,0.5,0.5
2024-06-09,Italy,Luxembourg,Roma Cricket Ground,Luxembourg,field,T20,2024,Italy,1,0,0.5652173913043478,0.39285714285714285,0.6,0.6,0.5,0.5,0.5,0.5
2024-06-09,India,Pakistan,"Nassau County International Cricket Stadium, New York",Pakistan,field,T20,2024,India,1,0,0.6650246305418719,0.6063348416289592,0.8,0.4,0.7272727272727273,0.2727272727272727,1.0,0.5
2024-06-09,France,Isle of Man,Roma Cricket Ground,Isle of Man,field,T20,2024,France,1,0,0.5238095238095238,0.5714285714285714,0.6,0.0,0.5,0.5,0.5,0.5
2024-06-09,Oman,Scotland,"Sir Vivian Richards Stadium, North Sound, Antigua",Oman,bat,T20,2024,Scotland,0,1,0.5373134328358209,0.5205479452054794,0.6,0.6,0.0,1.0,0.5,0.5
2024-06-10,South Africa,Bangladesh,"Nassau County International Cricket Stadium, New York",South Africa,bat,T20,2024,South Africa,1,1,0.5581395348837209,0.3841059602649007,0.4,0.4,1.0,0.0,1.0,0.5
2024-06-10,France,Italy,"Simar Cricket Ground, Rome",Italy,field,T20,2024,Italy,0,0,0.5454545454545454,0.5833333333333334,0.8,0.8,0.5,0.5,0.5,0.5
2024-06-10,Portugal,Romania,Roma Cricket Ground,Portugal,bat,T20,2024,Romania,0,1,0.7777777777777778,0.6388888888888888,1.0,0.8,0.5,0.5,0.5,0.5
2024-06-10,Isle of Man,Turkey,"Simar Cricket Ground, Rome",Turkey,field,T20,2024,Isle of Man,1,0,0.5333333333333333,0.14285714285714285,0.0,0.2,1.0,0.0,0.5,0.5
2024-06-10,Israel,Austria,Roma Cricket Ground,Israel,bat,T20,2024,Austria,0,1,0.3333333333333333,0.5217391304347826,0.3333333333333333,0.0,0.5,0.5,0.5,0.5
2024-06-11,Canada,Pakistan,"Nassau County International Cricket Stadium, New York",Pakistan,field,T20,2024,Pakistan,0,0,0.5555555555555556,0.6036036036036037,0.2,0.4,0.5,0.5,1.0,0.0
2024-06-11,Namibia,Australia,"Sir Vivian Richards Stadium, North Sound, Antigua",Australia,field,T20,2024,Australia,0,0,0.640625,0.554945054945055,0.4,1.0,0.5,0.5,0.5,0.5
2024-06-12,Isle of Man,Italy,Roma Cricket Ground,Isle of Man,bat,T20,2024,Italy,0,1,0.5625,0.6,0.2,0.8,0.0,1.0,0.0,1.0
2024-06-12,Israel,Hungary,"Simar Cricket Ground, Rome",Israel,bat,T20,2024,Hungary,0,1,0.25,0.4117647058823529,0.25,0.4,1.0,0.0,0.5,0.0
2024-06-12,Luxembourg,Turkey,Roma Cricket Ground,Turkey,field,T20,2024,Luxembourg,1,0,0.3793103448275862,0.125,0.4,0.2,0.5,0.5,0.0,0.5
2024-06-12,Portugal,Austria,"Simar Cricket Ground, Rome",Portugal,bat,T20,2024,Austria,0,1,0.7368421052631579,0.5416666666666666,0.8,0.2,0.5,0.5,1.0,0.0
2024-06-12,West Indies,New Zealand,"Brian Lara Stadium, Tarouba, Trinidad",New Zealand,field,T20,2024,West Indies,1,0,0.4576271186440678,0.5454545454545454,1.0,0.4,0.2857142857142857,0.7142857142857143,0.5,0.5
2024-06-12,United States of America,India,"Nassau County International Cricket Stadium, New York",India,field,T20,2024,India,0,0,0.6153846153846154,0.6666666666666666,0.8,0.8,0.5,0.5,0.5,1.0
2024-06-13,Portugal,Israel,Roma Cricket Ground,Portugal,bat,T20,2024,Israel,0,1,0.7,0.2,0.6,0.2,0.5,0.5,0.0,0.0
2024-06-13,Oman,England,"Sir Vivian Richards Stadium, North Sound, Antigua",England,field,T20,2024,England,0,0,0.5294117647058824,0.5344827586206896,0.4,0.6,0.5,0.5,0.0,0.5
2024-06-13,Bangladesh,Netherlands,"Arnos Vale Ground, Kingstown, St Vincent",Netherlands,field,T20,2024,Bangladesh,1,0,0.3815789473684211,0.5333333333333333,0.4,0.2,0.75,0.25,0.5,0.5
2024-06-13,Turkey,Italy,"Simar Cricket Ground, Rome",Turkey,bat,T20,2024,Italy,0,1,0.1111111111111111,0.6153846153846154,0.2,1.0,0.5,0.5,0.0,1.0
2024-06-13,Hungary,Romania,Roma Cricket Ground,Romania,field,T20,2024,Romania,0,0,0.4444444444444444,0.6486486486486487,0.6,0.8,0.5,0.5,0.5,1.0
2024-06-13,France,Luxembourg,"Simar Cricket Ground, Rome",France,bat,T20,2024,France,1,1,0.5217391304347826,0.4,0.6,0.4,0.6666666666666666,0.3333333333333333,0.0,0.5
2024-06-14,Norway,Finland,Kerava National Cricket Ground,Finland,field,T20,2024,Norway,1,0,0.3157894736842105,0.4666666666666667,0.4,0.4,1.0,0.0,0.3333333333333333,0.5714285714285714
2024-06-14,Uganda,New Zealand,"Brian Lara Stadium, Tarouba, Trinidad",New Zealand,field,T20,2024,New Zealand,0,0,0.782051282051282,0.542713567839196,0.6,0.4,0.5,0.5,0.5,0.0
2024-06-14,South Africa,Nepal,"Arnos Vale Ground, Kingstown, St Vincent",Nepal,field,T20,2024,South Africa,1,0,0.5606936416184971,0.5974025974025974,0.6,0.4,0.5,0.5,0.5,0.5
2024-06-15,Romania,Israel,"Simar Cricket Ground, Rome",Israel,field,T20,2024,Romania,1,0,0.6578947368421053,0.3333333333333333,0.8,0.4,0.5,0.5,1.0,0.0
2024-06-15,France,Turkey,Roma Cricket Ground,Turkey,field,T20,2024,France,1,0,0.5416666666666666,0.1,0.6,0.2,0.5,0.5,1.0,0.0
2024-06-15,Austria,Hungary,"Simar Cricket Ground, Rome",Hungary,field,T20,2024,Austria,1,0,0.56,0.42105263157894735,0.4,0.6,0.5,0.5,0.5,0.5
2024-06-15,Finland,Norway,Kerava National Cricket Ground,Finland,bat,T20,2024,Norway,0,1,0.4375,0.35,0.2,0.6,0.0,1.0,0.5,0.5
2024-06-15,England,Namibia,"Sir Vivian Richards Stadium, North Sound, Antigua",Namibia,field,T20,2024,England,1,0,0.5371428571428571,0.6307692307692307,0.6,0.4,0.5,0.5,1.0,0.0
2024-06-15,Scotland,Australia,"Daren Sammy National Cricket Stadium, Gros Islet, St Lucia",Australia,field,T20,2024,Australia,0,0,0.527027027027027,0.5573770491803278,0.6,1.0,0.5,0.5,0.5,0.2
2024-06-15,Isle of Man,Luxembourg,Roma Cricket Ground,Isle of Man,bat,T20,2024,Isle of Man,1,1,0.5294117647058824,0.3870967741935484,0.2,0.4,0.5,0.5,0.0,0.5
2024-06-16,Finland,Norway,Kerava National Cricket Ground,Finland,bat,T20,2024,Norway,0,1,0.4117647058823529,0.38095238095238093,0.0,0.6,0.0,1.0,0.4444444444444444,0.6
2024-06-16,Ireland,Pakistan,"Central Broward Regional Park Stadium Turf Ground, Lauderhill",Pakistan,field,T20,2024,Pakistan,0,0,0.47619047619047616,0.6053811659192825,0.6,0.4,0.25,0.75,0.5,0.5
2024-06-16,Luxembourg,Israel,Roma Cricket Ground,Luxembourg,bat,T20,2024,Israel,0,1,0.375,0.2857142857142857,0.2,0.4,0.5,0.5,0.3333333333333333,0.5
2024-06-16,France,Austria,"Simar Cricket Ground, Rome",Austria,field,T20,2024,Austria,0,0,0.56,0.5769230769230769,0.6,0.6,0.5,0.5,0.5,0.6666666666666666
2024-06-16,Portugal,Isle of Man,Roma Cricket Ground,Portugal,bat,T20,2024,Portugal,1,1,0.6666666666666666,0.5555555555555556,0.4,0.4,0.5,0.5,0.0,0.3333333333333333
2024-06-16,Italy,Romania,"Simar Cricket Ground, Rome",Romania,field,T20,2024,Italy,1,0,0.6296296296296297,0.6666666666666666,1.0,1.0,0.5,0.5,1.0,1.0
2024-06-16,Denmark,Jersey,"Svanholm Park, Brondby",Jersey,field,T20,2024,Jersey,0,0,0.4,0.5862068965517241,0.2,0.4,0.0,1.0,0.6666666666666666,0.5
2024-06-16,Jersey,Denmark,"Svanholm Park, Brondby",Denmark,field,T20,2024,Jersey,1,0,0.6,0.3870967741935484,0.6,0.2,1.0,0.0,1.0,0.6
2024-06-16,Bangladesh,Nepal,"Arnos Vale Ground, Kingstown, St Vincent",Nepal,field,T20,2024,Bangladesh,1,0,0.38562091503267976,0.5897435897435898,0.6,0.2,1.0,0.0,1.0,0.0
2024-06-16,Sri Lanka,Netherlands,"Daren Sammy National Cricket Stadium, Gros Islet, St Lucia",Netherlands,field,T20,2024,Sri Lanka,1,0,0.44571428571428573,0.5274725274725275,0.4,0.2,1.0,0.0,0.5,0.5
2024-06-17,Cyprus,Estonia,Happy Valley Ground,Cyprus,bat,T20,2024,Estonia,0,1,0.5,0.1,0.4,0.2,1.0,0.0,0.6,0.0
2024-06-17,Papua New Guinea,New Zealand,"Brian Lara Stadium, Tarouba, Trinidad",New Zealand,field,T20,2024,New Zealand,0,0,0.5283018867924528,0.545,0.4,0.6,0.5,0.5,0.5,0.5
2024-06-17,Cyprus,Estonia,Happy Valley Ground,Cyprus,bat,T20,2024,Estonia,0,1,0.45454545454545453,0.18181818181818182,0.4,0.4,0.75,0.25,0.5,0.16666666666666666
2024-06-18,Cyprus,Estonia,Happy Valley Ground,Estonia,field,T20,2024,Cyprus,1,0,0.4166666666666667,0.25,0.2,0.6,0.6,0.4,0.42857142857142855,0.2857142857142857
2024-06-18,Estonia,Cyprus,Happy Valley Ground,Estonia,bat,T20,2024,Estonia,1,1,0.23076923076923078,0.46153846153846156,0.6,0.2,0.3333333333333333,0.6666666666666666,0.25,0.5
2024-06-19,Estonia,Cyprus,Happy Valley Ground,Estonia,bat,T20,2024,Estonia,1,1,0.2857142857142857,0.42857142857142855,0.6,0.2,0.42857142857142855,0.5714285714285714,0.3333333333333333,0.4444444444444444
2024-06-19,Estonia,Cyprus,Happy Valley Ground,Cyprus,field,T20,2024,Cyprus,0,0,0.3333333333333333,0.4,0.8,0.2,0.5,0.5,0.4,0.4
2024-06-19,South Africa,United States of America,"Sir Vivian Richards Stadium, North Sound, Antigua",United States of America,field,T20,2024,South Africa,1,0,0.5632183908045977,0.5925925925925926,0.8,0.6,0.5,0.5,0.5,1.0
2024-06-19,West Indies,England,"Daren Sammy National Cricket Stadium, Gros Islet, St Lucia",England,field,T20,2024,England,0,0,0.4606741573033708,0.5397727272727273,1.0,0.8,0.5862068965517241,0.41379310344827586,0.8,0.5
2024-06-20,Bangladesh,Australia,"Sir Vivian Richards Stadium, North Sound, Antigua",Australia,field,T20,2024,Australia,0,0,0.38961038961038963,0.5597826086956522,0.8,1.0,0.4,0.6,0.5,1.0
2024-06-21,South Africa,England,"Daren Sammy National Cricket Stadium, Gros Islet, St Lucia",England,field,T20,2024,South Africa,1,0,0.5657142857142857,0.5423728813559322,1.0,0.8,0.5,0.5,0.5,1.0
2024-06-21,United States of America,West Indies,"Kensington Oval, Bridgetown, Barbados",West Indies,field,T20,2024,West Indies,0,0,0.5714285714285714,0.4581005586592179,0.4,0.8,0.5,0.5,0.5,0.6666666666666666
2024-06-22,Guernsey,Jersey,"King George V Sports Ground, Castel",Jersey,field,T20,2024,Jersey,0,0,0.6111111111111112,0.6129032258064516,0.8,0.6,0.0,1.0,0.5,0.5
2024-06-22,India,Bangladesh,"Sir Vivian Richards Stadium, North Sound, Antigua",Bangladesh,field,T20,2024,India,1,0,0.6682926829268293,0.3870967741935484,0.8,0.6,0.9230769230769231,0.07692307692307693,0.5,0.0
2024-06-22,Guernsey,Jersey,"King George V Sports Ground, Castel",Jersey,field,T20,2024,Jersey,0,0,0.5789473684210527,0.625,0.6,0.6,0.0,1.0,0.0,1.0
2024-06-23,Jersey,Guernsey,"Guernsey Rovers Athletic Club Ground, Port Soif",Guernsey,field,T20,2024,Guernsey,0,0,0.6363636363636364,0.55,0.8,0.4,1.0,0.0,0.5,0.5
2024-06-23,West Indies,South Africa,"Sir Vivian Richards Stadium, North Sound, Antigua",South Africa,field,T20,2024,South Africa,0,0,0.46111111111111114,0.5681818181818182,0.8,1.0,0.5,0.5,0.5,1.0
2024-06-23,United States of America,England,"Kensington Oval, Bridgetown, Barbados",England,field,T20,2024,England,0,0,0.5517241379310345,0.5393258426966292,0.2,0.6,0.5,0.5,0.0,0.2857142857142857
2024-06-24,India,Australia,"Daren Sammy National Cricket Stadium, Gros Islet, St Lucia",Australia,field,T20,2024,India,1,0,0.6699029126213593,0.5621621621621622,1.0,1.0,0.6333333333333333,0.36666666666666664,0.5,0.3333333333333333
2024-06-27,India,England,"Providence Stadium, Guyana",England,field,T20,2024,India,1,0,0.6714975845410628,0.5418994413407822,1.0,0.8,0.5217391304347826,0.4782608695652174,0.6666666666666666,0.5
2024-06-28,Malawi,Rwanda,"Sikh Union Club Ground, Nairobi",Malawi,bat,T20,2024,Malawi,1,1,0.5714285714285714,0.2727272727272727,0.6,0.0,1.0,0.0,0.5,0.5
2024-06-29,Rwanda,Kenya,"Sikh Union Club Ground, Nairobi",Rwanda,bat,T20,2024,Kenya,0,1,0.26785714285714285,0.4925373134328358,0.0,0.2,0.0,1.0,0.0,0.5
2024-06-29,India,South Africa,"Kensington Oval, Bridgetown, Barbados",India,bat,T20,2024,India,1,1,0.6730769230769231,0.5706214689265536,1.0,1.0,0.56,0.44,0.5,0.5
2024-07-01,Malawi,Kenya,"Sikh Union Club Ground, Nairobi",Kenya,field,T20,2024,Kenya,0,0,0.625,0.5,0.8,0.4,0.5,0.5,1.0,1.0
2024-07-03,Rwanda,Kenya,"Sikh Union Club Ground, Nairobi",Rwanda,bat,T20,2024,Kenya,0,1,0.2631578947368421,0.5072463768115942,0.0,0.6,0.0,1.0,0.0,1.0
2024-07-05,Kenya,Rwanda,"Sikh Union Club Ground, Nairobi",Kenya,bat,T20,2024,Kenya,1,1,0.5142857142857142,0.25862068965517243,0.6,0.0,1.0,0.0,1.0,0.0
2024-07-06,Zimbabwe,India,Harare Sports Club,India,field,T20,2024,Zimbabwe,1,0,0.390625,0.6746411483253588,0.2,1.0,0.25,0.75,0.2571428571428571,0.7142857142857143
2024-07-07,India,Zimbabwe,Harare Sports Club,India,bat,T20,2024,India,1,1,0.6714285714285714,0.3953488372093023,0.8,0.4,0.6666666666666666,0.3333333333333333,0.625,0.2777777777777778
2024-07-07,Switzerland,Belgium,Bayer Uerdingen Cricket Ground,Belgium,field,T20,2024,Belgium,0,0,0.7142857142857143,0.6842105263157895,1.0,0.6,0.5,0.5,0.5,0.0
2024-07-07,Jersey,Serbia,Bayer Uerdingen Cricket Ground,Jersey,bat,T20,2024,Jersey,1,1,0.6176470588235294,0.35,0.8,0.6,0.5,0.5,0.5,0.5
2024-07-08,Croatia,Belgium,Bayer Uerdingen Cricket Ground,Croatia,bat,T20,2024,Croatia,1,1,0.2,0.7,0.0,0.8,0.5,0.5,0.5,0.3333333333333333
2024-07-08,Norway,Sweden,Bayer Uerdingen Cricket Ground,Sweden,field,T20,2024,Norway,1,0,0.4090909090909091,0.4375,0.8,0.8,0.5,0.5,0.4,0.0
2024-07-08,Germany,Gibraltar,Bayer Uerdingen Cricket Ground,Gibraltar,field,T20,2024,Germany,1,0,0.5869565217391305,0.2777777777777778,0.2,0.8,0.5,0.5,0.8181818181818182,0.5
2024-07-09,Jersey,Switzerland,Bayer Uerdingen Cricket Ground,Jersey,bat,T20,2024,Jersey,1,1,0.6285714285714286,0.6666666666666666,0.8,0.8,0.5,0.5,1.0,0.0
2024-07-09,Germany,Sweden,Bayer Uerdingen Cricket Ground,Germany,bat,T20,2024,Germany,1,1,0.5957446808510638,0.4117647058823529,0.4,0.6,1.0,0.0,0.8333333333333334,0.0
2024-07-09,Slovenia,Norway,Bayer Uerdingen Cricket Ground,Slovenia,bat,T20,2024,Norway,0,1,0.0,0.43478260869565216,0.0,1.0,0.5,0.5,0.5,0.5
2024-07-10,Croatia,Serbia,Bayer Uerdingen Cricket Ground,Serbia,field,T20,2024,Croatia,1,0,0.2727272727272727,0.3333333333333333,0.2,0.4,0.5,0.5,1.0,0.0
2024-07-10,Jersey,Belgium,Bayer Uerdingen Cricket Ground,Belgium,field,T20,2024,Jersey,1,0,0.6388888888888888,0.6666666666666666,0.8,0.6,0.5,0.5,1.0,0.25
2024-07-10,India,Zimbabwe,Harare Sports Club,India,bat,T20,2024,India,1,1,0.6729857819905213,0.3923076923076923,0.8,0.4,0.7,0.3,0.6666666666666666,0.2702702702702703
2024-07-10,Gibraltar,Slovenia,Bayer Uerdingen Cricket Ground,Gibraltar,bat,T20,2024,Slovenia,0,1,0.2702702702702703,0.0,0.6,0.0,0.5,0.5,0.0,0.0
2024-07-11,Norway,Germany,Bayer Uerdingen Cricket Ground,Germany,field,T20,2024,Norway,1,0,0.4583333333333333,0.6041666666666666,1.0,0.6,0.25,0.75,0.5714285714285714,0.8461538461538461
2024-07-11,Switzerland,Serbia,Bayer Uerdingen Cricket Ground,Switzerland,bat,T20,2024,Switzerland,1,1,0.625,0.3181818181818182,0.6,0.2,0.5,0.5,0.0,0.0
2024-07-11,Gibraltar,Sweden,Bayer Uerdingen Cricket Ground,Sweden,field,T20,2024,Sweden,0,0,0.2631578947368421,0.3888888888888889,0.6,0.6,0.5,0.5,0.0,0.0
2024-07-12,Belgium,Serbia,Bayer Uerdingen Cricket Ground,Belgium,bat,T20,2024,Belgium,1,1,0.6363636363636364,0.30434782608695654,0.4,0.0,0.5,0.5,0.2,0.0
2024-07-12,Kenya,Nigeria,"Sikh Union Club Ground, Nairobi",Kenya,bat,T20,2024,Kenya,1,1,0.5211267605633803,0.5,0.8,0.2,0.8333333333333334,0.16666666666666666,1.0,0.5
2024-07-13,Slovenia,Sweden,Bayer Uerdingen Cricket Ground,Sweden,field,T20,2024,Sweden,0,0,0.16666666666666666,0.42105263157894735,0.2,0.6,0.5,0.5,0.5,0.14285714285714285
2024-07-13,Croatia,Switzerland,Bayer Uerdingen Cricket Ground,Switzerland,field,T20,2024,Switzerland,0,0,0.3333333333333333,0.6470588235294118,0.4,0.6,0.5,0.5,1.0,0.3333333333333333
2024-07-13,Zimbabwe,India,Harare Sports Club,India,field,T20,2024,India,0,0,0.3893129770992366,0.6745283018867925,0.4,0.8,0.2727272727272727,0.7272727272727273,0.2631578947368421,0.7
2024-07-13,Norway,Gibraltar,Bayer Uerdingen Cricket Ground,Norway,bat,T20,2024,Norway,1,1,0.48,0.2564102564102564,1.0,0.4,0.5,0.5,0.625,0.0
2024-07-13,Nigeria,Kenya,"Sikh Union Club Ground, Nairobi",Nigeria,bat,T20,2024,Kenya,0,1,0.4897959183673469,0.5277777777777778,0.2,1.0,0.14285714285714285,0.8571428571428571,0.0,1.0
2024-07-14,Norway,Jersey,Bayer Uerdingen Cricket Ground,Jersey,field,T20,2024,Jersey,0,0,0.5,0.6486486486486487,1.0,0.8,0.0,1.0,0.6666666666666666,1.0
2024-07-14,Croatia,Germany,Bayer Uerdingen Cricket Ground,Croatia,bat,T20,2024,Germany,0,1,0.3076923076923077,0.5918367346938775,0.4,0.4,0.5,0.5,0.6666666666666666,0.7857142857142857
2024-07-14,India,Zimbabwe,Harare Sports Club,Zimbabwe,field,T20,2024,India,1,0,0.676056338028169,0.38636363636363635,0.8,0.4,0.75,0.25,0.7272727272727273,0.2564102564102564
2024-07-15,Kenya,Nigeria,"Sikh Union Club Ground, Nairobi",Nigeria,field,T20,2024,Nigeria,0,0,0.5342465753424658,0.48,1.0,0.2,0.875,0.125,1.0,0.0
2024-07-16,Nigeria,Kenya,"Sikh Union Club Ground, Nairobi",Kenya,field,T20,2024,Nigeria,1,0,0.49019607843137253,0.527027027027027,0.4,0.8,0.2222222222222222,0.7777777777777778,0.3333333333333333,0.8571428571428571
2024-07-17,Nigeria,Kenya,"Sikh Union Club Ground, Nairobi",Nigeria,bat,T20,2024,Kenya,0,1,0.5,0.52,0.4,0.6,0.3,0.7,0.5,0.75
2024-07-27,India,Sri Lanka,Pallekele International Cricket Stadium,Sri Lanka,field,T20,2024,India,1,0,0.677570093457944,0.44886363636363635,0.8,0.4,0.6785714285714286,0.32142857142857145,1.0,0.6
2024-07-28,Sri Lanka,India,Pallekele International Cricket Stadium,India,field,T20,2024,India,0,0,0.4463276836158192,0.6790697674418604,0.4,1.0,0.3103448275862069,0.6896551724137931,0.5625,1.0
2024-08-02,Croatia,Spain,"Mladost Cricket Ground, Zagreb",Spain,field,T20,2024,Spain,0,0,0.2857142857142857,0.7407407407407407,0.4,1.0,0.5,0.5,0.5,0.5
2024-08-03,Croatia,Spain,"Mladost Cricket Ground, Zagreb",Spain,field,T20,2024,Spain,0,0,0.26666666666666666,0.75,0.4,1.0,0.0,1.0,0.0,1.0
2024-08-03,Croatia,Spain,"Mladost Cricket Ground, Zagreb",Spain,field,T20,2024,Spain,0,0,0.25,0.7586206896551724,0.2,1.0,0.0,1.0,0.0,1.0
2024-08-04,Spain,Croatia,"Mladost Cricket Ground, Zagreb",Croatia,field,T20,2024,Spain,1,0,0.7666666666666667,0.23529411764705882,1.0,0.0,1.0,0.0,1.0,0.0
2024-08-04,Spain,Croatia,"Mladost Cricket Ground, Zagreb",Croatia,field,T20,2024,Spain,1,0,0.7741935483870968,0.2222222222222222,1.0,0.0,1.0,0.0,1.0,0.0
2024-08-17,Fiji,Samoa,"Faleata Oval No 2, Apia",Fiji,bat,T20,2024,Samoa,0,1,0.6,0.0,0.6,0.0,1.0,0.0,0.5,0.5
2024-08-17,Vanuatu,Cook Islands,"Faleata Oval No 2, Apia",Cook Islands,field,T20,2024,Cook Islands,0,0,0.44,0.6,0.2,0.6,0.5,0.5,0.5,0.5
2024-08-19,Vanuatu,Fiji,"Faleata Oval No 2, Apia",Fiji,field,T20,2024,Vanuatu,1,0,0.4230769230769231,0.5,0.0,0.4,1.0,0.0,0.0,0.0
2024-08-19,Samoa,Cook Islands,"Faleata Oval No 2, Apia",Cook Islands,field,T20,2024,Cook Islands,0,0,0.16666666666666666,0.6666666666666666,0.2,0.8,0.0,1.0,1.0,1.0
2024-08-20,Samoa,Vanuatu,"Faleata Oval No 2, Apia",Samoa,bat,T20,2024,Samoa,1,1,0.14285714285714285,0.4444444444444444,0.2,0.2,0.0,1.0,0.5,0.5
2024-08-20,Fiji,Cook Islands,"Faleata Oval No 2, Apia",Cook Islands,field,T20,2024,Fiji,1,0,0.42857142857142855,0.7142857142857143,0.2,0.8,0.5,0.5,0.0,1.0
2024-08-21,Samoa,Fiji,"Faleata Oval No 2, Apia",Fiji,field,T20,2024,Samoa,1,0,0.25,0.5,0.4,0.4,0.3333333333333333,0.6666666666666666,0.6666666666666666,0.3333333333333333
2024-08-21,Vanuatu,Cook Islands,"Faleata Oval No 2, Apia",Cook Islands,field,T20,2024,Cook Islands,0,0,0.42857142857142855,0.625,0.2,0.6,0.3333333333333333,0.6666666666666666,0.3333333333333333,0.6666666666666666
2024-08-21,Malta,Finland,"Guernsey Rovers Athletic Club Ground, Port Soif",Malta,bat,T20,2024,Finland,0,1,0.46808510638297873,0.3888888888888889,0.0,0.0,0.5,0.5,0.5,0.5
2024-08-21,Denmark,Czech Republic,"King George V Sports Ground, Castel",Denmark,bat,T20,2024,Denmark,1,1,0.375,0.5454545454545454,0.0,0.8,0.5,0.5,0.5,0.5
2024-08-21,Spain,Cyprus,"King George V Sports Ground, Castel",Cyprus,field,T20,2024,Spain,1,0,0.78125,0.4375,1.0,0.4,0.5,0.5,0.5,0.5
2024-08-21,Hong Kong,Kuwait,"Selangor Turf Club, Kuala Lumpur",Kuwait,field,T20,2024,Kuwait,0,0,0.44871794871794873,0.5853658536585366,0.4,0.6,1.0,0.0,0.5,0.5
2024-08-21,Bulgaria,Guernsey,"Guernsey Rovers Athletic Club Ground, Port Soif",Bulgaria,bat,T20,2024,Guernsey,0,1,0.3548387096774194,0.5714285714285714,0.2,0.6,0.0,1.0,0.5,1.0
2024-08-22,Malta,Guernsey,"King George V Sports Ground, Castel",Guernsey,field,T20,2024,Guernsey,0,0,0.4583333333333333,0.5909090909090909,0.0,0.6,0.5,0.5,0.5,0.0
2024-08-22,Spain,Czech Republic,"Guernsey Rovers Athletic Club Ground, Port Soif",Czech Republic,field,T20,2024,Spain,1,0,0.7878787878787878,0.5217391304347826,1.0,0.8,0.5,0.5,0.5,0.5
2024-08-22,Denmark,Greece,"Guernsey Rovers Athletic Club Ground, Port Soif",Greece,field,T20,2024,Denmark,1,0,0.3939393939393939,0.2,0.2,0.2,0.5,0.5,0.5,0.5
2024-08-22,Finland,Estonia,"King George V Sports Ground, Castel",Estonia,field,T20,2024,Estonia,0,0,0.42105263157894735,0.3125,0.2,0.6,0.5,0.5,0.5,0.5
2024-08-22,Kuwait,Malaysia,"Selangor Turf Club, Kuala Lumpur",Malaysia,field,T20,2024,Malaysia,0,0,0.5952380952380952,0.5441176470588235,0.6,0.4,0.0,1.0,1.0,0.5
2024-08-23,Canada,Netherlands,"Sportpark Maarschalkerweerd, Utrecht",Canada,bat,T20,2024,Netherlands,0,1,0.5434782608695652,0.5217391304347826,0.2,0.2,0.0,1.0,0.5,0.5
2024-08-23,South Africa,West Indies,"Brian Lara Stadium, Tarouba, Trinidad",West Indies,field,T20,2024,West Indies,0,0,0.5674157303370787,0.4585635359116022,0.8,0.6,0.5217391304347826,0.4782608695652174,0.5,0.6
2024-08-23,Vanuatu,Fiji,"Faleata Oval No 2, Apia",Vanuatu,bat,T20,2024,Fiji,0,1,0.41379310344827586,0.4444444444444444,0.2,0.4,1.0,0.0,0.25,0.25
2024-08-23,Samoa,Cook Islands,"Faleata Oval No 2, Apia",Samoa,bat,T20,2024,Cook Islands,0,1,0.3333333333333333,0.6666666666666666,0.6,0.6,0.0,1.0,0.75,0.75
2024-08-23,Malaysia,Hong Kong,"Selangor Turf Club, Kuala Lumpur",Hong Kong,field,T20,2024,Hong Kong,0,0,0.5507246376811594,0.4430379746835443,0.4,0.4,0.6363636363636364,0.36363636363636365,1.0,0.0
2024-08-24,Bulgaria,Estonia,"Guernsey Rovers Athletic Club Ground, Port Soif",Estonia,field,T20,2024,Estonia,0,0,0.34375,0.35294117647058826,0.2,0.6,0.5,0.5,0.0,0.5
2024-08-24,Greece,Cyprus,"King George V Sports Ground, Castel",Greece,bat,T20,2024,Cyprus,0,1,0.16666666666666666,0.4117647058823529,0.2,0.4,0.5,0.5,0.5,0.0
2024-08-24,Finland,Guernsey,"Guernsey Rovers Athletic Club Ground, Port Soif",Guernsey,field,T20,2024,Finland,1,0,0.4,0.6086956521739131,0.2,0.6,0.5,0.5,1.0,1.0
2024-08-24,Fiji,Cook Islands,"Faleata Oval No 2, Apia",Cook Islands,field,T20,2024,Fiji,1,0,0.5,0.7,0.4,0.8,0.6666666666666666,0.3333333333333333,0.4,0.8
2024-08-24,Hong Kong,Kuwait,"Selangor Turf Club, Kuala Lumpur",Kuwait,field,T20,2024,Kuwait,0,0,0.45,0.5813953488372093,0.6,0.6,0.75,0.25,0.5,0.5
2024-08-24,Samoa,Vanuatu,"Faleata Oval No 2, Apia",Samoa,bat,T20,2024,Samoa,1,1,0.3,0.4,0.6,0.2,0.3333333333333333,0.6666666666666666,0.6,0.2
2024-08-25,Malta,Bulgaria,"King George V Sports Ground, Castel",Malta,bat,T20,2024,Malta,1,1,0.4489795918367347,0.3333333333333333,0.0,0.0,1.0,0.0,0.0,0.5
2024-08-25,Greece,Spain,"Guernsey Rovers Athletic Club Ground, Port Soif",Greece,bat,T20,2024,Spain,0,1,0.14285714285714285,0.7941176470588235,0.0,1.0,0.5,0.5,0.0,1.0
2024-08-25,Estonia,Guernsey,"King George V Sports Ground, Castel",Guernsey,field,T20,2024,Guernsey,0,0,0.3888888888888889,0.5833333333333334,0.8,0.6,0.5,0.5,1.0,0.3333333333333333
2024-08-25,Cyprus,Czech Republic,"Guernsey Rovers Athletic Club Ground, Port Soif",Cyprus,bat,T20,2024,Czech Republic,0,1,0.4444444444444444,0.5,0.4,0.6,0.5,0.5,0.5,0.0
2024-08-25,Kuwait,Malaysia,"Selangor Turf Club, Kuala Lumpur",Malaysia,field,T20,2024,Kuwait,1,0,0.5909090909090909,0.5428571428571428,0.6,0.4,0.0,1.0,0.6666666666666666,0.5
2024-08-25,Netherlands,United States of America,"Sportpark Maarschalkerweerd, Utrecht",United States of America,field,T20,2024,Netherlands,1,0,0.5268817204301075,0.5333333333333333,0.4,0.2,1.0,0.0,1.0,0.5
2024-08-25,West Indies,South Africa,"Brian Lara Stadium, Tarouba, Trinidad",South Africa,field,T20,2024,West Indies,1,0,0.46153846153846156,0.5642458100558659,0.6,0.6,0.5,0.5,0.6666666666666666,0.0
2024-08-26,Hong Kong,Malaysia,"Selangor Turf Club, Kuala Lumpur",Malaysia,field,T20,2024,Hong Kong,1,0,0.4444444444444444,0.5352112676056338,0.4,0.2,0.4166666666666667,0.5833333333333334,0.3333333333333333,0.3333333333333333
2024-08-26,Canada,Netherlands,"Sportpark Maarschalkerweerd, Utrecht",Netherlands,field,T20,2024,Canada,1,0,0.5319148936170213,0.5319148936170213,0.2,0.4,0.0,1.0,0.0,1.0
2024-08-27,United States of America,Canada,"Sportpark Westvliet, The Hague",United States of America,bat,T20,2024,United States of America,1,1,0.5161290322580645,0.5416666666666666,0.0,0.4,0.7142857142857143,0.2857142857142857,0.5,0.5
2024-08-27,Malta,Estonia,"Guernsey Rovers Athletic Club Ground, Port Soif",Malta,bat,T20,2024,Estonia,0,1,0.46,0.3684210526315789,0.2,0.6,0.5,0.5,0.0,1.0
2024-08-27,Czech Republic,Greece,"King George V Sports Ground, Castel",Czech Republic,bat,T20,2024,Czech Republic,1,1,0.52,0.125,0.6,0.0,0.5,0.5,0.0,0.0
2024-08-27,Finland,Bulgaria,"Guernsey Rovers Athletic Club Ground, Port Soif",Finland,bat,T20,2024,Finland,1,1,0.42857142857142855,0.3235294117647059,0.4,0.0,0.5,0.5,1.0,0.0
2024-08-27,Denmark,Cyprus,"King George V Sports Ground, Castel",Denmark,bat,T20,2024,Denmark,1,1,0.4117647058823529,0.42105263157894735,0.4,0.4,0.5,0.5,1.0,0.5
2024-08-27,Hong Kong,Kuwait,"Selangor Turf Club, Kuala Lumpur",Kuwait,field,T20,2024,Kuwait,0,0,0.45121951219512196,0.6,0.6,0.6,0.6,0.4,0.5,0.75
2024-08-27,South Africa,West Indies,"Brian Lara Stadium, Tarouba, Trinidad",West Indies,field,T20,2024,West Indies,0,0,0.5611111111111111,0.4644808743169399,0.4,0.6,0.48,0.52,0.0,0.7142857142857143
2024-08-28,Czech Republic,Estonia,"Guernsey Rovers Athletic Club Ground, Port Soif",Estonia,field,T20,2024,Estonia,0,0,0.5384615384615384,0.4,0.6,0.6,1.0,0.0,0.5,1.0
2024-08-28,Denmark,Guernsey,"King George V Sports Ground, Castel",Guernsey,field,T20,2024,Guernsey,0,0,0.42857142857142855,0.6,0.6,0.8,0.0,1.0,1.0,0.5
2024-08-28,Spain,Finland,"King George V Sports Ground, Castel",Finland,field,T20,2024,Spain,1,0,0.8,0.45454545454545453,1.0,0.6,0.5,0.5,1.0,0.0
2024-08-28,Cyprus,Malta,"Guernsey Rovers Athletic Club Ground, Port Soif",Malta,field,T20,2024,Cyprus,1,0,0.4,0.45098039215686275,0.4,0.2,0.5,0.5,0.0,0.0
2024-08-28,Netherlands,United States of America,"Sportpark Westvliet, The Hague",Netherlands,bat,T20,2024,Netherlands,1,1,0.5263157894736842,0.53125,0.4,0.2,1.0,0.0,0.16666666666666666,1.0
2024-08-30,Kuwait,Mongolia,"Bayuemas Oval, Kuala Lumpur",Mongolia,field,T20,2024,Kuwait,1,0,0.6086956521739131,0.0,0.8,0.0,0.5,0.5,0.6,0.5
2024-08-30,Malaysia,Maldives,"Bayuemas Oval, Kuala Lumpur",Maldives,field,T20,2024,Malaysia,1,0,0.5277777777777778,0.18518518518518517,0.2,0.4,1.0,0.0,0.6666666666666666,0.5
2024-08-30,Myanmar,Hong Kong,"YSD-UKM Cricket Oval, Bangi",Hong Kong,field,T20,2024,Hong Kong,0,0,0.0,0.4457831325301205,0.0,0.4,0.5,0.5,0.5,0.5
2024-08-31,Mongolia,Hong Kong,"Bayuemas Oval, Kuala Lumpur",Hong Kong,field,T20,2024,Hong Kong,0,0,0.0,0.4523809523809524,0.0,0.6,0.5,0.5,0.0,0.0
2024-08-31,Myanmar,Malaysia,"YSD-UKM Cricket Oval, Bangi",Malaysia,field,T20,2024,Malaysia,0,0,0.0,0.5342465753424658,0.0,0.4,0.0,1.0,0.0,0.5
2024-08-31,Singapore,Maldives,"Bayuemas Oval, Kuala Lumpur",Singapore,bat,T20,2024,Singapore,1,1,0.34146341463414637,0.17857142857142858,0.6,0.2,1.0,0.0,0.5,0.0
2024-09-02,Hong Kong,Singapore,"Bayuemas Oval, Kuala Lumpur",Singapore,field,T20,2024,Hong Kong,1,0,0.4588235294117647,0.35714285714285715,0.6,0.6,0.6666666666666666,0.3333333333333333,0.25,1.0
2024-09-02,Kuwait,Maldives,"YSD-UKM Cricket Oval, Bangi",Maldives,field,T20,2024,Kuwait,1,0,0.6170212765957447,0.1724137931034483,0.8,0.2,1.0,0.0,0.5,0.5
2024-09-02,Myanmar,Mongolia,"YSD-UKM Cricket Oval, Bangi",Mongolia,field,T20,2024,Myanmar,1,0,0.0,0.0,0.0,0.0,0.5,0.5,0.0,0.5
2024-09-03,Maldives,Hong Kong,"YSD-UKM Cricket Oval, Bangi",Hong Kong,field,T20,2024,Hong Kong,0,0,0.16666666666666666,0.46511627906976744,0.0,0.8,0.5,0.5,0.0,1.0
2024-09-03,Myanmar,Kuwait,"Bayuemas Oval, Kuala Lumpur",Kuwait,field,T20,2024,Kuwait,0,0,0.125,0.625,0.2,1.0,0.5,0.5,0.0,0.6666666666666666
2024-09-03,Malaysia,Singapore,"YSD-UKM Cricket Oval, Bangi",Malaysia,bat,T20,2024,Malaysia,1,1,0.5405405405405406,0.3488372093023256,0.4,0.6,0.625,0.375,1.0,0.5
2024-09-04,Scotland,Australia,"Grange Cricket Club Ground, Raeburn Place, Edinburgh",Australia,field,T20,2024,Australia,0,0,0.52,0.5591397849462365,0.6,0.8,0.0,1.0,0.5555555555555556,0.5
2024-09-05,Malaysia,Kuwait,"Bayuemas Oval, Kuala Lumpur",Kuwait,field,T20,2024,Kuwait,0,0,0.5466666666666666,0.6326530612244898,0.6,1.0,0.8,0.2,0.6875,0.7142857142857143
2024-09-05,Mongolia,Singapore,"YSD-UKM Cricket Oval, Bangi",Singapore,field,T20,2024,Singapore,0,0,0.0,0.3409090909090909,0.0,0.4,0.5,0.5,0.0,0.0
2024-09-05,Myanmar,Maldives,"Bayuemas Oval, Kuala Lumpur",Myanmar,bat,T20,2024,Maldives,0,1,0.1111111111111111,0.16129032258064516,0.2,0.0,0.5,0.5,0.0,0.0
2024-09-06,Australia,Scotland,"Grange Cricket Club Ground, Raeburn Place, Edinburgh",Scotland,field,T20,2024,Australia,1,0,0.5614973262032086,0.5131578947368421,0.8,0.4,1.0,0.0,1.0,0.5
2024-09-06,Maldives,Mongolia,"Bayuemas Oval, Kuala Lumpur",Maldives,bat,T20,2024,Maldives,1,1,0.1875,0.0,0.2,0.0,0.5,0.5,0.3333333333333333,0.0
2024-09-06,Kuwait,Singapore,"YSD-UKM Cricket Oval, Bangi",Singapore,field,T20,2024,Singapore,0,0,0.64,0.35555555555555557,1.0,0.6,1.0,0.0,1.0,0.5
2024-09-07,Malaysia,Hong Kong,"Bayuemas Oval, Kuala Lumpur",Hong Kong,field,T20,2024,Malaysia,1,0,0.5394736842105263,0.47126436781609193,0.6,0.8,0.5384615384615384,0.46153846153846156,0.6470588235294118,0.4
2024-09-07,Scotland,Australia,"Grange Cricket Club Ground, Raeburn Place, Edinburgh",Australia,field,T20,2024,Australia,0,0,0.5064935064935064,0.5638297872340425,0.4,0.8,0.0,1.0,0.45454545454545453,1.0
2024-09-09,Mongolia,Malaysia,"YSD-UKM Cricket Oval, Bangi",Malaysia,field,T20,2024,Malaysia,0,0,0.0,0.5454545454545454,0.0,0.8,0.5,0.5,0.0,1.0
2024-09-09,Myanmar,Singapore,"Bayuemas Oval, Kuala Lumpur",Singapore,field,T20,2024,Singapore,0,0,0.1,0.3695652173913043,0.2,0.6,0.5,0.5,0.0,0.5
2024-09-11,Australia,England,"The Rose Bowl, Southampton",England,field,T20,2024,Australia,1,0,0.5661375661375662,0.5388888888888889,0.8,0.6,0.5,0.5,0.5,0.3333333333333333
2024-09-13,Australia,England,"Sophia Gardens, Cardiff",England,field,T20,2024,England,0,0,0.5684210526315789,0.5359116022099447,0.8,0.4,0.5217391304347826,0.4782608695652174,0.5,0.6666666666666666
2024-09-21,Malawi,Lesotho,"Gymkhana Club Ground, Dar-es-Salaam",Lesotho,field,T20,2024,Malawi,1,0,0.5555555555555556,0.14285714285714285,0.6,0.2,0.5,0.5,0.5,0.5
2024-09-21,Cameroon,Ghana,"Gymkhana Club Ground, Dar-es-Salaam",Cameroon,bat,T20,2024,Ghana,0,1,0.0,0.3125,0.0,0.2,0.5,0.5,0.5,0.5
2024-09-21,Mali,Tanzania,University of Dar-es-Salaam Ground,Tanzania,field,T20,2024,Tanzania,0,0,0.0,0.5471698113207547,0.0,0.2,0.5,0.5,0.5,0.5
2024-09-22,Mali,Cameroon,"Gymkhana Club Ground, Dar-es-Salaam",Mali,bat,T20,2024,Cameroon,0,1,0.0,0.0,0.0,0.0,0.5,0.5,0.5,0.0
2024-09-22,Malawi,Ghana,University of Dar-es-Salaam Ground,Ghana,field,T20,2024,Malawi,1,0,0.6,0.3333333333333333,0.6,0.2,0.0,1.0,0.5,0.5
2024-09-24,Mali,Malawi,University of Dar-es-Salaam Ground,Mali,bat,T20,2024,Malawi,0,1,0.0,0.6363636363636364,0.0,0.8,0.5,0.5,0.0,1.0
2024-09-24,Ghana,Lesotho,University of Dar-es-Salaam Ground,Ghana,bat,T20,2024,Ghana,1,1,0.3235294117647059,0.125,0.2,0.2,0.5,0.5,0.0,0.5
2024-09-24,Cameroon,Tanzania,"Gymkhana Club Ground, Dar-es-Salaam",Cameroon,bat,T20,2024,Tanzania,0,1,0.08333333333333333,0.5555555555555556,0.2,0.4,0.0,1.0,0.5,0.5
2024-09-25,Lesotho,Mali,"Gymkhana Club Ground, Dar-es-Salaam",Mali,field,T20,2024,Lesotho,1,0,0.1111111111111111,0.0,0.0,0.0,1.0,0.0,0.0,0.0
2024-09-25,Ghana,Tanzania,University of Dar-es-Salaam Ground,Ghana,bat,T20,2024,Tanzania,0,1,0.34285714285714286,0.5636363636363636,0.4,0.6,0.0,1.0,0.5,1.0
2024-09-25,Cameroon,Malawi,University of Dar-es-Salaam Ground,Malawi,field,T20,2024,Malawi,0,0,0.07692307692307693,0.6666666666666666,0.2,0.8,0.5,0.5,0.5,1.0
2024-09-25,Japan,Indonesia,"Yeonhui Cricket Ground, Incheon",Japan,bat,T20,2024,Japan,1,1,0.5925925925925926,0.5,1.0,0.4,0.5,0.5,0.5,0.5
2024-09-26,Mali,Ghana,"Gymkhana Club Ground, Dar-es-Salaam",Mali,bat,T20,2024,Ghana,0,1,0.0,0.3333333333333333,0.0,0.4,0.5,0.5,0.0,1.0
2024-09-26,Lesotho,Cameroon,University of Dar-es-Salaam Ground,Cameroon,field,T20,2024,Cameroon,0,0,0.2,0.07142857142857142,0.2,0.2,0.5,0.5,0.0,0.0
2024-09-26,Tanzania,Malawi,"Gymkhana Club Ground, Dar-es-Salaam",Tanzania,bat,T20,2024,Tanzania,1,1,0.5714285714285714,0.6923076923076923,0.6,0.8,1.0,0.0,1.0,1.0
2024-09-26,Japan,Philippines,"Yeonhui Cricket Ground, Incheon",Japan,bat,T20,2024,Japan,1,1,0.6071428571428571,0.2777777777777778,1.0,0.6,1.0,0.0,1.0,0.5
2024-09-27,Ireland,South Africa,"Zayed Cricket Stadium, Abu Dhabi",South Africa,field,T20,2024/25,South Africa,0,0,0.47244094488188976,0.5580110497237569,0.4,0.2,0.0,1.0,0.5,0.5
2024-09-28,South Korea,Indonesia,"Yeonhui Cricket Ground, Incheon",South Korea,bat,T20,2024,Indonesia,0,1,0.0,0.48148148148148145,0.0,0.4,0.0,1.0,0.5,0.0
2024-09-28,Philippines,Japan,"Yeonhui Cricket Ground, Incheon",Philippines,bat,T20,2024,Japan,0,1,0.2631578947368421,0.6206896551724138,0.4,1.0,0.0,1.0,0.0,1.0
2024-09-28,Canada,Nepal,"Maple Leaf North-West Ground, King City",Nepal,field,T20,2024,Canada,1,0,0.5306122448979592,0.5822784810126582,0.4,0.0,0.0,1.0,0.5,0.5
2024-09-29,United Arab Emirates,Namibia,"Wanderers Cricket Ground, Windhoek",Namibia,field,T20,2024,United Arab Emirates,1,0,0.5185185185185185,0.6212121212121212,0.8,0.4,1.0,0.0,0.5,0.8888888888888888
2024-09-29,Nepal,Oman,"Maple Leaf North-West Ground, King City",Oman,field,T20,2024,Nepal,1,0,0.575,0.5217391304347826,0.0,0.2,0.6,0.4,0.0,0.5
2024-09-29,South Korea,Japan,"Yeonhui Cricket Ground, Incheon",South Korea,bat,T20,2024,Japan,0,1,0.0,0.6333333333333333,0.0,1.0,0.0,1.0,0.0,1.0
2024-09-29,Philippines,Indonesia,"Yeonhui Cricket Ground, Incheon",Indonesia,field,T20,2024,Philippines,1,0,0.25,0.5,0.4,0.4,0.6,0.4,0.0,0.5
2024-09-29,Ireland,South Africa,"Zayed Cricket Stadium, Abu Dhabi",South Africa,field,T20,2024/25,Ireland,1,0,0.46875,0.5604395604395604,0.2,0.2,0.0,1.0,0.3333333333333333,0.6666666666666666
2024-09-30,United States of America,United Arab Emirates,"Wanderers Cricket Ground, Windhoek",United States of America,bat,T20,2024,United States of America,1,1,0.5151515151515151,0.524390243902439,0.2,0.8,0.0,1.0,0.5,1.0
2024-09-30,Canada,Oman,"Maple Leaf North-West Ground, King City",Oman,field,T20,2024,Oman,0,0,0.54,0.5142857142857142,0.4,0.0,0.6,0.4,1.0,0.0
2024-09-30,Serbia,Gibraltar,Europa Sports Complex,Serbia,bat,T20,2024,Gibraltar,0,1,0.2916666666666667,0.25,0.0,0.2,0.0,1.0,0.0,0.5
2024-09-30,Serbia,Gibraltar,Europa Sports Complex,Gibraltar,field,T20,2024,Gibraltar,0,0,0.28,0.2682926829268293,0.0,0.2,0.0,1.0,0.0,0.5384615384615384
2024-10-01,United States of America,Namibia,"Wanderers Cricket Ground, Windhoek",United States of America,bat,T20,2024,United States of America,1,1,0.5294117647058824,0.6119402985074627,0.4,0.2,0.5,0.5,1.0,0.8
2024-10-01,Philippines,South Korea,"Yeonhui Cricket Ground, Incheon",South Korea,field,T20,2024,Philippines,1,0,0.2857142857142857,0.0,0.6,0.0,0.5,0.5,0.3333333333333333,0.0
2024-10-01,Japan,Indonesia,"Yeonhui Cricket Ground, Incheon",Indonesia,field,T20,2024,Japan,1,0,0.6451612903225806,0.4827586206896552,1.0,0.2,0.6,0.4,1.0,0.3333333333333333
2024-10-01,Nepal,Canada,"Maple Leaf North-West Ground, King City",Canada,field,T20,2024,Canada,0,0,0.5802469135802469,0.5294117647058824,0.2,0.4,0.5,0.5,0.5,0.5
2024-10-02,Japan,Philippines,"Yeonhui Cricket Ground, Incheon",Japan,bat,T20,2024,Japan,1,1,0.65625,0.3181818181818182,1.0,0.6,1.0,0.0,1.0,0.5
2024-10-02,Namibia,United Arab Emirates,"Wanderers Cricket Ground, Windhoek",Namibia,bat,T20,2024,United Arab Emirates,0,1,0.6029411764705882,0.5180722891566265,0.0,0.8,0.0,1.0,0.7272727272727273,0.5
2024-10-02,Indonesia,South Korea,"Yeonhui Cricket Ground, Incheon",Indonesia,bat,T20,2024,Indonesia,1,1,0.4666666666666667,0.0,0.2,0.0,1.0,0.0,0.25,0.0
2024-10-02,Nepal,Oman,"Maple Leaf North-West Ground, King City",Oman,field,T20,2024,Nepal,1,0,0.573170731707317,0.5211267605633803,0.2,0.2,0.6666666666666666,0.3333333333333333,0.3333333333333333,0.5
2024-10-03,Oman,Canada,"Maple Leaf North-West Ground, King City",Canada,field,T20,2024,Canada,0,0,0.5138888888888888,0.5384615384615384,0.2,0.6,0.5,0.5,0.3333333333333333,0.6666666666666666
2024-10-04,United Arab Emirates,United States of America,"Wanderers Cricket Ground, Windhoek",United Arab Emirates,bat,T20,2024,United Arab Emirates,1,1,0.5238095238095238,0.5428571428571428,0.8,0.6,0.5,0.5,0.6666666666666666,1.0
2024-10-04,Indonesia,Philippines,"Yeonhui Cricket Ground, Incheon",Indonesia,bat,T20,2024,Indonesia,1,1,0.4838709677419355,0.30434782608695654,0.4,0.4,0.3333333333333333,0.6666666666666666,0.4,0.4
2024-10-04,Japan,South Korea,"Yeonhui Cricket Ground, Incheon",Japan,bat,T20,2024,Japan,1,1,0.6666666666666666,0.0,1.0,0.0,1.0,0.0,1.0,0.0
2024-10-05,Namibia,United States of America,"Wanderers Cricket Ground, Windhoek",Namibia,bat,T20,2024,United States of America,0,1,0.5942028985507246,0.5277777777777778,0.0,0.6,0.0,1.0,0.6666666666666666,0.6666666666666666
2024-10-05,Philippines,South Korea,"Yeonhui Cricket Ground, Incheon",Philippines,bat,T20,2024,Philippines,1,1,0.2916666666666667,0.0,0.4,0.0,1.0,0.0,0.3333333333333333,0.0
2024-10-05,Japan,Indonesia,"Yeonhui Cricket Ground, Incheon",Japan,bat,T20,2024,Japan,1,1,0.6764705882352942,0.5,1.0,0.6,0.6666666666666666,0.3333333333333333,1.0,0.5
2024-10-06,Bangladesh,India,"Shrimant Madhavrao Scindia Cricket Stadium, Gwalior",India,field,T20,2024/25,India,0,0,0.38461538461538464,0.6805555555555556,0.4,1.0,0.07142857142857142,0.9285714285714286,0.5,0.5
2024-10-09,Malawi,Rwanda,"TCA Oval, Blantyre",Malawi,bat,T20,2024/25,Rwanda,0,1,0.6428571428571429,0.2542372881355932,0.8,0.0,1.0,0.0,0.5,0.5
2024-10-09,India,Bangladesh,"Arun Jaitley Stadium, Delhi",Bangladesh,field,T20,2024/25,India,1,0,0.6820276497695853,0.3821656050955414,1.0,0.4,0.9333333333333333,0.06666666666666667,0.0,0.5
2024-10-10,Malawi,Rwanda,"TCA Oval, Blantyre",Rwanda,field,T20,2024/25,Rwanda,0,0,0.6,0.26666666666666666,0.6,0.2,0.6666666666666666,0.3333333333333333,0.0,1.0
2024-10-12,India,Bangladesh,"Rajiv Gandhi International Stadium, Uppal, Hyderabad",India,bat,T20,2024/25,India,1,1,0.6834862385321101,0.379746835443038,1.0,0.2,0.9375,0.0625,1.0,0.5
2024-10-12,Brazil,Mexico,Sao Fernando Polo and Cricket Club,Mexico,field,T20,2024/25,Brazil,1,0,0.5,0.6666666666666666,0.5,0.6,0.5,0.5,0.5,0.5
2024-10-13,Malawi,Rwanda,"TCA Oval, Blantyre",Rwanda,field,T20,2024/25,Rwanda,0,0,0.5625,0.2786885245901639,0.4,0.4,0.5,0.5,0.0,1.0
2024-10-13,Sri Lanka,West Indies,Rangiri Dambulla International Stadium,West Indies,field,T20,2024/25,West Indies,0,0,0.4438202247191011,0.4673913043478261,0.2,0.8,0.5333333333333333,0.4666666666666667,0.5,0.5
2024-10-13,Mexico,Argentina,Sao Fernando Polo and Cricket Club,Argentina,field,T20,2024/25,Argentina,0,0,0.5714285714285714,0.3333333333333333,0.6,0.6,0.0,1.0,0.0,0.5
2024-10-15,Sri Lanka,West Indies,Rangiri Dambulla International Stadium,Sri Lanka,bat,T20,2024/25,Sri Lanka,1,1,0.441340782122905,0.4702702702702703,0.2,0.8,0.5,0.5,0.0,1.0
2024-10-17,Nepal,United States of America,"Grand Prairie Stadium, Dallas",United States of America,field,T20,2024/25,Nepal,1,0,0.5783132530120482,0.5405405405405406,0.4,0.6,0.5,0.5,0.0,1.0
2024-10-17,West Indies,Sri Lanka,Rangiri Dambulla International Stadium,West Indies,bat,T20,2024/25,Sri Lanka,0,1,0.46774193548387094,0.4444444444444444,0.8,0.4,0.47058823529411764,0.5294117647058824,0.5,0.5
2024-10-18,Kenya,Seychelles,"Sikh Union Club Ground, Nairobi",Kenya,bat,T20,2024/25,Kenya,1,1,0.5263157894736842,0.2857142857142857,0.6,0.2,1.0,0.0,0.7777777777777778,0.5
2024-10-19,Indonesia,Maldives,Gelephu International Cricket Ground,Indonesia,bat,T20,2024/25,Maldives,0,1,0.48484848484848486,0.21212121212121213,0.4,0.4,0.5,0.5,0.5,0.5
2024-10-19,Thailand,Bhutan,Gelephu International Cricket Ground,Bhutan,field,T20,2024/25,Thailand,1,0,0.4,0.3684210526315789,0.6,0.2,0.5,0.5,0.5,0.5
2024-10-19,Zimbabwe,Seychelles,"Gymkhana Club Ground, Nairobi",Seychelles,field,T20,2024/25,Zimbabwe,1,0,0.38345864661654133,0.25,0.2,0.2,0.5,0.5,0.5,0.5
2024-10-19,Kenya,Mozambique,"Ruaraka Sports Club Ground, Nairobi",Mozambique,field,T20,2024/25,Kenya,1,0,0.5324675324675324,0.38461538461538464,0.6,0.8,0.5,0.5,0.5,0.5
2024-10-20,United States of America,Nepal,"Grand Prairie Stadium, Dallas",United States of America,bat,T20,2024/25,Nepal,0,1,0.5263157894736842,0.5833333333333334,0.6,0.6,0.0,1.0,0.5,0.5
2024-10-20,Maldives,Bhutan,Gelephu International Cricket Ground,Bhutan,field,T20,2024/25,Bhutan,0,0,0.23529411764705882,0.35,0.6,0.2,0.5,0.5,1.0,0.0
2024-10-20,Mozambique,Zimbabwe,"Gymkhana Club Ground, Nairobi",Zimbabwe,field,T20,2024/25,Zimbabwe,0,0,0.35714285714285715,0.3880597014925373,0.6,0.2,0.5,0.5,0.5,1.0
2024-10-20,Rwanda,Kenya,"Gymkhana Club Ground, Nairobi",Rwanda,bat,T20,2024/25,Kenya,0,1,0.2903225806451613,0.5384615384615384,0.6,0.6,0.0,1.0,0.2857142857142857,0.46153846153846156
2024-10-20,Indonesia,Thailand,Gelephu International Cricket Ground,Indonesia,bat,T20,2024/25,Thailand,0,1,0.47058823529411764,0.41935483870967744,0.4,0.6,0.3333333333333333,0.6666666666666666,0.0,1.0
2024-10-22,Thailand,Maldives,Gelephu International Cricket Ground,Thailand,bat,T20,2024/25,Thailand,1,1,0.4375,0.22857142857142856,0.8,0.6,0.6,0.4,1.0,0.5
2024-10-22,Zimbabwe,Rwanda,"Ruaraka Sports Club Ground, Nairobi",Zimbabwe,bat,T20,2024/25,Zimbabwe,1,1,0.3925925925925926,0.2857142857142857,0.4,0.6,1.0,0.0,0.5,0.5
2024-10-22,Kenya,Gambia,"Gymkhana Club Ground, Nairobi",Kenya,bat,T20,2024/25,Kenya,1,1,0.5443037974683544,0.16666666666666666,0.8,0.2,0.5,0.5,0.5,0.5
2024-10-22,Mozambique,Seychelles,"Gymkhana Club Ground, Nairobi",Mozambique,bat,T20,2024/25,Mozambique,1,1,0.3333333333333333,0.2222222222222222,0.4,0.0,0.5,0.5,0.0,0.0
2024-10-22,Bhutan,Indonesia,Gelephu International Cricket Ground,Bhutan,bat,T20,2024/25,Bhutan,1,1,0.38095238095238093,0.45714285714285713,0.4,0.4,0.0,1.0,0.5,0.0
2024-10-23,Zimbabwe,Gambia,"Ruaraka Sports Club Ground, Nairobi",Zimbabwe,bat,T20,2024/25,Zimbabwe,1,1,0.39705882352941174,0.14285714285714285,0.6,0.2,0.5,0.5,1.0,0.5
2024-10-23,Rwanda,Mozambique,"Gymkhana Club Ground, Nairobi",Rwanda,bat,T20,2024/25,Mozambique,0,1,0.28125,0.375,0.6,0.4,0.5,0.5,0.25,0.5
2024-10-23,Seychelles,Kenya,"Ruaraka Sports Club Ground, Nairobi",Seychelles,bat,T20,2024/25,Kenya,0,1,0.2,0.55,0.0,1.0,0.0,1.0,0.5,1.0
2024-10-23,Bhutan,Maldives,Gelephu International Cricket Ground,Bhutan,bat,T20,2024/25,Maldives,0,1,0.4090909090909091,0.2222222222222222,0.6,0.6,0.5714285714285714,0.42857142857142855,0.6666666666666666,0.3333333333333333
2024-10-23,Thailand,Indonesia,Gelephu International Cricket Ground,Thailand,bat,T20,2024/25,Thailand,1,1,0.45454545454545453,0.4444444444444444,1.0,0.2,0.7142857142857143,0.2857142857142857,1.0,0.0
2024-10-24,Gambia,Mozambique,"Ruaraka Sports Club Ground, Nairobi",Gambia,bat,T20,2024/25,Mozambique,0,1,0.125,0.4117647058823529,0.2,0.6,0.0,1.0,0.0,0.0
2024-10-24,Zimbabwe,Kenya,"Gymkhana Club Ground, Nairobi",Zimbabwe,bat,T20,2024/25,Zimbabwe,1,1,0.40145985401459855,0.5555555555555556,0.8,1.0,1.0,0.0,1.0,0.5333333333333333
2024-10-24,Rwanda,Seychelles,"Ruaraka Sports Club Ground, Nairobi",Rwanda,bat,T20,2024/25,Rwanda,1,1,0.27692307692307694,0.18181818181818182,0.4,0.0,1.0,0.0,0.0,0.0
2024-10-24,Indonesia,Bhutan,Gelephu International Cricket Ground,Indonesia,bat,T20,2024/25,Bhutan,0,1,0.43243243243243246,0.391304347826087,0.0,0.6,0.5,0.5,0.0,0.5
2024-10-28,Bahrain,Uganda,Jinja Cricket Ground,Uganda,field,T20,2024/25,Bahrain,1,0,0.5,0.7721518987341772,0.4,0.4,0.5,0.5,0.5,0.5
2024-10-29,Bahrain,Uganda,Jinja Cricket Ground,Bahrain,bat,T20,2024/25,Uganda,0,1,0.5106382978723404,0.7625,0.4,0.4,1.0,0.0,1.0,0.0
2024-11-08,India,South Africa,"Kingsmead, Durban",South Africa,field,T20,2024/25,India,1,0,0.684931506849315,0.5573770491803278,1.0,0.2,0.5769230769230769,0.4230769230769231,0.5,0.0
2024-11-09,New Zealand,Sri Lanka,Rangiri Dambulla International Stadium,New Zealand,bat,T20,2024/25,Sri Lanka,0,1,0.5472636815920398,0.44751381215469616,0.6,0.4,0.65,0.35,0.5,0.6666666666666666
2024-11-09,West Indies,England,"Kensington Oval, Bridgetown, Barbados",England,field,T20,2024/25,England,0,0,0.46524064171123,0.5384615384615384,0.6,0.4,0.5666666666666667,0.43333333333333335,0.7142857142857143,0.375
2024-11-10,West Indies,England,"Kensington Oval, Bridgetown, Barbados",England,field,T20,2024/25,England,0,0,0.4627659574468085,0.5409836065573771,0.4,0.6,0.5483870967741935,0.45161290322580644,0.625,0.4444444444444444
2024-11-10,India,South Africa,"St George's Park, Gqeberha",South Africa,field,T20,2024/25,South Africa,0,0,0.6863636363636364,0.5543478260869565,1.0,0.2,0.5925925925925926,0.4074074074074074,0.0,1.0
2024-11-10,New Zealand,Sri Lanka,Rangiri Dambulla International Stadium,Sri Lanka,field,T20,2024/25,New Zealand,1,0,0.5445544554455446,0.45054945054945056,0.4,0.6,0.6190476190476191,0.38095238095238093,0.0,0.75
2024-11-12,Indonesia,Myanmar,Udayana Cricket Ground,Myanmar,field,T20,2024/25,Indonesia,1,0,0.42105263157894735,0.09090909090909091,0.0,0.2,0.5,0.5,0.5,0.5
2024-11-13,Myanmar,Indonesia,Udayana Cricket Ground,Myanmar,bat,T20,2024/25,Indonesia,0,1,0.08333333333333333,0.4358974358974359,0.2,0.2,0.0,1.0,0.0,0.5294117647058824
2024-11-13,India,South Africa,"SuperSport Park, Centurion",South Africa,field,T20,2024/25,India,1,0,0.6832579185520362,0.5567567567567567,0.8,0.4,0.5714285714285714,0.42857142857142855,0.5,0.25
2024-11-13,Netherlands,Oman,Al Amerat Cricket Ground Oman Cricket (Ministry Turf 1),Oman,field,T20,2024/25,Oman,0,0,0.53125,0.5068493150684932,0.6,0.2,0.6666666666666666,0.3333333333333333,0.42857142857142855,0.5
2024-11-14,Netherlands,Oman,Al Amerat Cricket Ground Oman Cricket (Ministry Turf 1),Oman,field,T20,2024/25,Netherlands,1,0,0.5257731958762887,0.5135135135135135,0.6,0.4,0.5,0.5,0.375,0.5142857142857142
2024-11-14,West Indies,England,"Daren Sammy National Cricket Stadium, Gros Islet, St Lucia",England,field,T20,2024/25,England,0,0,0.4603174603174603,0.5434782608695652,0.2,0.6,0.53125,0.46875,0.6666666666666666,0.5
2024-11-14,Australia,Pakistan,"Brisbane Cricket Ground, Woolloongabba, Brisbane",Pakistan,field,T20,2024/25,Australia,1,0,0.5654450261780105,0.6071428571428571,0.8,0.4,0.4782608695652174,0.5217391304347826,1.0,0.5
2024-11-15,India,South Africa,"The Wanderers Stadium, Johannesburg",India,bat,T20,2024/25,India,1,1,0.6846846846846847,0.553763440860215,0.8,0.4,0.5862068965517241,0.41379310344827586,1.0,0.25
2024-11-15,Myanmar,Indonesia,Udayana Cricket Ground,Indonesia,field,T20,2024/25,Indonesia,0,0,0.07692307692307693,0.45,0.0,0.4,0.0,1.0,0.0,0.5555555555555556
2024-11-16,Netherlands,Oman,Al Amerat Cricket Ground Oman Cricket (Ministry Turf 1),Oman,field,T20,2024/25,Netherlands,1,0,0.5306122448979592,0.5066666666666667,0.6,0.4,0.6,0.4,0.4444444444444444,0.5
2024-11-16,Myanmar,Indonesia,Udayana Cricket Ground,Myanmar,bat,T20,2024/25,Indonesia,0,1,0.07142857142857142,0.4634146341463415,0.0,0.6,0.0,1.0,0.0,0.5789473684210527
2024-11-16,Australia,Pakistan,Sydney Cricket Ground,Australia,bat,T20,2024/25,Australia,1,1,0.5677083333333334,0.6044444444444445,0.8,0.4,0.5,0.5,0.6,1.0
2024-11-16,England,West Indies,"Daren Sammy National Cricket Stadium, Gros Islet, St Lucia",West Indies,field,T20,2024/25,West Indies,0,0,0.5459459459459459,0.45789473684210524,0.8,0.0,0.48484848484848486,0.5151515151515151,0.6666666666666666,0.5714285714285714
2024-11-17,Indonesia,Myanmar,Udayana Cricket Ground,Indonesia,bat,T20,2024/25,Indonesia,1,1,0.47619047619047616,0.06666666666666667,0.8,0.0,1.0,0.0,0.6,0.0
2024-11-18,Pakistan,Australia,"Bellerive Oval, Hobart",Pakistan,bat,T20,2024/25,Australia,0,1,0.6017699115044248,0.5699481865284974,0.4,0.8,0.48,0.52,0.5,1.0
2024-11-19,Myanmar,Indonesia,Udayana Cricket Ground,Myanmar,bat,T20,2024/25,Indonesia,0,1,0.0625,0.4883720930232558,0.0,1.0,0.0,1.0,0.0,0.6190476190476191
2024-11-19,Bahrain,Saudi Arabia,"West End Park International Cricket Stadium, Doha",Saudi Arabia,field,T20,2024/25,Bahrain,1,0,0.5,0.5185185185185185,0.4,0.4,0.6,0.4,0.625,0.42857142857142855
2024-11-19,United Arab Emirates,Bhutan,University of Doha for Science and Technology,Bhutan,field,T20,2024/25,United Arab Emirates,1,0,0.5294117647058824,0.4166666666666667,0.8,0.6,0.5,0.5,0.5,0.5
2024-11-19,Thailand,Qatar,"West End Park International Cricket Stadium, Doha",Qatar,field,T20,2024/25,Qatar,0,0,0.47058823529411764,0.5384615384615384,1.0,0.6,0.5,0.5,0.5,0.6666666666666666
2024-11-20,Thailand,Cambodia,"West End Park International Cricket Stadium, Doha",Cambodia,field,T20,2024/25,Thailand,1,0,0.45714285714285713,0.4,0.8,0.0,0.5,0.5,0.0,0.5
2024-11-20,Bhutan,Qatar,University of Doha for Science and Technology,Qatar,field,T20,2024/25,Qatar,0,0,0.4,0.5555555555555556,0.6,0.6,0.5,0.5,0.0,0.5
2024-11-20,United Arab Emirates,Saudi Arabia,"West End Park International Cricket Stadium, Doha",United Arab Emirates,bat,T20,2024/25,United Arab Emirates,1,1,0.5348837209302325,0.5,0.8,0.2,1.0,0.0,0.3333333333333333,0.375
2024-11-22,Bahrain,Thailand,University of Doha for Science and Technology,Bahrain,bat,T20,2024/25,Thailand,0,1,0.5102040816326531,0.4722222222222222,0.6,0.8,0.5,0.5,0.5,0.5
2024-11-22,Saudi Arabia,Bhutan,University of Doha for Science and Technology,Bhutan,field,T20,2024/25,Saudi Arabia,1,0,0.4827586206896552,0.38461538461538464,0.2,0.4,1.0,0.0,0.5,0.0
2024-11-22,Cambodia,United Arab Emirates,"West End Park International Cricket Stadium, Doha",United Arab Emirates,field,T20,2024/25,United Arab Emirates,0,0,0.375,0.5402298850574713,0.0,0.8,0.0,1.0,0.0,0.5
2024-11-23,Bahrain,Bhutan,"West End Park International Cricket Stadium, Doha",Bhutan,field,T20,2024/25,Bahrain,1,0,0.5,0.37037037037037035,0.6,0.2,0.5,0.5,0.6666666666666666,0.5
2024-11-23,Qatar,Cambodia,University of Doha for Science and Technology,Qatar,bat,T20,2024/25,Qatar,1,1,0.5714285714285714,0.35294117647058826,0.8,0.0,0.5,0.5,0.6666666666666666,0.5
2024-11-23,Botswana,Eswatini,"Tafawa Balewa Square Cricket Oval, Lagos",Botswana,bat,T20,2024/25,Botswana,1,1,0.3076923076923077,0.2,0.2,0.2,0.5,0.5,0.5,0.5
2024-11-23,Sierra Leone,Ivory Coast,"Tafawa Balewa Square Cricket Oval, Lagos",Sierra Leone,bat,T20,2024/25,Sierra Leone,1,1,0.375,0.5,0.4,0.5,0.5,0.5,0.2222222222222222,0.5
2024-11-23,Nigeria,St Helena,University of Lagos Cricket Oval,Nigeria,bat,T20,2024/25,Nigeria,1,1,0.49056603773584906,0.3333333333333333,0.4,0.3333333333333333,0.5,0.5,0.8,0.5
2024-11-23,United Arab Emirates,Thailand,University of Doha for Science and Technology,United Arab Emirates,bat,T20,2024/25,United Arab Emirates,1,1,0.5454545454545454,0.4864864864864865,1.0,0.8,0.5,0.5,1.0,1.0
2024-11-24,Eswatini,St Helena,University of Lagos Cricket Oval,Eswatini,bat,T20,2024/25,Eswatini,1,1,0.16666666666666666,0.25,0.0,0.25,0.5,0.5,0.5,0.0
2024-11-24,Nigeria,Ivory Coast,"Tafawa Balewa Square Cricket Oval, Lagos",Nigeria,bat,T20,2024/25,Nigeria,1,1,0.5,0.0,0.6,0.0,0.5,0.5,1.0,0.0
2024-11-24,Sierra Leone,Botswana,University of Lagos Cricket Oval,Sierra Leone,bat,T20,2024/25,Botswana,0,1,0.4,0.3333333333333333,0.4,0.4,0.0,1.0,0.2,0.5
2024-11-25,Qatar,Bahrain,"West End Park International Cricket Stadium, Doha",Bahrain,field,T20,2024/25,Qatar,1,0,0.5862068965517241,0.5098039215686274,1.0,0.6,0.3333333333333333,0.6666666666666666,0.7,0.7
2024-11-25,Thailand,Bhutan,"West End Park International Cricket Stadium, Doha",Thailand,bat,T20,2024/25,Thailand,1,1,0.47368421052631576,0.35714285714285715,0.6,0.2,0.6,0.4,0.5,0.0
2024-11-25,Cambodia,Saudi Arabia,University of Doha for Science and Technology,Saudi Arabia,field,T20,2024/25,Saudi Arabia,0,0,0.3333333333333333,0.5,0.0,0.2,0.0,1.0,0.0,1.0
2024-11-26,Thailand,Saudi Arabia,"West End Park International Cricket Stadium, Doha",Saudi Arabia,field,T20,2024/25,Saudi Arabia,0,0,0.48717948717948717,0.5161290322580645,0.6,0.4,0.0,1.0,0.6666666666666666,0.3333333333333333
2024-11-26,Bahrain,Cambodia,University of Doha for Science and Technology,Cambodia,field,T20,2024/25,Bahrain,1,0,0.5,0.3157894736842105,0.4,0.0,1.0,0.0,0.0,0.0
2024-11-26,Eswatini,Nigeria,"Nigeria Cricket Federation Oval 1, Abuja",Eswatini,bat,T20,2024/25,Nigeria,0,1,0.2857142857142857,0.509090909090909,0.2,0.8,0.0,1.0,0.5,0.5
2024-11-26,Ivory Coast,Botswana,"Nigeria Cricket Federation Oval 2, Abuja",Botswana,field,T20,2024/25,Botswana,0,0,0.0,0.35714285714285715,0.0,0.4,0.5,0.5,0.5,0.5
2024-11-26,St Helena,Sierra Leone,"Nigeria Cricket Federation Oval 1, Abuja",Sierra Leone,field,T20,2024/25,Sierra Leone,0,0,0.2,0.38461538461538464,0.2,0.4,0.5,0.5,0.5,0.5
2024-11-26,United Arab Emirates,Qatar,"West End Park International Cricket Stadium, Doha",United Arab Emirates,bat,T20,2024/25,United Arab Emirates,1,1,0.550561797752809,0.6,1.0,1.0,1.0,0.0,0.6,0.7272727272727273
2024-11-27,Ivory Coast,Eswatini,"Nigeria Cricket Federation Oval 2, Abuja",Ivory Coast,bat,T20,2024/25,Eswatini,0,1,0.0,0.25,0.0,0.2,0.5,0.5,0.0,0.5
2024-11-27,Nigeria,Sierra Leone,"Nigeria Cricket Federation Oval 2, Abuja",Sierra Leone,field,T20,2024/25,Nigeria,1,0,0.5178571428571429,0.4074074074074074,0.8,0.6,0.8888888888888888,0.1111111111111111,0.5,0.5
2024-11-27,St Helena,Botswana,"Nigeria Cricket Federation Oval 1, Abuja",St Helena,bat,T20,2024/25,Botswana,0,1,0.16666666666666666,0.3793103448275862,0.2,0.6,0.5,0.5,0.0,0.5
2024-11-28,Bhutan,Cambodia,"West End Park International Cricket Stadium, Doha",Cambodia,field,T20,2024/25,Cambodia,0,0,0.3448275862068966,0.3,0.0,0.0,0.5,0.5,0.0,0.0
2024-11-28,Saudi Arabia,Qatar,University of Doha for Science and Technology,Qatar,field,T20,2024/25,Qatar,0,0,0.53125,0.5806451612903226,0.6,0.8,0.0,1.0,1.0,0.75
2024-11-28,Ivory Coast,St Helena,"Nigeria Cricket Federation Oval 1, Abuja",Ivory Coast,bat,T20,2024/25,St Helena,0,1,0.0,0.14285714285714285,0.0,0.0,0.5,0.5,0.5,0.0
2024-11-28,Sierra Leone,Eswatini,"Nigeria Cricket Federation Oval 2, Abuja",Sierra Leone,bat,T20,2024/25,Sierra Leone,1,1,0.39285714285714285,0.3333333333333333,0.6,0.4,1.0,0.0,0.0,1.0
2024-11-28,Nigeria,Botswana,"Nigeria Cricket Federation Oval 2, Abuja",Nigeria,bat,T20,2024/25,Nigeria,1,1,0.5263157894736842,0.4,0.8,0.8,1.0,0.0,1.0,1.0
2024-11-28,Bahrain,United Arab Emirates,University of Doha for Science and Technology,Bahrain,bat,T20,2024/25,United Arab Emirates,0,1,0.5094339622641509,0.5555555555555556,0.6,1.0,0.5,0.5,0.5,1.0
2024-12-01,Pakistan,Zimbabwe,"Queens Sports Club, Bulawayo",Pakistan,bat,T20,2024/25,Pakistan,1,1,0.5991189427312775,0.4057971014492754,0.4,1.0,0.8823529411764706,0.11764705882352941,0.5,0.7
2024-12-02,Bermuda,Argentina,"Hurlingham Club Ground, Buenos Aires",Argentina,field,T20,2024/25,Bermuda,1,0,0.64,0.38461538461538464,0.8,0.8,1.0,0.0,1.0,0.0
2024-12-03,Zimbabwe,Pakistan,"Queens Sports Club, Bulawayo",Zimbabwe,bat,T20,2024/25,Pakistan,0,1,0.4028776978417266,0.6008771929824561,0.8,0.4,0.1111111111111111,0.8888888888888888,0.6363636363636364,1.0
2024-12-04,Uganda,Botswana,"Gahanga International Cricket Stadium, Rwanda",Botswana,field,T20,2024/25,Uganda,1,0,0.7654320987654321,0.3870967741935484,0.4,0.8,1.0,0.0,0.9,0.5
2024-12-04,Rwanda,Nigeria,"Gahanga International Cricket Stadium, Rwanda",Rwanda,bat,T20,2024/25,Nigeria,0,1,0.2878787878787879,0.5344827586206896,0.4,1.0,0.0,1.0,0.05,0.5
2024-12-05,Pakistan,Zimbabwe,"Queens Sports Club, Bulawayo",Pakistan,bat,T20,2024/25,Zimbabwe,0,1,0.6026200873362445,0.4,0.4,0.6,0.8947368421052632,0.10526315789473684,1.0,0.5833333333333334
2024-12-05,Uganda,Rwanda,"Gahanga International Cricket Stadium, Rwanda",Rwanda,field,T20,2024/25,Uganda,1,0,0.7682926829268293,0.2835820895522388,0.4,0.2,1.0,0.0,0.9047619047619048,0.047619047619047616
2024-12-05,Nigeria,Botswana,"Gahanga International Cricket Stadium, Rwanda",Botswana,field,T20,2024/25,Nigeria,1,0,0.5423728813559322,0.375,1.0,0.6,1.0,0.0,1.0,0.0
2024-12-06,Nigeria,Uganda,"Gahanga International Cricket Stadium, Rwanda",Nigeria,bat,T20,2024/25,Uganda,0,1,0.55,0.7710843373493976,1.0,0.6,0.0,1.0,1.0,0.9090909090909091
2024-12-06,Panama,Suriname,"St Albans Club, Buenos Aires",Panama,bat,T20,2024/25,Panama,1,1,0.18181818181818182,0.5,0.0,0.5,0.5,0.5,0.5,0.5
2024-12-06,Botswana,Rwanda,"Gahanga International Cricket Stadium, Rwanda",Rwanda,field,T20,2024/25,Rwanda,0,0,0.36363636363636365,0.27941176470588236,0.4,0.2,0.0,1.0,0.0,0.045454545454545456
2024-12-06,Bahamas,Brazil,"St George's College Ground, Buenos Aires",Bahamas,bat,T20,2024/25,Bahamas,1,1,0.25,1.0,0.2,1.0,0.5,0.5,0.5,0.5
2024-12-07,Bermuda,Suriname,"Hurlingham Club Ground, Buenos Aires",Bermuda,bat,T20,2024/25,Bermuda,1,1,0.6538461538461539,0.0,0.8,0.0,0.5,0.5,1.0,0.5
2024-12-07,Cayman Islands,Panama,"St George's College Ground, Buenos Aires",Cayman Islands,bat,T20,2024/25,Cayman Islands,1,1,0.2857142857142857,0.25,0.4,0.2,1.0,0.0,0.5,0.5
2024-12-07,Nigeria,Botswana,"Gahanga International Cricket Stadium, Rwanda",Nigeria,bat,T20,2024/25,Botswana,0,1,0.5409836065573771,0.35294117647058826,0.8,0.2,1.0,0.0,0.6666666666666666,0.0
2024-12-07,Argentina,Belize,"St George's College Ground, Buenos Aires",Belize,field,T20,2024/25,Argentina,1,0,0.35714285714285715,0.2,0.6,0.2,1.0,0.0,0.5,0.5
2024-12-07,Uganda,Rwanda,"Gahanga International Cricket Stadium, Rwanda",Rwanda,field,T20,2024/25,Uganda,1,0,0.7738095238095238,0.2898550724637681,0.8,0.4,1.0,0.0,0.9130434782608695,0.08695652173913043
2024-12-07,Mexico,Brazil,"Hurlingham Club Ground, Buenos Aires",Mexico,bat,T20,2024/25,Mexico,1,1,0.5,0.5,0.4,0.5,0.0,1.0,0.5,0.5
2024-12-08,Cayman Islands,Belize,"Hurlingham Club Ground, Buenos Aires",Cayman Islands,bat,T20,2024/25,Cayman Islands,1,1,0.3333333333333333,0.16666666666666666,0.4,0.2,0.5,0.5,1.0,0.5
2024-12-08,Suriname,Brazil,"St Albans Club, Buenos Aires",Suriname,bat,T20,2024/25,Brazil,0,1,0.0,0.3333333333333333,0.0,0.3333333333333333,0.5,0.5,0.0,0.5
2024-12-08,Bahamas,Argentina,"Hurlingham Club Ground, Buenos Aires",Bahamas,bat,T20,2024/25,Bahamas,1,1,0.3333333333333333,0.4,0.4,0.8,0.5,0.5,0.5,0.0
2024-12-08,Panama,Bermuda,"St Albans Club, Buenos Aires",Panama,bat,T20,2024/25,Bermuda,0,1,0.23076923076923078,0.6666666666666666,0.2,0.8,0.0,1.0,1.0,1.0
2024-12-08,Rwanda,Botswana,"Gahanga International Cricket Stadium, Rwanda",Rwanda,bat,T20,2024/25,Botswana,0,1,0.2857142857142857,0.37142857142857144,0.4,0.2,1.0,0.0,0.08333333333333333,0.25
2024-12-08,Nigeria,Uganda,"Gahanga International Cricket Stadium, Rwanda",Uganda,field,T20,2024/25,Uganda,0,0,0.532258064516129,0.7764705882352941,0.6,1.0,0.0,1.0,0.5,0.9166666666666666
2024-12-09,Uganda,Botswana,"Gahanga International Cricket Stadium, Rwanda",Botswana,field,T20,2024/25,Uganda,1,0,0.7790697674418605,0.3888888888888889,1.0,0.4,1.0,0.0,0.92,0.4
2024-12-09,Nigeria,Rwanda,"Gahanga International Cricket Stadium, Rwanda",Nigeria,bat,T20,2024/25,Rwanda,0,1,0.5238095238095238,0.28169014084507044,0.4,0.2,1.0,0.0,0.4,0.08
2024-12-10,Panama,Argentina,"St Albans Club, Buenos Aires",Panama,bat,T20,2024/25,Argentina,0,1,0.21428571428571427,0.375,0.2,0.6,1.0,0.0,0.5,0.5
2024-12-10,South Africa,Pakistan,"Kingsmead, Durban",South Africa,bat,T20,2024/25,South Africa,1,1,0.5508021390374331,0.6,0.2,0.4,0.42857142857142855,0.5714285714285714,0.0,0.5
2024-12-10,Cayman Islands,Suriname,"Hurlingham Club Ground, Buenos Aires",Suriname,field,T20,2024/25,Suriname,0,0,0.375,0.0,0.4,0.0,0.5,0.5,1.0,0.0
2024-12-10,Bahamas,Belize,"St Albans Club, Buenos Aires",Belize,field,T20,2024/25,Bahamas,1,0,0.4,0.14285714285714285,0.4,0.0,0.5,0.5,0.0,0.5
2024-12-10,Mexico,Bermuda,"Hurlingham Club Ground, Buenos Aires",Mexico,bat,T20,2024/25,Bermuda,0,1,0.5555555555555556,0.6785714285714286,0.4,0.8,0.5,0.5,1.0,1.0
2024-12-11,Mexico,Cayman Islands,"St George's College Ground, Buenos Aires",Mexico,bat,T20,2024/25,Cayman Islands,0,1,0.5,0.35294117647058826,0.4,0.4,0.5,0.5,0.5,1.0
2024-12-11,Bahamas,Panama,"Hurlingham Club Ground, Buenos Aires",Bahamas,bat,T20,2024/25,Bahamas,1,1,0.45454545454545453,0.2,0.6,0.2,0.5,0.5,0.6666666666666666,0.3333333333333333
2024-12-11,Bermuda,Brazil,"St George's College Ground, Buenos Aires",Brazil,field,T20,2024/25,Bermuda,1,0,0.6896551724137931,0.5,0.8,0.5,0.5,0.5,0.5,0.0
2024-12-11,Uganda,Nigeria,"Gahanga International Cricket Stadium, Rwanda",Nigeria,field,T20,2024/25,Uganda,1,0,0.7816091954022989,0.515625,1.0,0.2,1.0,0.0,0.9230769230769231,0.3333333333333333
2024-12-11,Suriname,Argentina,"Hurlingham Club Ground, Buenos Aires",Suriname,bat,T20,2024/25,Argentina,0,1,0.25,0.4117647058823529,0.25,0.6,0.5,0.5,0.5,0.0
2024-12-11,Rwanda,Botswana,"Gahanga International Cricket Stadium, Rwanda",Botswana,field,T20,2024/25,Rwanda,1,0,0.2916666666666667,0.3783783783783784,0.4,0.4,0.8,0.2,0.11538461538461539,0.3333333333333333
2024-12-12,Bermuda,Belize,"St George's College Ground, Buenos Aires",Belize,field,T20,2024/25,Bermuda,1,0,0.7,0.125,1.0,0.0,1.0,0.0,1.0,0.0
2024-12-12,Uganda,Rwanda,"Gahanga International Cricket Stadium, Rwanda",Rwanda,field,T20,2024/25,Uganda,1,0,0.7840909090909091,0.3013698630136986,1.0,0.6,1.0,0.0,0.9259259259259259,0.14814814814814814
2024-12-12,Bahamas,Cayman Islands,"Belgrano Athletic Club Ground, Buenos Aires",Bahamas,bat,T20,2024/25,Cayman Islands,0,1,0.5,0.3888888888888889,0.8,0.6,0.0,1.0,0.5,1.0
2024-12-12,Botswana,Nigeria,"Gahanga International Cricket Stadium, Rwanda",Botswana,bat,T20,2024/25,Nigeria,0,1,0.3684210526315789,0.5076923076923077,0.4,0.0,0.25,0.75,0.2857142857142857,0.2857142857142857
2024-12-12,Panama,Brazil,"Belgrano Athletic Club Ground, Buenos Aires",Panama,bat,T20,2024/25,Brazil,0,1,0.1875,0.4,0.2,0.4,0.5,0.5,0.0,0.5
2024-12-12,Suriname,Mexico,"St George's College Ground, Buenos Aires",Mexico,field,T20,2024/25,Mexico,0,0,0.2,0.45454545454545453,0.2,0.2,0.5,0.5,0.5,0.0
2024-12-13,Pakistan,South Africa,"SuperSport Park, Centurion",Pakistan,bat,T20,2024/25,South Africa,0,1,0.5974025974025974,0.5531914893617021,0.4,0.4,0.5454545454545454,0.45454545454545453,1.0,0.2
2024-12-13,Uganda,Botswana,"Gahanga International Cricket Stadium, Rwanda",Uganda,bat,T20,2024/25,Uganda,1,1,0.7865168539325843,0.358974358974359,1.0,0.4,1.0,0.0,0.9285714285714286,0.25
2024-12-13,Saudi Arabia,Kuwait,"ICC Academy, Dubai",Kuwait,field,T20,2024/25,Kuwait,0,0,0.5151515151515151,0.6274509803921569,0.6,0.8,0.3333333333333333,0.6666666666666666,0.5,0.5
2024-12-13,Bahrain,United Arab Emirates,"ICC Academy, Dubai",Bahrain,bat,T20,2024/25,United Arab Emirates,0,1,0.5,0.5604395604395604,0.4,1.0,0.4,0.6,0.5,0.6666666666666666
2024-12-13,Nigeria,Rwanda,"Gahanga International Cricket Stadium, Rwanda",Nigeria,bat,T20,2024/25,Nigeria,1,1,0.5151515151515151,0.2972972972972973,0.2,0.4,0.8333333333333334,0.16666666666666666,0.375,0.14285714285714285
2024-12-14,Bahrain,Kuwait,"ICC Academy, Dubai",Kuwait,field,T20,2024/25,Bahrain,1,0,0.4909090909090909,0.6346153846153846,0.4,0.8,0.18181818181818182,0.8181818181818182,0.0,1.0
2024-12-14,Oman,Qatar,"ICC Academy, Dubai",Qatar,field,T20,2024/25,Oman,1,0,0.5,0.59375,0.2,0.8,0.5,0.5,0.5,0.5
2024-12-14,Nigeria,Uganda,"Gahanga International Cricket Stadium, Rwanda",Nigeria,bat,T20,2024/25,Uganda,0,1,0.5223880597014925,0.7888888888888889,0.4,1.0,0.0,1.0,0.4444444444444444,0.9310344827586207
2024-12-14,Bahamas,Suriname,"Belgrano Athletic Club Ground, Buenos Aires",Bahamas,bat,T20,2024/25,Bahamas,1,1,0.46153846153846156,0.16666666666666666,0.8,0.2,0.5,0.5,0.0,0.5
2024-12-14,Argentina,Mexico,"Belgrano Athletic Club Ground, Buenos Aires",Mexico,field,T20,2024/25,Argentina,1,0,0.4444444444444444,0.5,0.6,0.4,1.0,0.0,0.0,0.5
2024-12-14,Panama,Belize,"St Albans Club, Buenos Aires",Panama,bat,T20,2024/25,Belize,0,1,0.17647058823529413,0.1111111111111111,0.0,0.0,0.0,1.0,0.3333333333333333,0.0
2024-12-14,Cayman Islands,Brazil,"St Albans Club, Buenos Aires",Cayman Islands,bat,T20,2024/25,Cayman Islands,1,1,0.42105263157894735,0.5,0.8,0.4,0.5,0.5,0.5,1.0
2024-12-15,Brazil,Belize,"Belgrano Athletic Club Ground, Buenos Aires",Brazil,bat,T20,2024/25,Belize,0,1,0.42857142857142855,0.2,0.4,0.2,0.5,0.5,1.0,0.5
2024-12-15,Panama,Mexico,"Hurlingham Club Ground, Buenos Aires",Mexico,field,T20,2024/25,Panama,1,0,0.16666666666666666,0.46153846153846156,0.0,0.4,0.5,0.5,0.25,0.5
2024-12-15,Qatar,Saudi Arabia,"ICC Academy, Dubai",Saudi Arabia,field,T20,2024/25,Saudi Arabia,0,0,0.5757575757575758,0.5,0.6,0.6,1.0,0.0,0.0,0.0
2024-12-15,United Arab Emirates,Oman,"ICC Academy, Dubai",Oman,field,T20,2024/25,United Arab Emirates,1,0,0.5652173913043478,0.5064935064935064,1.0,0.4,0.42857142857142855,0.5714285714285714,0.75,1.0
2024-12-15,Bermuda,Bahamas,"Belgrano Athletic Club Ground, Buenos Aires",Bermuda,bat,T20,2024/25,Bermuda,1,1,0.7096774193548387,0.5,1.0,0.8,1.0,0.0,1.0,0.5
2024-12-15,Bangladesh,West Indies,"Arnos Vale Ground, Kingstown, St Vincent",West Indies,field,T20,2024/25,Bangladesh,1,0,0.37735849056603776,0.4607329842931937,0.0,0.2,0.35714285714285715,0.6428571428571429,1.0,0.5
2024-12-15,Cayman Islands,Argentina,"Hurlingham Club Ground, Buenos Aires",Argentina,field,T20,2024/25,Cayman Islands,1,0,0.45,0.47368421052631576,0.8,0.8,1.0,0.0,0.6666666666666666,0.25
2024-12-16,Argentina,Brazil,"St George's College Ground, Buenos Aires",Brazil,field,T20,2024/25,Argentina,1,0,0.45,0.375,0.6,0.4,0.5,0.5,1.0,0.0
2024-12-16,Belize,Suriname,"St Albans Club, Buenos Aires",Belize,bat,T20,2024/25,Suriname,0,1,0.2727272727272727,0.14285714285714285,0.4,0.2,0.5,0.5,0.5,0.0
2024-12-16,United Arab Emirates,Kuwait,"ICC Academy, Dubai",United Arab Emirates,bat,T20,2024/25,United Arab Emirates,1,1,0.5698924731182796,0.6226415094339622,1.0,0.6,0.75,0.25,0.8,0.5
2024-12-16,Bahamas,Mexico,"St George's College Ground, Buenos Aires",Bahamas,bat,T20,2024/25,Bahamas,1,1,0.4666666666666667,0.42857142857142855,0.6,0.2,0.5,0.5,1.0,0.5
2024-12-16,Saudi Arabia,Bahrain,"ICC Academy, Dubai",Bahrain,field,T20,2024/25,Bahrain,0,0,0.5142857142857142,0.5,0.6,0.4,0.3333333333333333,0.6666666666666666,0.5,0.5
2024-12-16,Bermuda,Cayman Islands,"St Albans Club, Buenos Aires",Bermuda,bat,T20,2024/25,Bermuda,1,1,0.71875,0.47619047619047616,1.0,0.8,1.0,0.0,1.0,0.6666666666666666
2024-12-17,Qatar,Kuwait,"ICC Academy, Dubai",Kuwait,field,T20,2024/25,Kuwait,0,0,0.5588235294117647,0.6111111111111112,0.4,0.4,0.4,0.6,0.0,0.3333333333333333
2024-12-17,Oman,Bahrain,"ICC Academy, Dubai",Bahrain,field,T20,2024/25,Oman,1,0,0.5,0.5087719298245614,0.4,0.6,0.6,0.4,0.5,0.6666666666666666
2024-12-17,Bangladesh,West Indies,"Arnos Vale Ground, Kingstown, St Vincent",West Indies,field,T20,2024/25,Bangladesh,1,0,0.38125,0.4583333333333333,0.2,0.2,0.4,0.6,1.0,0.0
2024-12-18,Oman,Saudi Arabia,"ICC Academy, Dubai",Saudi Arabia,field,T20,2024/25,Saudi Arabia,0,0,0.5063291139240507,0.5,0.4,0.4,1.0,0.0,0.6666666666666666,0.3333333333333333
2024-12-18,United Arab Emirates,Qatar,"ICC Academy, Dubai",United Arab Emirates,bat,T20,2024/25,United Arab Emirates,1,1,0.574468085106383,0.5428571428571428,1.0,0.2,1.0,0.0,0.8333333333333334,0.0
2024-12-19,Bangladesh,West Indies,"Arnos Vale Ground, Kingstown, St Vincent",Bangladesh,bat,T20,2024/25,Bangladesh,1,1,0.38509316770186336,0.45595854922279794,0.4,0.2,0.4375,0.5625,1.0,0.0
2024-12-19,Saudi Arabia,United Arab Emirates,"ICC Academy, Dubai",United Arab Emirates,field,T20,2024/25,Saudi Arabia,1,0,0.5135135135135135,0.5789473684210527,0.4,1.0,0.0,1.0,0.5,0.8571428571428571
2024-12-20,Bahrain,Qatar,"ICC Academy, Dubai",Qatar,field,T20,2024/25,Qatar,0,0,0.5,0.5277777777777778,0.4,0.2,0.5,0.5,0.5,0.0
2024-12-20,Oman,Kuwait,"ICC Academy, Dubai",Oman,bat,T20,2024/25,Kuwait,0,1,0.5,0.6181818181818182,0.4,0.4,1.0,0.0,0.5,0.5
2024-12-21,United Arab Emirates,Kuwait,Dubai International Cricket Stadium,United Arab Emirates,bat,T20,2024/25,United Arab Emirates,1,1,0.5729166666666666,0.625,0.8,0.6,0.8,0.2,0.18181818181818182,0.5
2024-12-28,New Zealand,Sri Lanka,"Bay Oval, Mount Maunganui",Sri Lanka,field,T20,2024/25,New Zealand,1,0,0.5467980295566502,0.44808743169398907,0.6,0.6,0.6363636363636364,0.36363636363636365,0.5,0.5
2024-12-30,New Zealand,Sri Lanka,"Bay Oval, Mount Maunganui",Sri Lanka,field,T20,2024/25,New Zealand,1,0,0.5490196078431373,0.44565217391304346,0.8,0.6,0.6521739130434783,0.34782608695652173,0.6666666666666666,0.0
2025-01-02,Sri Lanka,New Zealand,"Saxton Oval, Nelson",New Zealand,field,T20,2024/25,Sri Lanka,1,0,0.44324324324324327,0.551219512195122,0.4,0.8,0.3333333333333333,0.6666666666666666,0.5,0.5
2025-01-22,England,India,"Eden Gardens, Kolkata",India,field,T20,2024/25,India,0,0,0.543010752688172,0.6860986547085202,0.8,0.8,0.4583333333333333,0.5416666666666666,0.5,1.0
2025-01-25,England,India,"MA Chidambaram Stadium, Chepauk, Chennai",India,field,T20,2024/25,India,0,0,0.5401069518716578,0.6875,0.6,0.8,0.44,0.56,0.5,0.5
2025-01-28,England,India,"Saurashtra Cricket Association Stadium, Rajkot",India,field,T20,2024/25,England,1,0,0.5372340425531915,0.6888888888888889,0.4,0.8,0.4230769230769231,0.5769230769230769,0.5,1.0
2025-01-31,India,England,"Maharashtra Cricket Association Stadium, Pune",England,field,T20,2024/25,India,1,0,0.6858407079646017,0.5396825396825397,0.8,0.4,0.5555555555555556,0.4444444444444444,0.0,0.5
2025-02-02,India,England,"Wankhede Stadium, Mumbai",England,field,T20,2024/25,India,1,0,0.6872246696035242,0.5368421052631579,0.8,0.2,0.5714285714285714,0.42857142857142855,1.0,0.5
2025-02-03,Hungary,Malta,Marsa Sports Club,Malta,field,T20,2024/25,Hungary,1,0,0.4,0.4423076923076923,0.4,0.2,0.5,0.5,0.5,0.5833333333333334
2025-02-03,Malta,Austria,Marsa Sports Club,Austria,field,T20,2024/25,Austria,0,0,0.4339622641509434,0.5925925925925926,0.2,0.8,0.5,0.5,0.56,0.5
2025-02-04,Malta,Hungary,Marsa Sports Club,Malta,bat,T20,2024/25,Hungary,0,1,0.42592592592592593,0.42857142857142855,0.2,0.4,0.3333333333333333,0.6666666666666666,0.5384615384615384,0.5714285714285714
2025-02-04,Hungary,Austria,Marsa Sports Club,Hungary,bat,T20,2024/25,Austria,0,1,0.45454545454545453,0.6071428571428571,0.6,1.0,0.0,1.0,0.625,1.0
2025-02-05,Malta,Austria,Marsa Sports Club,Austria,field,T20,2024/25,Austria,0,0,0.41818181818181815,0.6206896551724138,0.0,1.0,0.0,1.0,0.5185185185185185,1.0
2025-02-05,Austria,Hungary,Marsa Sports Club,Hungary,field,T20,2024/25,Hungary,0,0,0.6333333333333333,0.43478260869565216,1.0,0.4,1.0,0.0,1.0,0.5555555555555556
2025-02-19,Bahrain,Indonesia,Udayana Cricket Ground,Indonesia,field,T20,2024/25,Bahrain,1,0,0.4915254237288136,0.5,0.4,1.0,0.5,0.5,0.5,0.6363636363636364
2025-02-20,Oman,United States of America,Al Amerat Cricket Ground Oman Cricket (Ministry Turf 1),United States of America,field,T20,2024/25,United States of America,0,0,0.49382716049382713,0.5128205128205128,0.4,0.4,0.5,0.5,0.4864864864864865,0.5
2025-02-20,Indonesia,Bahrain,Udayana Cricket Ground,Bahrain,field,T20,2024/25,Bahrain,0,0,0.4888888888888889,0.5,0.8,0.6,0.0,1.0,0.6086956521739131,1.0
2025-02-21,Oman,United States of America,Al Amerat Cricket Ground Oman Cricket (Ministry Turf 1),United States of America,field,T20,2024/25,United States of America,0,0,0.4878048780487805,0.525,0.2,0.4,0.0,1.0,0.47368421052631576,1.0
2025-02-22,Bahrain,Indonesia,Udayana Cricket Ground,Indonesia,field,T20,2024/25,Indonesia,0,0,0.5081967213114754,0.4782608695652174,0.6,0.6,1.0,0.0,1.0,0.5833333333333334
2025-02-23,Ireland,Zimbabwe,Harare Sports Club,Zimbabwe,field,T20,2024/25,Zimbabwe,0,0,0.4728682170542636,0.40425531914893614,0.2,0.6,0.5333333333333333,0.4666666666666667,0.5,0.25
2025-02-23,Oman,United States of America,Al Amerat Cricket Ground Oman Cricket (Ministry Turf 1),Oman,bat,T20,2024/25,United States of America,0,1,0.4819277108433735,0.5365853658536586,0.2,0.6,0.0,1.0,0.46153846153846156,1.0
2025-02-23,Bahrain,Indonesia,Udayana Cricket Ground,Indonesia,field,T20,2024/25,Bahrain,1,0,0.5,0.48936170212765956,0.4,0.6,0.6666666666666666,0.3333333333333333,0.6666666666666666,0.6
2025-02-24,Indonesia,Bahrain,Udayana Cricket Ground,Indonesia,bat,T20,2024/25,Bahrain,0,1,0.4791666666666667,0.5079365079365079,0.4,0.6,0.25,0.75,0.5769230769230769,0.75
2025-02-28,Bahrain,Singapore,Singapore National Cricket Ground,Singapore,field,T20,2024/25,Bahrain,1,0,0.515625,0.3829787234042553,0.8,0.6,1.0,0.0,0.5,0.5
2025-03-01,Singapore,Bahrain,Singapore National Cricket Ground,Singapore,bat,T20,2024/25,Bahrain,0,1,0.375,0.5230769230769231,0.6,0.8,0.0,1.0,0.0,1.0
2025-03-02,Singapore,Bahrain,Singapore National Cricket Ground,Singapore,bat,T20,2024/25,Bahrain,0,1,0.3673469387755102,0.5303030303030303,0.6,0.8,0.0,1.0,0.0,1.0
2025-03-10,Malaysia,Bahrain,"Bayuemas Oval, Kuala Lumpur",Bahrain,field,T20,2024/25,Bahrain,0,0,0.5512820512820513,0.5373134328358209,0.8,1.0,0.4,0.6,0.6666666666666666,1.0
2025-03-11,Hong Kong,Bahrain,"Bayuemas Oval, Kuala Lumpur",Hong Kong,bat,T20,2024/25,Bahrain,0,1,0.4659090909090909,0.5441176470588235,0.8,1.0,0.5,0.5,0.3333333333333333,1.0
2025-03-12,Hong Kong,Malaysia,"Bayuemas Oval, Kuala Lumpur",Hong Kong,bat,T20,2024/25,Hong Kong,1,1,0.4606741573033708,0.5443037974683544,0.6,0.6,0.42857142857142855,0.5714285714285714,0.2857142857142857,0.631578947368421
2025-03-13,Bahrain,Malaysia,"Bayuemas Oval, Kuala Lumpur",Malaysia,field,T20,2024/25,Bahrain,1,0,0.5507246376811594,0.5375,1.0,0.4,0.6666666666666666,0.3333333333333333,1.0,0.6
2025-03-15,Malaysia,Hong Kong,"Bayuemas Oval, Kuala Lumpur",Malaysia,bat,T20,2024/25,Hong Kong,0,1,0.5308641975308642,0.4666666666666667,0.4,0.6,0.5333333333333333,0.4666666666666667,0.5714285714285714,0.375
2025-03-16,Pakistan,New Zealand,"Hagley Oval, Christchurch",New Zealand,field,T20,2024/25,New Zealand,0,0,0.5948275862068966,0.5485436893203883,0.4,0.6,0.5476190476190477,0.4523809523809524,0.7142857142857143,0.5714285714285714
2025-03-17,Hong Kong,Bahrain,"Bayuemas Oval, Kuala Lumpur",Hong Kong,bat,T20,2024/25,Bahrain,0,1,0.4725274725274725,0.5571428571428572,0.6,1.0,0.3333333333333333,0.6666666666666666,0.4444444444444444,1.0
2025-03-18,Pakistan,New Zealand,"University Oval, Dunedin",New Zealand,field,T20,2024/25,New Zealand,0,0,0.592274678111588,0.5507246376811594,0.2,0.8,0.5348837209302325,0.46511627906976744,0.0,1.0
2025-03-19,Canada,Namibia,"Namibia Cricket Ground, Windhoek",Namibia,field,T20,2024/25,Namibia,0,0,0.5471698113207547,0.5857142857142857,0.6,0.0,0.5,0.5,0.5,0.5
2025-03-21,New Zealand,Pakistan,"Eden Park, Auckland",Pakistan,field,T20,2024/25,Pakistan,0,0,0.5528846153846154,0.5897435897435898,0.8,0.0,0.4772727272727273,0.5227272727272727,0.3333333333333333,0.0
2025-03-22,Canada,Namibia,"Namibia Cricket Ground, Windhoek",Canada,bat,T20,2024/25,Namibia,0,1,0.5370370370370371,0.5915492957746479,0.6,0.2,0.0,1.0,0.0,1.0
2025-03-23,New Zealand,Pakistan,"Bay Oval, Mount Maunganui",Pakistan,field,T20,2024/25,New Zealand,1,0,0.5502392344497608,0.5914893617021276,0.6,0.2,0.4666666666666667,0.5333333333333333,0.75,0.5
2025-03-23,Canada,Namibia,"Namibia Cricket Ground, Windhoek",Namibia,field,T20,2024/25,Namibia,0,0,0.5272727272727272,0.5972222222222222,0.4,0.4,0.0,1.0,0.0,1.0
2025-03-26,Pakistan,New Zealand,"Sky Stadium, Wellington",New Zealand,field,T20,2024/25,New Zealand,0,0,0.5889830508474576,0.5523809523809524,0.2,0.6,0.5217391304347826,0.4782608695652174,0.5,0.0
2025-04-07,Norway,Portugal,Santarem Cricket Ground,Portugal,field,T20,2025,Norway,1,0,0.48148148148148145,0.6818181818181818,0.8,0.4,0.5,0.5,0.5,1.0
2025-04-08,Norway,Portugal,Santarem Cricket Ground,Norway,bat,T20,2025,Portugal,0,1,0.5,0.6521739130434783,0.8,0.2,1.0,0.0,1.0,0.75
2025-04-09,Portugal,Norway,Santarem Cricket Ground,Portugal,bat,T20,2025,Portugal,1,1,0.6666666666666666,0.4827586206896552,0.4,0.6,0.5,0.5,0.8,0.5
2025-04-09,Qatar,Nepal,"Mission Road Ground, Mong Kok, Hong Kong",Nepal,field,T20,2025,Nepal,0,0,0.5405405405405406,0.5882352941176471,0.2,0.8,0.5,0.5,0.5,0.3333333333333333
2025-04-09,Hong Kong,Kuwait,"Mission Road Ground, Mong Kok, Hong Kong",Kuwait,field,T20,2025,Kuwait,0,0,0.4673913043478261,0.6140350877192983,0.4,0.4,0.5,0.5,0.9090909090909091,0.25
2025-04-10,Kuwait,Nepal,"Mission Road Ground, Mong Kok, Hong Kong",Nepal,field,T20,2025,Nepal,0,0,0.6206896551724138,0.5930232558139535,0.6,0.8,0.0,1.0,0.4,0.5
2025-04-10,Hong Kong,Qatar,"Mission Road Ground, Mong Kok, Hong Kong",Qatar,field,T20,2025,Hong Kong,1,0,0.46236559139784944,0.5263157894736842,0.4,0.2,0.6666666666666666,0.3333333333333333,0.8333333333333334,0.0
2025-04-12,Qatar,Kuwait,"Mission Road Ground, Mong Kok, Hong Kong",Kuwait,field,T20,2025,Kuwait,0,0,0.5128205128205128,0.6101694915254238,0.2,0.6,0.3333333333333333,0.6666666666666666,0.0,0.3333333333333333
2025-04-13,Hong Kong,Qatar,"Mission Road Ground, Mong Kok, Hong Kong",Qatar,field,T20,2025,Hong Kong,1,0,0.46808510638297873,0.5,0.6,0.2,0.75,0.25,0.8461538461538461,0.0
2025-04-13,Kuwait,Nepal,"Mission Road Ground, Mong Kok, Hong Kong",Nepal,field,T20,2025,Kuwait,1,0,0.6166666666666667,0.5977011494252874,0.6,1.0,0.0,1.0,0.42857142857142855,0.6
2025-04-17,Mexico,Costa Rica,"Clayton Panama, Panama City",Costa Rica,field,T20,2025,Mexico,1,0,0.4,0.25,0.2,0.25,0.75,0.25,0.5,0.5
2025-04-17,Panama,Turks and Caicos Island,"Clayton Panama, Panama City",Panama,bat,T20,2025,Panama,1,1,0.21052631578947367,0.5,0.2,0.5,0.5,0.5,0.5,0.5
2025-04-18,Costa Rica,Panama,"Clayton Panama, Panama City",Costa Rica,bat,T20,2025,Panama,0,1,0.2,0.25,0.2,0.4,0.5,0.5,0.0,1.0
2025-04-18,Turks and Caicos Island,Mexico,"Clayton Panama, Panama City",Turks and Caicos Island,bat,T20,2025,Mexico,0,1,0.0,0.4375,0.0,0.4,0.5,0.5,0.0,1.0
2025-04-19,Bermuda,Canada,"Jimmy Powell Oval, Cayman Islands",Bermuda,bat,T20,2025,Canada,0,1,0.7272727272727273,0.5178571428571429,1.0,0.4,0.5,0.5,0.5,0.5
2025-04-19,United States of America,Cayman Islands,"Jimmy Powell Oval, Cayman Islands",United States of America,bat,T20,2025,United States of America,1,1,0.5476190476190477,0.45454545454545453,0.6,0.8,1.0,0.0,0.5,0.5
2025-04-19,Panama,Mexico,"Clayton Panama, Panama City",Panama,bat,T20,2025,Panama,1,1,0.2857142857142857,0.47058823529411764,0.6,0.4,1.0,0.0,1.0,1.0
2025-04-19,Costa Rica,Turks and Caicos Island,"Clayton Panama, Panama City",Costa Rica,bat,T20,2025,Turks and Caicos Island,0,1,0.16666666666666666,0.0,0.2,0.0,0.5,0.5,0.0,0.0
2025-04-20,United States of America,Bahamas,"Jimmy Powell Oval, Cayman Islands",United States of America,bat,T20,2025,United States of America,1,1,0.5581395348837209,0.5,0.8,0.6,1.0,0.0,1.0,0.5
2025-04-20,Bermuda,Cayman Islands,"Jimmy Powell Oval, Cayman Islands",Bermuda,bat,T20,2025,Bermuda,1,1,0.7058823529411765,0.43478260869565216,0.8,0.6,1.0,0.0,0.0,0.0
2025-04-20,Turks and Caicos Island,Costa Rica,"Clayton Panama, Panama City",Turks and Caicos Island,bat,T20,2025,Costa Rica,0,1,0.3333333333333333,0.14285714285714285,0.3333333333333333,0.2,1.0,0.0,0.3333333333333333,0.0
2025-04-21,Bahamas,Canada,"Jimmy Powell Oval, Cayman Islands",Bahamas,bat,T20,2025,Canada,0,1,0.47058823529411764,0.5263157894736842,0.4,0.4,0.5,0.5,0.0,1.0
2025-04-21,Bermuda,United States of America,"Jimmy Powell Oval, Cayman Islands",Bermuda,bat,T20,2025,United States of America,0,1,0.7142857142857143,0.5681818181818182,0.8,1.0,0.6666666666666666,0.3333333333333333,0.5,1.0
2025-04-23,Canada,Cayman Islands,"Jimmy Powell Oval, Cayman Islands",Cayman Islands,field,T20,2025,Canada,1,0,0.5344827586206896,0.4166666666666667,0.4,0.4,1.0,0.0,1.0,0.0
2025-04-23,Bahamas,Bermuda,"Jimmy Powell Oval, Cayman Islands",Bahamas,bat,T20,2025,Bermuda,0,1,0.4444444444444444,0.6944444444444444,0.4,0.6,0.0,1.0,0.0,0.3333333333333333
2025-04-24,Malaysia,Singapore,"Bayuemas Oval, Kuala Lumpur",Malaysia,bat,T20,2025,Malaysia,1,1,0.524390243902439,0.36,0.2,0.4,0.6666666666666666,0.3333333333333333,0.5454545454545454,0.6666666666666666
2025-04-24,Cayman Islands,Bahamas,"Jimmy Powell Oval, Cayman Islands",Cayman Islands,bat,T20,2025,Cayman Islands,1,1,0.4,0.42105263157894735,0.2,0.2,1.0,0.0,0.0,0.0
2025-04-24,Canada,United States of America,"Jimmy Powell Oval, Cayman Islands",Canada,bat,T20,2025,Canada,1,1,0.5423728813559322,0.5777777777777777,0.6,1.0,0.25,0.75,1.0,1.0
2025-04-24,Saudi Arabia,Thailand,"Bayuemas Oval, Kuala Lumpur",Saudi Arabia,bat,T20,2025,Saudi Arabia,1,1,0.5263157894736842,0.475,0.6,0.6,1.0,0.0,0.5,0.75
2025-04-25,Thailand,Malaysia,"Bayuemas Oval, Kuala Lumpur",Malaysia,field,T20,2025,Malaysia,0,0,0.4634146341463415,0.5301204819277109,0.4,0.2,0.0,1.0,0.6,0.5652173913043478
2025-04-25,Saudi Arabia,Singapore,"Bayuemas Oval, Kuala Lumpur",Saudi Arabia,bat,T20,2025,Saudi Arabia,1,1,0.5384615384615384,0.35294117647058826,0.8,0.2,0.5,0.5,1.0,0.5
2025-04-26,Saudi Arabia,Malaysia,"Bayuemas Oval, Kuala Lumpur",Saudi Arabia,bat,T20,2025,Malaysia,0,1,0.55,0.5357142857142857,0.8,0.4,0.0,1.0,1.0,0.5833333333333334
2025-04-26,Singapore,Thailand,"Bayuemas Oval, Kuala Lumpur",Singapore,bat,T20,2025,Singapore,1,1,0.34615384615384615,0.4523809523809524,0.0,0.2,0.5,0.5,0.4,0.5
2025-04-26,Cayman Islands,Canada,"Jimmy Powell Oval, Cayman Islands",Cayman Islands,bat,T20,2025,Canada,0,1,0.4230769230769231,0.55,0.2,0.8,0.0,1.0,0.25,1.0
2025-04-26,Bermuda,United States of America,"Jimmy Powell Oval, Cayman Islands",Bermuda,bat,T20,2025,United States of America,0,1,0.7027027027027027,0.5652173913043478,0.6,0.8,0.5,0.5,0.5,0.75
2025-04-27,Canada,United States of America,"Jimmy Powell Oval, Cayman Islands",Canada,bat,T20,2025,United States of America,0,1,0.5573770491803278,0.574468085106383,1.0,0.8,0.3333333333333333,0.6666666666666666,1.0,0.8
2025-04-28,Saudi Arabia,Thailand,"Bayuemas Oval, Kuala Lumpur",Thailand,field,T20,2025,Saudi Arabia,1,0,0.5365853658536586,0.4418604651162791,0.8,0.2,1.0,0.0,0.6666666666666666,0.42857142857142855
2025-04-29,Malaysia,Thailand,"Bayuemas Oval, Kuala Lumpur",Thailand,field,T20,2025,Malaysia,1,0,0.5411764705882353,0.4318181818181818,0.6,0.0,1.0,0.0,0.6,0.375
2025-04-29,Singapore,Saudi Arabia,"Bayuemas Oval, Kuala Lumpur",Singapore,bat,T20,2025,Saudi Arabia,0,1,0.3584905660377358,0.5476190476190477,0.2,0.8,0.0,1.0,0.5,0.75
2025-04-30,Malaysia,Saudi Arabia,"Bayuemas Oval, Kuala Lumpur",Saudi Arabia,field,T20,2025,Saudi Arabia,0,0,0.5465116279069767,0.5581395348837209,0.8,0.8,1.0,0.0,0.6153846153846154,0.8
2025-05-02,Singapore,Thailand,"Bayuemas Oval, Kuala Lumpur",Singapore,bat,T20,2025,Singapore,1,1,0.35185185185185186,0.4222222222222222,0.2,0.0,0.6666666666666666,0.3333333333333333,0.42857142857142855,0.3333333333333333
2025-05-02,Malaysia,Saudi Arabia,"Bayuemas Oval, Kuala Lumpur",Malaysia,bat,T20,2025,Malaysia,1,1,0.5402298850574713,0.5681818181818182,0.8,0.8,0.6666666666666666,0.3333333333333333,0.5925925925925926,0.8333333333333334
2025-05-06,Malta,Estonia,Marsa Sports Club,Estonia,field,T20,2025,Malta,1,0,0.4107142857142857,0.42857142857142855,0.0,0.8,0.0,1.0,0.5,0.5
2025-05-06,Malta,Estonia,Marsa Sports Club,Estonia,field,T20,2025,Estonia,0,0,0.42105263157894735,0.4090909090909091,0.2,0.6,0.5,0.5,0.5172413793103449,0.0
2025-05-07,Malta,Estonia,Marsa Sports Club,Estonia,field,T20,2025,Malta,1,0,0.41379310344827586,0.43478260869565216,0.2,0.6,0.3333333333333333,0.6666666666666666,0.5,0.5
2025-05-07,Thailand,Cook Islands,Sano International Cricket Ground,Thailand,bat,T20,2025,Cook Islands,0,1,0.41304347826086957,0.6363636363636364,0.0,0.6,0.5,0.5,0.5,0.5
2025-05-08,Japan,Thailand,Sano International Cricket Ground,Japan,bat,T20,2025,Japan,1,1,0.6857142857142857,0.40425531914893614,1.0,0.0,1.0,0.0,0.8181818181818182,0.0
2025-05-09,Cook Islands,Thailand,Sano International Cricket Ground,Thailand,field,T20,2025,Thailand,0,0,0.6666666666666666,0.3958333333333333,0.6,0.0,1.0,0.0,1.0,0.0
2025-05-09,Japan,Cook Islands,Sano International Cricket Ground,Cook Islands,field,T20,2025,Japan,1,0,0.6944444444444444,0.6153846153846154,1.0,0.6,0.5,0.5,0.8333333333333334,0.5
2025-05-11,Japan,Thailand,Sano International Cricket Ground,Japan,bat,T20,2025,Thailand,0,1,0.7027027027027027,0.40816326530612246,1.0,0.2,1.0,0.0,0.8461538461538461,0.3333333333333333
2025-05-13,Cook Islands,Japan,Sano International Cricket Ground,Cook Islands,bat,T20,2025,Japan,0,1,0.5714285714285714,0.6842105263157895,0.4,0.8,0.0,1.0,0.3333333333333333,0.7857142857142857
2025-05-14,Japan,Cook Islands,Sano International Cricket Ground,Cook Islands,field,T20,2025,Japan,1,0,0.6923076923076923,0.5333333333333333,0.8,0.2,1.0,0.0,0.8,0.25
2025-05-17,Bangladesh,United Arab Emirates,Sharjah Cricket Stadium,United Arab Emirates,field,T20,2025,Bangladesh,1,0,0.3888888888888889,0.5773195876288659,0.6,0.8,1.0,0.0,0.0,0.5
2025-05-17,Austria,Slovenia,"Velden Cricket Ground, Latschach",Slovenia,field,T20,2025,Austria,1,0,0.6129032258064516,0.14285714285714285,0.8,0.2,1.0,0.0,0.5,0.5
2025-05-18,Slovenia,Austria,"Ballpark Ground, Graz",Slovenia,bat,T20,2025,Austria,0,1,0.125,0.625,0.2,0.8,0.0,1.0,0.5,0.5
2025-05-18,Austria,Slovenia,"Ballpark Ground, Graz",Austria,bat,T20,2025,Austria,1,1,0.6363636363636364,0.1111111111111111,0.8,0.2,1.0,0.0,1.0,0.0
2025-05-19,Bangladesh,United Arab Emirates,Sharjah Cricket Stadium,United Arab Emirates,field,T20,2025,United Arab Emirates,0,0,0.39263803680981596,0.5714285714285714,0.8,0.6,1.0,0.0,0.3333333333333333,0.0
2025-05-21,Bangladesh,United Arab Emirates,Sharjah Cricket Stadium,United Arab Emirates,field,T20,2025,United Arab Emirates,0,0,0.3902439024390244,0.5757575757575758,0.8,0.6,0.8,0.2,0.25,0.5
2025-05-28,Pakistan,Bangladesh,"Gaddafi Stadium, Lahore",Pakistan,bat,T20,2025,Pakistan,1,1,0.5864978902953587,0.3878787878787879,0.2,0.6,0.8421052631578947,0.15789473684210525,0.4444444444444444,0.5
2025-05-30,Malta,Belgium,"Stars Arena Hofstade, Zemst",Malta,bat,T20,2025,Belgium,0,1,0.423728813559322,0.6521739130434783,0.4,0.6,0.2857142857142857,0.7142857142857143,0.5,0.5
2025-05-30,Belgium,Portugal,"Stars Arena Hofstade, Zemst",Belgium,bat,T20,2025,Portugal,0,1,0.6666666666666666,0.68,0.6,0.6,0.0,1.0,1.0,0.5
2025-05-30,Austria,Switzerland,"Velden Cricket Ground, Latschach",Austria,bat,T20,2025,Austria,1,1,0.6470588235294118,0.6666666666666666,0.8,0.6,0.5,0.5,1.0,0.5
2025-05-30,Pakistan,Bangladesh,"Gaddafi Stadium, Lahore",Pakistan,bat,T20,2025,Pakistan,1,1,0.5882352941176471,0.3855421686746988,0.4,0.4,0.85,0.15,0.5,0.0
2025-05-30,Malta,Portugal,"Stars Arena Hofstade, Zemst",Portugal,field,T20,2025,Portugal,0,0,0.4166666666666667,0.6923076923076923,0.4,0.8,0.0,1.0,0.0,1.0
2025-05-31,Austria,Switzerland,"Velden Cricket Ground, Latschach",Switzerland,field,T20,2025,Austria,1,0,0.6571428571428571,0.631578947368421,0.8,0.4,1.0,0.0,1.0,0.0
2025-05-31,Austria,Switzerland,"Velden Cricket Ground, Latschach",Austria,bat,T20,2025,Switzerland,0,1,0.6666666666666666,0.6,1.0,0.4,1.0,0.0,1.0,0.0
2025-05-31,Belgium,Malta,"Stars Arena Hofstade, Zemst",Malta,field,T20,2025,Belgium,1,0,0.64,0.4098360655737705,0.4,0.4,0.75,0.25,0.5,0.0
2025-05-31,Malta,Portugal,"Stars Arena Hofstade, Zemst",Malta,bat,T20,2025,Portugal,0,1,0.4032258064516129,0.7037037037037037,0.2,0.8,0.0,1.0,0.0,1.0
2025-05-31,Belgium,Portugal,"Stars Arena Hofstade, Zemst",Belgium,bat,T20,2025,Portugal,0,1,0.6538461538461539,0.7142857142857143,0.6,1.0,0.0,1.0,0.6666666666666666,1.0
2025-06-01,Austria,Switzerland,"Velden Cricket Ground, Latschach",Austria,bat,T20,2025,Austria,1,1,0.6486486486486487,0.6190476190476191,0.8,0.6,0.6666666666666666,0.3333333333333333,0.75,0.3333333333333333
2025-06-01,Bangladesh,Pakistan,"Gaddafi Stadium, Lahore",Pakistan,field,T20,2025,Pakistan,0,0,0.38323353293413176,0.5899581589958159,0.2,0.6,0.14285714285714285,0.8571428571428571,0.0,0.5454545454545454
2025-06-01,Belgium,Portugal,"Stars Arena Hofstade, Zemst",Portugal,field,T20,2025,Belgium,1,0,0.6296296296296297,0.7241379310344828,0.6,1.0,0.0,1.0,0.5,1.0
2025-06-06,Jersey,Guernsey,"Grainville, St Saviour",Guernsey,field,T20,2025,Guernsey,0,0,0.6578947368421053,0.6153846153846154,0.8,0.8,0.75,0.25,0.5,0.5
2025-06-06,England,West Indies,"Riverside Ground, Chester-le-Street",England,bat,T20,2025,England,1,1,0.5340314136125655,0.4536082474226804,0.2,0.2,0.47058823529411764,0.5294117647058824,1.0,0.5
2025-06-07,Slovenia,Serbia,Lisicji Jarak Cricket Ground,Slovenia,bat,T20,2025,Serbia,0,1,0.1,0.2692307692307692,0.2,0.0,0.5,0.5,0.5,0.6666666666666666
2025-06-07,Jersey,Guernsey,"Grainville, St Saviour",Jersey,bat,T20,2025,Jersey,1,1,0.6410256410256411,0.6296296296296297,0.8,0.8,0.6,0.4,0.0,1.0
2025-06-07,Guernsey,Jersey,"Grainville, St Saviour",Jersey,field,T20,2025,Jersey,0,0,0.6071428571428571,0.65,0.6,0.8,0.3333333333333333,0.6666666666666666,0.5,0.5
2025-06-08,West Indies,England,"County Ground, Bristol",England,field,T20,2025,England,0,0,0.4512820512820513,0.5364583333333334,0.2,0.4,0.5142857142857142,0.4857142857142857,0.5,1.0
2025-06-08,Czech Republic,Austria,"Scott Page Field, Vinor",Austria,field,T20,2025,Austria,0,0,0.5185185185185185,0.6578947368421053,0.4,0.8,0.25,0.75,0.5555555555555556,0.7142857142857143
2025-06-08,Serbia,Slovenia,Lisicji Jarak Cricket Ground,Slovenia,field,T20,2025,Serbia,1,0,0.2962962962962963,0.09090909090909091,0.2,0.0,1.0,0.0,0.75,0.0
2025-06-08,Norway,Czech Republic,"Scott Page Field, Vinor",Norway,bat,T20,2025,Norway,1,1,0.4666666666666667,0.5,0.4,0.4,0.5,0.5,0.5,0.5
2025-06-09,Norway,Austria,"Scott Page Field, Vinor",Norway,bat,T20,2025,Norway,1,1,0.4838709677419355,0.6666666666666666,0.4,0.8,0.0,1.0,1.0,0.75
2025-06-09,Austria,Czech Republic,"Scott Page Field, Vinor",Austria,bat,T20,2025,Austria,1,1,0.65,0.4827586206896552,0.6,0.4,0.8,0.2,0.6666666666666666,0.45454545454545453
2025-06-10,England,West Indies,"The Rose Bowl, Southampton",West Indies,field,T20,2025,England,1,0,0.538860103626943,0.4489795918367347,0.6,0.0,0.5,0.5,0.25,0.5
2025-06-10,Norway,Austria,"Scott Page Field, Vinor",Norway,bat,T20,2025,Austria,0,1,0.5,0.6585365853658537,0.6,0.6,0.5,0.5,1.0,0.7
2025-06-10,Norway,Czech Republic,"Scott Page Field, Vinor",Czech Republic,field,T20,2025,Norway,1,0,0.48484848484848486,0.4666666666666667,0.4,0.2,1.0,0.0,0.6666666666666666,0.4166666666666667
2025-06-11,Indonesia,Cambodia,Udayana Cricket Ground,Cambodia,field,T20,2025,Cambodia,0,0,0.46938775510204084,0.3333333333333333,0.2,0.2,0.5714285714285714,0.42857142857142855,0.5555555555555556,0.3333333333333333
2025-06-12,Indonesia,Cambodia,Udayana Cricket Ground,Cambodia,field,T20,2025,Cambodia,0,0,0.46,0.36363636363636365,0.2,0.4,0.5,0.5,0.5357142857142857,0.42857142857142855
2025-06-12,Indonesia,Cambodia,Udayana Cricket Ground,Indonesia,bat,T20,2025,Cambodia,0,1,0.45098039215686275,0.391304347826087,0.2,0.6,0.4444444444444444,0.5555555555555556,0.5172413793103449,0.5
2025-06-12,Canada,Bahamas,"Maple Leaf North-East Ground, King City",Canada,bat,T20,2025,Canada,1,1,0.5483870967741935,0.4,0.8,0.2,1.0,0.0,0.5,0.5
2025-06-12,Bermuda,Cayman Islands,"Maple Leaf North-East Ground, King City",Bermuda,bat,T20,2025,Bermuda,1,1,0.6842105263157895,0.4074074074074074,0.4,0.2,1.0,0.0,0.5,0.5
2025-06-13,Bermuda,Bahamas,"Maple Leaf North-East Ground, King City",Bermuda,bat,T20,2025,Bermuda,1,1,0.6923076923076923,0.38095238095238093,0.6,0.0,1.0,0.0,1.0,0.0
2025-06-13,Canada,Cayman Islands,"Maple Leaf North-East Ground, King City",Canada,bat,T20,2025,Canada,1,1,0.5555555555555556,0.39285714285714285,0.8,0.2,1.0,0.0,1.0,0.0
2025-06-13,Denmark,Finland,"Ishoj Cricket Club, Vejledalen",Finland,field,T20,2025,Denmark,1,0,0.4166666666666667,0.43478260869565216,0.6,0.6,0.8,0.2,0.5,0.5
2025-06-14,Cambodia,Indonesia,Udayana Cricket Ground,Indonesia,field,T20,2025,Indonesia,0,0,0.4166666666666667,0.4423076923076923,0.8,0.0,0.6,0.4,0.5555555555555556,0.5
2025-06-14,Sweden,Finland,"Ishoj Cricket Club, Vejledalen",Finland,field,T20,2025,Sweden,1,0,0.45,0.4166666666666667,0.6,0.4,0.4,0.6,0.5,0.0
2025-06-14,Denmark,Norway,Koge Cricket Club,Denmark,bat,T20,2025,Norway,0,1,0.43243243243243246,0.5,0.8,0.6,1.0,0.0,0.5,0.5
2025-06-14,Denmark,Sweden,Koge Cricket Club,Denmark,bat,T20,2025,Denmark,1,1,0.42105263157894735,0.47619047619047616,0.6,0.6,0.3333333333333333,0.6666666666666666,0.0,0.5
2025-06-14,Finland,Norway,"Ishoj Cricket Club, Vejledalen",Finland,bat,T20,2025,Finland,1,1,0.4,0.5142857142857142,0.4,0.8,0.0,1.0,0.0,0.5
2025-06-15,Indonesia,Cambodia,Udayana Cricket Ground,Cambodia,field,T20,2025,Cambodia,0,0,0.4528301886792453,0.4,0.2,0.8,0.45454545454545453,0.5454545454545454,0.5161290322580645,0.5
2025-06-15,West Indies,Ireland,"Bready Cricket Club, Magheramason, Bready",Ireland,field,T20,2025,West Indies,1,0,0.4467005076142132,0.46923076923076923,0.0,0.2,0.5,0.5,0.5,0.6666666666666666
2025-06-15,Cayman Islands,Bahamas,"Maple Leaf North-West Ground, King City",Bahamas,field,T20,2025,Cayman Islands,1,0,0.3793103448275862,0.36363636363636365,0.2,0.0,1.0,0.0,0.5,0.5
2025-06-15,Canada,Bermuda,"Maple Leaf North-West Ground, King City",Bermuda,field,T20,2025,Canada,1,0,0.5625,0.7,0.8,0.6,0.6666666666666666,0.3333333333333333,0.75,0.5
2025-06-15,Finland,Norway,"Ishoj Cricket Club, Vejledalen",Finland,bat,T20,2025,Finland,1,1,0.4230769230769231,0.5,0.4,0.6,0.2,0.8,0.3333333333333333,0.0
2025-06-15,Sweden,Norway,"Ishoj Cricket Club, Vejledalen",Sweden,bat,T20,2025,Norway,0,1,0.45454545454545453,0.4864864864864865,0.6,0.4,0.0,1.0,1.0,0.0
2025-06-15,Scotland,Netherlands,"Titwood, Glasgow",Netherlands,field,T20,2025,Scotland,1,0,0.5,0.5353535353535354,0.2,0.6,0.5384615384615384,0.46153846153846156,0.5,0.5
2025-06-15,Indonesia,Cambodia,Udayana Cricket Ground,Indonesia,bat,T20,2025,Cambodia,0,1,0.4444444444444444,0.4230769230769231,0.2,0.8,0.4166666666666667,0.5833333333333334,0.5,0.5454545454545454
2025-06-16,Bahamas,Bermuda,"Maple Leaf North-West Ground, King City",Bahamas,bat,T20,2025,Bermuda,0,1,0.34782608695652173,0.6829268292682927,0.0,0.6,0.0,1.0,0.0,0.0
2025-06-16,Canada,Cayman Islands,"Maple Leaf North-West Ground, King City",Cayman Islands,field,T20,2025,Canada,1,0,0.5692307692307692,0.4,0.8,0.4,1.0,0.0,0.8,1.0
2025-06-16,Cambodia,Indonesia,Udayana Cricket Ground,Indonesia,field,T20,2025,Indonesia,0,0,0.4444444444444444,0.43636363636363634,0.8,0.2,0.6153846153846154,0.38461538461538464,0.5833333333333334,0.48484848484848486
2025-06-17,Scotland,Nepal,"Titwood, Glasgow",Nepal,field,T20,2025,Nepal,0,0,0.5063291139240507,0.5909090909090909,0.2,0.8,0.5,0.5,1.0,0.5
2025-06-18,Bahamas,Canada,"Maple Leaf North-West Ground, King City",Canada,field,T20,2025,Canada,0,0,0.3333333333333333,0.5757575757575758,0.0,0.8,0.0,1.0,0.0,0.8333333333333334
2025-06-18,Cayman Islands,Bermuda,"Maple Leaf North-West Ground, King City",Bermuda,field,T20,2025,Bermuda,0,0,0.3870967741935484,0.6904761904761905,0.2,0.6,0.0,1.0,0.5,0.5
2025-06-18,Netherlands,Scotland,"Titwood, Glasgow",Scotland,field,T20,2025,Netherlands,1,0,0.53,0.5,0.6,0.2,0.42857142857142855,0.5714285714285714,0.0,0.5
2025-06-19,Bermuda,Bahamas,"Maple Leaf North-West Ground, King City",Bahamas,field,T20,2025,Bermuda,1,0,0.6976744186046512,0.32,0.8,0.0,1.0,0.0,0.6666666666666666,0.0
2025-06-19,Netherlands,Nepal,"Titwood, Glasgow",Nepal,field,T20,2025,Nepal,0,0,0.5346534653465347,0.5955056179775281,0.6,0.8,0.6,0.4,0.5,1.0
2025-06-19,Canada,Cayman Islands,"Maple Leaf North-West Ground, King City",Cayman Islands,field,T20,2025,Canada,1,0,0.582089552238806,0.375,1.0,0.2,1.0,0.0,0.8571428571428571,0.3333333333333333
2025-06-20,Scotland,Nepal,"Titwood, Glasgow",Scotland,bat,T20,2025,Scotland,1,1,0.49382716049382713,0.6,0.2,0.8,0.0,1.0,0.3333333333333333,1.0
2025-06-21,Bermuda,Cayman Islands,"Maple Leaf North-West Ground, King City",Cayman Islands,field,T20,2025,Cayman Islands,0,0,0.7045454545454546,0.36363636363636365,0.8,0.2,1.0,0.0,0.75,0.25
2025-06-21,Bahamas,Canada,"Maple Leaf North-West Ground, King City",Canada,field,T20,2025,Canada,0,0,0.3076923076923077,0.5882352941176471,0.0,1.0,0.0,1.0,0.0,0.875
2025-06-21,Switzerland,Luxembourg,Pierre Werner Cricket Ground,Switzerland,bat,T20,2025,Switzerland,1,1,0.5909090909090909,0.36363636363636365,0.4,0.2,0.5,0.5,0.5,0.0
2025-06-21,Switzerland,Luxembourg,Pierre Werner Cricket Ground,Luxembourg,field,T20,2025,Switzerland,1,0,0.6086956521739131,0.35294117647058826,0.4,0.2,0.6666666666666666,0.3333333333333333,1.0,0.0
2025-06-21,Hungary,Slovenia,"GB Oval, Szodliget",Hungary,bat,T20,2025,Hungary,1,1,0.4583333333333333,0.08333333333333333,0.6,0.0,0.5,0.5,1.0,0.5
2025-06-21,Hungary,Slovenia,"GB Oval, Szodliget",Hungary,bat,T20,2025,Hungary,1,1,0.48,0.07692307692307693,0.8,0.0,1.0,0.0,1.0,0.0
2025-06-22,Switzerland,Luxembourg,Pierre Werner Cricket Ground,Switzerland,bat,T20,2025,Luxembourg,0,1,0.625,0.34285714285714286,0.6,0.0,0.75,0.25,1.0,0.0
2025-06-22,Cayman Islands,Bahamas,"Maple Leaf North-West Ground, King City",Bahamas,field,T20,2025,Cayman Islands,1,0,0.38235294117647056,0.2962962962962963,0.4,0.0,1.0,0.0,0.4,0.0
2025-06-22,Slovenia,Hungary,"GB Oval, Szodliget",Slovenia,bat,T20,2025,Hungary,0,1,0.07142857142857142,0.5,0.0,0.8,0.0,1.0,0.0,1.0
2025-06-26,France,Malta,"Moara Vlasiei Cricket Ground, Ilfov County",France,bat,T20,2025,Malta,0,1,0.5384615384615384,0.3968253968253968,0.6,0.2,0.6666666666666666,0.3333333333333333,0.5,0.375
2025-06-26,Belgium,Malta,"Moara Vlasiei Cricket Ground, Ilfov County",Malta,field,T20,2025,Belgium,1,0,0.6428571428571429,0.40625,0.6,0.2,0.7777777777777778,0.2222222222222222,0.5,0.4444444444444444
2025-06-27,Hungary,Austria,"Moara Vlasiei Cricket Ground, Ilfov County",Austria,field,T20,2025,Austria,0,0,0.5185185185185185,0.6666666666666666,0.8,0.8,0.3333333333333333,0.6666666666666666,0.5,0.5
2025-06-27,Belgium,France,"Moara Vlasiei Cricket Ground, Ilfov County",Belgium,bat,T20,2025,Belgium,1,1,0.6551724137931034,0.5185185185185185,0.6,0.4,0.5,0.5,1.0,0.0
2025-06-27,Hungary,Romania,"Moara Vlasiei Cricket Ground, Ilfov County",Romania,field,T20,2025,Romania,0,0,0.5,0.65,0.8,0.8,0.3333333333333333,0.6666666666666666,0.4,0.75
2025-06-28,Malta,Romania,"Moara Vlasiei Cricket Ground, Ilfov County",Romania,field,T20,2025,Malta,1,0,0.4,0.6585365853658537,0.2,0.8,0.4444444444444444,0.5555555555555556,0.4,0.7692307692307693
2025-06-28,Belgium,Austria,"Moara Vlasiei Cricket Ground, Ilfov County",Austria,field,T20,2025,Austria,0,0,0.6666666666666666,0.6744186046511628,0.8,0.8,0.5,0.5,1.0,1.0
2025-06-29,Hungary,France,"Moara Vlasiei Cricket Ground, Ilfov County",France,field,T20,2025,Hungary,1,0,0.4827586206896552,0.5,0.6,0.4,0.5,0.5,0.3333333333333333,0.0
2025-07-05,Malawi,Germany,"TCA Oval, Blantyre",Germany,field,T20,2025,Germany,0,0,0.5294117647058824,0.6,0.2,0.6,0.5,0.5,0.0,0.5
2025-07-05,Jersey,Netherlands,"Sportpark Westvliet, Voorburg",Netherlands,field,T20,2025,Netherlands,0,0,0.6585365853658537,0.5294117647058824,0.8,0.6,0.5,0.5,0.5,0.5
2025-07-05,Guernsey,Italy,"Sportpark Westvliet, Voorburg",Italy,field,T20,2025,Italy,0,0,0.5862068965517241,0.6428571428571429,0.6,1.0,0.0,1.0,0.5,0.5
2025-07-06,Bahrain,Germany,"TCA Oval, Blantyre",Bahrain,bat,T20,2025,Bahrain,1,1,0.5633802816901409,0.6078431372549019,1.0,0.8,1.0,0.0,0.5,1.0
2025-07-06,Philippines,Indonesia,Udayana Cricket Ground,Indonesia,field,T20,2025,Philippines,1,0,0.32,0.44642857142857145,0.6,0.4,0.5714285714285714,0.42857142857142855,0.6,0.5
2025-07-07,Tanzania,Germany,"TCA Oval, Blantyre",Tanzania,bat,T20,2025,Germany,0,1,0.5789473684210527,0.5961538461538461,0.8,0.6,0.5,0.5,0.5,0.5
2025-07-07,Indonesia,Philippines,Udayana Cricket Ground,Philippines,field,T20,2025,Indonesia,1,0,0.43859649122807015,0.34615384615384615,0.4,0.6,0.375,0.625,0.4857142857142857,0.6666666666666666
2025-07-07,South Korea,Philippines,Udayana Cricket Ground,Philippines,field,T20,2025,Philippines,0,0,0.0,0.3333333333333333,0.0,0.4,0.0,1.0,0.5,0.5714285714285714
2025-07-07,Malawi,Bahrain,"TCA Oval, Blantyre",Malawi,bat,T20,2025,Bahrain,0,1,0.5,0.5694444444444444,0.0,1.0,0.5,0.5,0.0,1.0
2025-07-08,Indonesia,South Korea,Udayana Cricket Ground,South Korea,field,T20,2025,Indonesia,1,0,0.4482758620689655,0.0,0.4,0.0,1.0,0.0,0.5,0.0
2025-07-08,Jersey,Guernsey,"Sportpark Westvliet, Voorburg",Guernsey,field,T20,2025,Jersey,1,0,0.6428571428571429,0.5666666666666667,0.6,0.4,0.7142857142857143,0.2857142857142857,0.0,0.0
2025-07-08,Scotland,Netherlands,"Sportpark Westvliet, Voorburg",Scotland,bat,T20,2025,Scotland,1,1,0.5,0.5339805825242718,0.4,0.6,0.5333333333333333,0.4666666666666667,0.5,1.0
2025-07-08,Bahrain,Tanzania,"TCA Oval, Blantyre",Tanzania,field,T20,2025,Tanzania,0,0,0.5753424657534246,0.5689655172413793,1.0,0.8,1.0,0.0,1.0,0.0
2025-07-09,Netherlands,Guernsey,"Sportpark Westvliet, Voorburg",Netherlands,bat,T20,2025,Netherlands,1,1,0.5288461538461539,0.5483870967741935,0.4,0.2,0.5,0.5,0.5,0.0
2025-07-09,Italy,Scotland,"Sportpark Westvliet, Voorburg",Italy,bat,T20,2025,Italy,1,1,0.6551724137931034,0.5060240963855421,1.0,0.6,0.0,1.0,1.0,1.0
2025-07-09,South Korea,Philippines,Udayana Cricket Ground,Philippines,field,T20,2025,South Korea,1,0,0.0,0.35714285714285715,0.0,0.6,0.0,1.0,0.0,0.625
2025-07-09,South Korea,Indonesia,Udayana Cricket Ground,South Korea,bat,T20,2025,Indonesia,0,1,0.08333333333333333,0.4576271186440678,0.2,0.6,0.0,1.0,0.3333333333333333,0.5135135135135135
2025-07-10,Indonesia,Philippines,Udayana Cricket Ground,Indonesia,bat,T20,2025,Philippines,0,1,0.4666666666666667,0.3448275862068966,0.8,0.6,0.4444444444444444,0.5555555555555556,0.5263157894736842,0.5555555555555556
2025-07-10,Philippines,South Korea,Udayana Cricket Ground,Philippines,bat,T20,2025,Philippines,1,1,0.36666666666666664,0.07692307692307693,0.6,0.2,0.75,0.25,0.6,0.25
2025-07-10,Bulgaria,Gibraltar,"Vassil Levski National Sports Academy, Sofia",Gibraltar,field,T20,2025,Gibraltar,0,0,0.3142857142857143,0.2857142857142857,0.0,0.4,0.5,0.5,0.5,0.5
2025-07-10,Turkey,Bulgaria,"Vassil Levski National Sports Academy, Sofia",Bulgaria,field,T20,2025,Bulgaria,0,0,0.09090909090909091,0.3055555555555556,0.0,0.0,0.0,1.0,0.5,0.0
2025-07-10,Bangladesh,Sri Lanka,Pallekele International Cricket Stadium,Sri Lanka,field,T20,2025,Sri Lanka,0,0,0.38095238095238093,0.44623655913978494,0.0,0.4,0.35294117647058826,0.6470588235294118,0.0,0.5294117647058824
2025-07-10,Tanzania,Bahrain,"TCA Oval, Blantyre",Bahrain,field,T20,2025,Bahrain,0,0,0.576271186440678,0.5675675675675675,0.8,0.8,0.5,0.5,0.5,0.6666666666666666
2025-07-10,Malawi,Germany,"TCA Oval, Blantyre",Malawi,bat,T20,2025,Malawi,1,1,0.47368421052631576,0.6037735849056604,0.0,0.6,0.0,1.0,0.0,0.6666666666666666
2025-07-11,Turkey,Gibraltar,"Vassil Levski National Sports Academy, Sofia",Gibraltar,field,T20,2025,Gibraltar,0,0,0.08333333333333333,0.3023255813953488,0.0,0.6,0.5,0.5,0.0,1.0
2025-07-11,Italy,Netherlands,"Sportpark Westvliet, Voorburg",Italy,bat,T20,2025,Netherlands,0,1,0.6666666666666666,0.5333333333333333,1.0,0.6,0.5,0.5,1.0,0.6666666666666666
2025-07-11,Scotland,Jersey,"Sportpark Westvliet, Voorburg",Jersey,field,T20,2025,Jersey,0,0,0.5,0.6511627906976745,0.4,0.6,1.0,0.0,0.5,0.5
2025-07-11,Gibraltar,Bulgaria,"Vassil Levski National Sports Academy, Sofia",Bulgaria,field,T20,2025,Bulgaria,0,0,0.3181818181818182,0.32432432432432434,0.8,0.2,0.6,0.4,1.0,0.5
2025-07-12,Philippines,South Korea,Udayana Cricket Ground,Philippines,bat,T20,2025,Philippines,1,1,0.3870967741935484,0.07142857142857142,0.6,0.2,0.8,0.2,0.6363636363636364,0.2
2025-07-12,Indonesia,South Korea,Udayana Cricket Ground,South Korea,field,T20,2025,South Korea,0,0,0.45901639344262296,0.06666666666666667,0.6,0.2,1.0,0.0,0.5128205128205128,0.16666666666666666
2025-07-12,Germany,Tanzania,"TCA Oval, Blantyre",Tanzania,field,T20,2025,Tanzania,0,0,0.5925925925925926,0.5666666666666667,0.6,0.6,1.0,0.0,0.5,0.3333333333333333
2025-07-12,Malawi,Bahrain,"TCA Oval, Blantyre",Malawi,bat,T20,2025,Bahrain,0,1,0.5,0.5733333333333334,0.2,0.8,0.0,1.0,0.16666666666666666,0.75
2025-07-12,Turkey,Gibraltar,"Vassil Levski National Sports Academy, Sofia",Turkey,bat,T20,2025,Gibraltar,0,1,0.07692307692307693,0.3111111111111111,0.0,0.8,0.0,1.0,0.0,0.6666666666666666
2025-07-12,Turkey,Bulgaria,"Vassil Levski National Sports Academy, Sofia",Bulgaria,field,T20,2025,Turkey,1,0,0.07142857142857142,0.34210526315789475,0.0,0.4,0.0,1.0,0.0,0.6666666666666666
2025-07-13,Gibraltar,Bulgaria,"Vassil Levski National Sports Academy, Sofia",Bulgaria,field,T20,2025,Bulgaria,0,0,0.32608695652173914,0.3333333333333333,0.8,0.4,0.5,0.5,0.75,0.5
2025-07-13,Bahrain,Tanzania,"TCA Oval, Blantyre",Tanzania,field,T20,2025,Tanzania,0,0,0.5789473684210527,0.5737704918032787,0.8,0.6,0.6666666666666666,0.3333333333333333,0.8,0.5
2025-07-13,Germany,Malawi,"TCA Oval, Blantyre",Germany,bat,T20,2025,Germany,1,1,0.5818181818181818,0.47619047619047616,0.4,0.2,0.5,0.5,0.4,0.14285714285714285
2025-07-13,Indonesia,Philippines,Udayana Cricket Ground,Philippines,field,T20,2025,Philippines,0,0,0.45161290322580644,0.40625,0.6,0.8,0.4,0.6,0.5,0.6666666666666666
2025-07-13,Bangladesh,Sri Lanka,Rangiri Dambulla International Stadium,Sri Lanka,field,T20,2025,Bangladesh,1,0,0.378698224852071,0.44919786096256686,0.0,0.4,0.3333333333333333,0.6666666666666666,0.5,0.6
2025-07-13,South Korea,Indonesia,Udayana Cricket Ground,South Korea,bat,T20,2025,Indonesia,0,1,0.125,0.4444444444444444,0.4,0.4,0.14285714285714285,0.8571428571428571,0.2857142857142857,0.4878048780487805
2025-07-14,Zimbabwe,South Africa,Harare Sports Club,South Africa,field,T20,2025,South Africa,0,0,0.4084507042253521,0.5555555555555556,0.6,0.6,0.0,1.0,0.2682926829268293,0.5
2025-07-16,New Zealand,South Africa,Harare Sports Club,South Africa,field,T20,2025,New Zealand,1,0,0.5545023696682464,0.5578947368421052,0.8,0.6,0.26666666666666666,0.7333333333333333,1.0,1.0
2025-07-16,Sri Lanka,Bangladesh,"R Premadasa Stadium, Colombo",Sri Lanka,bat,T20,2025,Bangladesh,0,1,0.44680851063829785,0.38235294117647056,0.4,0.2,0.631578947368421,0.3684210526315789,0.36363636363636365,0.5
2025-07-17,Kenya,Nigeria,Entebbe Cricket Oval,Kenya,bat,T20,2025,Kenya,1,1,0.5487804878048781,0.5147058823529411,0.8,0.4,0.7272727272727273,0.2727272727272727,0.6,0.16666666666666666
2025-07-18,Uganda,Nigeria,Entebbe Cricket Oval,Uganda,bat,T20,2025,Uganda,1,1,0.7912087912087912,0.5072463768115942,1.0,0.4,1.0,0.0,0.8,0.14285714285714285
2025-07-18,Rwanda,Bahrain,"Gahanga International Cricket Stadium, Rwanda",Bahrain,field,T20,2025,Bahrain,0,0,0.29333333333333333,0.5714285714285714,0.4,0.6,0.5,0.5,0.13793103448275862,0.5
2025-07-18,Zimbabwe,New Zealand,Harare Sports Club,New Zealand,field,T20,2025,New Zealand,0,0,0.40559440559440557,0.5566037735849056,0.4,0.8,0.0,1.0,0.2619047619047619,1.0
2025-07-18,Hong Kong,Malaysia,Singapore National Cricket Ground,Malaysia,field,T20,2025,Malaysia,0,0,0.47368421052631576,0.5454545454545454,0.6,0.8,0.5,0.5,0.5,0.5
2025-07-18,Singapore,Samoa,Singapore National Cricket Ground,Singapore,bat,T20,2025,Singapore,1,1,0.36363636363636365,0.36363636363636365,0.4,0.6,0.5,0.5,0.0,0.5
2025-07-19,Uganda,United Arab Emirates,Entebbe Cricket Oval,Uganda,bat,T20,2025,Uganda,1,1,0.7934782608695652,0.58,1.0,0.6,0.5,0.5,0.8333333333333334,0.5
2025-07-19,Malawi,Rwanda,"Gahanga International Cricket Stadium, Rwanda",Malawi,bat,T20,2025,Rwanda,0,1,0.45454545454545453,0.2894736842105263,0.2,0.4,0.4,0.6,0.5,0.13333333333333333
2025-07-19,Malawi,Bahrain,"Gahanga International Cricket Stadium, Rwanda",Bahrain,field,T20,2025,Bahrain,0,0,0.43478260869565216,0.5769230769230769,0.2,0.6,0.0,1.0,0.0,1.0
2025-07-19,Singapore,Malaysia,Singapore National Cricket Ground,Malaysia,field,T20,2025,Malaysia,0,0,0.375,0.550561797752809,0.6,0.8,0.3,0.7,0.25,1.0
2025-07-19,Qatar,Saudi Arabia,"West End Park International Cricket Stadium, Doha",Qatar,bat,T20,2025,Saudi Arabia,0,1,0.4878048780487805,0.5555555555555556,0.2,0.6,0.6666666666666666,0.3333333333333333,0.6666666666666666,0.4
2025-07-19,Hong Kong,Samoa,Singapore National Cricket Ground,Hong Kong,bat,T20,2025,Hong Kong,1,1,0.46875,0.3333333333333333,0.4,0.6,0.5,0.5,0.0,0.0
2025-07-20,Samoa,Malaysia,Singapore National Cricket Ground,Samoa,bat,T20,2025,Malaysia,0,1,0.3076923076923077,0.5555555555555556,0.4,0.8,0.5,0.5,0.0,1.0
2025-07-20,Pakistan,Bangladesh,"Shere Bangla National Stadium, Mirpur",Bangladesh,field,T20,2025,Bangladesh,0,0,0.5916666666666667,0.38596491228070173,0.6,0.4,0.8636363636363636,0.13636363636363635,1.0,0.6086956521739131
2025-07-20,Zimbabwe,South Africa,Harare Sports Club,South Africa,field,T20,2025,South Africa,0,0,0.4027777777777778,0.5549738219895288,0.4,0.6,0.0,1.0,0.2558139534883721,0.5
2025-07-20,Malawi,Bahrain,"Gahanga International Cricket Stadium, Rwanda",Bahrain,field,T20,2025,Bahrain,0,0,0.4166666666666667,0.5822784810126582,0.2,0.8,0.0,1.0,0.0,1.0
2025-07-20,Rwanda,Bahrain,"Gahanga International Cricket Stadium, Rwanda",Rwanda,bat,T20,2025,Bahrain,0,1,0.2987012987012987,0.5875,0.4,0.8,0.0,1.0,0.16129032258064516,1.0
2025-07-20,West Indies,Australia,"Sabina Park, Kingston, Jamaica",Australia,field,T20,2025,Australia,0,0,0.4494949494949495,0.5721649484536082,0.2,0.8,0.5,0.5,0.6666666666666666,0.5
2025-07-20,Hong Kong,Singapore,Singapore National Cricket Ground,Singapore,field,T20,2025,Hong Kong,1,0,0.4742268041237113,0.3684210526315789,0.6,0.6,0.75,0.25,0.5,0.2
2025-07-21,Nigeria,United Arab Emirates,Entebbe Cricket Oval,Nigeria,bat,T20,2025,United Arab Emirates,0,1,0.5,0.5742574257425742,0.4,0.6,0.0,1.0,0.125,0.0
2025-07-21,Uganda,Kenya,Entebbe Cricket Oval,Uganda,bat,T20,2025,Uganda,1,1,0.7956989247311828,0.5542168674698795,1.0,0.8,0.6923076923076923,0.3076923076923077,0.8571428571428571,0.6666666666666666
2025-07-21,Saudi Arabia,Qatar,"West End Park International Cricket Stadium, Doha",Qatar,field,T20,2025,Qatar,0,0,0.5652173913043478,0.47619047619047616,0.8,0.0,0.5,0.5,0.45454545454545453,0.6153846153846154
2025-07-22,Qatar,Saudi Arabia,"West End Park International Cricket Stadium, Doha",Saudi Arabia,field,T20,2025,Qatar,1,0,0.4883720930232558,0.5531914893617021,0.2,0.6,0.6,0.4,0.6428571428571429,0.4166666666666667
2025-07-22,Uganda,Nigeria,Entebbe Cricket Oval,Uganda,bat,T20,2025,Uganda,1,1,0.7978723404255319,0.49295774647887325,1.0,0.2,1.0,0.0,0.875,0.1111111111111111
2025-07-22,West Indies,Australia,"Sabina Park, Kingston, Jamaica",Australia,field,T20,2025,Australia,0,0,0.4472361809045226,0.5743589743589743,0.2,0.8,0.4782608695652174,0.5217391304347826,0.5714285714285714,1.0
2025-07-22,Bahrain,Rwanda,"Gahanga International Cricket Stadium, Rwanda",Rwanda,field,T20,2025,Bahrain,1,0,0.5925925925925926,0.2948717948717949,0.8,0.2,1.0,0.0,1.0,0.15625
2025-07-22,Malawi,Rwanda,"Gahanga International Cricket Stadium, Rwanda",Malawi,bat,T20,2025,Rwanda,0,1,0.4,0.2911392405063291,0.0,0.2,0.3333333333333333,0.6666666666666666,0.0,0.15151515151515152
2025-07-22,South Africa,New Zealand,Harare Sports Club,New Zealand,field,T20,2025,New Zealand,0,0,0.5572916666666666,0.5586854460093896,0.8,0.8,0.6875,0.3125,0.6666666666666666,1.0
2025-07-22,Hong Kong,Malaysia,Singapore National Cricket Ground,Malaysia,field,T20,2025,Malaysia,0,0,0.47959183673469385,0.5604395604395604,0.8,0.8,0.47058823529411764,0.5294117647058824,0.6666666666666666,1.0
2025-07-22,Samoa,Singapore,Singapore National Cricket Ground,Samoa,bat,T20,2025,Singapore,0,1,0.2857142857142857,0.3620689655172414,0.2,0.4,0.0,1.0,0.0,0.16666666666666666
2025-07-22,Bangladesh,Pakistan,"Shere Bangla National Stadium, Mirpur",Pakistan,field,T20,2025,Bangladesh,1,0,0.38953488372093026,0.5892116182572614,0.6,0.6,0.17391304347826086,0.8260869565217391,0.625,0.75
2025-07-23,Bahrain,Malawi,"Gahanga International Cricket Stadium, Rwanda",Bahrain,bat,T20,2025,Bahrain,1,1,0.5975609756097561,0.38461538461538464,1.0,0.0,1.0,0.0,1.0,0.0
2025-07-23,Kenya,United Arab Emirates,Entebbe Cricket Oval,Kenya,bat,T20,2025,United Arab Emirates,0,1,0.5476190476190477,0.5784313725490197,0.6,0.6,0.5,0.5,0.5714285714285714,0.5
2025-07-23,Rwanda,Malawi,"Gahanga International Cricket Stadium, Rwanda",Malawi,field,T20,2025,Malawi,0,0,0.3,0.37037037037037035,0.4,0.0,0.7142857142857143,0.2857142857142857,0.17647058823529413,0.0
2025-07-23,Samoa,Hong Kong,Singapore National Cricket Ground,Hong Kong,field,T20,2025,Hong Kong,0,0,0.26666666666666666,0.47474747474747475,0.2,0.6,0.0,1.0,0.0,0.5
2025-07-23,Malaysia,Singapore,Singapore National Cricket Ground,Singapore,field,T20,2025,Malaysia,1,0,0.5652173913043478,0.3728813559322034,1.0,0.6,0.7272727272727273,0.2727272727272727,1.0,0.2857142857142857
2025-07-24,Pakistan,Bangladesh,"Shere Bangla National Stadium, Mirpur",Bangladesh,field,T20,2025,Pakistan,1,0,0.5867768595041323,0.3930635838150289,0.6,0.8,0.7916666666666666,0.20833333333333334,0.6,0.64
2025-07-24,Samoa,Malaysia,Singapore National Cricket Ground,Malaysia,field,T20,2025,Malaysia,0,0,0.25,0.5698924731182796,0.0,1.0,0.0,1.0,0.0,1.0
2025-07-24,New Zealand,Zimbabwe,Harare Sports Club,New Zealand,bat,T20,2025,New Zealand,1,1,0.5607476635514018,0.4,1.0,0.4,1.0,0.0,1.0,0.25
2025-07-24,Hong Kong,Singapore,Singapore National Cricket Ground,Hong Kong,bat,T20,2025,Hong Kong,1,1,0.48,0.36666666666666664,0.6,0.4,0.8,0.2,0.6,0.25
2025-07-25,Malawi,Bahrain,"Gahanga International Cricket Stadium, Rwanda",Malawi,bat,T20,2025,Bahrain,0,1,0.39285714285714285,0.6024096385542169,0.2,1.0,0.0,1.0,0.16666666666666666,1.0
2025-07-25,Romania,Austria,"GB Oval, Szodliget",Romania,bat,T20,2025,Austria,0,1,0.6428571428571429,0.6818181818181818,0.6,0.8,1.0,0.0,0.5,0.5
2025-07-25,Kenya,Uganda,Entebbe Cricket Oval,Uganda,field,T20,2025,Uganda,0,0,0.5411764705882353,0.8,0.4,1.0,0.2857142857142857,0.7142857142857143,0.5,0.8888888888888888
2025-07-25,Hungary,Romania,"GB Oval, Szodliget",Hungary,bat,T20,2025,Romania,0,1,0.5,0.627906976744186,0.6,0.4,0.25,0.75,1.0,0.0
2025-07-25,Hungary,Luxembourg,"GB Oval, Szodliget",Hungary,bat,T20,2025,Hungary,1,1,0.4838709677419355,0.3611111111111111,0.4,0.2,0.0,1.0,0.8333333333333334,0.5
2025-07-25,West Indies,Australia,"Warner Park, Basseterre, St Kitts",Australia,field,T20,2025,Australia,0,0,0.445,0.576530612244898,0.2,1.0,0.4583333333333333,0.5416666666666666,0.5,0.5
2025-07-25,Bahrain,Rwanda,"Gahanga International Cricket Stadium, Rwanda",Rwanda,field,T20,2025,Bahrain,1,0,0.6071428571428571,0.2962962962962963,1.0,0.4,1.0,0.0,1.0,0.17142857142857143
2025-07-26,Austria,Luxembourg,"GB Oval, Szodliget",Austria,bat,T20,2025,Austria,1,1,0.6888888888888889,0.35135135135135137,1.0,0.2,0.75,0.25,1.0,0.0
2025-07-26,Romania,Luxembourg,"GB Oval, Szodliget",Luxembourg,field,T20,2025,Romania,1,0,0.6363636363636364,0.34210526315789475,0.4,0.2,0.6666666666666666,0.3333333333333333,0.5,0.0
2025-07-26,Rwanda,Malawi,"Gahanga International Cricket Stadium, Rwanda",Malawi,field,T20,2025,Malawi,0,0,0.2926829268292683,0.3793103448275862,0.2,0.2,0.625,0.375,0.16666666666666666,0.14285714285714285
2025-07-26,Hungary,Austria,"GB Oval, Szodliget",Austria,field,T20,2025,Austria,0,0,0.5,0.6956521739130435,0.4,1.0,0.25,0.75,0.8571428571428571,1.0
2025-07-26,West Indies,Australia,"Warner Park, Basseterre, St Kitts",Australia,field,T20,2025,Australia,0,0,0.4427860696517413,0.5786802030456852,0.2,1.0,0.44,0.56,0.3333333333333333,1.0
2025-07-26,Finland,Estonia,Estonian National Cricket and Rugby Field,Finland,bat,T20,2025,Estonia,0,1,0.4444444444444444,0.4166666666666667,0.4,0.6,0.0,1.0,0.5,0.5
2025-07-26,United Arab Emirates,Nigeria,Entebbe Cricket Oval,United Arab Emirates,bat,T20,2025,United Arab Emirates,1,1,0.5825242718446602,0.4861111111111111,0.8,0.0,1.0,0.0,0.6666666666666666,0.1
2025-07-26,Hong Kong,Malaysia,Singapore National Cricket Ground,Malaysia,field,T20,2025,Malaysia,0,0,0.48514851485148514,0.574468085106383,0.8,1.0,0.4444444444444444,0.5555555555555556,0.6666666666666666,1.0
2025-07-26,New Zealand,South Africa,Harare Sports Club,South Africa,field,T20,2025,New Zealand,1,0,0.5627906976744186,0.5544041450777202,1.0,0.6,0.35294117647058826,0.6470588235294118,1.0,0.5
2025-07-27,Bahrain,Malawi,"Gahanga International Cricket Stadium, Rwanda",Malawi,field,T20,2025,Bahrain,1,0,0.611764705882353,0.4,1.0,0.4,1.0,0.0,1.0,0.25
2025-07-27,Estonia,Finland,Estonian National Cricket and Rugby Field,Finland,field,T20,2025,Finland,0,0,0.44,0.42857142857142855,0.6,0.4,1.0,0.0,1.0,0.0
2025-07-27,Hungary,Luxembourg,"GB Oval, Szodliget",Luxembourg,field,T20,2025,Hungary,1,0,0.48484848484848486,0.3333333333333333,0.4,0.2,0.5,0.5,0.75,0.0
2025-07-27,Nigeria,Kenya,Entebbe Cricket Oval,Nigeria,bat,T20,2025,Kenya,0,1,0.4794520547945205,0.5348837209302325,0.0,0.2,0.25,0.75,0.09090909090909091,0.4444444444444444
2025-07-27,Uganda,United Arab Emirates,Entebbe Cricket Oval,Uganda,bat,T20,2025,Uganda,1,1,0.8020833333333334,0.5865384615384616,1.0,0.8,1.0,0.0,0.9,0.75
2025-07-28,West Indies,Australia,"Warner Park, Basseterre, St Kitts",Australia,field,T20,2025,Australia,0,0,0.4405940594059406,0.5808080808080808,0.2,1.0,0.4230769230769231,0.5769230769230769,0.25,1.0
2025-07-31,Pakistan,West Indies,"Central Broward Regional Park Stadium Turf Ground, Lauderhill",West Indies,field,T20,2025,Pakistan,1,0,0.588477366255144,0.43842364532019706,0.6,0.0,0.8333333333333334,0.16666666666666666,1.0,0.25
2025-08-02,Pakistan,West Indies,"Central Broward Regional Park Stadium Turf Ground, Lauderhill",Pakistan,bat,T20,2025,West Indies,0,1,0.5901639344262295,0.4362745098039216,0.6,0.0,0.8421052631578947,0.15789473684210525,1.0,0.2
2025-08-02,Switzerland,Estonia,Estonian National Cricket and Rugby Field,Switzerland,bat,T20,2025,Switzerland,1,1,0.6,0.4230769230769231,0.6,0.4,1.0,0.0,0.5,0.5
2025-08-03,Switzerland,Estonia,Estonian National Cricket and Rugby Field,Switzerland,bat,T20,2025,Switzerland,1,1,0.6153846153846154,0.4074074074074074,0.6,0.4,1.0,0.0,1.0,0.3333333333333333
2025-08-03,Switzerland,Estonia,Estonian National Cricket and Rugby Field,Switzerland,bat,T20,2025,Switzerland,1,1,0.6296296296296297,0.39285714285714285,0.8,0.2,1.0,0.0,1.0,0.25
2025-08-03,Pakistan,West Indies,"Central Broward Regional Park Stadium Turf Ground, Lauderhill",Pakistan,bat,T20,2025,Pakistan,1,1,0.5877551020408164,0.43902439024390244,0.4,0.2,0.8,0.2,0.6666666666666666,0.3333333333333333
2025-08-07,Cyprus,Croatia,"Mladost Cricket Ground, Zagreb",Croatia,field,T20,2025,Cyprus,1,0,0.42857142857142855,0.21052631578947367,0.4,0.0,0.5,0.5,0.5,0.0
2025-08-07,Croatia,Cyprus,"Mladost Cricket Ground, Zagreb",Croatia,bat,T20,2025,Cyprus,0,1,0.2,0.45454545454545453,0.0,0.6,0.0,1.0,0.0,1.0
2025-08-08,Croatia,Cyprus,"Mladost Cricket Ground, Zagreb",Croatia,bat,T20,2025,Cyprus,0,1,0.19047619047619047,0.4782608695652174,0.0,0.6,0.0,1.0,0.0,1.0
2025-08-08,Norway,France,"Botkyrka Cricket Center, Stockholm",France,field,T20,2025,Norway,1,0,0.5,0.4827586206896552,0.6,0.2,0.3333333333333333,0.6666666666666666,0.5,0.5
2025-08-08,Cyprus,Croatia,"Mladost Cricket Ground, Zagreb",Cyprus,bat,T20,2025,Cyprus,1,1,0.5,0.18181818181818182,0.8,0.0,1.0,0.0,1.0,0.0
2025-08-08,Sweden,Austria,"Botkyrka Cricket Center, Stockholm",Sweden,bat,T20,2025,Austria,0,1,0.43478260869565216,0.7021276595744681,0.6,1.0,0.0,1.0,0.5,0.5
2025-08-09,France,Austria,"Botkyrka Cricket Center, Stockholm",France,bat,T20,2025,Austria,0,1,0.4666666666666667,0.7083333333333334,0.0,1.0,0.0,1.0,0.0,1.0
2025-08-09,Norway,Sweden,"Botkyrka Cricket Center, Stockholm",Norway,bat,T20,2025,Norway,1,1,0.5128205128205128,0.4166666666666667,0.6,0.4,1.0,0.0,1.0,0.0
2025-08-10,Norway,Austria,"Botkyrka Cricket Center, Stockholm",Austria,field,T20,2025,Austria,0,0,0.525,0.7142857142857143,0.6,1.0,0.3333333333333333,0.6666666666666666,1.0,1.0
2025-08-10,Sweden,France,"Botkyrka Cricket Center, Stockholm",Sweden,bat,T20,2025,France,0,1,0.4,0.45161290322580644,0.2,0.0,0.5,0.5,0.0,0.0
2025-08-10,Australia,South Africa,"Marrara Stadium, Darwin",South Africa,field,T20,2025,Australia,1,0,0.5829145728643216,0.5515463917525774,1.0,0.4,0.68,0.32,0.5,0.5
2025-08-12,South Africa,Australia,"Marrara Stadium, Darwin",Australia,field,T20,2025,South Africa,1,0,0.5487179487179488,0.585,0.2,1.0,0.3076923076923077,0.6923076923076923,0.0,1.0
2025-08-14,Guernsey,Papua New Guinea,"King George V Sports Ground, Castel",Papua New Guinea,field,T20,2025,Papua New Guinea,0,0,0.53125,0.5185185185185185,0.0,0.2,0.5,0.5,0.6,0.5
2025-08-16,South Africa,Australia,"Cazaly's Stadium, Cairns",Australia,field,T20,2025,Australia,0,0,0.5510204081632653,0.582089552238806,0.4,0.8,0.3333333333333333,0.6666666666666666,0.5,0.5
2025-08-17,Sweden,Norway,"Stubberudmyra Cricket Ground, Oslo",Sweden,bat,T20,2025,Norway,0,1,0.38461538461538464,0.5121951219512195,0.0,0.6,0.0,1.0,0.5,0.5
2025-08-17,Norway,Hungary,"Stubberudmyra Cricket Ground, Oslo",Norway,bat,T20,2025,Norway,1,1,0.5238095238095238,0.5,0.8,0.6,0.5,0.5,1.0,0.5
2025-08-17,Sweden,Hungary,"Stubberudmyra Cricket Ground, Oslo",Hungary,field,T20,2025,Sweden,1,0,0.37037037037037035,0.4857142857142857,0.0,0.4,0.5,0.5,0.0,0.0
2025-08-21,Czech Republic,Romania,"Moara Vlasiei Cricket Ground, Ilfov County",Romania,field,T20,2025,Czech Republic,1,0,0.45161290322580644,0.6444444444444445,0.0,0.6,0.0,1.0,0.0,0.7142857142857143
2025-08-21,Romania,Czech Republic,"Moara Vlasiei Cricket Ground, Ilfov County",Romania,bat,T20,2025,Romania,1,1,0.6304347826086957,0.46875,0.4,0.2,0.6666666666666666,0.3333333333333333,0.6666666666666666,0.3333333333333333
2025-08-22,Romania,Czech Republic,"Moara Vlasiei Cricket Ground, Ilfov County",Romania,bat,T20,2025,Czech Republic,0,1,0.6382978723404256,0.45454545454545453,0.6,0.2,0.75,0.25,0.6875,0.25
2025-08-22,Romania,Czech Republic,"Moara Vlasiei Cricket Ground, Ilfov County",Czech Republic,field,T20,2025,Romania,1,0,0.625,0.47058823529411764,0.6,0.4,0.6,0.4,0.6470588235294118,0.4
2025-08-23,Austria,Belgium,"Velden Cricket Ground, Latschach",Austria,bat,T20,2025,Austria,1,1,0.72,0.6451612903225806,1.0,0.6,1.0,0.0,0.8,0.5
2025-08-23,Belgium,Austria,"Velden Cricket Ground, Latschach",Austria,field,T20,2025,Austria,0,0,0.625,0.7254901960784313,0.6,1.0,0.0,1.0,0.0,0.8333333333333334
2025-08-24,Belgium,Austria,"Velden Cricket Ground, Latschach",Belgium,bat,T20,2025,Austria,0,1,0.6060606060606061,0.7307692307692307,0.4,1.0,0.0,1.0,0.0,0.8571428571428571
2025-08-24,Belgium,Austria,"Velden Cricket Ground, Latschach",Austria,field,T20,2025,Austria,0,0,0.5882352941176471,0.7358490566037735,0.2,1.0,0.0,1.0,0.0,0.875
2025-08-30,Netherlands,Bangladesh,Sylhet International Cricket Stadium,Bangladesh,field,T20,2025,Bangladesh,0,0,0.5377358490566038,0.39080459770114945,0.6,0.8,0.2,0.8,0.5,0.2
2025-08-30,Pakistan,United Arab Emirates,Sharjah Cricket Stadium,Pakistan,bat,T20,2025,Pakistan,1,1,0.5894308943089431,0.580952380952381,0.6,0.6,1.0,0.0,1.0,0.6666666666666666
2025-09-01,Netherlands,Bangladesh,Sylhet International Cricket Stadium,Bangladesh,field,T20,2025,Bangladesh,0,0,0.5327102803738317,0.3942857142857143,0.6,0.8,0.16666666666666666,0.8333333333333334,0.0,0.3333333333333333
2025-09-03,Zimbabwe,Sri Lanka,Harare Sports Club,Sri Lanka,field,T20,2025,Sri Lanka,0,0,0.3972602739726027,0.4444444444444444,0.2,0.4,0.2,0.8,0.24444444444444444,0.5
2025-09-04,Pakistan,United Arab Emirates,Sharjah Cricket Stadium,Pakistan,bat,T20,2025,Pakistan,1,1,0.5910931174089069,0.5754716981132075,0.8,0.6,1.0,0.0,1.0,0.5
2025-09-06,Sri Lanka,Zimbabwe,Harare Sports Club,Zimbabwe,field,T20,2025,Zimbabwe,0,0,0.4473684210526316,0.3945578231292517,0.6,0.0,0.8333333333333334,0.16666666666666666,1.0,0.2391304347826087
2025-09-07,Zimbabwe,Sri Lanka,Harare Sports Club,Sri Lanka,field,T20,2025,Sri Lanka,0,0,0.39864864864864863,0.44502617801047123,0.2,0.4,0.2857142857142857,0.7142857142857143,0.2553191489361702,0.5
2025-09-10,United Arab Emirates,India,Dubai International Cricket Stadium,India,field,T20,2025,India,0,0,0.5700934579439252,0.6885964912280702,0.4,0.8,0.0,1.0,0.25,0.5
2025-09-10,South Africa,England,"Sophia Gardens, Cardiff",England,field,T20,2025,South Africa,1,0,0.5482233502538071,0.5412371134020618,0.2,0.6,0.52,0.48,1.0,0.75
2025-09-11,Hong Kong,Bangladesh,"Zayed Cricket Stadium, Abu Dhabi",Bangladesh,field,T20,2025,Bangladesh,0,0,0.4803921568627451,0.3977272727272727,0.6,0.8,1.0,0.0,0.5,0.0
2025-09-12,Eswatini,Mozambique,Malkerns Country Club oval,Eswatini,bat,T20,2025,Eswatini,1,1,0.3,0.4444444444444444,0.4,0.6,0.0,1.0,0.5,0.5
2025-09-12,Eswatini,Mozambique,Malkerns Country Club oval,Eswatini,bat,T20,2025,Eswatini,1,1,0.36363636363636365,0.42105263157894735,0.6,0.6,0.5,0.5,1.0,0.0
2025-09-12,Pakistan,Oman,Dubai International Cricket Stadium,Pakistan,bat,T20,2025,Pakistan,1,1,0.592741935483871,0.47619047619047616,0.8,0.0,0.5,0.5,0.5333333333333333,0.3333333333333333
2025-09-12,England,South Africa,"Old Trafford, Manchester",South Africa,field,T20,2025,England,1,0,0.5384615384615384,0.5505050505050505,0.6,0.4,0.46153846153846156,0.5384615384615384,1.0,0.5
2025-09-13,Bangladesh,Sri Lanka,"Zayed Cricket Stadium, Abu Dhabi",Sri Lanka,field,T20,2025,Sri Lanka,0,0,0.4011299435028249,0.4479166666666667,0.8,0.4,0.4,0.6,0.3333333333333333,1.0
2025-09-13,Eswatini,Mozambique,Malkerns Country Club oval,Eswatini,bat,T20,2025,Eswatini,1,1,0.4166666666666667,0.4,0.6,0.6,0.6666666666666666,0.3333333333333333,1.0,0.0
2025-09-14,Pakistan,India,Dubai International Cricket Stadium,Pakistan,bat,T20,2025,India,0,1,0.5943775100401606,0.6899563318777293,0.8,0.8,0.25,0.75,0.5483870967741935,0.5555555555555556
2025-09-15,Zimbabwe,Namibia,"Queens Sports Club, Bulawayo",Namibia,field,T20,2025/26,Zimbabwe,1,0,0.3959731543624161,0.6027397260273972,0.2,0.6,0.46153846153846156,0.5384615384615384,0.6153846153846154,0.6
2025-09-15,United Arab Emirates,Oman,"Zayed Cricket Stadium, Abu Dhabi",Oman,field,T20,2025,United Arab Emirates,1,0,0.5648148148148148,0.47058823529411764,0.2,0.0,0.5,0.5,0.5,0.5
2025-09-15,Hong Kong,Sri Lanka,Dubai International Cricket Stadium,Sri Lanka,field,T20,2025,Sri Lanka,0,0,0.47572815533980584,0.45077720207253885,0.4,0.6,0.5,0.5,0.3333333333333333,0.7142857142857143
2025-09-16,Namibia,Zimbabwe,"Queens Sports Club, Bulawayo",Zimbabwe,field,T20,2025/26,Zimbabwe,0,0,0.5945945945945946,0.4,0.6,0.4,0.5,0.5,0.5,0.6428571428571429
2025-09-17,Ireland,England,"The Village, Malahide, Dublin",England,field,T20,2025,England,0,0,0.46564885496183206,0.5408163265306123,0.2,0.8,1.0,0.0,0.0,0.5
2025-09-17,Pakistan,United Arab Emirates,Dubai International Cricket Stadium,United Arab Emirates,field,T20,2025,Pakistan,1,0,0.592,0.5688073394495413,0.8,0.2,1.0,0.0,0.53125,0.23076923076923078
2025-09-18,Namibia,Zimbabwe,"Queens Sports Club, Bulawayo",Namibia,bat,T20,2025/26,Namibia,1,1,0.5866666666666667,0.40397350993377484,0.6,0.6,0.4666666666666667,0.5333333333333333,0.42857142857142855,0.6666666666666666
2025-09-19,India,Oman,"Zayed Cricket Stadium, Abu Dhabi",India,bat,T20,2025,India,1,1,0.691304347826087,0.46511627906976744,0.8,0.0,0.5,0.5,0.5,0.0
2025-09-20,Sri Lanka,Bangladesh,Dubai International Cricket Stadium,Bangladesh,field,T20,2025,Bangladesh,0,0,0.4536082474226804,0.398876404494382,0.8,0.6,0.6190476190476191,0.38095238095238093,0.75,0.5
2025-09-21,Pakistan,India,Dubai International Cricket Stadium,India,field,T20,2025,India,0,0,0.5936254980079682,0.6926406926406926,0.8,1.0,0.23076923076923078,0.7692307692307693,0.5454545454545454,0.6
2025-09-21,Ireland,England,"The Village, Malahide, Dublin",England,field,T20,2025,England,0,0,0.4621212121212121,0.5431472081218274,0.2,0.8,0.5,0.5,0.0,1.0
2025-09-23,Sri Lanka,Pakistan,"Zayed Cricket Stadium, Abu Dhabi",Pakistan,field,T20,2025,Pakistan,0,0,0.4512820512820513,0.5912698412698413,0.6,0.6,0.43478260869565216,0.5652173913043478,1.0,1.0
2025-09-24,India,Bangladesh,Dubai International Cricket Stadium,Bangladesh,field,T20,2025,India,1,0,0.6939655172413793,0.4022346368715084,1.0,0.8,0.9411764705882353,0.058823529411764705,0.6363636363636364,0.6
2025-09-25,Pakistan,Bangladesh,Dubai International Cricket Stadium,Bangladesh,field,T20,2025,Pakistan,1,0,0.5928853754940712,0.4,0.6,0.6,0.8,0.2,0.5294117647058824,0.5
2025-09-26,Botswana,Tanzania,"Takashinga Sports Club, Highfield, Harare",Botswana,bat,T20,2025/26,Tanzania,0,1,0.35,0.5806451612903226,0.2,0.6,0.0,1.0,0.5,0.5
2025-09-26,Uganda,Zimbabwe,Harare Sports Club,Uganda,bat,T20,2025/26,Zimbabwe,0,1,0.8041237113402062,0.40131578947368424,1.0,0.6,1.0,0.0,0.5,0.25
2025-09-26,Malawi,Nigeria,"Takashinga Sports Club, Highfield, Harare",Nigeria,field,T20,2025/26,Nigeria,0,0,0.3870967741935484,0.47297297297297297,0.4,0.0,0.5,0.5,0.5,0.5
2025-09-26,Namibia,Kenya,Harare Sports Club,Kenya,field,T20,2025/26,Namibia,1,0,0.5921052631578947,0.5402298850574713,0.6,0.4,1.0,0.0,0.5,0.5
2025-09-27,Nepal,West Indies,Sharjah Cricket Stadium,West Indies,field,T20,2025,Nepal,1,0,0.5934065934065934,0.4368932038834951,0.6,0.2,0.5,0.5,0.5,1.0
2025-09-28,Tanzania,Uganda,"Takashinga Sports Club, Highfield, Harare",Uganda,field,T20,2025/26,Tanzania,1,0,0.5873015873015873,0.7959183673469388,0.8,0.8,0.14285714285714285,0.8571428571428571,1.0,0.5
2025-09-28,Malawi,Kenya,"Takashinga Sports Club, Highfield, Harare",Malawi,bat,T20,2025/26,Malawi,1,1,0.375,0.5340909090909091,0.4,0.2,0.0,1.0,0.0,0.5
2025-09-28,Zimbabwe,Botswana,Harare Sports Club,Botswana,field,T20,2025/26,Zimbabwe,1,0,0.40522875816993464,0.34146341463414637,0.6,0.0,0.5,0.5,0.2653061224489796,0.5
2025-09-28,Namibia,Nigeria,Harare Sports Club,Nigeria,field,T20,2025/26,Namibia,1,0,0.5974025974025974,0.48,0.6,0.2,0.5,0.5,1.0,0.5
2025-09-28,Pakistan,India,Dubai International Cricket Stadium,India,field,T20,2025,India,0,0,0.594488188976378,0.6952789699570815,0.6,1.0,0.21428571428571427,0.7857142857142857,0.5428571428571428,0.6666666666666666
2025-09-29,Kuwait,Oman,Al Amerat Cricket Ground Oman Cricket (Ministry Turf 1),Oman,field,T20,2025/26,Oman,0,0,0.6229508196721312,0.45977011494252873,0.6,0.0,0.3333333333333333,0.6666666666666666,0.7777777777777778,0.45
2025-09-29,Nepal,West Indies,Sharjah Cricket Stadium,Nepal,bat,T20,2025,Nepal,1,1,0.5978260869565217,0.43478260869565216,0.6,0.2,1.0,0.0,1.0,0.5
2025-09-30,Malawi,Namibia,Harare Sports Club,Malawi,bat,T20,2025/26,Namibia,0,1,0.3939393939393939,0.6025641025641025,0.4,0.6,0.5,0.5,0.5,1.0
2025-09-30,Nepal,West Indies,Sharjah Cricket Stadium,West Indies,field,T20,2025,West Indies,0,0,0.6021505376344086,0.4326923076923077,0.8,0.2,1.0,0.0,1.0,0.3333333333333333
2025-09-30,Nigeria,Kenya,"Takashinga Sports Club, Highfield, Harare",Nigeria,bat,T20,2025/26,Kenya,0,1,0.47368421052631576,0.5280898876404494,0.2,0.2,0.23076923076923078,0.7692307692307693,1.0,0.0
2025-09-30,Zimbabwe,Tanzania,Harare Sports Club,Tanzania,field,T20,2025/26,Zimbabwe,1,0,0.4090909090909091,0.59375,0.8,0.8,1.0,0.0,0.28,0.5
2025-09-30,Botswana,Uganda,"Takashinga Sports Club, Highfield, Harare",Uganda,field,T20,2025/26,Uganda,0,0,0.3333333333333333,0.7878787878787878,0.0,0.6,0.0,1.0,0.0,0.0
2025-10-01,New Zealand,Australia,"Bay Oval, Mount Maunganui",Australia,field,T20,2025/26,Australia,0,0,0.5648148148148148,0.5841584158415841,1.0,0.8,0.2777777777777778,0.7222222222222222,0.8,0.5
2025-10-02,Namibia,Tanzania,Harare Sports Club,Tanzania,field,T20,2025/26,Namibia,1,0,0.6075949367088608,0.5846153846153846,0.8,0.8,1.0,0.0,1.0,0.0
2025-10-02,Nigeria,Botswana,"Takashinga Sports Club, Highfield, Harare",Nigeria,bat,T20,2025/26,Nigeria,1,1,0.4675324675324675,0.32558139534883723,0.2,0.0,0.8,0.2,0.5,0.0
2025-10-02,Kenya,Zimbabwe,Harare Sports Club,Kenya,bat,T20,2025/26,Zimbabwe,0,1,0.5333333333333333,0.4129032258064516,0.4,0.8,0.0,1.0,0.0,0.29411764705882354
2025-10-02,Uganda,Malawi,"Takashinga Sports Club, Highfield, Harare",Uganda,bat,T20,2025/26,Uganda,1,1,0.79,0.38235294117647056,0.6,0.4,1.0,0.0,0.5,0.5
2025-10-04,New Zealand,Australia,"Bay Oval, Mount Maunganui",Australia,field,T20,2025/26,Australia,0,0,0.5622119815668203,0.5862068965517241,0.8,0.8,0.2631578947368421,0.7368421052631579,0.6666666666666666,1.0
2025-10-04,Namibia,Zimbabwe,Harare Sports Club,Zimbabwe,field,T20,2025/26,Zimbabwe,0,0,0.6125,0.4166666666666667,1.0,0.8,0.5,0.5,1.0,0.3076923076923077
2025-10-04,Uganda,Nigeria,"Takashinga Sports Club, Highfield, Harare",Uganda,bat,T20,2025/26,Uganda,1,1,0.7920792079207921,0.47435897435897434,0.6,0.4,1.0,0.0,0.6666666666666666,0.6666666666666666
2025-10-04,Kenya,Tanzania,Harare Sports Club,Tanzania,field,T20,2025/26,Kenya,1,0,0.5274725274725275,0.5757575757575758,0.4,0.6,0.5,0.5,0.0,0.0
2025-10-04,Malawi,Botswana,"Takashinga Sports Club, Highfield, Harare",Malawi,bat,T20,2025/26,Malawi,1,1,0.37142857142857144,0.3181818181818182,0.2,0.0,0.5,0.5,0.3333333333333333,0.0
2025-10-08,Qatar,United Arab Emirates,Al Amerat Cricket Ground Oman Cricket (Ministry Turf 1),Qatar,bat,T20,2025/26,United Arab Emirates,0,1,0.5,0.5636363636363636,0.4,0.2,0.0,1.0,0.3333333333333333,0.7333333333333333
2025-10-08,Nepal,Kuwait,Al Amerat Cricket Ground Oman Cricket (Ministry Turf 1),Kuwait,field,T20,2025/26,Nepal,1,0,0.5957446808510638,0.6129032258064516,0.6,0.6,0.6666666666666666,0.3333333333333333,0.5333333333333333,0.7
2025-10-08,Samoa,Oman,Al Amerat Cricket Ground Oman Cricket (Ministry Turf 2),Oman,field,T20,2025/26,Oman,0,0,0.23529411764705882,0.4659090909090909,0.0,0.2,0.5,0.5,0.5,0.6
2025-10-09,Malaysia,Qatar,Al Amerat Cricket Ground Oman Cricket (Ministry Turf 2),Qatar,field,T20,2025/26,Qatar,0,0,0.5789473684210527,0.4888888888888889,1.0,0.4,0.3333333333333333,0.6666666666666666,0.5,0.3333333333333333
2025-10-09,Kuwait,Japan,Al Amerat Cricket Ground Oman Cricket (Ministry Turf 1),Japan,field,T20,2025/26,Japan,0,0,0.6031746031746031,0.7,0.4,0.8,0.5,0.5,0.6363636363636364,0.5
2025-10-09,Papua New Guinea,Samoa,Al Amerat Cricket Ground Oman Cricket (Ministry Turf 1),Papua New Guinea,bat,T20,2025/26,Samoa,0,1,0.5272727272727272,0.2222222222222222,0.2,0.0,0.5,0.5,0.16666666666666666,0.5
2025-10-10,Oman,Papua New Guinea,Al Amerat Cricket Ground Oman Cricket (Ministry Turf 1),Papua New Guinea,field,T20,2025/26,Oman,1,0,0.47191011235955055,0.5178571428571429,0.4,0.2,0.75,0.25,0.4634146341463415,0.14285714285714285
2025-10-10,Malaysia,United Arab Emirates,Al Amerat Cricket Ground Oman Cricket (Ministry Turf 2),United Arab Emirates,field,T20,2025/26,United Arab Emirates,0,0,0.5729166666666666,0.5675675675675675,0.8,0.4,0.5,0.5,0.3333333333333333,0.8
2025-10-10,Japan,Nepal,Al Amerat Cricket Ground Oman Cricket (Ministry Turf 1),Nepal,field,T20,2025/26,Nepal,0,0,0.7073170731707317,0.6,0.8,0.6,0.5,0.5,1.0,0.5625
2025-10-11,South Africa,Namibia,"Namibia Cricket Ground, Windhoek",South Africa,bat,T20,2025/26,Namibia,0,1,0.5477386934673367,0.6049382716049383,0.4,0.8,0.5,0.5,0.5,1.0
2025-10-12,Oman,Qatar,Al Amerat Cricket Ground Oman Cricket (Ministry Turf 2),Qatar,field,T20,2025/26,Oman,1,0,0.4777777777777778,0.5,0.6,0.6,1.0,0.0,0.6666666666666666,0.5
2025-10-12,Nepal,United Arab Emirates,Al Amerat Cricket Ground Oman Cricket (Ministry Turf 1),Nepal,bat,T20,2025/26,Nepal,1,1,0.6041666666666666,0.5714285714285714,0.8,0.6,0.5,0.5,0.5882352941176471,0.75
2025-10-12,Japan,Samoa,Al Amerat Cricket Ground Oman Cricket (Ministry Turf 1),Samoa,field,T20,2025/26,Japan,1,0,0.6904761904761905,0.2631578947368421,0.6,0.2,0.5,0.5,0.5,1.0
2025-10-13,United Arab Emirates,Oman,Al Amerat Cricket Ground Oman Cricket (Ministry Turf 1),United Arab Emirates,bat,T20,2025/26,Oman,0,1,0.5663716814159292,0.4835164835164835,0.6,0.8,0.5555555555555556,0.4444444444444444,0.7058823529411765,0.47619047619047616
2025-10-13,Nepal,Qatar,Al Amerat Cricket Ground Oman Cricket (Ministry Turf 1),Qatar,field,T20,2025/26,Nepal,1,0,0.6082474226804123,0.48936170212765956,0.8,0.6,0.6666666666666666,0.3333333333333333,0.6111111111111112,0.25
2025-10-15,United Arab Emirates,Samoa,Al Amerat Cricket Ground Oman Cricket (Ministry Turf 1),Samoa,field,T20,2025/26,United Arab Emirates,1,0,0.5614035087719298,0.25,0.4,0.2,0.5,0.5,0.6666666666666666,0.5
2025-10-15,Japan,Qatar,Al Amerat Cricket Ground Oman Cricket (Ministry Turf 2),Qatar,field,T20,2025/26,Qatar,0,0,0.6976744186046512,0.4791666666666667,0.8,0.4,0.5,0.5,0.5,0.4
2025-10-15,Nepal,Oman,Al Amerat Cricket Ground Oman Cricket (Ministry Turf 1),Nepal,bat,T20,2025/26,Nepal,1,1,0.6122448979591837,0.4891304347826087,0.8,1.0,0.7142857142857143,0.2857142857142857,0.631578947368421,0.4883720930232558
2025-10-16,Samoa,Qatar,Al Amerat Cricket Ground Oman Cricket (Ministry Turf 1),Qatar,field,T20,2025/26,Qatar,0,0,0.23809523809523808,0.4897959183673469,0.2,0.4,0.5,0.5,0.3333333333333333,0.2
2025-10-16,Japan,United Arab Emirates,Al Amerat Cricket Ground Oman Cricket (Ministry Turf 1),United Arab Emirates,field,T20,2025/26,United Arab Emirates,0,0,0.6818181818181818,0.5652173913043478,0.6,0.6,0.5,0.5,0.6666666666666666,0.6842105263157895
2025-10-17,Japan,Oman,Al Amerat Cricket Ground Oman Cricket (Ministry Turf 2),Oman,field,T20,2025/26,Oman,0,0,0.6666666666666666,0.4838709677419355,0.4,0.8,0.5,0.5,0.0,0.7142857142857143
2025-10-17,Nepal,Samoa,Al Amerat Cricket Ground Oman Cricket (Ministry Turf 1),Samoa,field,T20,2025/26,Nepal,1,0,0.6161616161616161,0.22727272727272727,1.0,0.2,0.5,0.5,0.65,0.25
2025-10-18,Austria,Romania,"Moara Vlasiei Cricket Ground, Ilfov County",Austria,bat,T20,2025/26,Romania,0,1,0.7407407407407407,0.6326530612244898,1.0,0.6,0.5,0.5,1.0,0.6666666666666666
2025-10-18,Romania,Austria,"Moara Vlasiei Cricket Ground, Ilfov County",Austria,field,T20,2025/26,Austria,0,0,0.64,0.7272727272727273,0.6,0.8,0.6666666666666666,0.3333333333333333,0.6842105263157895,0.6666666666666666
2025-10-19,Austria,Romania,"Moara Vlasiei Cricket Ground, Ilfov County",Romania,field,T20,2025/26,Austria,1,0,0.7321428571428571,0.6274509803921569,0.8,0.6,0.5,0.5,0.75,0.65
2025-10-19,Romania,Austria,"Moara Vlasiei Cricket Ground, Ilfov County",Austria,field,T20,2025/26,Austria,0,0,0.6153846153846154,0.7368421052631579,0.4,0.8,0.4,0.6,0.6190476190476191,0.8
2025-10-20,England,New Zealand,"Hagley Oval, Christchurch",New Zealand,field,T20,2025/26,England,1,0,0.5454545454545454,0.5596330275229358,0.8,0.6,0.6,0.4,0.5,0.625
2025-10-27,West Indies,Bangladesh,"Bir Sreshtho Flight Lieutenant Matiur Rahman Stadium, Chattogram",West Indies,bat,T20,2025/26,West Indies,1,1,0.4354066985645933,0.39779005524861877,0.4,0.4,0.5294117647058824,0.47058823529411764,0.5,0.5
2025-10-28,South Africa,Pakistan,Rawalpindi Cricket Stadium,Pakistan,field,T20,2025/26,South Africa,1,0,0.545,0.592156862745098,0.4,0.6,0.4782608695652174,0.5217391304347826,0.5,0.6666666666666666
2025-10-29,West Indies,Bangladesh,"Bir Sreshtho Flight Lieutenant Matiur Rahman Stadium, Chattogram",West Indies,bat,T20,2025/26,West Indies,1,1,0.4380952380952381,0.3956043956043956,0.4,0.2,0.5555555555555556,0.4444444444444444,1.0,0.0
2025-10-31,Cyprus,Serbia,Happy Valley Ground,Cyprus,bat,T20,2025/26,Cyprus,1,1,0.52,0.32142857142857145,1.0,0.4,0.0,1.0,0.45454545454545453,0.5
2025-10-31,Cyprus,Serbia,Happy Valley Ground 2,Cyprus,bat,T20,2025/26,Cyprus,1,1,0.5384615384615384,0.3103448275862069,1.0,0.4,0.5,0.5,0.5,0.5
2025-10-31,India,Australia,Melbourne Cricket Ground,Australia,field,T20,2025/26,Australia,0,0,0.6965811965811965,0.5882352941176471,1.0,0.8,0.6451612903225806,0.3548387096774194,0.8,0.6428571428571429
2025-10-31,South Africa,Pakistan,"Gaddafi Stadium, Lahore",Pakistan,field,T20,2025/26,Pakistan,0,0,0.5472636815920398,0.58984375,0.4,0.4,0.5,0.5,0.5,0.5833333333333334
2025-10-31,Bangladesh,West Indies,"Bir Sreshtho Flight Lieutenant Matiur Rahman Stadium, Chattogram",Bangladesh,bat,T20,2025/26,West Indies,0,1,0.39344262295081966,0.44075829383886256,0.2,0.6,0.42105263157894735,0.5789473684210527,0.0,1.0
2025-11-01,South Africa,Pakistan,"Gaddafi Stadium, Lahore",Pakistan,field,T20,2025/26,Pakistan,0,0,0.5445544554455446,0.5914396887159533,0.4,0.6,0.48,0.52,0.0,0.6153846153846154
2025-11-01,Serbia,Bulgaria,Happy Valley Ground 2,Bulgaria,field,T20,2025/26,Bulgaria,0,0,0.3,0.35,0.4,0.6,0.375,0.625,0.0,0.5
2025-11-01,Bulgaria,Serbia,Happy Valley Ground 2,Serbia,field,T20,2025/26,Bulgaria,1,0,0.36585365853658536,0.2903225806451613,0.8,0.4,0.6666666666666666,0.3333333333333333,1.0,0.0
2025-11-02,Bulgaria,Cyprus,Happy Valley Ground 2,Cyprus,field,T20,2025/26,Cyprus,0,0,0.38095238095238093,0.5555555555555556,0.8,1.0,0.5,0.5,1.0,1.0
2025-11-02,Cyprus,Bulgaria,Happy Valley Ground 2,Bulgaria,field,T20,2025/26,Cyprus,1,0,0.5714285714285714,0.37209302325581395,1.0,0.6,1.0,0.0,1.0,0.6666666666666666
2025-11-02,Australia,India,"Bellerive Oval, Hobart",India,field,T20,2025/26,India,0,0,0.5902439024390244,0.6936170212765957,0.8,0.8,0.375,0.625,1.0,0.5
2025-11-03,Bulgaria,Cyprus,Happy Valley Ground 2,Bulgaria,bat,T20,2025/26,Cyprus,0,1,0.36363636363636365,0.5862068965517241,0.6,1.0,0.0,1.0,0.5,1.0
2025-11-03,Bulgaria,Cyprus,Happy Valley Ground 2,Bulgaria,bat,T20,2025/26,Cyprus,0,1,0.35555555555555557,0.6,0.4,1.0,0.0,1.0,0.4,1.0
2025-11-05,West Indies,New Zealand,"Eden Park, Auckland",New Zealand,field,T20,2025/26,West Indies,1,0,0.44339622641509435,0.5570776255707762,0.8,0.4,0.3333333333333333,0.6666666666666666,0.5,0.25
2025-11-06,Timor-Leste,Indonesia,Udayana Cricket Ground,Timor-Leste,bat,T20,2025/26,Indonesia,0,1,0.5,0.453125,0.5,0.4,0.5,0.5,0.5,0.5
2025-11-06,India,Australia,Carrara Oval,Australia,field,T20,2025/26,India,1,0,0.6949152542372882,0.587378640776699,0.8,0.8,0.6363636363636364,0.36363636363636365,0.5,0.5
2025-11-06,Myanmar,Indonesia,Udayana Cricket Ground,Myanmar,bat,T20,2025/26,Indonesia,0,1,0.058823529411764705,0.46153846153846156,0.0,0.4,0.0,1.0,0.0,0.5116279069767442
2025-11-06,New Zealand,West Indies,"Eden Park, Auckland",West Indies,field,T20,2025/26,New Zealand,1,0,0.5545454545454546,0.4460093896713615,0.2,1.0,0.625,0.375,0.2,1.0
2025-11-07,Timor-Leste,Myanmar,Udayana Cricket Ground,Timor-Leste,bat,T20,2025/26,Myanmar,0,1,0.0,0.05555555555555555,0.0,0.0,0.5,0.5,0.0,0.0
2025-11-08,Timor-Leste,Indonesia,Udayana Cricket Ground,Indonesia,field,T20,2025/26,Indonesia,0,0,0.0,0.4696969696969697,0.0,0.6,0.0,1.0,0.0,0.5227272727272727
2025-11-08,Indonesia,Myanmar,Udayana Cricket Ground,Indonesia,bat,T20,2025/26,Indonesia,1,1,0.47761194029850745,0.10526315789473684,0.8,0.2,1.0,0.0,0.5333333333333333,0.125
2025-11-09,New Zealand,West Indies,"Saxton Oval, Nelson",New Zealand,bat,T20,2025/26,New Zealand,1,1,0.5565610859728507,0.4439252336448598,0.2,0.8,0.6470588235294118,0.35294117647058826,0.0,0.5
2025-11-09,Timor-Leste,Myanmar,Udayana Cricket Ground,Timor-Leste,bat,T20,2025/26,Myanmar,0,1,0.0,0.1,0.0,0.2,0.0,1.0,0.0,0.1111111111111111
2025-11-11,Myanmar,Indonesia,Udayana Cricket Ground,Indonesia,field,T20,2025/26,Indonesia,0,0,0.14285714285714285,0.4852941176470588,0.4,1.0,0.0,1.0,0.2,0.5434782608695652
2025-11-11,Timor-Leste,Indonesia,Udayana Cricket Ground,Timor-Leste,bat,T20,2025/26,Indonesia,0,1,0.0,0.4927536231884058,0.0,1.0,0.0,1.0,0.0,0.5531914893617021
2025-11-12,Qatar,Hong Kong,"West End Park International Cricket Stadium, Doha",Qatar,bat,T20,2025/26,Qatar,1,1,0.5,0.47115384615384615,0.6,0.4,0.2,0.8,0.6666666666666666,0.5
2025-11-12,Myanmar,Timor-Leste,Udayana Cricket Ground,Myanmar,bat,T20,2025/26,Myanmar,1,1,0.13636363636363635,0.0,0.4,0.0,1.0,0.0,0.18181818181818182,0.0
2025-11-13,Hong Kong,Qatar,University of Doha for Science and Technology,Qatar,field,T20,2025/26,Hong Kong,1,0,0.4666666666666667,0.5098039215686274,0.2,0.6,0.6666666666666666,0.3333333333333333,0.5,0.8
2025-11-13,Timor-Leste,Indonesia,Udayana Cricket Ground,Indonesia,field,T20,2025/26,Indonesia,0,0,0.0,0.5,0.0,1.0,0.0,1.0,0.0,0.5625
2025-11-13,West Indies,New Zealand,"University Oval, Dunedin",New Zealand,field,T20,2025/26,New Zealand,0,0,0.4418604651162791,0.5585585585585585,0.6,0.4,0.3333333333333333,0.6666666666666666,0.5,1.0
2025-11-13,Myanmar,Indonesia,Udayana Cricket Ground,Myanmar,bat,T20,2025/26,Indonesia,0,1,0.17391304347826086,0.5070422535211268,0.6,1.0,0.0,1.0,0.25,0.5714285714285714
2025-11-14,Myanmar,Timor-Leste,Udayana Cricket Ground,Myanmar,bat,T20,2025/26,Myanmar,1,1,0.16666666666666666,0.0,0.4,0.0,1.0,0.0,0.23076923076923078,0.0
2025-11-16,United Arab Emirates,Oman,"West End Park International Cricket Stadium, Doha",United Arab Emirates,bat,T20,2025/26,Oman,0,1,0.5689655172413793,0.48936170212765956,0.6,0.8,0.5,0.5,0.6666666666666666,0.6666666666666666
2025-11-18,Bahrain,Indonesia,Udayana Cricket Ground,Indonesia,field,T20,2025/26,Bahrain,1,0,0.6162790697674418,0.5138888888888888,1.0,1.0,0.8,0.2,0.8,0.58
2025-11-18,Zimbabwe,Pakistan,Rawalpindi Cricket Stadium,Pakistan,field,T20,2025/26,Pakistan,0,0,0.42038216560509556,0.5930232558139535,1.0,0.6,0.15,0.85,0.0,0.5714285714285714
2025-11-19,Bahrain,Indonesia,Udayana Cricket Ground,Indonesia,field,T20,2025/26,Bahrain,1,0,0.6206896551724138,0.5068493150684932,1.0,0.8,0.8333333333333334,0.16666666666666666,0.8333333333333334,0.5686274509803921
2025-11-20,Zimbabwe,Sri Lanka,Rawalpindi Cricket Stadium,Sri Lanka,field,T20,2025/26,Zimbabwe,1,0,0.4177215189873418,0.4489795918367347,0.8,0.6,0.25,0.75,0.0,0.5
2025-11-21,Indonesia,Bahrain,Udayana Cricket Ground,Bahrain,field,T20,2025/26,Bahrain,0,0,0.5,0.625,0.6,1.0,0.14285714285714285,0.8571428571428571,0.5576923076923077,0.8571428571428571
2025-11-22,Sri Lanka,Pakistan,Rawalpindi Cricket Stadium,Sri Lanka,bat,T20,2025/26,Pakistan,0,1,0.4467005076142132,0.5945945945945946,0.4,0.6,0.4166666666666667,0.5833333333333334,0.0,0.625
2025-11-23,Pakistan,Zimbabwe,Rawalpindi Cricket Stadium,Pakistan,bat,T20,2025/26,Pakistan,1,1,0.5961538461538461,0.42138364779874216,0.8,0.8,0.8571428571428571,0.14285714285714285,0.6666666666666666,0.2
2025-11-25,Bahrain,Malaysia,"Bayuemas Oval, Kuala Lumpur",Malaysia,field,T20,2025/26,Malaysia,0,0,0.6292134831460674,0.5670103092783505,1.0,0.6,0.7142857142857143,0.2857142857142857,1.0,0.6071428571428571
2025-11-25,Zimbabwe,Sri Lanka,Rawalpindi Cricket Stadium,Zimbabwe,bat,T20,2025/26,Sri Lanka,0,1,0.41875,0.4444444444444444,0.6,0.2,0.3333333333333333,0.6666666666666666,0.16666666666666666,0.0
2025-11-27,Sri Lanka,Pakistan,Rawalpindi Cricket Stadium,Pakistan,field,T20,2025/26,Sri Lanka,1,0,0.4472361809045226,0.5977011494252874,0.2,1.0,0.4,0.6,0.3333333333333333,0.7
2025-11-27,Ireland,Bangladesh,"Bir Sreshtho Flight Lieutenant Matiur Rahman Stadium, Chattogram",Bangladesh,field,T20,2025/26,Ireland,1,0,0.45864661654135336,0.391304347826087,0.2,0.0,0.4,0.6,0.5,0.0
2025-11-28,Brazil,Argentina,"St Albans Club, Buenos Aires",Brazil,bat,T20,2025/26,Argentina,0,1,0.3333333333333333,0.47619047619047616,0.2,0.8,0.0,1.0,0.5,0.6666666666666666
2025-11-29,Ireland,Bangladesh,"Bir Sreshtho Flight Lieutenant Matiur Rahman Stadium, Chattogram",Ireland,bat,T20,2025/26,Bangladesh,0,1,0.4626865671641791,0.3891891891891892,0.2,0.0,0.5,0.5,1.0,0.0
2025-11-29,Sri Lanka,Pakistan,Rawalpindi Cricket Stadium,Pakistan,field,T20,2025/26,Pakistan,0,0,0.45,0.5954198473282443,0.4,0.8,0.4230769230769231,0.5769230769230769,0.5,0.6363636363636364
2025-11-30,Thailand,Bahrain,"Bayuemas Oval, Kuala Lumpur",Bahrain,field,T20,2025/26,Bahrain,0,0,0.42,0.6222222222222222,0.4,0.8,1.0,0.0,0.3,0.9
2025-11-30,Argentina,Brazil,"St Albans Club, Buenos Aires",Brazil,field,T20,2025/26,Argentina,1,0,0.5,0.3,0.8,0.2,1.0,0.0,0.75,0.3333333333333333
2025-12-02,Ireland,Bangladesh,"Bir Sreshtho Flight Lieutenant Matiur Rahman Stadium, Chattogram",Ireland,bat,T20,2025/26,Bangladesh,0,1,0.45925925925925926,0.3924731182795699,0.2,0.2,0.42857142857142855,0.5714285714285714,0.5,0.2
2025-12-04,Sierra Leone,Rwanda,"Nigeria Cricket Federation Oval 1, Abuja",Rwanda,field,T20,2025/26,Rwanda,0,0,0.41379310344827586,0.2891566265060241,0.6,0.2,0.3333333333333333,0.6666666666666666,1.0,0.5
2025-12-04,Nigeria,Zambia,"Nigeria Cricket Federation Oval 1, Abuja",Zambia,field,T20,2025/26,Nigeria,1,0,0.46835443037974683,0.5,0.4,0.5,0.5,0.5,1.0,0.5
2025-12-05,Nigeria,Sierra Leone,"Nigeria Cricket Federation Oval 1, Abuja",Nigeria,bat,T20,2025/26,Nigeria,1,1,0.475,0.4,0.4,0.4,0.9,0.1,1.0,0.5
2025-12-05,Zambia,Rwanda,"Nigeria Cricket Federation Oval 1, Abuja",Rwanda,field,T20,2025/26,Rwanda,0,0,0.0,0.2976190476190476,0.0,0.4,0.5,0.5,0.0,1.0
2025-12-05,Croatia,Spain,La Manga Club Top Ground,Croatia,bat,T20,2025/26,Spain,0,1,0.17391304347826086,0.8055555555555556,0.0,1.0,0.0,1.0,0.5,1.0
2025-12-06,Nigeria,Rwanda,"Nigeria Cricket Federation Oval 1, Abuja",Rwanda,field,T20,2025/26,Nigeria,1,0,0.48148148148148145,0.3058823529411765,0.6,0.4,0.8571428571428571,0.14285714285714285,1.0,1.0
2025-12-06,Zambia,Sierra Leone,"Nigeria Cricket Federation Oval 1, Abuja",Zambia,bat,T20,2025/26,Zambia,1,1,0.0,0.3870967741935484,0.0,0.4,0.5,0.5,0.0,0.3333333333333333
2025-12-06,Spain,Croatia,La Manga Club Top Ground,Spain,bat,T20,2025/26,Spain,1,1,0.8108108108108109,0.16666666666666666,1.0,0.0,1.0,0.0,1.0,0.0
2025-12-06,Croatia,Spain,La Manga Club Top Ground,Spain,field,T20,2025/26,Spain,0,0,0.16,0.8157894736842105,0.0,1.0,0.0,1.0,0.0,1.0
2025-12-07,Sierra Leone,Nigeria,"Nigeria Cricket Federation Oval 1, Abuja",Nigeria,field,T20,2025/26,Nigeria,0,0,0.375,0.4878048780487805,0.2,0.8,0.09090909090909091,0.9090909090909091,0.25,1.0
2025-12-07,Zambia,Rwanda,"Nigeria Cricket Federation Oval 1, Abuja",Zambia,bat,T20,2025/26,Rwanda,0,1,0.3333333333333333,0.3023255813953488,0.3333333333333333,0.4,0.0,1.0,0.3333333333333333,0.6666666666666666
2025-12-07,Spain,Croatia,La Manga Club Top Ground,Spain,bat,T20,2025/26,Spain,1,1,0.8205128205128205,0.15384615384615385,1.0,0.0,1.0,0.0,1.0,0.0
2025-12-07,Croatia,Spain,La Manga Club Top Ground,Spain,field,T20,2025/26,Spain,0,0,0.14814814814814814,0.825,0.0,1.0,0.0,1.0,0.0,1.0
2025-12-08,Nigeria,Zambia,"Nigeria Cricket Federation Oval 1, Abuja",Zambia,field,T20,2025/26,Nigeria,1,0,0.4939759036144578,0.25,0.8,0.25,1.0,0.0,1.0,0.25
2025-12-08,Rwanda,Sierra Leone,"Nigeria Cricket Federation Oval 1, Abuja",Sierra Leone,field,T20,2025/26,Rwanda,1,0,0.3103448275862069,0.36363636363636365,0.6,0.2,0.75,0.25,0.75,0.2
2025-12-09,Rwanda,Nigeria,"Nigeria Cricket Federation Oval 1, Abuja",Nigeria,field,T20,2025/26,Rwanda,1,0,0.3181818181818182,0.5,0.8,1.0,0.125,0.875,0.8,1.0
2025-12-09,India,South Africa,"Barabati Stadium, Cuttack",South Africa,field,T20,2025/26,India,1,0,0.6962025316455697,0.541871921182266,0.8,0.2,0.6,0.4,0.0,1.0
2025-12-09,Sierra Leone,Zambia,"Nigeria Cricket Federation Oval 1, Abuja",Sierra Leone,bat,T20,2025/26,Zambia,0,1,0.35294117647058826,0.2,0.0,0.2,0.0,1.0,0.16666666666666666,0.2
2025-12-09,Bahrain,Bhutan,Gelephu International Cricket Ground,Bhutan,field,T20,2025/26,Bahrain,1,0,0.6263736263736264,0.3333333333333333,0.8,0.0,1.0,0.0,0.5,0.6
2025-12-09,Malaysia,Philippines,"Terdthai Cricket Ground, Bangkok",Philippines,field,T20,2025/26,Malaysia,1,0,0.5714285714285714,0.42424242424242425,0.6,0.8,0.5,0.5,0.5,0.5
2025-12-09,Thailand,Indonesia,"Terdthai Cricket Ground, Bangkok",Indonesia,field,T20,2025/26,Indonesia,0,0,0.4117647058823529,0.49333333333333335,0.4,0.4,0.75,0.25,0.625,0.25
2025-12-10,Indonesia,Malaysia,"Terdthai Cricket Ground, Bangkok",Malaysia,field,T20,2025/26,Malaysia,0,0,0.5,0.5757575757575758,0.4,0.6,0.5,0.5,0.4,1.0
2025-12-10,Philippines,Singapore,"Terdthai Cricket Ground, Bangkok",Philippines,bat,T20,2025/26,Philippines,1,1,0.4117647058823529,0.36065573770491804,0.8,0.2,0.5,0.5,0.0,0.6
2025-12-11,South Africa,India,"Maharaja Yadavindra Singh International Cricket Stadium, New Chandigarh",India,field,T20,2025/26,South Africa,1,0,0.5392156862745098,0.6974789915966386,0.2,0.8,0.3870967741935484,0.6129032258064516,0.5,0.5
2025-12-11,Bahrain,Bhutan,Gelephu International Cricket Ground,Bhutan,field,T20,2025/26,Bahrain,1,0,0.6304347826086957,0.3225806451612903,0.8,0.0,1.0,0.0,1.0,0.5
2025-12-11,Singapore,Thailand,"Terdthai Cricket Ground, Bangkok",Thailand,field,T20,2025/26,Singapore,1,0,0.3548387096774194,0.40384615384615385,0.2,0.4,0.75,0.25,0.5,0.5555555555555556
2025-12-11,Philippines,Indonesia,"Terdthai Cricket Ground, Bangkok",Philippines,bat,T20,2025/26,Philippines,1,1,0.42857142857142855,0.4935064935064935,0.8,0.2,0.6363636363636364,0.36363636363636365,0.5,0.3333333333333333
2025-12-11,Zambia,Rwanda,"Nigeria Cricket Federation Oval 1, Abuja",Rwanda,field,T20,2025/26,Zambia,1,0,0.3333333333333333,0.3258426966292135,0.4,0.8,0.0,1.0,0.3333333333333333,0.8333333333333334
2025-12-11,Nigeria,Sierra Leone,"Nigeria Cricket Federation Oval 1, Abuja",Nigeria,bat,T20,2025/26,Nigeria,1,1,0.49411764705882355,0.34285714285714286,0.8,0.0,0.9166666666666666,0.08333333333333333,0.8571428571428571,0.14285714285714285
2025-12-12,Indonesia,Singapore,"Terdthai Cricket Ground, Bangkok",Singapore,field,T20,2025/26,Singapore,0,0,0.48717948717948717,0.36507936507936506,0.2,0.4,0.5,0.5,0.2857142857142857,0.5714285714285714
2025-12-12,Bahrain,Bhutan,Gelephu International Cricket Ground,Bhutan,field,T20,2025/26,Bahrain,1,0,0.6344086021505376,0.3125,0.8,0.0,1.0,0.0,1.0,0.42857142857142855
2025-12-12,Rwanda,Sierra Leone,"Nigeria Cricket Federation Oval 1, Abuja",Rwanda,bat,T20,2025/26,Rwanda,1,1,0.32222222222222224,0.3333333333333333,0.6,0.0,0.8,0.2,0.7142857142857143,0.125
2025-12-12,Thailand,Malaysia,"Terdthai Cricket Ground, Bangkok",Malaysia,field,T20,2025/26,Malaysia,0,0,0.39622641509433965,0.58,0.4,0.6,0.0,1.0,0.5,1.0
2025-12-12,Nigeria,Zambia,"Nigeria Cricket Federation Oval 1, Abuja",Nigeria,bat,T20,2025/26,Nigeria,1,1,0.5,0.42857142857142855,0.8,0.6,1.0,0.0,0.875,0.42857142857142855
2025-12-13,Thailand,Philippines,"Terdthai Cricket Ground, Bangkok",Philippines,field,T20,2025/26,Philippines,0,0,0.3888888888888889,0.4444444444444444,0.2,0.8,0.5,0.5,0.45454545454545453,0.6666666666666666
2025-12-13,Nigeria,Rwanda,"Nigeria Cricket Federation Oval 1, Abuja",Nigeria,bat,T20,2025/26,Nigeria,1,1,0.5057471264367817,0.32967032967032966,0.8,0.8,0.7777777777777778,0.2222222222222222,0.8888888888888888,0.75
2025-12-13,Zambia,Sierra Leone,"Nigeria Cricket Federation Oval 1, Abuja",Zambia,bat,T20,2025/26,Sierra Leone,0,1,0.375,0.32432432432432434,0.4,0.0,1.0,0.0,0.375,0.1111111111111111
2025-12-13,Singapore,Malaysia,"Terdthai Cricket Ground, Bangkok",Singapore,bat,T20,2025/26,Malaysia,0,1,0.375,0.5841584158415841,0.4,0.8,0.25,0.75,0.625,1.0
2025-12-13,Bhutan,Bahrain,Gelephu International Cricket Ground,Bahrain,field,T20,2025/26,Bahrain,0,0,0.30303030303030304,0.6382978723404256,0.0,0.8,0.0,1.0,0.375,1.0
2025-12-14,Nigeria,Rwanda,"Nigeria Cricket Federation Oval 1, Abuja",Nigeria,bat,T20,2025/26,Nigeria,1,1,0.5113636363636364,0.32608695652173914,0.8,0.6,0.8,0.2,0.9,0.6666666666666666
2025-12-14,Zambia,Sierra Leone,"Nigeria Cricket Federation Oval 1, Abuja",Sierra Leone,field,T20,2025/26,Zambia,1,0,0.3333333333333333,0.34210526315789475,0.4,0.2,0.6666666666666666,0.3333333333333333,0.3333333333333333,0.2
2025-12-14,South Africa,India,"Himachal Pradesh Cricket Association Stadium, Dharamsala",India,field,T20,2025/26,India,0,0,0.5414634146341464,0.694560669456067,0.4,0.6,0.40625,0.59375,0.5,1.0
2025-12-19,India,South Africa,"Narendra Modi Stadium, Ahmedabad",South Africa,field,T20,2025/26,India,1,0,0.6958333333333333,0.5388349514563107,0.8,0.2,0.6060606060606061,0.3939393939393939,1.0,0.5
2025-12-23,Indonesia,Cambodia,Udayana Cricket Ground,Indonesia,bat,T20,2025/26,Indonesia,1,1,0.4810126582278481,0.42857142857142855,0.2,0.6,0.42857142857142855,0.5714285714285714,0.5471698113207547,0.5384615384615384
2025-12-23,Indonesia,Cambodia,Udayana Cricket Ground,Cambodia,field,T20,2025/26,Indonesia,1,0,0.4875,0.41379310344827586,0.4,0.4,0.4666666666666667,0.5333333333333333,0.5555555555555556,0.5
2025-12-23,Myanmar,Bhutan,Gelephu International Cricket Ground,Bhutan,field,T20,2025/26,Bhutan,0,0,0.2,0.29411764705882354,0.6,0.0,0.0,1.0,0.5,0.3333333333333333
2025-12-24,Cambodia,Indonesia,Udayana Cricket Ground,Indonesia,field,T20,2025/26,Indonesia,0,0,0.4,0.49382716049382713,0.4,0.4,0.5,0.5,0.4666666666666667,0.5636363636363636
2025-12-24,Bhutan,Myanmar,Gelephu International Cricket Ground,Myanmar,field,T20,2025/26,Bhutan,1,0,0.3142857142857143,0.19230769230769232,0.2,0.4,1.0,0.0,0.4,0.0
2025-12-25,Indonesia,Cambodia,Udayana Cricket Ground,Indonesia,bat,T20,2025/26,Indonesia,1,1,0.5,0.3870967741935484,0.6,0.2,0.5294117647058824,0.47058823529411764,0.5714285714285714,0.4375
2025-12-26,Cambodia,Indonesia,Udayana Cricket Ground,Indonesia,field,T20,2025/26,Indonesia,0,0,0.375,0.5060240963855421,0.0,0.8,0.4444444444444444,0.5555555555555556,0.4117647058823529,0.5789473684210527
2025-12-26,Bhutan,Myanmar,Gelephu International Cricket Ground,Myanmar,field,T20,2025/26,Bhutan,1,0,0.3333333333333333,0.18518518518518517,0.4,0.4,1.0,0.0,0.45454545454545453,0.0
2025-12-27,Cambodia,Indonesia,Udayana Cricket Ground,Cambodia,bat,T20,2025/26,Indonesia,0,1,0.36363636363636365,0.5119047619047619,0.0,1.0,0.42105263157894735,0.5789473684210527,0.3888888888888889,0.5862068965517241
2025-12-27,Bhutan,Myanmar,Gelephu International Cricket Ground,Myanmar,field,T20,2025/26,Bhutan,1,0,0.35135135135135137,0.17857142857142858,0.6,0.2,1.0,0.0,0.5,0.0
2025-12-27,Cambodia,Indonesia,Udayana Cricket Ground,Indonesia,field,T20,2025/26,Indonesia,0,0,0.35294117647058826,0.5176470588235295,0.0,1.0,0.4,0.6,0.3684210526315789,0.5932203389830508
2025-12-29,Bhutan,Myanmar,Gelephu International Cricket Ground,Bhutan,bat,T20,2025/26,Bhutan,1,1,0.3684210526315789,0.1724137931034483,0.8,0.2,1.0,0.0,0.5384615384615384,0.0
2025-12-29,Cambodia,Indonesia,Udayana Cricket Ground,Indonesia,field,T20,2025/26,Indonesia,0,0,0.34285714285714286,0.5232558139534884,0.0,1.0,0.38095238095238093,0.6190476190476191,0.35,0.6
2026-01-07,Sri Lanka,Pakistan,Rangiri Dambulla International Stadium,Pakistan,field,T20,2025/26,Pakistan,0,0,0.44776119402985076,0.596958174904943,0.4,0.8,0.4074074074074074,0.5925925925925926,0.5,0.5
2026-01-11,Sri Lanka,Pakistan,Rangiri Dambulla International Stadium,Pakistan,field,T20,2025/26,Sri Lanka,1,0,0.44554455445544555,0.5984848484848485,0.4,0.8,0.39285714285714285,0.6071428571428571,0.42857142857142855,1.0
2026-01-21,India,New Zealand,"Vidarbha Cricket Association Stadium, Jamtha, Nagpur",New Zealand,field,T20,2025/26,India,1,0,0.6970954356846473,0.5605381165919282,0.8,0.6,0.5454545454545454,0.45454545454545453,1.0,0.5
2026-01-23,Italy,Ireland,"7he Sevens Stadium, Dubai",Ireland,field,T20,2025/26,Ireland,0,0,0.6451612903225806,0.45588235294117646,0.8,0.2,0.0,1.0,0.5,0.5
2026-01-23,New Zealand,India,"Shaheed Veer Narayan Singh International Stadium, Raipur",India,field,T20,2025/26,India,0,0,0.5580357142857143,0.6983471074380165,0.6,0.8,0.43478260869565216,0.5652173913043478,0.5,1.0
2026-01-25,New Zealand,India,"Barsapara Cricket Stadium, Guwahati",India,field,T20,2025/26,India,0,0,0.5555555555555556,0.6995884773662552,0.6,0.8,0.4166666666666667,0.5833333333333334,0.5,0.5
2026-01-25,Ireland,Italy,"7he Sevens Stadium, Dubai",Italy,field,T20,2025/26,Ireland,1,0,0.45985401459854014,0.625,0.4,0.6,1.0,0.0,1.0,0.0
2026-01-26,Ireland,Italy,"7he Sevens Stadium, Dubai",Italy,field,T20,2025/26,Italy,0,0,0.463768115942029,0.6060606060606061,0.6,0.4,1.0,0.0,1.0,0.0
2026-01-27,West Indies,South Africa,"Boland Park, Paarl",South Africa,field,T20,2025/26,South Africa,0,0,0.4398148148148148,0.5362318840579711,0.4,0.2,0.5384615384615384,0.46153846153846156,0.5,0.5
2026-01-28,New Zealand,India,"Dr. Y.S. Rajasekhara Reddy ACA-VDCA Cricket Stadium, Visakhapatnam",India,field,T20,2025/26,New Zealand,1,0,0.5530973451327433,0.7008196721311475,0.4,1.0,0.4,0.6,0.5,1.0
2026-01-29,Pakistan,Australia,"Gaddafi Stadium, Lahore",Pakistan,bat,T20,2025/26,Pakistan,1,1,0.5962264150943396,0.5845410628019324,0.6,0.6,0.46153846153846156,0.5384615384615384,0.6428571428571429,1.0
2026-01-29,Ireland,United Arab Emirates,Dubai International Cricket Stadium,Ireland,bat,T20,2025/26,Ireland,1,1,0.460431654676259,0.5641025641025641,0.4,0.4,0.36363636363636365,0.6363636363636364,0.9,0.21428571428571427
2026-01-29,West Indies,South Africa,"SuperSport Park, Centurion",South Africa,field,T20,2025/26,South Africa,0,0,0.4377880184331797,0.5384615384615384,0.2,0.4,0.5185185185185185,0.48148148148148145,0.5,0.3333333333333333
2026-01-30,Sri Lanka,England,Pallekele International Cricket Stadium,England,field,T20,2025/26,England,0,0,0.4482758620689655,0.5477386934673367,0.6,0.8,0.2857142857142857,0.7142857142857143,0.5555555555555556,0.3333333333333333
2026-01-31,Ireland,United Arab Emirates,Dubai International Cricket Stadium,United Arab Emirates,field,T20,2025/26,Ireland,1,0,0.4642857142857143,0.559322033898305,0.6,0.4,0.4166666666666667,0.5833333333333334,0.9090909090909091,0.2
2026-01-31,India,New Zealand,"Greenfield International Stadium, Thiruvananthapuram",India,bat,T20,2025/26,India,1,1,0.6979591836734694,0.5550660792951542,0.8,0.4,0.5769230769230769,0.4230769230769231,1.0,0.5
2026-01-31,Pakistan,Australia,"Gaddafi Stadium, Lahore",Pakistan,bat,T20,2025/26,Pakistan,1,1,0.5977443609022557,0.5817307692307693,0.6,0.4,0.48148148148148145,0.5185185185185185,0.6666666666666666,0.5
2026-01-31,West Indies,South Africa,"The Wanderers Stadium, Johannesburg",South Africa,field,T20,2025/26,West Indies,1,0,0.43577981651376146,0.5406698564593302,0.0,0.6,0.5,0.5,1.0,0.2
2026-02-01,Sri Lanka,England,Pallekele International Cricket Stadium,England,field,T20,2025/26,England,0,0,0.44607843137254904,0.55,0.4,1.0,0.26666666666666666,0.7333333333333333,0.5263157894736842,0.5
2026-02-01,Pakistan,Australia,"Gaddafi Stadium, Lahore",Pakistan,bat,T20,2025/26,Pakistan,1,1,0.599250936329588,0.5789473684210527,0.8,0.2,0.5,0.5,0.6875,0.3333333333333333
2026-02-03,England,Sri Lanka,Pallekele International Cricket Stadium,England,bat,T20,2025/26,England,1,1,0.5522388059701493,0.44390243902439025,1.0,0.2,0.75,0.25,0.6,0.5
2026-02-07,India,United States of America,"Wankhede Stadium, Mumbai",United States of America,field,T20,2025/26,India,1,0,0.6991869918699187,0.5833333333333334,0.8,0.8,1.0,0.0,1.0,0.5
2026-02-07,West Indies,Scotland,"Eden Gardens, Kolkata",Scotland,field,T20,2025/26,West Indies,1,0,0.4383561643835616,0.49411764705882355,0.2,0.4,0.0,1.0,0.0,0.5
2026-02-07,Netherlands,Pakistan,"Sinhalese Sports Club Ground, Colombo",Pakistan,field,T20,2025/26,Pakistan,0,0,0.5277777777777778,0.6007462686567164,0.4,0.8,0.0,1.0,0.5,0.5
2026-02-08,England,Nepal,"Wankhede Stadium, Mumbai",England,bat,T20,2025/26,England,1,1,0.5544554455445545,0.62,1.0,1.0,0.5,0.5,0.0,0.5
2026-02-08,Sri Lanka,Ireland,"R Premadasa Stadium, Colombo",Ireland,field,T20,2025/26,Sri Lanka,1,0,0.441747572815534,0.46808510638297873,0.2,0.8,1.0,0.0,0.3333333333333333,0.5
2026-02-09,Oman,Zimbabwe,"Sinhalese Sports Club Ground, Colombo",Zimbabwe,field,T20,2025/26,Zimbabwe,0,0,0.49473684210526314,0.4161490683229814,0.8,0.4,0.5,0.5,0.5,0.5
2026-02-09,South Africa,Canada,"Narendra Modi Stadium, Ahmedabad",Canada,field,T20,2025/26,South Africa,1,0,0.5380952380952381,0.5942028985507246,0.4,1.0,0.5,0.5,0.0,0.5
2026-02-09,Scotland,Italy,"Eden Gardens, Kolkata",Italy,field,T20,2025/26,Scotland,1,0,0.4883720930232558,0.6176470588235294,0.4,0.4,0.5,0.5,0.0,0.5
2026-02-10,Namibia,Netherlands,"Arun Jaitley Stadium, Delhi",Netherlands,field,T20,2025/26,Netherlands,0,0,0.6097560975609756,0.5229357798165137,0.8,0.4,0.25,0.75,0.5,0.5
2026-02-10,United Arab Emirates,New Zealand,"MA Chidambaram Stadium, Chepauk, Chennai",United Arab Emirates,bat,T20,2025/26,New Zealand,0,1,0.5546218487394958,0.5526315789473685,0.4,0.2,0.3333333333333333,0.6666666666666666,0.5,0.5
2026-02-10,Pakistan,United States of America,"Sinhalese Sports Club Ground, Colombo",United States of America,field,T20,2025/26,Pakistan,1,0,0.6022304832713755,0.5714285714285714,0.8,0.6,0.5,0.5,1.0,0.5
2026-02-11,West Indies,England,"Wankhede Stadium, Mumbai",England,field,T20,2025/26,West Indies,1,0,0.4409090909090909,0.5566502463054187,0.4,1.0,0.4864864864864865,0.5135135135135135,0.5,0.5
2026-02-11,Qatar,Bahrain,"West End Park International Cricket Stadium, Doha",Bahrain,field,T20,2025/26,Qatar,1,0,0.5,0.6421052631578947,0.6,1.0,0.6,0.4,0.6875,0.6363636363636364
2026-02-11,Australia,Ireland,"R Premadasa Stadium, Colombo",Australia,bat,T20,2025/26,Australia,1,1,0.5761904761904761,0.4647887323943662,0.0,0.6,1.0,0.0,1.0,0.0
2026-02-12,India,Namibia,"Arun Jaitley Stadium, Delhi",Namibia,field,T20,2025/26,India,1,0,0.7004048582995951,0.6024096385542169,0.8,0.6,1.0,0.0,0.5,0.0
2026-02-12,Nepal,Italy,"Wankhede Stadium, Mumbai",Italy,field,T20,2025/26,Italy,0,0,0.6138613861386139,0.6,0.8,0.2,0.5,0.5,0.0,0.5
2026-02-12,Sri Lanka,Oman,Pallekele International Cricket Stadium,Oman,field,T20,2025/26,Sri Lanka,1,0,0.4444444444444444,0.4895833333333333,0.4,0.6,0.5,0.5,0.47619047619047616,0.5
2026-02-13,Qatar,Bahrain,"West End Park International Cricket Stadium, Doha",Bahrain,field,T20,2025/26,Qatar,1,0,0.5094339622641509,0.6354166666666666,0.8,0.8,0.6666666666666666,0.3333333333333333,0.7058823529411765,0.5833333333333334
2026-02-13,Canada,United Arab Emirates,"Arun Jaitley Stadium, Delhi",Canada,bat,T20,2025/26,United Arab Emirates,0,1,0.5857142857142857,0.55,0.8,0.2,0.0,1.0,0.5,0.5
2026-02-13,United States of America,Netherlands,"MA Chidambaram Stadium, Chepauk, Chennai",Netherlands,field,T20,2025/26,United States of America,1,0,0.56,0.5272727272727272,0.4,0.4,0.0,1.0,0.5,0.5
2026-02-13,Zimbabwe,Australia,"R Premadasa Stadium, Colombo",Australia,field,T20,2025/26,Zimbabwe,1,0,0.41975308641975306,0.5781990521327014,0.4,0.2,0.3333333333333333,0.6666666666666666,0.3333333333333333,1.0
2026-02-14,New Zealand,South Africa,"Narendra Modi Stadium, Ahmedabad",South Africa,field,T20,2025/26,South Africa,0,0,0.5545851528384279,0.5402843601895735,0.4,0.6,0.3888888888888889,0.6111111111111112,0.0,0.5
2026-02-14,Scotland,England,"Eden Gardens, Kolkata",England,field,T20,2025/26,England,0,0,0.4942528735632184,0.553921568627451,0.4,0.8,0.5,0.5,0.5,0.0
2026-02-14,Ireland,Oman,"Sinhalese Sports Club Ground, Colombo",Oman,field,T20,2025/26,Ireland,1,0,0.46153846153846156,0.4845360824742268,0.4,0.4,0.6666666666666666,0.3333333333333333,0.5,0.0
2026-02-14,Qatar,Bahrain,"West End Park International Cricket Stadium, Doha",Bahrain,field,T20,2025/26,Bahrain,0,0,0.5185185185185185,0.6288659793814433,0.8,0.6,0.7142857142857143,0.2857142857142857,0.7222222222222222,0.5384615384615384
2026-02-15,Qatar,Bahrain,"West End Park International Cricket Stadium, Doha",Qatar,bat,T20,2025/26,Qatar,1,1,0.509090909090909,0.6326530612244898,0.6,0.6,0.625,0.375,0.6842105263157895,0.5714285714285714
2026-02-15,India,Pakistan,"R Premadasa Stadium, Colombo",Pakistan,field,T20,2025/26,India,1,0,0.7016129032258065,0.6037037037037037,0.8,1.0,0.8,0.2,0.3333333333333333,0.5
2026-02-15,Nepal,West Indies,"Wankhede Stadium, Mumbai",West Indies,field,T20,2025/26,West Indies,0,0,0.6078431372549019,0.4434389140271493,0.6,0.6,0.6666666666666666,0.3333333333333333,0.0,1.0
2026-02-15,United States of America,Namibia,"MA Chidambaram Stadium, Chepauk, Chennai",United States of America,bat,T20,2025/26,United States of America,1,1,0.5686274509803921,0.5952380952380952,0.6,0.4,1.0,0.0,1.0,0.5
2026-02-16,England,Italy,"Eden Gardens, Kolkata",England,bat,T20,2025/26,England,1,1,0.5560975609756098,0.6111111111111112,0.8,0.4,0.5,0.5,0.5,0.0
2026-02-16,Australia,Sri Lanka,Pallekele International Cricket Stadium,Sri Lanka,field,T20,2025/26,Sri Lanka,0,0,0.5754716981132075,0.44711538461538464,0.2,0.4,0.6,0.4,0.25,0.5
2026-02-17,Scotland,Nepal,"Wankhede Stadium, Mumbai",Nepal,field,T20,2025/26,Nepal,0,0,0.48863636363636365,0.6019417475728155,0.2,0.4,0.5,0.5,0.5,0.0
2026-02-17,Canada,New Zealand,"MA Chidambaram Stadium, Chepauk, Chennai",Canada,bat,T20,2025/26,New Zealand,0,1,0.5774647887323944,0.5521739130434783,0.6,0.4,0.5,0.5,0.5,1.0
2026-02-18,Pakistan,Namibia,"Sinhalese Sports Club Ground, Colombo",Pakistan,bat,T20,2025/26,Pakistan,1,1,0.6014760147601476,0.5882352941176471,0.8,0.2,1.0,0.0,1.0,0.5
2026-02-18,India,Netherlands,"Narendra Modi Stadium, Ahmedabad",India,bat,T20,2025/26,India,1,1,0.7028112449799196,0.5225225225225225,0.8,0.2,1.0,0.0,1.0,0.5
2026-02-18,United Arab Emirates,South Africa,"Arun Jaitley Stadium, Delhi",South Africa,field,T20,2025/26,South Africa,0,0,0.5537190082644629,0.5424528301886793,0.2,0.8,0.5,0.5,1.0,1.0
2026-02-19,West Indies,Italy,"Eden Gardens, Kolkata",Italy,field,T20,2025/26,West Indies,1,0,0.44594594594594594,0.5945945945945946,0.8,0.4,0.5,0.5,0.25,0.0
2026-02-19,Sri Lanka,Zimbabwe,"R Premadasa Stadium, Colombo",Sri Lanka,bat,T20,2025/26,Zimbabwe,0,1,0.44976076555023925,0.4233128834355828,0.6,0.6,0.7,0.3,0.38461538461538464,0.5
2026-02-20,Oman,Australia,Pallekele International Cricket Stadium,Australia,field,T20,2025/26,Australia,0,0,0.47959183673469385,0.5727699530516432,0.4,0.2,0.0,1.0,0.0,0.2
2026-02-22,England,Sri Lanka,Pallekele International Cricket Stadium,Sri Lanka,field,T20,2025/26,England,1,0,0.558252427184466,0.44761904761904764,0.8,0.6,0.7647058823529411,0.23529411764705882,0.6666666666666666,0.5217391304347826
2026-02-22,South Africa,India,"Narendra Modi Stadium, Ahmedabad",South Africa,bat,T20,2025/26,South Africa,1,1,0.5446009389671361,0.704,0.8,1.0,0.38235294117647056,0.6176470588235294,0.6666666666666666,1.0
2026-02-23,West Indies,Zimbabwe,"Wankhede Stadium, Mumbai",Zimbabwe,field,T20,2025/26,West Indies,1,0,0.4484304932735426,0.4268292682926829,1.0,0.6,0.75,0.25,1.0,0.5
2026-02-24,Pakistan,England,Pallekele International Cricket Stadium,Pakistan,bat,T20,2025/26,England,0,1,0.6029411764705882,0.5603864734299517,0.8,0.8,0.3103448275862069,0.6896551724137931,1.0,0.7142857142857143
2026-02-25,Bhutan,Bahrain,"Terdthai Cricket Ground, Bangkok",Bhutan,bat,T20,2025/26,Bahrain,0,1,0.38461538461538464,0.6262626262626263,1.0,0.4,0.0,1.0,0.14285714285714285,0.5
2026-02-25,Japan,Thailand,"Terdthai Cricket Ground, Bangkok",Thailand,field,T20,2025/26,Japan,1,0,0.6521739130434783,0.38181818181818183,0.2,0.0,0.6666666666666666,0.3333333333333333,0.4,0.4166666666666667
2026-02-25,Kuwait,Hong Kong,"Mission Road Ground, Mong Kok, Hong Kong",Hong Kong,field,T20,2025/26,Hong Kong,0,0,0.59375,0.4716981132075472,0.4,0.2,0.5714285714285714,0.42857142857142855,0.5,0.8571428571428571
2026-02-25,New Zealand,Sri Lanka,"R Premadasa Stadium, Colombo",Sri Lanka,field,T20,2025/26,New Zealand,1,0,0.5541125541125541,0.44549763033175355,0.6,0.6,0.64,0.36,0.5,0.35714285714285715
2026-02-26,India,Zimbabwe,"MA Chidambaram Stadium, Chepauk, Chennai",Zimbabwe,field,T20,2025/26,India,1,0,0.701195219123506,0.42424242424242425,0.8,0.6,0.7692307692307693,0.23076923076923078,1.0,0.5
2026-02-26,Thailand,Bhutan,"Terdthai Cricket Ground, Bangkok",Bhutan,field,T20,2025/26,Thailand,1,0,0.375,0.375,0.0,0.8,0.6666666666666666,0.3333333333333333,0.38461538461538464,0.125
2026-02-26,Bahrain,Japan,"Terdthai Cricket Ground, Bangkok",Bahrain,bat,T20,2025/26,Japan,0,1,0.63,0.6595744680851063,0.4,0.4,0.5,0.5,1.0,0.5
2026-02-26,Hong Kong,Kuwait,"Mission Road Ground, Mong Kok, Hong Kong",Kuwait,field,T20,2025/26,Hong Kong,1,0,0.4766355140186916,0.5846153846153846,0.4,0.2,0.5,0.5,0.8666666666666667,0.4444444444444444
2026-02-26,West Indies,South Africa,"Narendra Modi Stadium, Ahmedabad",South Africa,field,T20,2025/26,South Africa,0,0,0.45089285714285715,0.5467289719626168,1.0,0.8,0.5172413793103449,0.4827586206896552,0.5,0.75
2026-02-27,New Zealand,England,"R Premadasa Stadium, Colombo",New Zealand,bat,T20,2025/26,England,0,1,0.5560344827586207,0.5625,0.6,0.8,0.38461538461538464,0.6153846153846154,1.0,0.5
2026-02-27,Japan,Bhutan,"Terdthai Cricket Ground, Bangkok",Japan,bat,T20,2025/26,Japan,1,1,0.6666666666666666,0.36585365853658536,0.4,0.6,0.5,0.5,0.5714285714285714,0.1111111111111111
2026-02-27,Bahrain,Thailand,"Terdthai Cricket Ground, Bangkok",Thailand,field,T20,2025/26,Bahrain,1,0,0.6237623762376238,0.38596491228070173,0.4,0.2,0.5,0.5,0.5,0.42857142857142855
2026-02-28,Bhutan,Thailand,"Terdthai Cricket Ground, Bangkok",Bhutan,bat,T20,2025/26,Bhutan,1,1,0.35714285714285715,0.3793103448275862,0.4,0.2,0.2857142857142857,0.7142857142857143,0.1,0.4
2026-02-28,Pakistan,Sri Lanka,Pallekele International Cricket Stadium,Sri Lanka,field,T20,2025/26,Pakistan,1,0,0.6007326007326007,0.44339622641509435,0.6,0.4,0.5862068965517241,0.41379310344827586,0.6666666666666666,0.5
2026-03-01,Zimbabwe,South Africa,"Arun Jaitley Stadium, Delhi",Zimbabwe,bat,T20,2025/26,South Africa,0,1,0.42168674698795183,0.5488372093023256,0.6,1.0,0.0,1.0,0.5,1.0
2026-03-01,Hong Kong,Kuwait,"Mission Road Ground, Mong Kok, Hong Kong",Kuwait,field,T20,2025/26,Kuwait,0,0,0.48148148148148145,0.5757575757575758,0.6,0.0,0.5555555555555556,0.4444444444444444,0.875,0.4
2026-03-01,West Indies,India,"Eden Gardens, Kolkata",India,field,T20,2025/26,India,0,0,0.4488888888888889,0.7023809523809523,0.8,0.8,0.3448275862068966,0.6551724137931034,0.4,1.0
2026-03-04,South Africa,New Zealand,"Eden Gardens, Kolkata",New Zealand,field,T20,2025/26,New Zealand,0,0,0.5509259259259259,0.5536480686695279,1.0,0.6,0.631578947368421,0.3684210526315789,0.5,0.0
2026-03-05,India,England,"Wankhede Stadium, Mumbai",England,field,T20,2025/26,India,1,0,0.7035573122529645,0.5645933014354066,0.8,1.0,0.5862068965517241,0.41379310344827586,1.0,0.3333333333333333
2026-03-07,Malaysia,Bahrain,"Bayuemas Oval, Kuala Lumpur",Malaysia,bat,T20,2025/26,Malaysia,1,1,0.5882352941176471,0.6274509803921569,1.0,0.6,0.375,0.625,0.6206896551724138,0.9090909090909091
2026-03-08,Mexico,Suriname,"Jimmy Powell Oval, Cayman Islands",Suriname,field,T20,2025/26,Mexico,1,0,0.4444444444444444,0.25,0.4,0.4,1.0,0.0,0.5,0.5
2026-03-08,India,New Zealand,"Narendra Modi Stadium, Ahmedabad",New Zealand,field,T20,2025/26,India,1,0,0.7047244094488189,0.5555555555555556,0.8,0.6,0.5925925925925926,0.4074074074074074,0.75,0.0
2026-03-08,Argentina,Cayman Islands,"Jimmy Powell Oval, Cayman Islands",Argentina,bat,T20,2025/26,Cayman Islands,0,1,0.5217391304347826,0.4,0.8,0.4,0.0,1.0,0.5,0.2
2026-03-08,Bahrain,Malaysia,"Bayuemas Oval, Kuala Lumpur",Bahrain,bat,T20,2025/26,Bahrain,1,1,0.6213592233009708,0.5922330097087378,0.4,1.0,0.5555555555555556,0.4444444444444444,0.8333333333333334,0.6333333333333333
2026-03-09,Lesotho,Botswana,"Botswana Cricket Association Oval 1, Gaborone",Botswana,field,T20,2025/26,Botswana,0,0,0.18181818181818182,0.3111111111111111,0.2,0.0,0.0,1.0,0.5,0.5
2026-03-09,Argentina,Suriname,"Jimmy Powell Oval, Cayman Islands",Argentina,bat,T20,2025/26,Argentina,1,1,0.5,0.2222222222222222,0.6,0.2,1.0,0.0,0.0,0.0
2026-03-09,Mexico,Cayman Islands,"Jimmy Powell Oval, Cayman Islands",Mexico,bat,T20,2025/26,Cayman Islands,0,1,0.47368421052631576,0.4166666666666667,0.6,0.6,0.0,1.0,1.0,0.3333333333333333
2026-03-10,Lesotho,Botswana,"Botswana Cricket Association Oval 1, Gaborone",Lesotho,bat,T20,2025/26,Botswana,0,1,0.16666666666666666,0.32608695652173914,0.2,0.2,0.0,1.0,0.0,1.0
2026-03-10,Malaysia,Bahrain,"Bayuemas Oval, Kuala Lumpur",Malaysia,bat,T20,2025/26,Bahrain,0,1,0.5865384615384616,0.625,0.8,0.6,0.4,0.6,0.6129032258064516,0.8461538461538461
2026-03-11,Argentina,Mexico,"Jimmy Powell Oval, Cayman Islands",Mexico,field,T20,2025/26,Argentina,1,0,0.52,0.45,0.8,0.6,1.0,0.0,0.5,0.5
2026-03-11,Suriname,Cayman Islands,"Jimmy Powell Oval, Cayman Islands",Cayman Islands,field,T20,2025/26,Cayman Islands,0,0,0.2,0.43243243243243246,0.2,0.8,1.0,0.0,0.0,0.42857142857142855
2026-03-12,Botswana,Lesotho,"Botswana Cricket Association Oval 1, Gaborone",Botswana,bat,T20,2025/26,Botswana,1,1,0.3404255319148936,0.15384615384615385,0.4,0.2,1.0,0.0,1.0,0.0
2026-03-12,Suriname,Argentina,"Jimmy Powell Oval, Cayman Islands",Suriname,bat,T20,2025/26,Argentina,0,1,0.18181818181818182,0.5384615384615384,0.2,0.8,0.0,1.0,0.0,0.6666666666666666
2026-03-12,Cayman Islands,Mexico,"Jimmy Powell Oval, Cayman Islands",Cayman Islands,bat,T20,2025/26,Cayman Islands,1,1,0.4473684210526316,0.42857142857142855,1.0,0.4,1.0,0.0,0.5,0.3333333333333333
2026-03-13,Botswana,Lesotho,"Botswana Cricket Association Oval 1, Gaborone",Botswana,bat,T20,2025/26,Botswana,1,1,0.3541666666666667,0.14285714285714285,0.6,0.2,1.0,0.0,1.0,0.0
2026-03-14,Cyprus,Austria,Happy Valley Ground 2,Austria,field,T20,2025/26,Cyprus,1,0,0.6129032258064516,0.7413793103448276,1.0,0.8,0.5,0.5,1.0,0.5
2026-03-14,Suriname,Cayman Islands,"Jimmy Powell Oval, Cayman Islands",Suriname,bat,T20,2025/26,Cayman Islands,0,1,0.16666666666666666,0.46153846153846156,0.2,1.0,0.5,0.5,0.0,0.5555555555555556
2026-03-14,Argentina,Mexico,"Jimmy Powell Oval, Cayman Islands",Argentina,bat,T20,2025/26,Argentina,1,1,0.5555555555555556,0.4090909090909091,0.8,0.2,1.0,0.0,0.75,0.25
2026-03-15,New Zealand,South Africa,"Bay Oval, Mount Maunganui",New Zealand,bat,T20,2025/26,South Africa,0,1,0.5531914893617021,0.5483870967741935,0.6,0.8,0.4,0.6,0.5714285714285714,0.5
2026-03-15,Mexico,Suriname,"Jimmy Powell Oval, Cayman Islands",Suriname,field,T20,2025/26,Suriname,0,0,0.391304347826087,0.15384615384615385,0.2,0.0,1.0,0.0,0.2,0.0
2026-03-15,Botswana,Lesotho,"Botswana Cricket Association Oval 1, Gaborone",Botswana,bat,T20,2025/26,Botswana,1,1,0.3673469387755102,0.13333333333333333,0.8,0.0,1.0,0.0,1.0,0.0
2026-03-15,Argentina,Cayman Islands,"Jimmy Powell Oval, Cayman Islands",Argentina,bat,T20,2025/26,Cayman Islands,0,1,0.5714285714285714,0.475,0.8,1.0,0.0,1.0,0.8,0.6
2026-03-16,Cyprus,Austria,Happy Valley Ground 2,Cyprus,bat,T20,2025/26,Austria,0,1,0.625,0.7288135593220338,1.0,0.6,1.0,0.0,1.0,0.0
2026-03-17,New Zealand,South Africa,"Seddon Park, Hamilton",South Africa,field,T20,2025/26,New Zealand,1,0,0.5508474576271186,0.5504587155963303,0.4,0.8,0.38095238095238093,0.6190476190476191,1.0,0.5
2026-03-20,South Africa,New Zealand,"Eden Park, Auckland",New Zealand,field,T20,2025/26,New Zealand,0,0,0.547945205479452,0.5527426160337553,0.6,0.4,0.5909090909090909,0.4090909090909091,0.5,0.3333333333333333
2026-03-22,South Africa,New Zealand,"Sky Stadium, Wellington",South Africa,bat,T20,2025/26,South Africa,1,1,0.5454545454545454,0.5546218487394958,0.4,0.6,0.5652173913043478,0.43478260869565216,0.5,0.5
2026-03-24,Eswatini,St Helena,"Achimota Senior Secondary School A Field, Accra",Eswatini,bat,T20,2025/26,Eswatini,1,1,0.46153846153846156,0.25,0.8,0.2,1.0,0.0,0.5,0.5
2026-03-24,Malawi,Tanzania,"Achimota Senior Secondary School A Field, Accra",Tanzania,field,T20,2025/26,Tanzania,0,0,0.3888888888888889,0.5671641791044776,0.4,0.4,0.0,1.0,0.5,0.0
2026-03-24,Seychelles,Ghana,"Achimota Senior Secondary School B Field, Accra",Ghana,field,T20,2025/26,Ghana,0,0,0.16666666666666666,0.35135135135135137,0.0,0.6,0.0,1.0,0.5,0.0
2026-03-25,Malawi,Ghana,"Achimota Senior Secondary School A Field, Accra",Ghana,field,T20,2025/26,Ghana,0,0,0.3783783783783784,0.3684210526315789,0.4,0.6,0.5,0.5,0.0,0.0
2026-03-25,Tanzania,Eswatini,"Achimota Senior Secondary School B Field, Accra",Eswatini,field,T20,2025/26,Tanzania,1,0,0.5735294117647058,0.5,0.4,0.8,1.0,0.0,0.5,0.5
2026-03-25,St Helena,Seychelles,"Achimota Senior Secondary School A Field, Accra",Seychelles,field,T20,2025/26,Seychelles,0,0,0.2222222222222222,0.15384615384615385,0.2,0.0,0.5,0.5,0.0,0.5
2026-03-25,South Africa,New Zealand,"Hagley Oval, Christchurch",New Zealand,field,T20,2025/26,South Africa,1,0,0.5475113122171946,0.5523012552301255,0.4,0.4,0.5833333333333334,0.4166666666666667,0.5,0.5555555555555556
2026-03-27,Eswatini,Malawi,"Achimota Senior Secondary School B Field, Accra",Eswatini,bat,T20,2025/26,Malawi,0,1,0.4666666666666667,0.3684210526315789,0.8,0.2,0.5,0.5,0.0,0.5
2026-03-27,St Helena,Ghana,"Achimota Senior Secondary School A Field, Accra",Ghana,field,T20,2025/26,Ghana,0,0,0.2,0.38461538461538464,0.2,0.8,0.5,0.5,0.0,0.5
2026-03-27,Tanzania,Seychelles,"Achimota Senior Secondary School B Field, Accra",Tanzania,bat,T20,2025/26,Tanzania,1,1,0.5797101449275363,0.21428571428571427,0.4,0.2,0.5,0.5,0.6666666666666666,0.0
2026-03-28,Tanzania,St Helena,"Achimota Senior Secondary School B Field, Accra",Tanzania,bat,T20,2025/26,Tanzania,1,1,0.5857142857142857,0.18181818181818182,0.6,0.2,0.5,0.5,0.75,0.5
2026-03-28,Ghana,Eswatini,"Achimota Senior Secondary School B Field, Accra",Ghana,bat,T20,2025/26,Ghana,1,1,0.4,0.4375,0.8,0.6,0.5,0.5,0.3333333333333333,0.0
2026-03-28,Seychelles,Malawi,"Achimota Senior Secondary School A Field, Accra",Malawi,field,T20,2025/26,Malawi,0,0,0.2,0.38461538461538464,0.2,0.4,0.0,1.0,1.0,0.0
2026-04-02,Mexico,Costa Rica,"Reforma Athletic Club, Naucalpan",Mexico,bat,T20,2026,Mexico,1,1,0.375,0.25,0.0,0.2,0.8,0.2,0.5,0.5
2026-04-03,Costa Rica,Brazil,"Reforma Athletic Club, Naucalpan",Costa Rica,bat,T20,2026,Brazil,0,1,0.2222222222222222,0.2727272727272727,0.2,0.0,0.5,0.5,0.0,0.5
2026-04-03,Mexico,Brazil,"Reforma Athletic Club, Naucalpan",Brazil,field,T20,2026,Mexico,1,0,0.4,0.3333333333333333,0.2,0.2,0.5,0.5,1.0,1.0
2026-04-04,Brazil,Costa Rica,"Reforma Athletic Club, Naucalpan",Costa Rica,field,T20,2026,Brazil,1,0,0.3076923076923077,0.2,0.2,0.2,1.0,0.0,0.5,0.0
2026-04-04,Costa Rica,Mexico,"Reforma Athletic Club, Naucalpan",Costa Rica,bat,T20,2026,Mexico,0,1,0.18181818181818182,0.4230769230769231,0.2,0.4,0.16666666666666666,0.8333333333333334,0.0,1.0
2026-04-05,Mexico,Brazil,"Reforma Athletic Club, Naucalpan",Mexico,bat,T20,2026,Brazil,0,1,0.4444444444444444,0.35714285714285715,0.6,0.4,0.6666666666666666,0.3333333333333333,1.0,0.6666666666666666
2026-04-05,Norway,France,Santarem Cricket Ground,Norway,bat,T20,2026,Norway,1,1,0.5348837209302325,0.46875,0.8,0.2,0.5,0.5,0.3333333333333333,0.5
2026-04-05,France,Portugal,Santarem Cricket Ground,France,bat,T20,2026,Portugal,0,1,0.45454545454545453,0.7,0.2,0.8,0.5,0.5,0.0,0.8333333333333334
2026-04-06,Portugal,Norway,Santarem Cricket Ground,Portugal,bat,T20,2026,Portugal,1,1,0.7096774193548387,0.5454545454545454,0.8,0.8,0.6666666666666666,0.3333333333333333,0.8571428571428571,0.5
2026-04-06,Portugal,France,Santarem Cricket Ground,Portugal,bat,T20,2026,Portugal,1,1,0.71875,0.4411764705882353,0.8,0.2,1.0,0.0,0.875,0.0
2026-04-07,France,Norway,Santarem Cricket Ground,Norway,field,T20,2026,France,1,0,0.42857142857142855,0.5333333333333333,0.2,0.6,0.4,0.6,0.0,0.4
2026-04-07,Indonesia,Sweden,Udayana Cricket Ground,Sweden,field,T20,2026,Sweden,0,0,0.5287356321839081,0.39285714285714285,1.0,0.2,0.5,0.5,0.6065573770491803,0.5
2026-04-07,Indonesia,Sweden,Udayana Cricket Ground,Indonesia,bat,T20,2026,Sweden,0,1,0.5227272727272727,0.41379310344827586,0.8,0.4,0.0,1.0,0.5967741935483871,1.0
2026-04-08,Portugal,France,Santarem Cricket Ground,Portugal,bat,T20,2026,France,0,1,0.7272727272727273,0.4444444444444444,0.8,0.4,1.0,0.0,0.8888888888888888,0.25
2026-04-08,Portugal,Norway,Santarem Cricket Ground,Portugal,bat,T20,2026,Portugal,1,1,0.7058823529411765,0.5217391304347826,0.6,0.6,0.75,0.25,0.8,0.3333333333333333
2026-04-09,Portugal,France,Santarem Cricket Ground,France,field,T20,2026,Portugal,1,0,0.7142857142857143,0.4594594594594595,0.8,0.4,0.6666666666666666,0.3333333333333333,0.8181818181818182,0.4
2026-04-09,Norway,France,Santarem Cricket Ground,Norway,bat,T20,2026,France,0,1,0.5106382978723404,0.4473684210526316,0.4,0.4,0.5,0.5,0.2857142857142857,0.3333333333333333
2026-04-09,Sweden,Indonesia,Udayana Cricket Ground,Sweden,bat,T20,2026,Sweden,1,1,0.43333333333333335,0.5168539325842697,0.6,0.6,1.0,0.0,1.0,0.5873015873015873
2026-04-09,Indonesia,Sweden,Udayana Cricket Ground,Sweden,field,T20,2026,Sweden,0,0,0.5111111111111111,0.45161290322580644,0.4,0.8,0.0,1.0,0.578125,1.0
2026-04-11,Sweden,Indonesia,Udayana Cricket Ground,Sweden,bat,T20,2026,Sweden,1,1,0.46875,0.5054945054945055,1.0,0.2,1.0,0.0,1.0,0.5692307692307692
2026-04-11,Indonesia,Sweden,Udayana Cricket Ground,Sweden,field,T20,2026,Sweden,0,0,0.5,0.48484848484848486,0.0,1.0,0.0,1.0,0.5606060606060606,1.0
2026-04-13,Sweden,Indonesia,Udayana Cricket Ground,Sweden,bat,T20,2026,Sweden,1,1,0.5,0.4946236559139785,1.0,0.0,1.0,0.0,1.0,0.5522388059701493
2026-04-13,Sweden,Indonesia,Udayana Cricket Ground,Sweden,bat,T20,2026,Indonesia,0,1,0.5142857142857142,0.48936170212765956,1.0,0.0,1.0,0.0,1.0,0.5441176470588235
2026-04-15,Namibia,Scotland,"Namibia Cricket Ground, Windhoek",Namibia,bat,T20,2026,Scotland,0,1,0.5813953488372093,0.48314606741573035,0.2,0.2,0.75,0.25,1.0,0.5
2026-04-17,Scotland,Namibia,"Namibia Cricket Ground, Windhoek",Namibia,field,T20,2026,Scotland,1,0,0.4888888888888889,0.5747126436781609,0.4,0.0,0.4,0.6,1.0,0.8
2026-04-18,Scotland,Namibia,"Namibia Cricket Ground, Windhoek",Scotland,bat,T20,2026,Namibia,0,1,0.4945054945054945,0.5681818181818182,0.6,0.0,0.5,0.5,1.0,0.6666666666666666
2026-04-20,Nepal,United Arab Emirates,"Tribhuvan University International Cricket Ground, Kirtipur",Nepal,bat,T20,2026,United Arab Emirates,0,1,0.6057692307692307,0.5491803278688525,0.4,0.2,0.5454545454545454,0.45454545454545453,0.6842105263157895,1.0
2026-04-21,United Arab Emirates,Nepal,"Tribhuvan University International Cricket Ground, Kirtipur",Nepal,field,T20,2026,Nepal,0,0,0.5528455284552846,0.6,0.4,0.2,0.5,0.5,1.0,0.65
2026-04-27,New Zealand,Bangladesh,"Bir Sreshtho Flight Lieutenant Matiur Rahman Stadium, Chattogram",Bangladesh,field,T20,2026,Bangladesh,0,0,0.55,0.39572192513368987,0.4,0.4,0.7894736842105263,0.21052631578947367,0.5,0.3333333333333333
2026-05-01,Indonesia,Malaysia,"Bayuemas Oval, Kuala Lumpur",Malaysia,field,T20,2026,Malaysia,0,0,0.49473684210526314,0.580952380952381,0.2,0.6,0.0,1.0,0.5,0.59375
2026-05-01,Austria,Germany,Bayer Uerdingen Cricket Ground,Germany,field,T20,2026,Germany,0,0,0.7333333333333333,0.5892857142857143,0.8,0.4,0.2,0.8,0.75,0.8
2026-05-01,Germany,Austria,Bayer Uerdingen Cricket Ground,Austria,field,T20,2026,Germany,1,0,0.5964912280701754,0.7213114754098361,0.6,0.6,0.8333333333333334,0.16666666666666666,0.8125,0.6
2026-05-02,Germany,Austria,Bayer Uerdingen Cricket Ground,Germany,bat,T20,2026,Austria,0,1,0.603448275862069,0.7096774193548387,0.6,0.4,0.8571428571428571,0.14285714285714285,0.8235294117647058,0.5
2026-05-02,Malaysia,Indonesia,"Bayuemas Oval, Kuala Lumpur",Indonesia,field,T20,2026,Malaysia,1,0,0.5849056603773585,0.4895833333333333,0.6,0.2,1.0,0.0,0.6060606060606061,0.0
2026-05-02,Isle of Man,Guernsey,"King George V Sports Ground, Castel",Guernsey,field,T20,2026,Guernsey,0,0,0.5263157894736842,0.5151515151515151,0.4,0.0,0.0,1.0,0.5,0.5
2026-05-02,Bangladesh,New Zealand,"Shere Bangla National Stadium, Mirpur",New Zealand,field,T20,2026,New Zealand,0,0,0.39893617021276595,0.5477178423236515,0.6,0.4,0.25,0.75,0.6153846153846154,0.4
2026-05-03,Guernsey,Isle of Man,"King George V Sports Ground, Castel",Isle of Man,field,T20,2026,Guernsey,1,0,0.5294117647058824,0.5,0.2,0.4,1.0,0.0,0.5714285714285714,0.0
2026-05-03,Austria,Germany,Bayer Uerdingen Cricket Ground,Austria,bat,T20,2026,Germany,0,1,0.7142857142857143,0.5932203389830508,0.4,0.6,0.25,0.75,0.5714285714285714,0.7777777777777778
2026-05-04,Malaysia,Indonesia,"Bayuemas Oval, Kuala Lumpur",Malaysia,bat,T20,2026,Malaysia,1,1,0.5887850467289719,0.4845360824742268,0.6,0.2,1.0,0.0,0.6176470588235294,0.0
2026-05-05,Indonesia,Malaysia,"Bayuemas Oval, Kuala Lumpur",Indonesia,bat,T20,2026,Malaysia,0,1,0.47959183673469385,0.5925925925925926,0.2,0.6,0.0,1.0,0.0,0.6285714285714286
2026-05-07,Malta,Gibraltar,Marsa Sports Club,Gibraltar,field,T20,2026,Malta,1,0,0.4090909090909091,0.3191489361702128,0.4,0.6,0.75,0.25,0.5161290322580645,0.1111111111111111
2026-05-07,Malta,Gibraltar,Marsa Sports Club,Malta,bat,T20,2026,Malta,1,1,0.417910447761194,0.3125,0.6,0.4,0.7777777777777778,0.2222222222222222,0.53125,0.1
2026-05-08,South Korea,Cook Islands,"Korogi Sports Park, Nisshin",Cook Islands,field,T20,2026,Cook Islands,0,0,0.11764705882352941,0.5,0.2,0.2,0.5,0.5,0.5,0.5
2026-05-08,Indonesia,Philippines,Sano International Cricket Ground,Philippines,field,T20,2026,Indonesia,1,0,0.47474747474747475,0.4594594594594595,0.2,0.8,0.3333333333333333,0.6666666666666666,0.6666666666666666,0.5
2026-05-08,Vanuatu,Fiji,"Korogi Sports Park, Nisshin",Vanuatu,bat,T20,2026,Vanuatu,1,1,0.3870967741935484,0.5454545454545454,0.2,0.6,0.6666666666666666,0.3333333333333333,0.5,0.5
2026-05-08,Cyprus,Finland,Happy Valley Ground,Cyprus,bat,T20,2026,Finland,0,1,0.6060606060606061,0.4482758620689655,0.8,0.6,0.0,1.0,0.5,0.5
2026-05-08,Malta,Gibraltar,Marsa Sports Club,Malta,bat,T20,2026,Malta,1,1,0.4264705882352941,0.30612244897959184,0.8,0.2,0.8,0.2,0.5454545454545454,0.09090909090909091
2026-05-08,Cyprus,Finland,Happy Valley Ground,Cyprus,bat,T20,2026,Cyprus,1,1,0.5882352941176471,0.4666666666666667,0.6,0.8,0.0,1.0,0.46153846153846156,1.0
2026-05-08,Romania,Bulgaria,"Moara Vlasiei Cricket Ground, Ilfov County",Romania,bat,T20,2026,Romania,1,1,0.6037735849056604,0.34782608695652173,0.4,0.2,0.8571428571428571,0.14285714285714285,0.5909090909090909,0.0
2026-05-08,Gibraltar,Malta,Marsa Sports Club,Gibraltar,bat,T20,2026,Malta,0,1,0.3,0.43478260869565216,0.2,0.8,0.18181818181818182,0.8181818181818182,0.08333333333333333,0.5588235294117647
2026-05-09,Finland,Cyprus,Happy Valley Ground,Finland,bat,T20,2026,Finland,1,1,0.45161290322580644,0.6,0.6,0.6,0.6666666666666666,0.3333333333333333,0.5,0.5
2026-05-09,Gibraltar,Malta,Marsa Sports Club,Gibraltar,bat,T20,2026,Malta,0,1,0.29411764705882354,0.44285714285714284,0.0,1.0,0.16666666666666666,0.8333333333333334,0.07692307692307693,0.5714285714285714
2026-05-09,Romania,Bulgaria,"Moara Vlasiei Cricket Ground, Ilfov County",Romania,bat,T20,2026,Romania,1,1,0.6111111111111112,0.3404255319148936,0.4,0.0,0.875,0.125,0.6086956521739131,0.0
2026-05-09,Romania,Bulgaria,"Moara Vlasiei Cricket Ground, Ilfov County",Romania,bat,T20,2026,Romania,1,1,0.6181818181818182,0.3333333333333333,0.4,0.0,0.8888888888888888,0.1111111111111111,0.625,0.0
2026-05-09,Papua New Guinea,South Korea,"Korogi Sports Park, Nisshin",Papua New Guinea,bat,T20,2026,Papua New Guinea,1,1,0.5087719298245614,0.1111111111111111,0.2,0.2,0.5,0.5,0.5,0.0
2026-05-09,Japan,Vanuatu,"Korogi Sports Park, Nisshin",Japan,bat,T20,2026,Japan,1,1,0.673469387755102,0.40625,0.6,0.2,0.5,0.5,0.5,1.0
2026-05-09,Indonesia,Samoa,Sano International Cricket Ground,Samoa,field,T20,2026,Samoa,0,0,0.48,0.21739130434782608,0.2,0.2,0.5,0.5,0.7142857142857143,0.5
2026-05-09,Finland,Cyprus,Happy Valley Ground,Finland,bat,T20,2026,Finland,1,1,0.46875,0.5833333333333334,0.6,0.4,0.75,0.25,0.6666666666666666,0.4666666666666667
2026-05-10,Romania,Bulgaria,"Moara Vlasiei Cricket Ground, Ilfov County",Romania,bat,T20,2026,Romania,1,1,0.625,0.32653061224489793,0.6,0.0,0.9,0.1,0.64,0.0
2026-05-10,Papua New Guinea,Cook Islands,"Korogi Sports Park, Nisshin",Papua New Guinea,bat,T20,2026,Papua New Guinea,1,1,0.5172413793103449,0.5294117647058824,0.4,0.2,0.5,0.5,1.0,1.0
2026-05-10,Fiji,Japan,"Korogi Sports Park, Nisshin",Fiji,bat,T20,2026,Japan,0,1,0.5,0.68,0.6,0.8,0.5,0.5,0.0,1.0
2026-05-10,Samoa,Philippines,Sano International Cricket Ground,Samoa,bat,T20,2026,Samoa,1,1,0.25,0.4473684210526316,0.2,0.6,0.5,0.5,1.0,0.0
2026-05-12,Philippines,South Korea,Sano International Cricket Ground 2,Philippines,bat,T20,2026,Philippines,1,1,0.4358974358974359,0.10526315789473684,0.6,0.2,0.8333333333333334,0.16666666666666666,0.5,0.5
2026-05-12,Japan,Indonesia,Sano International Cricket Ground,Japan,bat,T20,2026,Japan,1,1,0.6862745098039216,0.4752475247524752,1.0,0.2,0.7142857142857143,0.2857142857142857,0.8125,0.625
2026-05-12,Vanuatu,Samoa,Sano International Cricket Ground,Vanuatu,bat,T20,2026,Samoa,0,1,0.3939393939393939,0.28,0.2,0.4,0.5,0.5,0.5,1.0
2026-05-13,Cook Islands,Vanuatu,Sano International Cricket Ground,Cook Islands,bat,T20,2026,Cook Islands,1,1,0.5,0.38235294117647056,0.2,0.2,0.75,0.25,0.2,0.0
2026-05-13,Samoa,Papua New Guinea,Sano International Cricket Ground,Samoa,bat,T20,2026,Papua New Guinea,0,1,0.3076923076923077,0.5254237288135594,0.6,0.6,1.0,0.0,1.0,0.5
2026-05-13,Fiji,South Korea,Sano International Cricket Ground 2,Fiji,bat,T20,2026,South Korea,0,1,0.46153846153846156,0.1,0.4,0.2,0.5,0.5,0.5,0.0
2026-05-14,Fiji,Philippines,Sano International Cricket Ground 2,Fiji,bat,T20,2026,Philippines,0,1,0.42857142857142855,0.45,0.4,0.6,0.5,0.5,0.0,1.0
2026-05-14,Japan,Cook Islands,Sano International Cricket Ground,Japan,bat,T20,2026,Cook Islands,0,1,0.6923076923076923,0.5263157894736842,1.0,0.4,1.0,0.0,0.8235294117647058,0.3333333333333333
2026-05-14,Papua New Guinea,Indonesia,Sano International Cricket Ground,Papua New Guinea,bat,T20,2026,Papua New Guinea,1,1,0.5333333333333333,0.47058823529411764,0.6,0.2,0.5,0.5,1.0,0.5555555555555556
2026-05-16,Malta,Austria,Happy Valley Ground 2,Austria,field,T20,2026,Austria,0,0,0.4507042253521127,0.703125,1.0,0.4,0.0,1.0,0.5,0.5
2026-05-16,Switzerland,Jersey,Happy Valley Ground,Switzerland,bat,T20,2026,Jersey,0,1,0.6428571428571429,0.6590909090909091,0.8,0.8,0.0,1.0,0.5,0.5
2026-05-16,Cyprus,France,Happy Valley Ground,Cyprus,bat,T20,2026,France,0,1,0.5675675675675675,0.46153846153846156,0.2,0.6,0.5,0.5,0.4375,0.5
2026-05-16,Guernsey,Sweden,Happy Valley Ground 2,Sweden,field,T20,2026,Guernsey,1,0,0.5428571428571428,0.5,0.4,0.8,0.5,0.5,0.5,0.5
2026-05-16,Samoa,Japan,Sano International Cricket Ground,Samoa,bat,T20,2026,Japan,0,1,0.2962962962962963,0.6792452830188679,0.6,0.8,0.0,1.0,0.75,0.7777777777777778
2026-05-16,Philippines,South Korea,Sano International Cricket Ground 2,Philippines,bat,T20,2026,South Korea,0,1,0.4634146341463415,0.14285714285714285,0.6,0.2,0.8571428571428571,0.14285714285714285,1.0,0.5
2026-05-16,Vanuatu,Indonesia,Sano International Cricket Ground,Indonesia,field,T20,2026,Vanuatu,1,0,0.37142857142857144,0.46601941747572817,0.2,0.2,0.5,0.5,0.0,0.5
2026-05-17,Fiji,South Korea,Sano International Cricket Ground 2,South Korea,field,T20,2026,South Korea,0,0,0.4,0.18181818181818182,0.2,0.4,0.0,1.0,0.0,0.6666666666666666
2026-05-17,Malta,Guernsey,Happy Valley Ground,Guernsey,field,T20,2026,Guernsey,0,0,0.4444444444444444,0.5555555555555556,0.8,0.6,0.0,1.0,0.5,0.5
2026-05-17,France,Croatia,Happy Valley Ground 2,France,bat,T20,2026,France,1,1,0.475,0.14285714285714285,0.8,0.0,0.5,0.5,0.5,0.5
2026-05-17,Slovenia,Austria,Happy Valley Ground,Slovenia,bat,T20,2026,Austria,0,1,0.06666666666666667,0.7076923076923077,0.0,0.4,0.0,1.0,0.5,0.5
2026-05-17,Jersey,Cyprus,Happy Valley Ground 2,Jersey,bat,T20,2026,Jersey,1,1,0.6666666666666666,0.5526315789473685,0.8,0.2,0.5,0.5,0.5,0.8571428571428571
2026-05-17,Cook Islands,Indonesia,Sano International Cricket Ground,Indonesia,field,T20,2026,Cook Islands,1,0,0.55,0.46153846153846156,0.6,0.2,0.5,0.5,0.42857142857142855,0.45454545454545453
2026-05-17,Papua New Guinea,Vanuatu,Sano International Cricket Ground,Papua New Guinea,bat,T20,2026,Papua New Guinea,1,1,0.5409836065573771,0.3888888888888889,0.8,0.4,1.0,0.0,1.0,0.3333333333333333
2026-05-18,Cook Islands,Samoa,Sano International Cricket Ground,Samoa,field,T20,2026,Samoa,0,0,0.5714285714285714,0.2857142857142857,0.8,0.6,1.0,0.0,0.5,0.6
2026-05-18,Japan,Papua New Guinea,Sano International Cricket Ground,Japan,bat,T20,2026,Japan,1,1,0.6851851851851852,0.5483870967741935,0.8,1.0,0.0,1.0,0.7894736842105263,1.0
2026-05-19,Guernsey,Austria,Happy Valley Ground 2,Austria,field,T20,2026,Guernsey,1,0,0.5675675675675675,0.7121212121212122,0.8,0.6,0.0,1.0,1.0,0.6666666666666666
2026-05-19,Slovenia,Sweden,Happy Valley Ground 2,Slovenia,bat,T20,2026,Sweden,0,1,0.0625,0.4864864864864865,0.0,0.6,0.0,1.0,0.5,0.0
2026-05-19,France,Jersey,Happy Valley Ground,Jersey,field,T20,2026,Jersey,0,0,0.4878048780487805,0.6739130434782609,0.8,0.8,0.5,0.5,1.0,1.0
2026-05-19,Croatia,Switzerland,Happy Valley Ground,Croatia,bat,T20,2026,Croatia,1,1,0.13793103448275862,0.6206896551724138,0.0,0.6,0.0,1.0,0.5,0.0
2026-05-20,Slovenia,Guernsey,Happy Valley Ground,Slovenia,bat,T20,2026,Guernsey,0,1,0.058823529411764705,0.5789473684210527,0.0,1.0,0.0,1.0,0.0,1.0
2026-05-20,Switzerland,Cyprus,Happy Valley Ground 2,Cyprus,field,T20,2026,Switzerland,1,0,0.6,0.5384615384615384,0.6,0.2,0.5,0.5,0.5,0.75
2026-05-20,Sweden,Malta,Happy Valley Ground,Malta,field,T20,2026,Malta,0,0,0.5,0.4383561643835616,0.6,0.6,0.5,0.5,0.5,0.0
2026-05-20,Jersey,Croatia,Happy Valley Ground 2,Croatia,field,T20,2026,Jersey,1,0,0.6808510638297872,0.16666666666666666,1.0,0.2,0.5,0.5,1.0,0.0
2026-05-22,Slovenia,Malta,Happy Valley Ground 2,Slovenia,bat,T20,2026,Malta,0,1,0.05555555555555555,0.44594594594594594,0.0,0.6,0.5,0.5,0.0,0.0
2026-05-22,France,Switzerland,Happy Valley Ground,France,bat,T20,2026,France,1,1,0.47619047619047616,0.6129032258064516,0.6,0.6,0.0,1.0,0.5,0.0
2026-05-22,Austria,Sweden,Happy Valley Ground 2,Sweden,field,T20,2026,Sweden,0,0,0.7014925373134329,0.48717948717948717,0.6,0.4,1.0,0.0,0.5,0.5
2026-05-22,Croatia,Cyprus,Happy Valley Ground,Cyprus,field,T20,2026,Croatia,1,0,0.16129032258064516,0.525,0.2,0.0,0.0,1.0,1.0,0.4117647058823529
2026-05-23,Cameroon,Rwanda,"Botswana Cricket Association Oval 1, Gaborone",Rwanda,field,T20,2026,Rwanda,0,0,0.13333333333333333,0.3225806451612903,0.4,0.4,0.5,0.5,0.5,0.5
2026-05-23,France,Sweden,Happy Valley Ground 2,Sweden,field,T20,2026,Sweden,0,0,0.4883720930232558,0.5,0.8,0.4,1.0,0.0,1.0,0.6666666666666666
2026-05-23,Malta,Switzerland,Happy Valley Ground,Switzerland,field,T20,2026,Switzerland,0,0,0.4533333333333333,0.59375,0.6,0.4,0.25,0.75,0.5,0.0
2026-05-23,Croatia,Austria,Happy Valley Ground,Croatia,bat,T20,2026,Austria,0,1,0.1875,0.6911764705882353,0.4,0.4,0.5,0.5,1.0,1.0
2026-05-23,Guernsey,Jersey,Happy Valley Ground 2,Guernsey,bat,T20,2026,Jersey,0,1,0.5897435897435898,0.6875,1.0,1.0,0.25,0.75,1.0,1.0
2026-05-23,Kenya,Mali,"Botswana Cricket Association Oval 2, Gaborone",Kenya,bat,T20,2026,Kenya,1,1,0.532608695652174,0.0,0.4,0.0,1.0,0.0,0.5,0.5
2026-05-23,Botswana,Sierra Leone,"Botswana Cricket Association Oval 1, Gaborone",Sierra Leone,field,T20,2026,Botswana,1,0,0.38,0.3333333333333333,1.0,0.2,1.0,0.0,1.0,0.5
2026-05-24,Sierra Leone,Cameroon,"Botswana Cricket Association Oval 2, Gaborone",Cameroon,field,T20,2026,Cameroon,0,0,0.325,0.125,0.2,0.4,1.0,0.0,0.5,0.5
2026-05-24,Mali,Botswana,"Botswana Cricket Association Oval 1, Gaborone",Mali,bat,T20,2026,Botswana,0,1,0.0,0.39215686274509803,0.0,1.0,0.0,1.0,0.5,1.0
2026-05-24,Rwanda,Ivory Coast,"Botswana Cricket Association Oval 1, Gaborone",Rwanda,bat,T20,2026,Rwanda,1,1,0.32978723404255317,0.0,0.4,0.0,0.5,0.5,1.0,0.5
2026-05-25,Kenya,Rwanda,"Botswana Cricket Association Oval 1, Gaborone",Kenya,bat,T20,2026,Rwanda,0,1,0.5376344086021505,0.3368421052631579,0.6,0.6,1.0,0.0,0.5,1.0
2026-05-25,Ivory Coast,Mali,"Botswana Cricket Association Oval 2, Gaborone",Mali,field,T20,2026,Mali,0,0,0.0,0.0,0.0,0.0,0.5,0.5,0.5,0.0
2026-05-25,Botswana,Cameroon,"Botswana Cricket Association Oval 2, Gaborone",Botswana,bat,T20,2026,Botswana,1,1,0.40384615384615385,0.17647058823529413,1.0,0.4,1.0,0.0,0.5,1.0
2026-05-26,Mali,Rwanda,"Botswana Cricket Association Oval 2, Gaborone",Rwanda,field,T20,2026,Rwanda,0,0,0.08333333333333333,0.34375,0.2,0.6,0.0,1.0,0.5,0.5
2026-05-26,Kenya,Sierra Leone,"Botswana Cricket Association Oval 1, Gaborone",Sierra Leone,field,T20,2026,Kenya,1,0,0.5319148936170213,0.3170731707317073,0.6,0.2,0.5,0.5,0.0,0.0
2026-05-26,Cameroon,Ivory Coast,"Botswana Cricket Association Oval 2, Gaborone",Cameroon,bat,T20,2026,Cameroon,1,1,0.16666666666666666,0.0,0.4,0.0,0.5,0.5,0.5,0.0
2026-05-28,Botswana,Ivory Coast,"Botswana Cricket Association Oval 1, Gaborone",Botswana,bat,T20,2026,Botswana,1,1,0.41509433962264153,0.0,1.0,0.0,1.0,0.0,1.0,0.0
2026-05-28,Sierra Leone,Rwanda,"Botswana Cricket Association Oval 2, Gaborone",Rwanda,field,T20,2026,Rwanda,0,0,0.30952380952380953,0.35051546391752575,0.2,0.8,0.16666666666666666,0.8333333333333334,0.0,1.0
2026-05-28,Cameroon,Kenya,"Botswana Cricket Association Oval 1, Gaborone",Kenya,field,T20,2026,Kenya,0,0,0.21052631578947367,0.5368421052631579,0.6,0.6,0.0,1.0,0.0,0.5
2026-05-29,Cameroon,Mali,"Botswana Cricket Association Oval 1, Gaborone",Cameroon,bat,T20,2026,Cameroon,1,1,0.2,0.07692307692307693,0.4,0.2,1.0,0.0,0.0,0.0
2026-05-29,Ivory Coast,Sierra Leone,"Botswana Cricket Association Oval 2, Gaborone",Ivory Coast,bat,T20,2026,Sierra Leone,0,1,0.0,0.3023255813953488,0.0,0.0,0.0,1.0,0.0,0.0
2026-05-29,Kenya,Botswana,"Botswana Cricket Association Oval 2, Gaborone",Kenya,bat,T20,2026,Kenya,1,1,0.5416666666666666,0.42592592592592593,0.8,1.0,0.75,0.25,1.0,1.0
2026-05-30,Mali,Sierra Leone,"Botswana Cricket Association Oval 1, Gaborone",Mali,bat,T20,2026,Sierra Leone,0,1,0.07142857142857142,0.3181818181818182,0.2,0.2,0.5,0.5,0.0,0.0
2026-05-30,Ivory Coast,Kenya,"Botswana Cricket Association Oval 2, Gaborone",Kenya,field,T20,2026,Kenya,0,0,0.0,0.5463917525773195,0.0,0.8,0.5,0.5,0.0,1.0
2026-05-30,Rwanda,Botswana,"Botswana Cricket Association Oval 1, Gaborone",Rwanda,bat,T20,2026,Rwanda,1,1,0.35714285714285715,0.41818181818181815,1.0,0.8,0.8333333333333334,0.16666666666666666,1.0,1.0
2026-05-31,Nepal,China,Singapore National Cricket Ground,China,field,T20,2026,Nepal,1,0,0.6037735849056604,0.1111111111111111,0.4,0.0,0.5,0.5,0.5,0.5
2026-06-01,Oman,Singapore,Singapore National Cricket Ground,Singapore,field,T20,2026,Oman,1,0,0.47474747474747475,0.36923076923076925,0.2,0.4,1.0,0.0,0.5,0.2222222222222222
2026-06-01,Bahrain,Hong Kong,Singapore National Cricket Ground,Hong Kong,field,T20,2026,Hong Kong,0,0,0.6285714285714286,0.47706422018348627,0.6,0.6,0.75,0.25,1.0,0.5714285714285714
2026-06-02,Mozambique,Lesotho,Malkerns Country Club oval,Lesotho,field,T20,2026,Mozambique,1,0,0.38095238095238093,0.125,0.4,0.0,0.5,0.5,0.0,0.5
2026-06-02,China,Malaysia,Singapore National Cricket Ground,Malaysia,field,T20,2026,Malaysia,0,0,0.1,0.5963302752293578,0.0,0.8,0.0,1.0,0.0,1.0
2026-06-03,Eswatini,Mozambique,Malkerns Country Club oval,Eswatini,bat,T20,2026,Mozambique,0,1,0.4117647058823529,0.4090909090909091,0.4,0.4,0.75,0.25,1.0,0.25
2026-06-03,Singapore,Hong Kong,Singapore National Cricket Ground,Singapore,bat,T20,2026,Hong Kong,0,1,0.36363636363636365,0.4818181818181818,0.4,0.8,0.16666666666666666,0.8333333333333334,0.2,0.625
2026-06-03,Oman,Bahrain,Singapore National Cricket Ground,Bahrain,field,T20,2026,Oman,1,0,0.48,0.6226415094339622,0.2,0.6,0.6666666666666666,0.3333333333333333,1.0,0.75
2026-06-04,Nepal,Malaysia,Singapore National Cricket Ground,Malaysia,field,T20,2026,Nepal,1,0,0.6074766355140186,0.6,0.6,1.0,1.0,0.0,1.0,1.0
2026-06-04,Lesotho,Eswatini,Malkerns Country Club oval,Lesotho,bat,T20,2026,Eswatini,0,1,0.11764705882352941,0.3888888888888889,0.0,0.2,0.5,0.5,0.0,0.75
2026-06-04,Mozambique,Lesotho,Malkerns Country Club oval,Lesotho,field,T20,2026,Mozambique,1,0,0.43478260869565216,0.1111111111111111,0.4,0.0,1.0,0.0,0.4,0.0
2026-06-05,Bahrain,Singapore,Singapore National Cricket Ground,Singapore,field,T20,2026,Bahrain,1,0,0.616822429906542,0.3582089552238806,0.4,0.4,1.0,0.0,0.6,0.18181818181818182
2026-06-05,Hong Kong,Oman,Singapore National Cricket Ground,Oman,field,T20,2026,Hong Kong,1,0,0.4864864864864865,0.48514851485148514,0.8,0.4,0.125,0.875,0.6666666666666666,1.0
2026-06-06,Mozambique,Eswatini,Malkerns Country Club oval,Mozambique,bat,T20,2026,Eswatini,0,1,0.4583333333333333,0.42105263157894735,0.6,0.2,0.4,0.6,0.5,0.8
2026-06-06,Mozambique,Lesotho,Malkerns Country Club oval,Mozambique,bat,T20,2026,Mozambique,1,1,0.44,0.10526315789473684,0.6,0.0,1.0,0.0,0.42857142857142855,0.0
2026-06-07,Mozambique,Eswatini,Malkerns Country Club oval,Mozambique,bat,T20,2026,Eswatini,0,1,0.46153846153846156,0.45,0.8,0.4,0.3333333333333333,0.6666666666666666,0.5,0.8333333333333334
2026-06-07,Lesotho,Eswatini,Malkerns Country Club oval,Lesotho,bat,T20,2026,Lesotho,1,1,0.1,0.47619047619047616,0.0,0.6,0.0,1.0,0.0,0.8571428571428571
2026-06-07,Malaysia,Hong Kong,Singapore National Cricket Ground,Hong Kong,field,T20,2026,Hong Kong,0,0,0.5945945945945946,0.49107142857142855,0.8,0.8,0.5789473684210527,0.42105263157894735,0.8888888888888888,0.7
2026-06-07,Oman,Nepal,Singapore National Cricket Ground,Oman,bat,T20,2026,Nepal,0,1,0.4803921568627451,0.6111111111111112,0.4,0.8,0.25,0.75,0.6666666666666666,1.0
2026-06-08,Hong Kong,Nepal,Singapore National Cricket Ground,Nepal,field,T20,2026,Nepal,0,0,0.49557522123893805,0.6146788990825688,0.8,0.8,0.5,0.5,0.7272727272727273,1.0
2026-06-08,Oman,Malaysia,Singapore National Cricket Ground,Malaysia,field,T20,2026,Malaysia,0,0,0.47572815533980584,0.5892857142857143,0.4,0.6,1.0,0.0,0.5,0.8
2026-06-11,Norway,Sweden,"Botkyrka Cricket Center, Stockholm",Sweden,field,T20,2026,Sweden,0,0,0.5,0.5121951219512195,0.2,0.6,1.0,0.0,0.6666666666666666,0.0
2026-06-11,Austria,Finland,"Botkyrka Cricket Center, Stockholm",Austria,bat,T20,2026,Finland,0,1,0.6956521739130435,0.48484848484848486,0.6,0.8,0.5,0.5,1.0,0.5
2026-06-11,Sri Lanka,West Indies,"Sabina Park, Kingston, Jamaica",Sri Lanka,bat,T20,2026,West Indies,0,1,0.4413145539906103,0.4469026548672566,0.2,0.6,0.5555555555555556,0.4444444444444444,0.5,0.5
2026-06-12,Sweden,Finland,"Botkyrka Cricket Center, Stockholm",Finland,field,T20,2026,Finland,0,0,0.5238095238095238,0.5,0.8,0.8,0.5,0.5,0.25,1.0
2026-06-12,Norway,Austria,"Botkyrka Cricket Center, Stockholm",Austria,field,T20,2026,Norway,1,0,0.4897959183673469,0.6857142857142857,0.0,0.4,0.25,0.75,0.5,0.75
2026-06-13,Sri Lanka,West Indies,"Sabina Park, Kingston, Jamaica",West Indies,field,T20,2026,Sri Lanka,1,0,0.4392523364485981,0.44933920704845814,0.0,0.6,0.5263157894736842,0.47368421052631576,0.0,0.5555555555555556
2026-06-13,Finland,Norway,"Botkyrka Cricket Center, Stockholm",Norway,field,T20,2026,Finland,1,0,0.5142857142857142,0.5,0.8,0.2,0.3333333333333333,0.6666666666666666,1.0,0.6
2026-06-13,Sweden,Austria,"Botkyrka Cricket Center, Stockholm",Austria,field,T20,2026,Sweden,1,0,0.5116279069767442,0.676056338028169,0.6,0.2,0.25,0.75,0.2,0.6
2026-06-14,Sri Lanka,West Indies,"Sabina Park, Kingston, Jamaica",West Indies,field,T20,2026,West Indies,0,0,0.4418604651162791,0.4473684210526316,0.2,0.4,0.55,0.45,0.5,0.5
2026-06-14,Finland,Sweden,"Botkyrka Cricket Center, Stockholm",Sweden,field,T20,2026,Sweden,0,0,0.5277777777777778,0.5227272727272727,1.0,0.8,0.5714285714285714,0.42857142857142855,1.0,0.3333333333333333
2026-06-14,Norway,Austria,"Botkyrka Cricket Center, Stockholm",Norway,bat,T20,2026,Austria,0,1,0.49019607843137253,0.6666666666666666,0.2,0.2,0.4,0.6,0.5,0.5
2026-06-17,Bangladesh,Australia,"Bir Sreshtho Flight Lieutenant Matiur Rahman Stadium, Chattogram",Bangladesh,bat,T20,2026,Australia,0,1,0.3968253968253968,0.5747663551401869,0.6,0.4,0.36363636363636365,0.6363636363636364,0.42857142857142855,0.5
2026-06-18,Denmark,Germany,"Svanholm Park, Brondby",Denmark,bat,T20,2026,Germany,0,1,0.4358974358974359,0.6,0.6,0.8,0.0,1.0,0.5454545454545454,0.5
2026-06-18,Nigeria,Hong Kong,"Namibia Cricket Ground, Windhoek",Hong Kong,field,T20,2026,Hong Kong,0,0,0.5168539325842697,0.49122807017543857,0.8,0.8,0.0,1.0,0.5,0.5
2026-06-19,Hungary,Switzerland,"Moara Vlasiei Cricket Ground, Ilfov County",Switzerland,field,T20,2026,Switzerland,0,0,0.4722222222222222,0.6060606060606061,0.4,0.4,0.5,0.5,0.42857142857142855,0.5
2026-06-19,Romania,Switzerland,"Moara Vlasiei Cricket Ground, Ilfov County",Romania,bat,T20,2026,Switzerland,0,1,0.631578947368421,0.6176470588235294,0.8,0.6,0.0,1.0,0.6538461538461539,1.0
2026-06-19,Belgium,Romania,"Moara Vlasiei Cricket Ground, Ilfov County",Belgium,bat,T20,2026,Belgium,1,1,0.5714285714285714,0.6206896551724138,0.0,0.8,0.5,0.5,0.6666666666666666,0.6296296296296297
2026-06-19,Hong Kong,Namibia,"Namibia Cricket Ground, Windhoek",Namibia,field,T20,2026,Namibia,0,0,0.4956521739130435,0.5730337078651685,0.8,0.2,0.5,0.5,1.0,0.7142857142857143
2026-06-19,Australia,Bangladesh,"Bir Sreshtho Flight Lieutenant Matiur Rahman Stadium, Chattogram",Australia,bat,T20,2026,Australia,1,1,0.5767441860465117,0.39473684210526316,0.6,0.6,0.6666666666666666,0.3333333333333333,1.0,0.375
2026-06-19,Germany,Denmark,"Svanholm Park, Brondby",Germany,bat,T20,2026,Denmark,0,1,0.6065573770491803,0.425,0.8,0.4,1.0,0.0,1.0,0.5
2026-06-19,Germany,Denmark,"Svanholm Park, Brondby",Germany,bat,T20,2026,Denmark,0,1,0.5967741935483871,0.43902439024390244,0.6,0.6,0.8333333333333334,0.16666666666666666,0.5,0.5384615384615384
2026-06-20,Belgium,Switzerland,"Moara Vlasiei Cricket Ground, Ilfov County",Switzerland,field,T20,2026,Belgium,1,0,0.5833333333333334,0.6285714285714286,0.2,0.8,1.0,0.0,0.75,1.0
2026-06-20,Belgium,Hungary,"Moara Vlasiei Cricket Ground, Ilfov County",Belgium,bat,T20,2026,Belgium,1,1,0.5945945945945946,0.4594594594594595,0.4,0.2,1.0,0.0,0.8,0.375
2026-06-20,Hungary,Romania,"Moara Vlasiei Cricket Ground, Ilfov County",Romania,field,T20,2026,Romania,0,0,0.4473684210526316,0.6101694915254238,0.2,0.6,0.2,0.8,0.3333333333333333,0.6071428571428571
2026-06-20,Germany,Denmark,"Svanholm Park, Brondby",Denmark,field,T20,2026,Denmark,0,0,0.5873015873015873,0.4523809523809524,0.4,0.6,0.7142857142857143,0.2857142857142857,0.3333333333333333,0.5714285714285714
2026-06-20,Namibia,Nigeria,"Namibia Cricket Ground, Windhoek",Namibia,bat,T20,2026,Namibia,1,1,0.5777777777777777,0.5111111111111111,0.4,0.8,0.6666666666666666,0.3333333333333333,0.75,0.0
2026-06-21,Belgium,Romania,"Moara Vlasiei Cricket Ground, Ilfov County",Belgium,bat,T20,2026,Belgium,1,1,0.6052631578947368,0.6166666666666667,0.6,0.6,1.0,0.0,0.8333333333333334,0.6206896551724138
2026-06-21,Romania,Switzerland,"Moara Vlasiei Cricket Ground, Ilfov County",Switzerland,field,T20,2026,Romania,1,0,0.6065573770491803,0.6111111111111112,0.4,0.6,0.0,1.0,0.6,0.6666666666666666
2026-06-21,Belgium,Hungary,"Moara Vlasiei Cricket Ground, Ilfov County",Belgium,bat,T20,2026,Belgium,1,1,0.6153846153846154,0.4358974358974359,0.8,0.0,1.0,0.0,0.8571428571428571,0.3
2026-06-21,Bangladesh,Australia,"Bir Sreshtho Flight Lieutenant Matiur Rahman Stadium, Chattogram",Bangladesh,bat,T20,2026,Australia,0,1,0.39267015706806285,0.5787037037037037,0.4,0.6,0.3076923076923077,0.6923076923076923,0.3333333333333333,1.0
2026-06-21,Nigeria,Hong Kong,"Namibia Cricket Ground, Windhoek",Hong Kong,field,T20,2026,Hong Kong,0,0,0.5054945054945055,0.49137931034482757,0.6,0.6,0.0,1.0,0.0,0.5
2026-06-22,Singapore,Uzbekistan,Singapore National Cricket Ground,Uzbekistan,field,T20,2026,Singapore,1,0,0.35294117647058826,0.5,0.2,0.5,0.5,0.5,0.16666666666666666,0.5
2026-06-22,Belize,Bermuda,"White Hill Field, Sandys Parish",Bermuda,field,T20,2026,Bermuda,0,0,0.25,0.6888888888888889,0.4,0.6,0.0,1.0,0.5,1.0
2026-06-22,Namibia,Hong Kong,"Namibia Cricket Ground, Windhoek",Namibia,bat,T20,2026,Namibia,1,1,0.5824175824175825,0.49572649572649574,0.6,0.6,1.0,0.0,0.7777777777777778,0.6666666666666666
2026-06-22,Panama,Brazil,"White Hill Field, Sandys Parish",Brazil,field,T20,2026,Panama,1,0,0.3181818181818182,0.4,0.8,0.6,0.0,1.0,0.0,0.5
2026-06-23,Namibia,Nigeria,"Namibia Cricket Ground, Windhoek",Namibia,bat,T20,2026,Namibia,1,1,0.5869565217391305,0.5,0.8,0.4,0.75,0.25,0.8,0.0
2026-06-23,Singapore,Thailand,Singapore National Cricket Ground,Singapore,bat,T20,2026,Singapore,1,1,0.36231884057971014,0.3728813559322034,0.2,0.2,0.8,0.2,0.23076923076923078,0.5
2026-06-23,Indonesia,Uzbekistan,Singapore National Cricket Ground,Uzbekistan,field,T20,2026,Indonesia,1,0,0.45714285714285713,0.0,0.0,0.0,0.5,0.5,0.5,0.0
2026-06-24,Brazil,Belize,"White Hill Field, Sandys Parish",Brazil,bat,T20,2026,Belize,0,1,0.375,0.23076923076923078,0.6,0.4,0.0,1.0,0.0,0.0
2026-06-24,Bahamas,Panama,"White Hill Field, Sandys Parish",Panama,field,T20,2026,Panama,0,0,0.2857142857142857,0.34782608695652173,0.0,1.0,0.6666666666666666,0.3333333333333333,0.5,0.3333333333333333
2026-06-25,Brazil,Bahamas,"White Hill Field, Sandys Parish",Bahamas,field,T20,2026,Bahamas,0,0,0.35294117647058826,0.27586206896551724,0.4,0.0,0.0,1.0,0.0,0.0
2026-06-25,Panama,Bermuda,"White Hill Field, Sandys Parish",Panama,bat,T20,2026,Bermuda,0,1,0.375,0.6956521739130435,1.0,0.8,0.0,1.0,0.5,1.0
2026-06-25,Singapore,Indonesia,Singapore National Cricket Ground,Indonesia,field,T20,2026,Singapore,1,0,0.37142857142857144,0.46226415094339623,0.4,0.2,1.0,0.0,0.2857142857142857,1.0
2026-06-25,Uzbekistan,Thailand,Singapore National Cricket Ground,Thailand,field,T20,2026,Thailand,0,0,0.0,0.36666666666666664,0.0,0.2,0.5,0.5,0.0,0.0
2026-06-26,Serbia,Luxembourg,"Scott Page Field, Vinor",Luxembourg,field,T20,2026,Luxembourg,0,0,0.28125,0.325,0.2,0.2,0.5,0.5,0.5,0.2857142857142857
2026-06-26,Thailand,Singapore,Singapore National Cricket Ground,Thailand,bat,T20,2026,Singapore,0,1,0.3770491803278688,0.38028169014084506,0.4,0.6,0.16666666666666666,0.8333333333333334,0.5,0.3333333333333333
2026-06-26,Indonesia,Uzbekistan,Singapore National Cricket Ground,Indonesia,bat,T20,2026,Indonesia,1,1,0.45794392523364486,0.0,0.2,0.0,1.0,0.0,0.5,0.0
2026-06-26,Czech Republic,Luxembourg,"Scott Page Field, Vinor",Luxembourg,field,T20,2026,Luxembourg,0,0,0.45714285714285713,0.34146341463414637,0.4,0.2,0.75,0.25,0.38461538461538464,0.375
2026-06-26,Ireland,India,"Civil Service Cricket Club, Stormont, Belfast",India,field,T20,2026,Ireland,1,0,0.4652777777777778,0.7058823529411765,0.6,0.8,0.0,1.0,0.0,0.5
2026-06-27,Hungary,Austria,"GB Oval, Szodliget",Hungary,bat,T20,2026,Austria,0,1,0.425,0.6712328767123288,0.0,0.4,0.2,0.8,0.7777777777777778,1.0
2026-06-27,Bahamas,Belize,"White Hill Field, Sandys Parish",Belize,field,T20,2026,Bahamas,1,0,0.3,0.2857142857142857,0.2,0.6,1.0,0.0,0.5,0.5
2026-06-27,Serbia,Luxembourg,"Scott Page Field, Vinor",Serbia,bat,T20,2026,Luxembourg,0,1,0.2727272727272727,0.35714285714285715,0.0,0.4,0.0,1.0,0.0,0.4444444444444444
2026-06-27,Bermuda,Brazil,"White Hill Field, Sandys Parish",Bermuda,bat,T20,2026,Bermuda,1,1,0.7021276595744681,0.3333333333333333,0.8,0.4,1.0,0.0,1.0,0.0
2026-06-28,Czech Republic,Luxembourg,"Scott Page Field, Vinor",Luxembourg,field,T20,2026,Czech Republic,1,0,0.4444444444444444,0.37209302325581395,0.4,0.6,0.6,0.4,0.35714285714285715,0.5
2026-06-28,Hungary,Austria,"GB Oval, Szodliget",Hungary,bat,T20,2026,Austria,0,1,0.4146341463414634,0.6756756756756757,0.0,0.4,0.16666666666666666,0.8333333333333334,0.7,1.0
2026-06-28,Austria,Hungary,"GB Oval, Szodliget",Austria,bat,T20,2026,Austria,1,1,0.68,0.40476190476190477,0.6,0.0,0.8571428571428571,0.14285714285714285,1.0,0.6363636363636364
2026-06-28,Ireland,India,"Civil Service Cricket Club, Stormont, Belfast",India,field,T20,2026,Ireland,1,0,0.4689655172413793,0.703125,0.6,0.8,0.1111111111111111,0.8888888888888888,0.16666666666666666,0.0
2026-07-01,Sweden,Portugal,"Botkyrka Cricket Center, Stockholm",Sweden,bat,T20,2026,Portugal,0,1,0.5333333333333333,0.7222222222222222,0.8,0.8,0.5,0.5,0.42857142857142855,0.5
2026-07-01,Portugal,Sweden,"Botkyrka Cricket Center, Stockholm",Sweden,field,T20,2026,Portugal,1,0,0.7297297297297297,0.5217391304347826,0.8,0.6,1.0,0.0,1.0,0.375
2026-07-03,Portugal,Finland,Kerava National Cricket Ground,Finland,field,T20,2026,Portugal,1,0,0.7368421052631579,0.5135135135135135,0.8,0.8,0.5,0.5,0.5,0.4
2026-07-04,India,England,"Old Trafford, Manchester",India,bat,T20,2026,England,0,1,0.7003891050583657,0.5619047619047619,0.6,0.8,0.6,0.4,0.5,1.0
2026-07-04,Portugal,Finland,Kerava National Cricket Ground,Finland,field,T20,2026,Portugal,1,0,0.7435897435897436,0.5,1.0,0.6,1.0,0.0,1.0,0.36363636363636365
2026-07-07,England,India,"Trent Bridge, Nottingham",India,field,T20,2026,England,1,0,0.5639810426540285,0.6976744186046512,0.8,0.4,0.41935483870967744,0.5806451612903226,0.3333333333333333,0.0
2026-07-08,Serbia,Romania,Koge Cricket Club,Romania,field,T20,2026,Romania,0,0,0.2647058823529412,0.6129032258064516,0.0,0.4,0.0,1.0,0.5,0.5
2026-07-08,Gibraltar,Belgium,Koge Cricket Club,Belgium,field,T20,2026,Belgium,0,0,0.28846153846153844,0.625,0.0,1.0,0.0,1.0,0.5,0.5
2026-07-08,Denmark,Estonia,"Svanholm Park, Brondby",Estonia,field,T20,2026,Denmark,1,0,0.46511627906976744,0.3793103448275862,0.8,0.2,0.5,0.5,0.6,0.5
2026-07-09,Denmark,Turkey,Koge Cricket Club,Turkey,field,T20,2026,Denmark,1,0,0.4772727272727273,0.13333333333333333,0.8,0.2,0.5,0.5,0.5,0.5
2026-07-09,Estonia,Norway,Koge Cricket Club,Norway,field,T20,2026,Norway,0,0,0.36666666666666664,0.4807692307692308,0.0,0.2,0.0,1.0,0.5,1.0
2026-07-09,India,England,"County Ground, Bristol",India,bat,T20,2026,England,0,1,0.694980694980695,0.5660377358490566,0.2,0.8,0.5625,0.4375,0.5,1.0
2026-07-10,Turkey,Norway,Koge Cricket Club,Norway,field,T20,2026,Norway,0,0,0.125,0.49056603773584906,0.2,0.4,0.5,0.5,0.0,1.0
2026-07-10,Gibraltar,Romania,"Svanholm Park, Brondby",Romania,field,T20,2026,Romania,0,0,0.2830188679245283,0.6190476190476191,0.0,0.6,0.5,0.5,0.5,0.5
2026-07-10,Hungary,Estonia,Koge Cricket Club,Hungary,bat,T20,2026,Hungary,1,1,0.3953488372093023,0.3548387096774194,0.0,0.0,0.5,0.5,0.5,0.0
2026-07-10,Belgium,Serbia,"Svanholm Park, Brondby",Serbia,field,T20,2026,Belgium,1,0,0.6341463414634146,0.2571428571428571,1.0,0.0,1.0,0.0,0.5,0.5
2026-07-11,England,India,"The Rose Bowl, Southampton",India,field,T20,2026,England,1,0,0.568075117370892,0.6923076923076923,0.8,0.0,0.45454545454545453,0.5454545454545454,0.4,1.0
2026-07-12,Serbia,Gibraltar,Koge Cricket Club,Gibraltar,field,T20,2026,Gibraltar,0,0,0.25,0.2777777777777778,0.0,0.0,0.0,1.0,0.0,0.0
2026-07-12,Hungary,Turkey,"Svanholm Park, Brondby",Hungary,bat,T20,2026,Hungary,1,1,0.4090909090909091,0.11764705882352941,0.2,0.2,0.5,0.5,0.5,0.5
2026-07-12,Belgium,Romania,Koge Cricket Club,Romania,field,T20,2026,Romania,0,0,0.6428571428571429,0.625,1.0,0.8,1.0,0.0,1.0,1.0
2026-07-12,Denmark,Norway,"Svanholm Park, Brondby",Norway,field,T20,2026,Denmark,1,0,0.4888888888888889,0.5,1.0,0.6,0.6666666666666666,0.3333333333333333,0.625,0.0
2026-07-13,Turkey,Estonia,"Svanholm Park, Brondby",Turkey,bat,T20,2026,Estonia,0,1,0.1111111111111111,0.34375,0.2,0.0,0.5,0.5,0.0,0.0
2026-07-13,Denmark,Hungary,"Svanholm Park, Brondby",Denmark,bat,T20,2026,Denmark,1,1,0.5,0.4222222222222222,1.0,0.4,0.5,0.5,0.6470588235294118,1.0
2026-07-14,Norway,Gibraltar,Koge Cricket Club,Norway,bat,T20,2026,Norway,1,1,0.4909090909090909,0.2909090909090909,0.4,0.2,1.0,0.0,1.0,0.5
2026-07-14,Serbia,Estonia,Koge Cricket Club,Serbia,bat,T20,2026,Estonia,0,1,0.24324324324324326,0.36363636363636365,0.0,0.2,0.5,0.5,0.0,0.0
2026-07-14,Hungary,Belgium,"Svanholm Park, Brondby",Hungary,bat,T20,2026,Belgium,0,1,0.41304347826086957,0.627906976744186,0.4,0.8,0.0,1.0,0.5,1.0
2026-07-14,Denmark,Romania,"Svanholm Park, Brondby",Romania,field,T20,2026,Denmark,1,0,0.5106382978723404,0.6307692307692307,1.0,0.8,0.5,0.5,0.6666666666666666,1.0
2026-07-15,Zimbabwe,Bangladesh,"Queens Sports Club, Bulawayo",Bangladesh,field,T20,2026,Zimbabwe,1,0,0.41916167664670656,0.390625,0.4,0.2,0.3333333333333333,0.6666666666666666,0.625,0.5
2026-07-17,Bangladesh,Zimbabwe,"Queens Sports Club, Bulawayo",Zimbabwe,field,T20,2026,Bangladesh,1,0,0.38860103626943004,0.4226190476190476,0.0,0.4,0.64,0.36,0.0,0.6470588235294118
2026-07-19,Zimbabwe,Bangladesh,"Queens Sports Club, Bulawayo",Zimbabwe,bat,T20,2026,Bangladesh,0,1,0.42011834319526625,0.3917525773195876,0.2,0.2,0.34615384615384615,0.6538461538461539,0.6111111111111112,0.5
2026-07-23,Zimbabwe,India,Harare Sports Club,India,field,T20,2026,India,0,0,0.4176470588235294,0.6896551724137931,0.2,0.0,0.21428571428571427,0.7857142857142857,0.32075471698113206,0.75
2026-07-25,France,Romania,"Moara Vlasiei Cricket Ground, Ilfov County",France,bat,T20,2026,Romania,0,1,0.4772727272727273,0.6212121212121212,0.6,0.8,1.0,0.0,0.0,0.6129032258064516
2026-07-25,Austria,Turkey,"Moara Vlasiei Cricket Ground, Ilfov County",Turkey,field,T20,2026,Austria,1,0,0.6842105263157895,0.10526315789473684,0.8,0.2,0.5,0.5,0.8333333333333334,0.5
2026-07-25,India,Zimbabwe,Harare Sports Club,Zimbabwe,field,T20,2026,India,1,0,0.6908396946564885,0.4152046783625731,0.2,0.2,0.8,0.2,0.7692307692307693,0.3148148148148148
2026-07-26,India,Zimbabwe,Harare Sports Club,India,bat,T20,2026,India,1,1,0.6920152091254753,0.4127906976744186,0.4,0.2,0.8125,0.1875,0.7857142857142857,0.3090909090909091
2026-07-26,Turkey,Romania,"Moara Vlasiei Cricket Ground, Ilfov County",Turkey,bat,T20,2026,Romania,0,1,0.1,0.6268656716417911,0.0,0.8,0.0,1.0,0.0,0.625
2026-07-26,Romania,Austria,"Moara Vlasiei Cricket Ground, Ilfov County",Austria,field,T20,2026,Austria,0,0,0.6323529411764706,0.6883116883116883,0.8,1.0,0.3333333333333333,0.6666666666666666,0.6363636363636364,0.8571428571428571
2026-07-27,Israel,Romania,"Moara Vlasiei Cricket Ground, Ilfov County",Romania,field,T20,2026,Romania,0,0,0.375,0.6231884057971014,0.4,0.6,0.0,1.0,0.5,0.6176470588235294
2026-07-27,France,Turkey,"Moara Vlasiei Cricket Ground, Ilfov County",France,bat,T20,2026,France,1,1,0.4666666666666667,0.09523809523809523,0.4,0.0,1.0,0.0,0.0,0.0
2026-07-28,France,Austria,"Moara Vlasiei Cricket Ground, Ilfov County",France,bat,T20,2026,France,1,1,0.4782608695652174,0.6923076923076923,0.4,1.0,0.0,1.0,0.2,0.875
2026-07-28,Turkey,Israel,"Moara Vlasiei Cricket Ground, Ilfov County",Israel,field,T20,2026,Turkey,1,0,0.09090909090909091,0.3333333333333333,0.0,0.4,0.5,0.5,0.0,0.0
2026-07-28,Israel,Austria,"Moara Vlasiei Cricket Ground, Ilfov County",Israel,bat,T20,2026,Austria,0,1,0.3,0.6835443037974683,0.4,0.8,0.0,1.0,0.0,0.7777777777777778
2026-07-29,Turkey,France,"Moara Vlasiei Cricket Ground, Ilfov County",Turkey,bat,T20,2026,France,0,1,0.13043478260869565,0.48936170212765956,0.2,0.6,0.0,1.0,0.25,0.3333333333333333
2026-07-29,Israel,France,"Moara Vlasiei Cricket Ground, Ilfov County",Israel,bat,T20,2026,France,0,1,0.2727272727272727,0.5,0.2,0.6,0.5,0.5,0.0,0.42857142857142855
2026-07-30,Austria,Romania,"Moara Vlasiei Cricket Ground, Ilfov County",Romania,field,T20,2026,Romania,0,0,0.6875,0.6285714285714286,0.8,0.6,0.7142857142857143,0.2857142857142857,0.8,0.6285714285714286
2026-07-30,France,Romania,"Moara Vlasiei Cricket Ground, Ilfov County",France,bat,T20,2026,France,1,1,0.5102040816326531,0.6338028169014085,0.8,0.8,0.5,0.5,0.5,0.6388888888888888
2026-07-31,Bahrain,Kenya,"Gymkhana Club Ground, Nairobi",Bahrain,bat,T20,2026,Bahrain,1,1,0.6203703703703703,0.5510204081632653,0.6,0.8,0.5,0.5,0.5,0.5
2026-08-01,Bahrain,Kenya,"Gymkhana Club Ground, Nairobi",Kenya,field,T20,2026,Kenya,0,0,0.6238532110091743,0.5454545454545454,0.6,0.8,1.0,0.0,1.0,0.47058823529411764
2026-08-06,Mexico,Panama,"Los Pinos Polo Club 1, Cundinamarca",Panama,field,T20,2026,Panama,0,0,0.42857142857142855,0.36,0.6,0.8,0.0,1.0,0.5,0.5
2026-08-07,Panama,Brazil,"Los Pinos Polo Club 1, Cundinamarca",Brazil,field,T20,2026,Brazil,0,0,0.38461538461538464,0.3157894736842105,0.8,0.2,0.5,0.5,1.0,0.5
2026-08-08,Peru,Panama,"Los Pinos Polo Club 2, Cundinamarca",Panama,field,T20,2026,Panama,0,0,0.5,0.37037037037037035,0.5,0.6,0.5,0.5,0.5,0.5
2026-08-08,Brazil,Mexico,"Los Pinos Polo Club 1, Cundinamarca",Mexico,field,T20,2026,Brazil,1,0,0.35,0.41379310344827586,0.2,0.6,0.5,0.5,1.0,0.0
2026-08-08,Mexico,Peru,"Los Pinos Polo Club 1, Cundinamarca",Mexico,bat,T20,2026,Mexico,1,1,0.4,0.0,0.4,0.0,0.5,0.5,0.0,0.5
2026-08-09,Brazil,Panama,"Los Pinos Polo Club 1, Cundinamarca",Panama,field,T20,2026,Brazil,1,0,0.38095238095238093,0.39285714285714285,0.4,0.6,0.6666666666666666,0.3333333333333333,1.0,0.5
2026-08-11,Malawi,Zambia,"TCA Oval, Blantyre",Zambia,field,T20,2026,Malawi,1,0,0.4,0.4,0.6,0.6,0.5,0.5,0.125,0.5
2026-08-11,Zambia,Rwanda,"TCA Oval, Blantyre",Rwanda,field,T20,2026,Rwanda,0,0,0.36363636363636365,0.36363636363636365,0.4,1.0,0.3333333333333333,0.6666666666666666,0.0,1.0
2026-08-11,Germany,Finland,Kerava National Cricket Ground,Germany,bat,T20,2026,Germany,1,1,0.578125,0.48717948717948717,0.4,0.4,0.5,0.5,0.5,0.3333333333333333
2026-08-12,Zambia,Rwanda,"TCA Oval, Blantyre",Zambia,bat,T20,2026,Zambia,1,1,0.3333333333333333,0.37,0.2,1.0,0.25,0.75,0.0,1.0
2026-08-12,Malawi,Rwanda,"TCA Oval, Blantyre",Rwanda,field,T20,2026,Rwanda,0,0,0.4146341463414634,0.36633663366336633,0.6,0.8,0.4444444444444444,0.5555555555555556,0.2222222222222222,0.8
2026-08-14,Portugal,Israel,Tikkurila Cricket Ground,Israel,field,T20,2026,Portugal,1,0,0.75,0.25,1.0,0.2,0.0,1.0,0.5,0.5
2026-08-14,Malawi,Rwanda,"TCA Oval, Blantyre",Rwanda,field,T20,2026,Malawi,1,0,0.40476190476190477,0.37254901960784315,0.6,0.8,0.4,0.6,0.2,0.8333333333333334
2026-08-14,Finland,Spain,Kerava National Cricket Ground,Spain,field,T20,2026,Spain,0,0,0.475,0.8292682926829268,0.2,1.0,0.0,1.0,0.3076923076923077,0.5
2026-08-14,Luxembourg,Isle of Man,Kerava National Cricket Ground,Isle of Man,field,T20,2026,Isle of Man,0,0,0.36363636363636365,0.47619047619047616,0.6,0.2,0.0,1.0,0.5,0.75
2026-08-14,Germany,Czech Republic,Tikkurila Cricket Ground,Germany,bat,T20,2026,Germany,1,1,0.5846153846153846,0.4594594594594595,0.4,0.4,0.5,0.5,0.5,1.0
2026-08-15,Greece,Czech Republic,Kerava National Cricket Ground,Greece,bat,T20,2026,Czech Republic,0,1,0.1111111111111111,0.4473684210526316,0.0,0.4,0.0,1.0,0.0,0.5
2026-08-15,Isle of Man,Spain,Tikkurila Cricket Ground,Spain,field,T20,2026,Spain,0,0,0.5,0.8333333333333334,0.4,1.0,0.0,1.0,1.0,0.5
2026-08-15,Rwanda,Zambia,"TCA Oval, Blantyre",Zambia,field,T20,2026,Zambia,0,0,0.36893203883495146,0.38461538461538464,0.6,0.4,0.6,0.4,0.7142857142857143,0.3333333333333333
2026-08-15,Zambia,Malawi,"TCA Oval, Blantyre",Zambia,bat,T20,2026,Zambia,1,1,0.42857142857142855,0.4186046511627907,0.6,0.8,0.0,1.0,0.5,0.2727272727272727
2026-08-15,Germany,Portugal,Kerava National Cricket Ground,Portugal,field,T20,2026,Portugal,0,0,0.5909090909090909,0.7560975609756098,0.4,1.0,0.5,0.5,1.0,1.0
2026-08-15,Finland,Bulgaria,Tikkurila Cricket Ground,Bulgaria,field,T20,2026,Finland,1,0,0.4634146341463415,0.32,0.0,0.0,1.0,0.0,1.0,0.3333333333333333
2026-08-16,Malawi,Rwanda,"TCA Oval, Blantyre",Malawi,bat,T20,2026,Rwanda,0,1,0.4090909090909091,0.36538461538461536,0.6,0.4,0.45454545454545453,0.5454545454545454,0.25,0.625
2026-08-17,Israel,Germany,Kerava National Cricket Ground,Israel,bat,T20,2026,Germany,0,1,0.23076923076923078,0.582089552238806,0.0,0.4,0.5,0.5,0.5,0.5
2026-08-17,Isle of Man,Bulgaria,Tikkurila Cricket Ground,Bulgaria,field,T20,2026,Isle of Man,1,0,0.4782608695652174,0.3137254901960784,0.2,0.0,0.5,0.5,0.5,0.25
2026-08-17,Greece,Portugal,Kerava National Cricket Ground,Portugal,field,T20,2026,Portugal,0,0,0.1,0.7619047619047619,0.0,1.0,0.5,0.5,0.0,1.0
2026-08-17,Spain,Luxembourg,Tikkurila Cricket Ground,Luxembourg,field,T20,2026,Spain,1,0,0.8372093023255814,0.35555555555555557,1.0,0.6,0.5,0.5,1.0,0.6666666666666666
2026-08-18,Greece,Germany,Kerava National Cricket Ground,Germany,field,T20,2026,Germany,0,0,0.09090909090909091,0.5882352941176471,0.0,0.6,0.5,0.5,0.0,0.6666666666666666
2026-08-18,Bulgaria,Spain,Tikkurila Cricket Ground,Bulgaria,bat,T20,2026,Spain,0,1,0.3076923076923077,0.8409090909090909,0.0,1.0,0.5,0.5,0.2,1.0
2026-08-18,Czech Republic,Israel,Kerava National Cricket Ground,Czech Republic,bat,T20,2026,Israel,0,1,0.46153846153846156,0.21428571428571427,0.4,0.0,0.5,0.5,0.6666666666666666,0.0
2026-08-18,Finland,Luxembourg,Tikkurila Cricket Ground,Finland,bat,T20,2026,Finland,1,1,0.47619047619047616,0.34782608695652173,0.2,0.4,0.5,0.5,1.0,0.5
2026-08-20,Israel,Greece,Tikkurila Cricket Ground,Greece,field,T20,2026,Israel,1,0,0.26666666666666666,0.08333333333333333,0.2,0.0,0.5,0.5,0.0,0.0
2026-08-20,Portugal,Czech Republic,Tikkurila Cricket Ground,Portugal,bat,T20,2026,Portugal,1,1,0.7674418604651163,0.45,1.0,0.4,0.5,0.5,1.0,0.6666666666666666
2026-08-20,Bulgaria,Luxembourg,Kerava National Cricket Ground,Luxembourg,field,T20,2026,Bulgaria,1,0,0.3018867924528302,0.3404255319148936,0.0,0.2,0.0,1.0,0.0,0.3333333333333333
2026-08-21,Israel,Isle of Man,Tikkurila Cricket Ground,Isle of Man,field,T20,2026,Isle of Man,0,0,0.3125,0.5,0.4,0.4,0.5,0.5,0.5,0.6666666666666666
2026-08-21,Bulgaria,Czech Republic,Tikkurila Cricket Ground,Czech Republic,field,T20,2026,Czech Republic,0,0,0.3148148148148148,0.43902439024390244,0.2,0.4,0.0,1.0,0.16666666666666666,0.5
2026-08-21,Germany,Finland,Kerava National Cricket Ground,Germany,bat,T20,2026,Germany,1,1,0.5942028985507246,0.4883720930232558,0.8,0.4,1.0,0.0,0.75,0.2857142857142857
2026-08-21,Portugal,Spain,Kerava National Cricket Ground,Spain,field,T20,2026,Portugal,1,0,0.7727272727272727,0.8444444444444444,1.0,1.0,0.0,1.0,1.0,1.0
2026-08-28,Namibia,South Africa,"Namibia Cricket Ground, Windhoek",South Africa,field,T20,2026,Namibia,1,0,0.5913978494623656,0.5495495495495496,1.0,0.6,1.0,0.0,0.8181818181818182,0.0
2026-08-29,Zimbabwe,South Africa,"Namibia Cricket Ground, Windhoek",Zimbabwe,bat,T20,2026,South Africa,0,1,0.41040462427745666,0.547085201793722,0.0,0.4,0.0,1.0,0.5,0.0
2026-08-31,Zimbabwe,Namibia,"Namibia Cricket Ground, Windhoek",Namibia,field,T20,2026,Zimbabwe,1,0,0.40804597701149425,0.5957446808510638,0.0,1.0,0.5294117647058824,0.47058823529411764,0.0,0.8333333333333334
2026-09-01,South Africa,Zimbabwe,"Namibia Cricket Ground, Windhoek",South Africa,bat,T20,2026,South Africa,1,1,0.5491071428571429,0.4114285714285714,0.6,0.2,1.0,0.0,0.3333333333333333,0.5
2026-09-03,Namibia,Zimbabwe,"Namibia Cricket Ground, Windhoek",Zimbabwe,field,T20,2026,Zimbabwe,0,0,0.5894736842105263,0.4090909090909091,0.8,0.2,0.4444444444444444,0.5555555555555556,0.7692307692307693,0.3333333333333333
2026-09-04,South Africa,Namibia,"Namibia Cricket Ground, Windhoek",Namibia,field,T20,2026,South Africa,1,0,0.5511111111111111,0.5833333333333334,0.8,0.6,0.0,1.0,0.5,0.7142857142857143
2026-09-06,South Africa,Zimbabwe,"Namibia Cricket Ground, Windhoek",South Africa,bat,T20,2026,South Africa,1,1,0.5530973451327433,0.4124293785310734,0.8,0.4,1.0,0.0,0.6,0.5
2026-09-08,Rwanda,Botswana,"Gahanga B Ground, Rwanda",Botswana,field,T20,2026,Rwanda,1,0,0.37142857142857144,0.4107142857142857,0.4,0.6,0.8571428571428571,0.14285714285714285,0.5,0.5
2026-09-08,Kenya,Sierra Leone,"Gahanga B Ground, Rwanda",Kenya,bat,T20,2026,Kenya,1,1,0.55,0.3333333333333333,0.8,0.4,1.0,0.0,0.5,0.5
2026-09-09,Rwanda,Kenya,"Gahanga B Ground, Rwanda",Rwanda,bat,T20,2026,Kenya,0,1,0.37735849056603776,0.5544554455445545,0.6,0.8,0.1111111111111111,0.8888888888888888,1.0,1.0
2026-09-09,Uganda,Sierra Leone,"Gahanga B Ground, Rwanda",Uganda,bat,T20,2026,Uganda,1,1,0.7941176470588235,0.32608695652173914,0.6,0.4,0.5,0.5,0.5,0.0
