date,team1,team2,venue,toss_winner,toss_decision,match_type,season,winner,team1_won,toss_winner_is_team1,team1_historical_win_rate,team2_historical_win_rate,team1_recent_win_rate,team2_recent_win_rate,team1_h2h_win_rate,team2_h2h_win_rate,team1_venue_win_rate,team2_venue_win_rate,actual,predicted,team1_probability,team2_probability,correct_prediction,confidence,confidence_level,year,historical_difference
2025-07-22,South Africa,New Zealand,Harare Sports Club,New Zealand,field,T20,2025,New Zealand,0,0,0.5572916666666666,0.5586854460093896,0.8,0.8,0.6875,0.3125,0.6666666666666666,1.0,0,0,0.46713296476878313,0.5328670352312168,True,0.5328670352312168,LOW,2025,0.0013937793427230005
2025-07-22,Malawi,Rwanda,"Gahanga International Cricket Stadium, Rwanda",Malawi,bat,T20,2025,Rwanda,0,1,0.4,0.2911392405063291,0.0,0.2,0.3333333333333333,0.6666666666666666,0.0,0.1515151515151515,0,0,0.45908317392003856,0.5409168260799615,True,0.5409168260799615,LOW,2025,0.10886075949367091
2025-07-22,Samoa,Singapore,Singapore National Cricket Ground,Samoa,bat,T20,2025,Singapore,0,1,0.2857142857142857,0.3620689655172414,0.2,0.4,0.0,1.0,0.0,0.1666666666666666,0,0,0.31092583189929734,0.6890741681007027,True,0.6890741681007027,MEDIUM,2025,0.07635467980295568
2025-07-22,West Indies,Australia,"Sabina Park, Kingston, Jamaica",Australia,field,T20,2025,Australia,0,0,0.4472361809045226,0.5743589743589743,0.2,0.8,0.4782608695652174,0.5217391304347826,0.5714285714285714,1.0,0,0,0.36008715122944024,0.6399128487705598,True,0.6399128487705598,MEDIUM,2025,0.1271227934544517
2025-07-22,Uganda,Nigeria,Entebbe Cricket Oval,Uganda,bat,T20,2025,Uganda,1,1,0.7978723404255319,0.4929577464788732,1.0,0.2,1.0,0.0,0.875,0.1111111111111111,1,1,0.7910514993743877,0.20894850062561232,True,0.7910514993743877,HIGH,2025,0.3049145939466587
2025-07-22,Qatar,Saudi Arabia,"West End Park International Cricket Stadium, Doha",Saudi Arabia,field,T20,2025,Qatar,1,0,0.4883720930232558,0.5531914893617021,0.2,0.6,0.6,0.4,0.6428571428571429,0.4166666666666667,1,0,0.4889644850523909,0.5110355149476091,False,0.5110355149476091,LOW,2025,0.06481939633844636
2025-07-22,Bahrain,Rwanda,"Gahanga International Cricket Stadium, Rwanda",Rwanda,field,T20,2025,Bahrain,1,0,0.5925925925925926,0.2948717948717949,0.8,0.2,1.0,0.0,1.0,0.15625,1,1,0.7679813229414277,0.23201867705857226,True,0.7679813229414277,HIGH,2025,0.2977207977207977
2025-07-23,Bahrain,Malawi,"Gahanga International Cricket Stadium, Rwanda",Bahrain,bat,T20,2025,Bahrain,1,1,0.5975609756097561,0.3846153846153846,1.0,0.0,1.0,0.0,1.0,0.0,1,1,0.805350210369575,0.194649789630425,True,0.805350210369575,HIGH,2025,0.2129455909943715
2025-07-23,Kenya,United Arab Emirates,Entebbe Cricket Oval,Kenya,bat,T20,2025,United Arab Emirates,0,1,0.5476190476190477,0.5784313725490197,0.6,0.6,0.5,0.5,0.5714285714285714,0.5,0,0,0.4795788673410324,0.5204211326589676,True,0.5204211326589676,LOW,2025,0.03081232492997199
2025-07-23,Rwanda,Malawi,"Gahanga International Cricket Stadium, Rwanda",Malawi,field,T20,2025,Malawi,0,0,0.3,0.3703703703703703,0.4,0.0,0.7142857142857143,0.2857142857142857,0.1764705882352941,0.0,0,1,0.6002575237057758,0.3997424762942242,False,0.6002575237057758,MEDIUM,2025,0.0703703703703703
2025-07-23,Samoa,Hong Kong,Singapore National Cricket Ground,Hong Kong,field,T20,2025,Hong Kong,0,0,0.2666666666666666,0.4747474747474747,0.2,0.6,0.0,1.0,0.0,0.5,0,0,0.24320565906835545,0.7567943409316445,True,0.7567943409316445,HIGH,2025,0.2080808080808081
2025-07-23,Malaysia,Singapore,Singapore National Cricket Ground,Singapore,field,T20,2025,Malaysia,1,0,0.5652173913043478,0.3728813559322034,1.0,0.6,0.7272727272727273,0.2727272727272727,1.0,0.2857142857142857,1,1,0.6253721172814192,0.37462788271858083,True,0.6253721172814192,MEDIUM,2025,0.1923360353721444
2025-07-24,Pakistan,Bangladesh,"Shere Bangla National Stadium, Mirpur",Bangladesh,field,T20,2025,Pakistan,1,0,0.5867768595041323,0.3930635838150289,0.6,0.8,0.7916666666666666,0.2083333333333333,0.6,0.64,1,1,0.5286871697435961,0.4713128302564039,True,0.5286871697435961,LOW,2025,0.19371327568910335
2025-07-24,Samoa,Malaysia,Singapore National Cricket Ground,Malaysia,field,T20,2025,Malaysia,0,0,0.25,0.5698924731182796,0.0,1.0,0.0,1.0,0.0,1.0,0,0,0.1561444471701046,0.8438555528298954,True,0.8438555528298954,HIGH,2025,0.3198924731182796
2025-07-24,New Zealand,Zimbabwe,Harare Sports Club,New Zealand,bat,T20,2025,New Zealand,1,1,0.5607476635514018,0.4,1.0,0.4,1.0,0.0,1.0,0.25,1,1,0.7253232729217353,0.27467672707826474,True,0.7253232729217353,HIGH,2025,0.1607476635514018
2025-07-24,Hong Kong,Singapore,Singapore National Cricket Ground,Hong Kong,bat,T20,2025,Hong Kong,1,1,0.48,0.3666666666666666,0.6,0.4,0.8,0.2,0.6,0.25,1,1,0.6191865466897378,0.3808134533102622,True,0.6191865466897378,MEDIUM,2025,0.1133333333333334
2025-07-25,West Indies,Australia,"Warner Park, Basseterre, St Kitts",Australia,field,T20,2025,Australia,0,0,0.445,0.576530612244898,0.2,1.0,0.4583333333333333,0.5416666666666666,0.5,0.5,0,0,0.34068598542507456,0.6593140145749254,True,0.6593140145749254,MEDIUM,2025,0.13153061224489798
2025-07-25,Bahrain,Rwanda,"Gahanga International Cricket Stadium, Rwanda",Rwanda,field,T20,2025,Bahrain,1,0,0.6071428571428571,0.2962962962962963,1.0,0.4,1.0,0.0,1.0,0.1714285714285714,1,1,0.743197346988718,0.256802653011282,True,0.743197346988718,HIGH,2025,0.3108465608465608
2025-07-25,Hungary,Luxembourg,"GB Oval, Szodliget",Hungary,bat,T20,2025,Hungary,1,1,0.4838709677419355,0.3611111111111111,0.4,0.2,0.0,1.0,0.8333333333333334,0.5,1,0,0.4619837908219986,0.5380162091780014,False,0.5380162091780014,LOW,2025,0.1227598566308244
2025-07-25,Malawi,Bahrain,"Gahanga International Cricket Stadium, Rwanda",Malawi,bat,T20,2025,Bahrain,0,1,0.3928571428571428,0.6024096385542169,0.2,1.0,0.0,1.0,0.1666666666666666,1.0,0,0,0.19067803580292725,0.8093219641970728,True,0.8093219641970728,HIGH,2025,0.20955249569707413
2025-07-25,Kenya,Uganda,Entebbe Cricket Oval,Uganda,field,T20,2025,Uganda,0,0,0.5411764705882353,0.8,0.4,1.0,0.2857142857142857,0.7142857142857143,0.5,0.8888888888888888,0,0,0.2877059427035233,0.7122940572964767,True,0.7122940572964767,HIGH,2025,0.2588235294117648
2025-07-25,Romania,Austria,"GB Oval, Szodliget",Romania,bat,T20,2025,Austria,0,1,0.6428571428571429,0.6818181818181818,0.6,0.8,1.0,0.0,0.5,0.5,0,1,0.5712256684080957,0.42877433159190426,False,0.5712256684080957,LOW,2025,0.03896103896103886
2025-07-25,Hungary,Romania,"GB Oval, Szodliget",Hungary,bat,T20,2025,Romania,0,1,0.5,0.627906976744186,0.6,0.4,0.25,0.75,1.0,0.0,0,1,0.5188650446821159,0.4811349553178841,False,0.5188650446821159,LOW,2025,0.12790697674418605
2025-07-26,New Zealand,South Africa,Harare Sports Club,South Africa,field,T20,2025,New Zealand,1,0,0.5627906976744186,0.5544041450777202,1.0,0.6,0.3529411764705882,0.6470588235294118,1.0,0.5,1,0,0.4999149179874171,0.5000850820125828,False,0.5000850820125828,LOW,2025,0.008386552596698404
2025-07-26,United Arab Emirates,Nigeria,Entebbe Cricket Oval,United Arab Emirates,bat,T20,2025,United Arab Emirates,1,1,0.5825242718446602,0.4861111111111111,0.8,0.0,1.0,0.0,0.6666666666666666,0.1,1,1,0.7645980431638216,0.23540195683617837,True,0.7645980431638216,HIGH,2025,0.09641316073354905
2025-07-26,Finland,Estonia,Estonian National Cricket and Rugby Field,Finland,bat,T20,2025,Estonia,0,1,0.4444444444444444,0.4166666666666667,0.4,0.6,0.0,1.0,0.5,0.5,0,0,0.33462483393235387,0.6653751660676461,True,0.6653751660676461,MEDIUM,2025,0.027777777777777735
2025-07-26,West Indies,Australia,"Warner Park, Basseterre, St Kitts",Australia,field,T20,2025,Australia,0,0,0.4427860696517413,0.5786802030456852,0.2,1.0,0.44,0.56,0.3333333333333333,1.0,0,0,0.2919244713752811,0.7080755286247189,True,0.7080755286247189,HIGH,2025,0.13589413339394396
2025-07-26,Hong Kong,Malaysia,Singapore National Cricket Ground,Malaysia,field,T20,2025,Malaysia,0,0,0.4851485148514851,0.574468085106383,0.8,1.0,0.4444444444444444,0.5555555555555556,0.6666666666666666,1.0,0,0,0.34804244715020183,0.6519575528497982,True,0.6519575528497982,MEDIUM,2025,0.08931957025489795
2025-07-26,Rwanda,Malawi,"Gahanga International Cricket Stadium, Rwanda",Malawi,field,T20,2025,Malawi,0,0,0.2926829268292683,0.3793103448275862,0.2,0.2,0.625,0.375,0.1666666666666666,0.1428571428571428,0,1,0.5170857490143272,0.48291425098567275,False,0.5170857490143272,LOW,2025,0.08662741799831791
2025-07-26,Romania,Luxembourg,"GB Oval, Szodliget",Luxembourg,field,T20,2025,Romania,1,0,0.6363636363636364,0.3421052631578947,0.4,0.2,0.6666666666666666,0.3333333333333333,0.5,0.0,1,1,0.6621644736107086,0.3378355263892914,True,0.6621644736107086,MEDIUM,2025,0.29425837320574166
2025-07-26,Austria,Luxembourg,"GB Oval, Szodliget",Austria,bat,T20,2025,Austria,1,1,0.6888888888888889,0.3513513513513513,1.0,0.2,0.75,0.25,1.0,0.0,1,1,0.750582986375348,0.24941701362465196,True,0.750582986375348,HIGH,2025,0.33753753753753757
2025-07-26,Hungary,Austria,"GB Oval, Szodliget",Austria,field,T20,2025,Austria,0,0,0.5,0.6956521739130435,0.4,1.0,0.25,0.75,0.8571428571428571,1.0,0,0,0.30383058624860393,0.6961694137513961,True,0.6961694137513961,MEDIUM,2025,0.19565217391304346
2025-07-27,Bahrain,Malawi,"Gahanga International Cricket Stadium, Rwanda",Malawi,field,T20,2025,Bahrain,1,0,0.611764705882353,0.4,1.0,0.4,1.0,0.0,1.0,0.25,1,1,0.732208094064225,0.26779190593577495,True,0.732208094064225,HIGH,2025,0.21176470588235297
2025-07-27,Estonia,Finland,Estonian National Cricket and Rugby Field,Finland,field,T20,2025,Finland,0,0,0.44,0.4285714285714285,0.6,0.4,1.0,0.0,1.0,0.0,0,1,0.6984067817163604,0.3015932182836396,False,0.6984067817163604,MEDIUM,2025,0.01142857142857151
2025-07-27,Hungary,Luxembourg,"GB Oval, Szodliget",Luxembourg,field,T20,2025,Hungary,1,0,0.4848484848484848,0.3333333333333333,0.4,0.2,0.5,0.5,0.75,0.0,1,1,0.6117293772100727,0.3882706227899273,True,0.6117293772100727,MEDIUM,2025,0.1515151515151515
2025-07-27,Nigeria,Kenya,Entebbe Cricket Oval,Nigeria,bat,T20,2025,Kenya,0,1,0.4794520547945205,0.5348837209302325,0.0,0.2,0.25,0.75,0.0909090909090909,0.4444444444444444,0,0,0.4242364950396579,0.5757635049603421,True,0.5757635049603421,LOW,2025,0.05543166613571199
2025-07-27,Uganda,United Arab Emirates,Entebbe Cricket Oval,Uganda,bat,T20,2025,Uganda,1,1,0.8020833333333334,0.5865384615384616,1.0,0.8,1.0,0.0,0.9,0.75,1,1,0.6522720049710984,0.3477279950289016,True,0.6522720049710984,MEDIUM,2025,0.2155448717948718
2025-07-28,West Indies,Australia,"Warner Park, Basseterre, St Kitts",Australia,field,T20,2025,Australia,0,0,0.4405940594059406,0.5808080808080808,0.2,1.0,0.4230769230769231,0.5769230769230769,0.25,1.0,0,0,0.2808367987788102,0.7191632012211898,True,0.7191632012211898,HIGH,2025,0.14021402140214018
2025-07-31,Pakistan,West Indies,"Central Broward Regional Park Stadium Turf Ground, Lauderhill",West Indies,field,T20,2025,Pakistan,1,0,0.588477366255144,0.438423645320197,0.6,0.0,0.8333333333333334,0.1666666666666666,1.0,0.25,1,1,0.7476534716494228,0.25234652835057725,True,0.7476534716494228,HIGH,2025,0.150053720934947
2025-08-02,Pakistan,West Indies,"Central Broward Regional Park Stadium Turf Ground, Lauderhill",Pakistan,bat,T20,2025,West Indies,0,1,0.5901639344262295,0.4362745098039216,0.6,0.0,0.8421052631578947,0.1578947368421052,1.0,0.2,0,1,0.7554952101633514,0.24450478983664858,False,0.7554952101633514,HIGH,2025,0.15388942462230792
2025-08-02,Switzerland,Estonia,Estonian National Cricket and Rugby Field,Switzerland,bat,T20,2025,Switzerland,1,1,0.6,0.4230769230769231,0.6,0.4,1.0,0.0,0.5,0.5,1,1,0.6639919251983427,0.3360080748016573,True,0.6639919251983427,MEDIUM,2025,0.1769230769230769
2025-08-03,Switzerland,Estonia,Estonian National Cricket and Rugby Field,Switzerland,bat,T20,2025,Switzerland,1,1,0.6296296296296297,0.3928571428571428,0.8,0.2,1.0,0.0,1.0,0.25,1,1,0.7663828343229816,0.2336171656770184,True,0.7663828343229816,HIGH,2025,0.23677248677248686
2025-08-03,Switzerland,Estonia,Estonian National Cricket and Rugby Field,Switzerland,bat,T20,2025,Switzerland,1,1,0.6153846153846154,0.4074074074074074,0.6,0.4,1.0,0.0,1.0,0.3333333333333333,1,1,0.7214964085305522,0.2785035914694478,True,0.7214964085305522,HIGH,2025,0.20797720797720803
2025-08-03,Pakistan,West Indies,"Central Broward Regional Park Stadium Turf Ground, Lauderhill",Pakistan,bat,T20,2025,Pakistan,1,1,0.5877551020408164,0.4390243902439024,0.4,0.2,0.8,0.2,0.6666666666666666,0.3333333333333333,1,1,0.6717761850272786,0.32822381497272135,True,0.6717761850272786,MEDIUM,2025,0.148730711796914
2025-08-07,Croatia,Cyprus,"Mladost Cricket Ground, Zagreb",Croatia,bat,T20,2025,Cyprus,0,1,0.2,0.4545454545454545,0.0,0.6,0.0,1.0,0.0,1.0,0,0,0.20772415435684924,0.7922758456431508,True,0.7922758456431508,HIGH,2025,0.25454545454545446
2025-08-07,Cyprus,Croatia,"Mladost Cricket Ground, Zagreb",Croatia,field,T20,2025,Cyprus,1,0,0.4285714285714285,0.2105263157894736,0.4,0.0,0.5,0.5,0.5,0.0,1,1,0.6252729446275905,0.37472705537240947,True,0.6252729446275905,MEDIUM,2025,0.2180451127819549
2025-08-08,Croatia,Cyprus,"Mladost Cricket Ground, Zagreb",Croatia,bat,T20,2025,Cyprus,0,1,0.1904761904761904,0.4782608695652174,0.0,0.6,0.0,1.0,0.0,1.0,0,0,0.20464287783791663,0.7953571221620834,True,0.7953571221620834,HIGH,2025,0.287784679089027
2025-08-08,Norway,France,"Botkyrka Cricket Center, Stockholm",France,field,T20,2025,Norway,1,0,0.5,0.4827586206896552,0.6,0.2,0.3333333333333333,0.6666666666666666,0.5,0.5,1,1,0.5071730905156434,0.4928269094843566,True,0.5071730905156434,LOW,2025,0.017241379310344807
2025-08-08,Cyprus,Croatia,"Mladost Cricket Ground, Zagreb",Cyprus,bat,T20,2025,Cyprus,1,1,0.5,0.1818181818181818,0.8,0.0,1.0,0.0,1.0,0.0,1,1,0.7981964649672181,0.20180353503278192,True,0.7981964649672181,HIGH,2025,0.31818181818181823
2025-08-08,Sweden,Austria,"Botkyrka Cricket Center, Stockholm",Sweden,bat,T20,2025,Austria,0,1,0.4347826086956521,0.7021276595744681,0.6,1.0,0.0,1.0,0.5,0.5,0,0,0.24587772537503247,0.7541222746249675,True,0.7541222746249675,HIGH,2025,0.267345050878816
2025-08-09,France,Austria,"Botkyrka Cricket Center, Stockholm",France,bat,T20,2025,Austria,0,1,0.4666666666666667,0.7083333333333334,0.0,1.0,0.0,1.0,0.0,1.0,0,0,0.18181287199166676,0.8181871280083333,True,0.8181871280083333,HIGH,2025,0.2416666666666667
2025-08-09,Norway,Sweden,"Botkyrka Cricket Center, Stockholm",Norway,bat,T20,2025,Norway,1,1,0.5128205128205128,0.4166666666666667,0.6,0.4,1.0,0.0,1.0,0.0,1,1,0.7181026030775535,0.28189739692244653,True,0.7181026030775535,HIGH,2025,0.09615384615384609
2025-08-10,Norway,Austria,"Botkyrka Cricket Center, Stockholm",Austria,field,T20,2025,Austria,0,0,0.525,0.7142857142857143,0.6,1.0,0.3333333333333333,0.6666666666666666,1.0,1.0,0,0,0.3445030391747138,0.6554969608252862,True,0.6554969608252862,MEDIUM,2025,0.18928571428571428
2025-08-10,Sweden,France,"Botkyrka Cricket Center, Stockholm",Sweden,bat,T20,2025,France,0,1,0.4,0.4516129032258064,0.2,0.0,0.5,0.5,0.0,0.0,0,1,0.5445065146976161,0.45549348530238387,False,0.5445065146976161,LOW,2025,0.05161290322580636
2025-08-10,Australia,South Africa,"Marrara Stadium, Darwin",South Africa,field,T20,2025,Australia,1,0,0.5829145728643216,0.5515463917525774,1.0,0.4,0.68,0.32,0.5,0.5,1,1,0.5792896725934926,0.4207103274065074,True,0.5792896725934926,LOW,2025,0.03136818111174422
2025-08-12,South Africa,Australia,"Marrara Stadium, Darwin",Australia,field,T20,2025,South Africa,1,0,0.5487179487179488,0.585,0.2,1.0,0.3076923076923077,0.6923076923076923,0.0,1.0,1,0,0.25887320999801955,0.7411267900019805,False,0.7411267900019805,HIGH,2025,0.0362820512820512
2025-08-14,Guernsey,Papua New Guinea,"King George V Sports Ground, Castel",Papua New Guinea,field,T20,2025,Papua New Guinea,0,0,0.53125,0.5185185185185185,0.0,0.2,0.5,0.5,0.6,0.5,0,1,0.5458249687896481,0.45417503121035185,False,0.5458249687896481,LOW,2025,0.01273148148148151
2025-08-16,South Africa,Australia,"Cazaly's Stadium, Cairns",Australia,field,T20,2025,Australia,0,0,0.5510204081632653,0.582089552238806,0.4,0.8,0.3333333333333333,0.6666666666666666,0.5,0.5,0,0,0.38012423643883586,0.6198757635611641,True,0.6198757635611641,MEDIUM,2025,0.031069144075540733
2025-08-17,Sweden,Norway,"Stubberudmyra Cricket Ground, Oslo",Sweden,bat,T20,2025,Norway,0,1,0.3846153846153846,0.5121951219512195,0.0,0.6,0.0,1.0,0.5,0.5,0,0,0.3028168769303441,0.6971831230696559,True,0.6971831230696559,MEDIUM,2025,0.12757973733583494
2025-08-17,Norway,Hungary,"Stubberudmyra Cricket Ground, Oslo",Norway,bat,T20,2025,Norway,1,1,0.5238095238095238,0.5,0.8,0.6,0.5,0.5,1.0,0.5,1,1,0.5308504096453649,0.4691495903546351,True,0.5308504096453649,LOW,2025,0.023809523809523836
2025-08-17,Sweden,Hungary,"Stubberudmyra Cricket Ground, Oslo",Hungary,field,T20,2025,Sweden,1,0,0.3703703703703703,0.4857142857142857,0.0,0.4,0.5,0.5,0.0,0.0,1,0,0.4393431637106489,0.5606568362893511,False,0.5606568362893511,LOW,2025,0.11534391534391542
2025-08-21,Czech Republic,Romania,"Moara Vlasiei Cricket Ground, Ilfov County",Romania,field,T20,2025,Czech Republic,1,0,0.4516129032258064,0.6444444444444445,0.0,0.6,0.0,1.0,0.0,0.7142857142857143,1,0,0.2504749777407315,0.7495250222592684,False,0.7495250222592684,HIGH,2025,0.1928315412186381
2025-08-21,Romania,Czech Republic,"Moara Vlasiei Cricket Ground, Ilfov County",Romania,bat,T20,2025,Romania,1,1,0.6304347826086957,0.46875,0.4,0.2,0.6666666666666666,0.3333333333333333,0.6666666666666666,0.3333333333333333,1,1,0.6484044253218124,0.3515955746781876,True,0.6484044253218124,MEDIUM,2025,0.16168478260869568
2025-08-22,Romania,Czech Republic,"Moara Vlasiei Cricket Ground, Ilfov County",Romania,bat,T20,2025,Czech Republic,0,1,0.6382978723404256,0.4545454545454545,0.6,0.2,0.75,0.25,0.6875,0.25,0,1,0.6826883072451239,0.31731169275487614,False,0.6826883072451239,MEDIUM,2025,0.1837524177949711
2025-08-22,Romania,Czech Republic,"Moara Vlasiei Cricket Ground, Ilfov County",Czech Republic,field,T20,2025,Romania,1,0,0.625,0.4705882352941176,0.6,0.4,0.6,0.4,0.6470588235294118,0.4,1,1,0.5867177131310987,0.41328228686890134,True,0.5867177131310987,LOW,2025,0.15441176470588241
2025-08-23,Austria,Belgium,"Velden Cricket Ground, Latschach",Austria,bat,T20,2025,Austria,1,1,0.72,0.6451612903225806,1.0,0.6,1.0,0.0,0.8,0.5,1,1,0.6724566205272259,0.3275433794727741,True,0.6724566205272259,MEDIUM,2025,0.07483870967741935
2025-08-23,Belgium,Austria,"Velden Cricket Ground, Latschach",Austria,field,T20,2025,Austria,0,0,0.625,0.7254901960784313,0.6,1.0,0.0,1.0,0.0,0.8333333333333334,0,0,0.22300371189854631,0.7769962881014537,True,0.7769962881014537,HIGH,2025,0.10049019607843135
2025-08-24,Belgium,Austria,"Velden Cricket Ground, Latschach",Belgium,bat,T20,2025,Austria,0,1,0.6060606060606061,0.7307692307692307,0.4,1.0,0.0,1.0,0.0,0.8571428571428571,0,0,0.21694428441169722,0.7830557155883028,True,0.7830557155883028,HIGH,2025,0.12470862470862465
2025-08-24,Belgium,Austria,"Velden Cricket Ground, Latschach",Austria,field,T20,2025,Austria,0,0,0.5882352941176471,0.7358490566037735,0.2,1.0,0.0,1.0,0.0,0.875,0,0,0.20589413395486975,0.7941058660451302,True,0.7941058660451302,HIGH,2025,0.14761376248612645
2025-08-30,Netherlands,Bangladesh,Sylhet International Cricket Stadium,Bangladesh,field,T20,2025,Bangladesh,0,0,0.5377358490566038,0.3908045977011494,0.6,0.8,0.2,0.8,0.5,0.2,0,0,0.38737683392043415,0.6126231660795658,True,0.6126231660795658,MEDIUM,2025,0.14693125135545437
2025-08-30,Pakistan,United Arab Emirates,Sharjah Cricket Stadium,Pakistan,bat,T20,2025,Pakistan,1,1,0.5894308943089431,0.580952380952381,0.6,0.6,1.0,0.0,1.0,0.6666666666666666,1,1,0.6453984908309727,0.35460150916902733,True,0.6453984908309727,MEDIUM,2025,0.008478513356562134
2025-09-01,Netherlands,Bangladesh,Sylhet International Cricket Stadium,Bangladesh,field,T20,2025,Bangladesh,0,0,0.5327102803738317,0.3942857142857143,0.6,0.8,0.1666666666666666,0.8333333333333334,0.0,0.3333333333333333,0,0,0.3232628629675734,0.6767371370324267,True,0.6767371370324267,MEDIUM,2025,0.13842456608811743
2025-09-03,Zimbabwe,Sri Lanka,Harare Sports Club,Sri Lanka,field,T20,2025,Sri Lanka,0,0,0.3972602739726027,0.4444444444444444,0.2,0.4,0.2,0.8,0.2444444444444444,0.5,0,0,0.37317621867838147,0.6268237813216185,True,0.6268237813216185,MEDIUM,2025,0.0471841704718417
2025-09-04,Pakistan,United Arab Emirates,Sharjah Cricket Stadium,Pakistan,bat,T20,2025,Pakistan,1,1,0.5910931174089069,0.5754716981132075,0.8,0.6,1.0,0.0,1.0,0.5,1,1,0.662072719839016,0.33792728016098394,True,0.662072719839016,MEDIUM,2025,0.01562141929569938
2025-09-06,Sri Lanka,Zimbabwe,Harare Sports Club,Zimbabwe,field,T20,2025,Zimbabwe,0,0,0.4473684210526316,0.3945578231292517,0.6,0.0,0.8333333333333334,0.1666666666666666,1.0,0.2391304347826087,0,1,0.7237150348254151,0.2762849651745849,False,0.7237150348254151,HIGH,2025,0.05281059792337989
2025-09-07,Zimbabwe,Sri Lanka,Harare Sports Club,Sri Lanka,field,T20,2025,Sri Lanka,0,0,0.3986486486486486,0.4450261780104712,0.2,0.4,0.2857142857142857,0.7142857142857143,0.2553191489361702,0.5,0,0,0.39518151181945954,0.6048184881805405,True,0.6048184881805405,MEDIUM,2025,0.0463775293618226
2025-09-10,United Arab Emirates,India,Dubai International Cricket Stadium,India,field,T20,2025,India,0,0,0.5700934579439252,0.6885964912280702,0.4,0.8,0.0,1.0,0.25,0.5,0,0,0.27834677541785585,0.7216532245821441,True,0.7216532245821441,HIGH,2025,0.11850303328414502
2025-09-10,South Africa,England,"Sophia Gardens, Cardiff",England,field,T20,2025,South Africa,1,0,0.5482233502538071,0.5412371134020618,0.2,0.6,0.52,0.48,1.0,0.75,1,0,0.4985838051985424,0.5014161948014576,False,0.5014161948014576,LOW,2025,0.006986236851745264
2025-09-11,Hong Kong,Bangladesh,"Zayed Cricket Stadium, Abu Dhabi",Bangladesh,field,T20,2025,Bangladesh,0,0,0.4803921568627451,0.3977272727272727,0.6,0.8,1.0,0.0,0.5,0.0,0,1,0.5869024304349933,0.41309756956500665,False,0.5869024304349933,LOW,2025,0.0826648841354724
2025-09-12,Eswatini,Mozambique,Malkerns Country Club oval,Eswatini,bat,T20,2025,Eswatini,1,1,0.3,0.4444444444444444,0.4,0.6,0.0,1.0,0.5,0.5,1,0,0.3005768097385125,0.6994231902614876,False,0.6994231902614876,MEDIUM,2025,0.14444444444444443
2025-09-12,Eswatini,Mozambique,Malkerns Country Club oval,Eswatini,bat,T20,2025,Eswatini,1,1,0.3636363636363636,0.4210526315789473,0.6,0.6,0.5,0.5,1.0,0.0,1,1,0.5258033579488873,0.47419664205111267,True,0.5258033579488873,LOW,2025,0.0574162679425837
2025-09-12,Pakistan,Oman,Dubai International Cricket Stadium,Pakistan,bat,T20,2025,Pakistan,1,1,0.592741935483871,0.4761904761904761,0.8,0.0,0.5,0.5,0.5333333333333333,0.3333333333333333,1,1,0.6374838303270757,0.3625161696729243,True,0.6374838303270757,MEDIUM,2025,0.11655145929339489
2025-09-12,England,South Africa,"Old Trafford, Manchester",South Africa,field,T20,2025,England,1,0,0.5384615384615384,0.5505050505050505,0.6,0.4,0.4615384615384615,0.5384615384615384,1.0,0.5,1,1,0.5515976982413918,0.4484023017586082,True,0.5515976982413918,LOW,2025,0.012043512043512061
2025-09-13,Eswatini,Mozambique,Malkerns Country Club oval,Eswatini,bat,T20,2025,Eswatini,1,1,0.4166666666666667,0.4,0.6,0.6,0.6666666666666666,0.3333333333333333,1.0,0.0,1,1,0.5830235920354242,0.4169764079645758,True,0.5830235920354242,LOW,2025,0.016666666666666663
2025-09-13,Bangladesh,Sri Lanka,"Zayed Cricket Stadium, Abu Dhabi",Sri Lanka,field,T20,2025,Sri Lanka,0,0,0.4011299435028249,0.4479166666666667,0.8,0.4,0.4,0.6,0.3333333333333333,1.0,0,0,0.4161714430788382,0.5838285569211619,True,0.5838285569211619,LOW,2025,0.046786723163841804
2025-09-14,Pakistan,India,Dubai International Cricket Stadium,Pakistan,bat,T20,2025,India,0,1,0.5943775100401606,0.6899563318777293,0.8,0.8,0.25,0.75,0.5483870967741935,0.5555555555555556,0,0,0.37724000927740886,0.6227599907225911,True,0.6227599907225911,MEDIUM,2025,0.09557882183756872
2025-09-15,Zimbabwe,Namibia,"Queens Sports Club, Bulawayo",Namibia,field,T20,2025/26,Zimbabwe,1,0,0.3959731543624161,0.6027397260273972,0.2,0.6,0.4615384615384615,0.5384615384615384,0.6153846153846154,0.6,1,0,0.41112313210779183,0.5888768678922082,False,0.5888768678922082,LOW,2025,0.20676657166498114
2025-09-15,United Arab Emirates,Oman,"Zayed Cricket Stadium, Abu Dhabi",Oman,field,T20,2025,United Arab Emirates,1,0,0.5648148148148148,0.4705882352941176,0.2,0.0,0.5,0.5,0.5,0.5,1,1,0.5960370020929544,0.4039629979070456,True,0.5960370020929544,LOW,2025,0.09422657952069718
2025-09-15,Hong Kong,Sri Lanka,Dubai International Cricket Stadium,Sri Lanka,field,T20,2025,Sri Lanka,0,0,0.4757281553398058,0.4507772020725388,0.4,0.6,0.5,0.5,0.3333333333333333,0.7142857142857143,0,0,0.4250631248617578,0.5749368751382422,True,0.5749368751382422,LOW,2025,0.024950953267266984
2025-09-16,Namibia,Zimbabwe,"Queens Sports Club, Bulawayo",Zimbabwe,field,T20,2025/26,Zimbabwe,0,0,0.5945945945945946,0.4,0.6,0.4,0.5,0.5,0.5,0.6428571428571429,0,1,0.5296755994997577,0.47032440050024227,False,0.5296755994997577,LOW,2025,0.1945945945945946
2025-09-17,Ireland,England,"The Village, Malahide, Dublin",England,field,T20,2025,England,0,0,0.465648854961832,0.5408163265306123,0.2,0.8,1.0,0.0,0.0,0.5,0,0,0.4730430347938519,0.5269569652061481,True,0.5269569652061481,LOW,2025,0.07516747156878029
2025-09-17,Pakistan,United Arab Emirates,Dubai International Cricket Stadium,United Arab Emirates,field,T20,2025,Pakistan,1,0,0.592,0.5688073394495413,0.8,0.2,1.0,0.0,0.53125,0.2307692307692307,1,1,0.7066477449142838,0.29335225508571616,True,0.7066477449142838,HIGH,2025,0.023192660550458655
2025-09-18,Namibia,Zimbabwe,"Queens Sports Club, Bulawayo",Namibia,bat,T20,2025/26,Namibia,1,1,0.5866666666666667,0.4039735099337748,0.6,0.6,0.4666666666666667,0.5333333333333333,0.4285714285714285,0.6666666666666666,1,0,0.47196256679026344,0.5280374332097366,False,0.5280374332097366,LOW,2025,0.18269315673289188
2025-09-19,India,Oman,"Zayed Cricket Stadium, Abu Dhabi",India,bat,T20,2025,India,1,1,0.691304347826087,0.4651162790697674,0.8,0.0,0.5,0.5,0.5,0.0,1,1,0.6782764759097436,0.3217235240902564,True,0.6782764759097436,MEDIUM,2025,0.22618806875631958
2025-09-20,Sri Lanka,Bangladesh,Dubai International Cricket Stadium,Bangladesh,field,T20,2025,Bangladesh,0,0,0.4536082474226804,0.398876404494382,0.8,0.6,0.6190476190476191,0.3809523809523809,0.75,0.5,0,1,0.5235119555417909,0.47648804445820914,False,0.5235119555417909,LOW,2025,0.05473184292829841
2025-09-21,Ireland,England,"The Village, Malahide, Dublin",England,field,T20,2025,England,0,0,0.4621212121212121,0.5431472081218274,0.2,0.8,0.5,0.5,0.0,1.0,0,0,0.3189759183771249,0.6810240816228751,True,0.6810240816228751,MEDIUM,2025,0.08102599600061527
2025-09-21,Pakistan,India,Dubai International Cricket Stadium,India,field,T20,2025,India,0,0,0.5936254980079682,0.6926406926406926,0.8,1.0,0.2307692307692307,0.7692307692307693,0.5454545454545454,0.6,0,0,0.3270091611017519,0.6729908388982482,True,0.6729908388982482,MEDIUM,2025,0.09901519463272446
2025-09-23,Sri Lanka,Pakistan,"Zayed Cricket Stadium, Abu Dhabi",Pakistan,field,T20,2025,Pakistan,0,0,0.4512820512820513,0.5912698412698413,0.6,0.6,0.4347826086956521,0.5652173913043478,1.0,1.0,0,0,0.4429219985980591,0.557078001401941,True,0.557078001401941,LOW,2025,0.13998778998779
2025-09-24,India,Bangladesh,Dubai International Cricket Stadium,Bangladesh,field,T20,2025,India,1,0,0.6939655172413793,0.4022346368715084,1.0,0.8,0.9411764705882352,0.0588235294117647,0.6363636363636364,0.6,1,1,0.6099704401812697,0.39002955981873033,True,0.6099704401812697,MEDIUM,2025,0.29173088036987094
2025-09-25,Pakistan,Bangladesh,Dubai International Cricket Stadium,Bangladesh,field,T20,2025,Pakistan,1,0,0.5928853754940712,0.4,0.6,0.6,0.8,0.2,0.5294117647058824,0.5,1,1,0.575687937782174,0.424312062217826,True,0.575687937782174,LOW,2025,0.19288537549407114
2025-09-26,Botswana,Tanzania,"Takashinga Sports Club, Highfield, Harare",Botswana,bat,T20,2025/26,Tanzania,0,1,0.35,0.5806451612903226,0.2,0.6,0.0,1.0,0.5,0.5,0,0,0.29504702715782716,0.7049529728421728,True,0.7049529728421728,HIGH,2025,0.23064516129032264
2025-09-26,Uganda,Zimbabwe,Harare Sports Club,Uganda,bat,T20,2025/26,Zimbabwe,0,1,0.8041237113402062,0.4013157894736842,1.0,0.6,1.0,0.0,0.5,0.25,0,1,0.6994601640881435,0.3005398359118565,False,0.6994601640881435,MEDIUM,2025,0.40280792186652203
2025-09-26,Malawi,Nigeria,"Takashinga Sports Club, Highfield, Harare",Nigeria,field,T20,2025/26,Nigeria,0,0,0.3870967741935484,0.4729729729729729,0.4,0.0,0.5,0.5,0.5,0.5,0,1,0.5578233818373621,0.44217661816263787,False,0.5578233818373621,LOW,2025,0.08587619877942454
2025-09-26,Namibia,Kenya,Harare Sports Club,Kenya,field,T20,2025/26,Namibia,1,0,0.5921052631578947,0.5402298850574713,0.6,0.4,1.0,0.0,0.5,0.5,1,1,0.6481540508840691,0.3518459491159309,True,0.6481540508840691,MEDIUM,2025,0.05187537810042342
2025-09-27,Nepal,West Indies,Sharjah Cricket Stadium,West Indies,field,T20,2025,Nepal,1,0,0.5934065934065934,0.4368932038834951,0.6,0.2,0.5,0.5,0.5,1.0,1,1,0.5436357788856683,0.4563642211143317,True,0.5436357788856683,LOW,2025,0.1565133895230983
2025-09-28,Tanzania,Uganda,"Takashinga Sports Club, Highfield, Harare",Uganda,field,T20,2025/26,Tanzania,1,0,0.5873015873015873,0.7959183673469388,0.8,0.8,0.1428571428571428,0.8571428571428571,1.0,0.5,1,0,0.3830886039775186,0.6169113960224815,False,0.6169113960224815,MEDIUM,2025,0.20861678004535145
2025-09-28,Malawi,Kenya,"Takashinga Sports Club, Highfield, Harare",Malawi,bat,T20,2025/26,Malawi,1,1,0.375,0.5340909090909091,0.4,0.2,0.0,1.0,0.0,0.5,1,0,0.3386814171202664,0.6613185828797337,False,0.6613185828797337,MEDIUM,2025,0.15909090909090906
2025-09-28,Zimbabwe,Botswana,Harare Sports Club,Botswana,field,T20,2025/26,Zimbabwe,1,0,0.4052287581699346,0.3414634146341463,0.6,0.0,0.5,0.5,0.2653061224489796,0.5,1,1,0.5573528731984209,0.44264712680157914,True,0.5573528731984209,LOW,2025,0.06376534353578828
2025-09-28,Namibia,Nigeria,Harare Sports Club,Nigeria,field,T20,2025/26,Namibia,1,0,0.5974025974025974,0.48,0.6,0.2,0.5,0.5,1.0,0.5,1,1,0.6229842663591971,0.3770157336408029,True,0.6229842663591971,MEDIUM,2025,0.1174025974025974
2025-09-28,Pakistan,India,Dubai International Cricket Stadium,India,field,T20,2025,India,0,0,0.594488188976378,0.6952789699570815,0.6,1.0,0.2142857142857142,0.7857142857142857,0.5428571428571428,0.6666666666666666,0,0,0.3138032836127711,0.6861967163872289,True,0.6861967163872289,MEDIUM,2025,0.10079078098070349
2025-09-29,Nepal,West Indies,Sharjah Cricket Stadium,Nepal,bat,T20,2025,Nepal,1,1,0.5978260869565217,0.4347826086956521,0.6,0.2,1.0,0.0,1.0,0.5,1,1,0.7401951354693423,0.25980486453065765,True,0.7401951354693423,HIGH,2025,0.16304347826086962
2025-09-29,Kuwait,Oman,Al Amerat Cricket Ground Oman Cricket (Ministry Turf 1),Oman,field,T20,2025/26,Oman,0,0,0.6229508196721312,0.4597701149425287,0.6,0.0,0.3333333333333333,0.6666666666666666,0.7777777777777778,0.45,0,1,0.6125173989154189,0.3874826010845811,False,0.6125173989154189,MEDIUM,2025,0.1631807047296025
2025-09-30,Malawi,Namibia,Harare Sports Club,Malawi,bat,T20,2025/26,Namibia,0,1,0.3939393939393939,0.6025641025641025,0.4,0.6,0.5,0.5,0.5,1.0,0,0,0.3925456156321674,0.6074543843678326,True,0.6074543843678326,MEDIUM,2025,0.2086247086247086
2025-09-30,Nepal,West Indies,Sharjah Cricket Stadium,West Indies,field,T20,2025,West Indies,0,0,0.6021505376344086,0.4326923076923077,0.8,0.2,1.0,0.0,1.0,0.3333333333333333,0,1,0.7512223052789496,0.24877769472105038,False,0.7512223052789496,HIGH,2025,0.1694582299421009
2025-09-30,Nigeria,Kenya,"Takashinga Sports Club, Highfield, Harare",Nigeria,bat,T20,2025/26,Kenya,0,1,0.4736842105263157,0.5280898876404494,0.2,0.2,0.2307692307692307,0.7692307692307693,1.0,0.0,0,1,0.5467790063158515,0.4532209936841485,False,0.5467790063158515,LOW,2025,0.05440567711413369
2025-09-30,Zimbabwe,Tanzania,Harare Sports Club,Tanzania,field,T20,2025/26,Zimbabwe,1,0,0.4090909090909091,0.59375,0.8,0.8,1.0,0.0,0.28,0.5,1,1,0.500450554647257,0.49954944535274304,True,0.500450554647257,LOW,2025,0.18465909090909088
2025-09-30,Botswana,Uganda,"Takashinga Sports Club, Highfield, Harare",Uganda,field,T20,2025/26,Uganda,0,0,0.3333333333333333,0.7878787878787878,0.0,0.6,0.0,1.0,0.0,0.0,0,0,0.25407492223402695,0.745925077765973,True,0.745925077765973,HIGH,2025,0.45454545454545453
2025-10-01,New Zealand,Australia,"Bay Oval, Mount Maunganui",Australia,field,T20,2025/26,Australia,0,0,0.5648148148148148,0.5841584158415841,1.0,0.8,0.2777777777777778,0.7222222222222222,0.8,0.5,0,0,0.4165890175661955,0.5834109824338045,True,0.5834109824338045,LOW,2025,0.019343601026769353
2025-10-02,Namibia,Tanzania,Harare Sports Club,Tanzania,field,T20,2025/26,Namibia,1,0,0.6075949367088608,0.5846153846153846,0.8,0.8,1.0,0.0,1.0,0.0,1,1,0.653876573719861,0.34612342628013903,True,0.653876573719861,MEDIUM,2025,0.02297955209347613
2025-10-02,Nigeria,Botswana,"Takashinga Sports Club, Highfield, Harare",Nigeria,bat,T20,2025/26,Nigeria,1,1,0.4675324675324675,0.3255813953488372,0.2,0.0,0.8,0.2,0.5,0.0,1,1,0.6911264860557285,0.30887351394427154,True,0.6911264860557285,MEDIUM,2025,0.14195107218363034
2025-10-02,Kenya,Zimbabwe,Harare Sports Club,Kenya,bat,T20,2025/26,Zimbabwe,0,1,0.5333333333333333,0.4129032258064516,0.4,0.8,0.0,1.0,0.0,0.2941176470588235,0,0,0.286535167775103,0.713464832224897,True,0.713464832224897,HIGH,2025,0.12043010752688171
2025-10-02,Uganda,Malawi,"Takashinga Sports Club, Highfield, Harare",Uganda,bat,T20,2025/26,Uganda,1,1,0.79,0.3823529411764705,0.6,0.4,1.0,0.0,0.5,0.5,1,1,0.7087966226188211,0.29120337738117885,True,0.7087966226188211,HIGH,2025,0.40764705882352953
2025-10-04,Malawi,Botswana,"Takashinga Sports Club, Highfield, Harare",Malawi,bat,T20,2025/26,Malawi,1,1,0.3714285714285714,0.3181818181818182,0.2,0.0,0.5,0.5,0.3333333333333333,0.0,1,1,0.5834442673246768,0.4165557326753232,True,0.5834442673246768,LOW,2025,0.05324675324675321
2025-10-04,Uganda,Nigeria,"Takashinga Sports Club, Highfield, Harare",Uganda,bat,T20,2025/26,Uganda,1,1,0.7920792079207921,0.4743589743589743,0.6,0.4,1.0,0.0,0.6666666666666666,0.6666666666666666,1,1,0.7065349739099219,0.2934650260900781,True,0.7065349739099219,HIGH,2025,0.31772023356181783
2025-10-04,Kenya,Tanzania,Harare Sports Club,Tanzania,field,T20,2025/26,Kenya,1,0,0.5274725274725275,0.5757575757575758,0.4,0.6,0.5,0.5,0.0,0.0,1,0,0.44048134242668296,0.5595186575733171,False,0.5595186575733171,LOW,2025,0.048285048285048315
2025-10-04,New Zealand,Australia,"Bay Oval, Mount Maunganui",Australia,field,T20,2025/26,Australia,0,0,0.5622119815668203,0.5862068965517241,0.8,0.8,0.2631578947368421,0.7368421052631579,0.6666666666666666,1.0,0,0,0.3612175311246262,0.6387824688753738,True,0.6387824688753738,MEDIUM,2025,0.023994914984903803
2025-10-04,Namibia,Zimbabwe,Harare Sports Club,Zimbabwe,field,T20,2025/26,Zimbabwe,0,0,0.6125,0.4166666666666667,1.0,0.8,0.5,0.5,1.0,0.3076923076923077,0,1,0.5341480935417645,0.4658519064582355,False,0.5341480935417645,LOW,2025,0.19583333333333336
2025-10-08,Qatar,United Arab Emirates,Al Amerat Cricket Ground Oman Cricket (Ministry Turf 1),Qatar,bat,T20,2025/26,United Arab Emirates,0,1,0.5,0.5636363636363636,0.4,0.2,0.0,1.0,0.3333333333333333,0.7333333333333333,0,0,0.3818845864215352,0.6181154135784648,True,0.6181154135784648,MEDIUM,2025,0.0636363636363636
2025-10-08,Nepal,Kuwait,Al Amerat Cricket Ground Oman Cricket (Ministry Turf 1),Kuwait,field,T20,2025/26,Nepal,1,0,0.5957446808510638,0.6129032258064516,0.6,0.6,0.6666666666666666,0.3333333333333333,0.5333333333333333,0.7,1,1,0.5092103495638767,0.4907896504361233,True,0.5092103495638767,LOW,2025,0.017158544955387822
2025-10-08,Samoa,Oman,Al Amerat Cricket Ground Oman Cricket (Ministry Turf 2),Oman,field,T20,2025/26,Oman,0,0,0.2352941176470588,0.4659090909090909,0.0,0.2,0.5,0.5,0.5,0.6,0,0,0.45910962348311907,0.5408903765168809,True,0.5408903765168809,LOW,2025,0.2306149732620321
2025-10-09,Malaysia,Qatar,Al Amerat Cricket Ground Oman Cricket (Ministry Turf 2),Qatar,field,T20,2025/26,Qatar,0,0,0.5789473684210527,0.4888888888888889,1.0,0.4,0.3333333333333333,0.6666666666666666,0.5,0.3333333333333333,0,1,0.5079698180499381,0.4920301819500619,False,0.5079698180499381,LOW,2025,0.09005847953216378
2025-10-09,Kuwait,Japan,Al Amerat Cricket Ground Oman Cricket (Ministry Turf 1),Japan,field,T20,2025/26,Japan,0,0,0.6031746031746031,0.7,0.4,0.8,0.5,0.5,0.6363636363636364,0.5,0,0,0.4363029069485253,0.5636970930514746,True,0.5636970930514746,LOW,2025,0.09682539682539681
2025-10-09,Papua New Guinea,Samoa,Al Amerat Cricket Ground Oman Cricket (Ministry Turf 1),Papua New Guinea,bat,T20,2025/26,Samoa,0,1,0.5272727272727272,0.2222222222222222,0.2,0.0,0.5,0.5,0.1666666666666666,0.5,0,1,0.58127677418491,0.41872322581509,False,0.58127677418491,LOW,2025,0.305050505050505
2025-10-10,Oman,Papua New Guinea,Al Amerat Cricket Ground Oman Cricket (Ministry Turf 1),Papua New Guinea,field,T20,2025/26,Oman,1,0,0.4719101123595505,0.5178571428571429,0.4,0.2,0.75,0.25,0.4634146341463415,0.1428571428571428,1,1,0.6152491615711003,0.3847508384288997,True,0.6152491615711003,MEDIUM,2025,0.04594703049759241
2025-10-10,Malaysia,United Arab Emirates,Al Amerat Cricket Ground Oman Cricket (Ministry Turf 2),United Arab Emirates,field,T20,2025/26,United Arab Emirates,0,0,0.5729166666666666,0.5675675675675675,0.8,0.4,0.5,0.5,0.3333333333333333,0.8,0,0,0.4864710497750066,0.5135289502249933,True,0.5135289502249933,LOW,2025,0.005349099099099086
2025-10-10,Japan,Nepal,Al Amerat Cricket Ground Oman Cricket (Ministry Turf 1),Nepal,field,T20,2025/26,Nepal,0,0,0.7073170731707317,0.6,0.8,0.6,0.5,0.5,1.0,0.5625,0,1,0.5589897233047363,0.4410102766952637,False,0.5589897233047363,LOW,2025,0.10731707317073169
2025-10-11,South Africa,Namibia,"Namibia Cricket Ground, Windhoek",South Africa,bat,T20,2025/26,Namibia,0,1,0.5477386934673367,0.6049382716049383,0.4,0.8,0.5,0.5,0.5,1.0,0,0,0.389256812840573,0.610743187159427,True,0.610743187159427,MEDIUM,2025,0.05719957813760157
2025-10-12,Japan,Samoa,Al Amerat Cricket Ground Oman Cricket (Ministry Turf 1),Samoa,field,T20,2025/26,Japan,1,0,0.6904761904761905,0.2631578947368421,0.6,0.2,0.5,0.5,0.5,1.0,1,1,0.5843336178691937,0.4156663821308063,True,0.5843336178691937,LOW,2025,0.4273182957393484
2025-10-12,Nepal,United Arab Emirates,Al Amerat Cricket Ground Oman Cricket (Ministry Turf 1),Nepal,bat,T20,2025/26,Nepal,1,1,0.6041666666666666,0.5714285714285714,0.8,0.6,0.5,0.5,0.5882352941176471,0.75,1,0,0.485401124427847,0.514598875572153,False,0.514598875572153,LOW,2025,0.03273809523809523
2025-10-12,Oman,Qatar,Al Amerat Cricket Ground Oman Cricket (Ministry Turf 2),Qatar,field,T20,2025/26,Oman,1,0,0.4777777777777778,0.5,0.6,0.6,1.0,0.0,0.6666666666666666,0.5,1,1,0.600994476469179,0.39900552353082097,True,0.600994476469179,MEDIUM,2025,0.0222222222222222
2025-10-13,United Arab Emirates,Oman,Al Amerat Cricket Ground Oman Cricket (Ministry Turf 1),United Arab Emirates,bat,T20,2025/26,Oman,0,1,0.5663716814159292,0.4835164835164835,0.6,0.8,0.5555555555555556,0.4444444444444444,0.7058823529411765,0.4761904761904761,0,0,0.480772748718205,0.519227251281795,True,0.519227251281795,LOW,2025,0.08285519789944568
2025-10-13,Nepal,Qatar,Al Amerat Cricket Ground Oman Cricket (Ministry Turf 1),Qatar,field,T20,2025/26,Nepal,1,0,0.6082474226804123,0.4893617021276595,0.8,0.6,0.6666666666666666,0.3333333333333333,0.6111111111111112,0.25,1,1,0.5685621701456615,0.43143782985433854,True,0.5685621701456615,LOW,2025,0.11888572055275282
2025-10-15,United Arab Emirates,Samoa,Al Amerat Cricket Ground Oman Cricket (Ministry Turf 1),Samoa,field,T20,2025/26,United Arab Emirates,1,0,0.5614035087719298,0.25,0.4,0.2,0.5,0.5,0.6666666666666666,0.5,1,1,0.5973284585736016,0.4026715414263984,True,0.5973284585736016,LOW,2025,0.3114035087719298
2025-10-15,Japan,Qatar,Al Amerat Cricket Ground Oman Cricket (Ministry Turf 2),Qatar,field,T20,2025/26,Qatar,0,0,0.6976744186046512,0.4791666666666667,0.8,0.4,0.5,0.5,0.5,0.4,0,1,0.5703730744841677,0.42962692551583226,False,0.5703730744841677,LOW,2025,0.2185077519379845
2025-10-15,Nepal,Oman,Al Amerat Cricket Ground Oman Cricket (Ministry Turf 1),Nepal,bat,T20,2025/26,Nepal,1,1,0.6122448979591837,0.4891304347826087,0.8,1.0,0.7142857142857143,0.2857142857142857,0.631578947368421,0.4883720930232558,1,0,0.48783436802562347,0.5121656319743766,False,0.5121656319743766,LOW,2025,0.12311446317657498
2025-10-16,Samoa,Qatar,Al Amerat Cricket Ground Oman Cricket (Ministry Turf 1),Qatar,field,T20,2025/26,Qatar,0,0,0.238095238095238,0.4897959183673469,0.2,0.4,0.5,0.5,0.3333333333333333,0.2,0,0,0.4320020779859209,0.5679979220140792,True,0.5679979220140792,LOW,2025,0.2517006802721089
2025-10-16,Japan,United Arab Emirates,Al Amerat Cricket Ground Oman Cricket (Ministry Turf 1),United Arab Emirates,field,T20,2025/26,United Arab Emirates,0,0,0.6818181818181818,0.5652173913043478,0.6,0.6,0.5,0.5,0.6666666666666666,0.6842105263157895,0,1,0.5078019425275075,0.49219805747249246,False,0.5078019425275075,LOW,2025,0.11660079051383399
2025-10-17,Japan,Oman,Al Amerat Cricket Ground Oman Cricket (Ministry Turf 2),Oman,field,T20,2025/26,Oman,0,0,0.6666666666666666,0.4838709677419355,0.4,0.8,0.5,0.5,0.0,0.7142857142857143,0,0,0.39511346606106235,0.6048865339389377,True,0.6048865339389377,MEDIUM,2025,0.18279569892473113
2025-10-17,Nepal,Samoa,Al Amerat Cricket Ground Oman Cricket (Ministry Turf 1),Samoa,field,T20,2025/26,Nepal,1,0,0.6161616161616161,0.2272727272727272,1.0,0.2,0.5,0.5,0.65,0.25,1,1,0.6441453274649959,0.35585467253500414,True,0.6441453274649959,MEDIUM,2025,0.38888888888888895
2025-10-18,Romania,Austria,"Moara Vlasiei Cricket Ground, Ilfov County",Austria,field,T20,2025/26,Austria,0,0,0.64,0.7272727272727273,0.6,0.8,0.6666666666666666,0.3333333333333333,0.6842105263157895,0.6666666666666666,0,0,0.4848052569820949,0.5151947430179051,True,0.5151947430179051,LOW,2025,0.08727272727272728
2025-10-18,Austria,Romania,"Moara Vlasiei Cricket Ground, Ilfov County",Austria,bat,T20,2025/26,Romania,0,1,0.7407407407407407,0.6326530612244898,1.0,0.6,0.5,0.5,1.0,0.6666666666666666,0,1,0.5674267946046065,0.43257320539539346,False,0.5674267946046065,LOW,2025,0.10808767951625087
2025-10-19,Romania,Austria,"Moara Vlasiei Cricket Ground, Ilfov County",Austria,field,T20,2025/26,Austria,0,0,0.6153846153846154,0.7368421052631579,0.4,0.8,0.4,0.6,0.6190476190476191,0.8,0,0,0.38965416425162375,0.6103458357483762,True,0.6103458357483762,MEDIUM,2025,0.12145748987854244
2025-10-19,Austria,Romania,"Moara Vlasiei Cricket Ground, Ilfov County",Romania,field,T20,2025/26,Austria,1,0,0.7321428571428571,0.6274509803921569,0.8,0.6,0.5,0.5,0.75,0.65,1,1,0.5314430408247827,0.46855695917521734,True,0.5314430408247827,LOW,2025,0.10469187675070024
2025-10-20,England,New Zealand,"Hagley Oval, Christchurch",New Zealand,field,T20,2025/26,England,1,0,0.5454545454545454,0.5596330275229358,0.8,0.6,0.6,0.4,0.5,0.625,1,0,0.4924455922040254,0.5075544077959746,False,0.5075544077959746,LOW,2025,0.014178482068390341
2025-10-27,West Indies,Bangladesh,"Bir Sreshtho Flight Lieutenant Matiur Rahman Stadium, Chattogram",West Indies,bat,T20,2025/26,West Indies,1,1,0.4354066985645933,0.3977900552486187,0.4,0.4,0.5294117647058824,0.4705882352941176,0.5,0.5,1,1,0.5048944335151394,0.4951055664848606,True,0.5048944335151394,LOW,2025,0.037616643315974585
2025-10-28,South Africa,Pakistan,Rawalpindi Cricket Stadium,Pakistan,field,T20,2025/26,South Africa,1,0,0.545,0.592156862745098,0.4,0.6,0.4782608695652174,0.5217391304347826,0.5,0.6666666666666666,1,0,0.4433110003155028,0.5566889996844973,False,0.5566889996844973,LOW,2025,0.047156862745098005
2025-10-29,West Indies,Bangladesh,"Bir Sreshtho Flight Lieutenant Matiur Rahman Stadium, Chattogram",West Indies,bat,T20,2025/26,West Indies,1,1,0.4380952380952381,0.3956043956043956,0.4,0.2,0.5555555555555556,0.4444444444444444,1.0,0.0,1,1,0.6361114585981784,0.3638885414018216,True,0.6361114585981784,MEDIUM,2025,0.042490842490842506
2025-10-31,Cyprus,Serbia,Happy Valley Ground,Cyprus,bat,T20,2025/26,Cyprus,1,1,0.52,0.3214285714285714,1.0,0.4,0.0,1.0,0.4545454545454545,0.5,1,0,0.4133568470834861,0.5866431529165139,False,0.5866431529165139,LOW,2025,0.19857142857142862
2025-10-31,Cyprus,Serbia,Happy Valley Ground 2,Cyprus,bat,T20,2025/26,Cyprus,1,1,0.5384615384615384,0.3103448275862069,1.0,0.4,0.5,0.5,0.5,0.5,1,1,0.5501698728342352,0.44983012716576476,True,0.5501698728342352,LOW,2025,0.22811671087533153
2025-10-31,India,Australia,Melbourne Cricket Ground,Australia,field,T20,2025/26,Australia,0,0,0.6965811965811965,0.5882352941176471,1.0,0.8,0.6451612903225806,0.3548387096774194,0.8,0.6428571428571429,0,1,0.5327124669877222,0.46728753301227777,False,0.5327124669877222,LOW,2025,0.10834590246354947
2025-10-31,South Africa,Pakistan,"Gaddafi Stadium, Lahore",Pakistan,field,T20,2025/26,Pakistan,0,0,0.5472636815920398,0.58984375,0.4,0.4,0.5,0.5,0.5,0.5833333333333334,0,0,0.49729213325473065,0.5027078667452693,True,0.5027078667452693,LOW,2025,0.04258006840796025
2025-10-31,Bangladesh,West Indies,"Bir Sreshtho Flight Lieutenant Matiur Rahman Stadium, Chattogram",Bangladesh,bat,T20,2025/26,West Indies,0,1,0.3934426229508196,0.4407582938388625,0.2,0.6,0.4210526315789473,0.5789473684210527,0.0,1.0,0,0,0.33552489296933485,0.6644751070306651,True,0.6644751070306651,MEDIUM,2025,0.04731567088804289
2025-11-01,South Africa,Pakistan,"Gaddafi Stadium, Lahore",Pakistan,field,T20,2025/26,Pakistan,0,0,0.5445544554455446,0.5914396887159533,0.4,0.6,0.48,0.52,0.0,0.6153846153846154,0,0,0.3974987067159809,0.602501293284019,True,0.602501293284019,MEDIUM,2025,0.04688523327040872
2025-11-01,Serbia,Bulgaria,Happy Valley Ground 2,Bulgaria,field,T20,2025/26,Bulgaria,0,0,0.3,0.35,0.4,0.6,0.375,0.625,0.0,0.5,0,0,0.34384344832468666,0.6561565516753134,True,0.6561565516753134,MEDIUM,2025,0.04999999999999999
2025-11-01,Bulgaria,Serbia,Happy Valley Ground 2,Serbia,field,T20,2025/26,Bulgaria,1,0,0.3658536585365853,0.2903225806451613,0.8,0.4,0.6666666666666666,0.3333333333333333,1.0,0.0,1,1,0.6230502392988373,0.3769497607011627,True,0.6230502392988373,MEDIUM,2025,0.07553107789142399
2025-11-02,Australia,India,"Bellerive Oval, Hobart",India,field,T20,2025/26,India,0,0,0.5902439024390244,0.6936170212765957,0.8,0.8,0.375,0.625,1.0,0.5,0,0,0.45086700261778434,0.5491329973822157,True,0.5491329973822157,LOW,2025,0.10337311883757139
2025-11-02,Bulgaria,Cyprus,Happy Valley Ground 2,Cyprus,field,T20,2025/26,Cyprus,0,0,0.3809523809523809,0.5555555555555556,0.8,1.0,0.5,0.5,1.0,1.0,0,0,0.3696948540831376,0.6303051459168624,True,0.6303051459168624,MEDIUM,2025,0.1746031746031747
2025-11-02,Cyprus,Bulgaria,Happy Valley Ground 2,Bulgaria,field,T20,2025/26,Cyprus,1,0,0.5714285714285714,0.3720930232558139,1.0,0.6,1.0,0.0,1.0,0.6666666666666666,1,1,0.6667321730557076,0.33326782694429236,True,0.6667321730557076,MEDIUM,2025,0.1993355481727575
2025-11-03,Bulgaria,Cyprus,Happy Valley Ground 2,Bulgaria,bat,T20,2025/26,Cyprus,0,1,0.3636363636363636,0.5862068965517241,0.6,1.0,0.0,1.0,0.5,1.0,0,0,0.21683891244474965,0.7831610875552504,True,0.7831610875552504,HIGH,2025,0.2225705329153605
2025-11-03,Bulgaria,Cyprus,Happy Valley Ground 2,Bulgaria,bat,T20,2025/26,Cyprus,0,1,0.3555555555555555,0.6,0.4,1.0,0.0,1.0,0.4,1.0,0,0,0.20376223268996416,0.7962377673100358,True,0.7962377673100358,HIGH,2025,0.24444444444444446
2025-11-05,West Indies,New Zealand,"Eden Park, Auckland",New Zealand,field,T20,2025/26,West Indies,1,0,0.4433962264150943,0.5570776255707762,0.8,0.4,0.3333333333333333,0.6666666666666666,0.5,0.25,1,0,0.46661615329330447,0.5333838467066956,False,0.5333838467066956,LOW,2025,0.11368139915568193
2025-11-06,Timor-Leste,Indonesia,Udayana Cricket Ground,Timor-Leste,bat,T20,2025/26,Indonesia,0,1,0.5,0.453125,0.5,0.4,0.5,0.5,0.5,0.5,0,1,0.5114813089486443,0.4885186910513557,False,0.5114813089486443,LOW,2025,0.046875
2025-11-06,India,Australia,Carrara Oval,Australia,field,T20,2025/26,India,1,0,0.6949152542372882,0.587378640776699,0.8,0.8,0.6363636363636364,0.3636363636363636,0.5,0.5,1,1,0.5032196377417842,0.49678036225821576,True,0.5032196377417842,LOW,2025,0.10753661346058918
2025-11-06,Myanmar,Indonesia,Udayana Cricket Ground,Myanmar,bat,T20,2025/26,Indonesia,0,1,0.0588235294117647,0.4615384615384615,0.0,0.4,0.0,1.0,0.0,0.5116279069767442,0,0,0.23456023654254488,0.7654397634574551,True,0.7654397634574551,HIGH,2025,0.4027149321266968
2025-11-06,New Zealand,West Indies,"Eden Park, Auckland",West Indies,field,T20,2025/26,New Zealand,1,0,0.5545454545454546,0.4460093896713615,0.2,1.0,0.625,0.375,0.2,1.0,1,0,0.3573039559462642,0.6426960440537358,False,0.6426960440537358,MEDIUM,2025,0.10853606487409306
2025-11-07,Timor-Leste,Myanmar,Udayana Cricket Ground,Timor-Leste,bat,T20,2025/26,Myanmar,0,1,0.0,0.0555555555555555,0.0,0.0,0.5,0.5,0.0,0.0,0,0,0.4753987157101963,0.5246012842898037,True,0.5246012842898037,LOW,2025,0.0555555555555555
2025-11-08,Indonesia,Myanmar,Udayana Cricket Ground,Indonesia,bat,T20,2025/26,Indonesia,1,1,0.4776119402985074,0.1052631578947368,0.8,0.2,1.0,0.0,0.5333333333333333,0.125,1,1,0.7288754687477873,0.2711245312522127,True,0.7288754687477873,HIGH,2025,0.3723487824037706
2025-11-08,Timor-Leste,Indonesia,Udayana Cricket Ground,Indonesia,field,T20,2025/26,Indonesia,0,0,0.0,0.4696969696969697,0.0,0.6,0.0,1.0,0.0,0.5227272727272727,0,0,0.19242669322836356,0.8075733067716364,True,0.8075733067716364,HIGH,2025,0.4696969696969697
2025-11-09,Timor-Leste,Myanmar,Udayana Cricket Ground,Timor-Leste,bat,T20,2025/26,Myanmar,0,1,0.0,0.1,0.0,0.2,0.0,1.0,0.0,0.1111111111111111,0,0,0.3047648741703327,0.6952351258296673,True,0.6952351258296673,MEDIUM,2025,0.1
2025-11-09,New Zealand,West Indies,"Saxton Oval, Nelson",New Zealand,bat,T20,2025/26,New Zealand,1,1,0.5565610859728507,0.4439252336448598,0.2,0.8,0.6470588235294118,0.3529411764705882,0.0,0.5,1,0,0.4203496523123023,0.5796503476876977,False,0.5796503476876977,LOW,2025,0.11263585232799089
2025-11-11,Myanmar,Indonesia,Udayana Cricket Ground,Indonesia,field,T20,2025/26,Indonesia,0,0,0.1428571428571428,0.4852941176470588,0.4,1.0,0.0,1.0,0.2,0.5434782608695652,0,0,0.18117962330061438,0.8188203766993856,True,0.8188203766993856,HIGH,2025,0.342436974789916
2025-11-11,Timor-Leste,Indonesia,Udayana Cricket Ground,Timor-Leste,bat,T20,2025/26,Indonesia,0,1,0.0,0.4927536231884058,0.0,1.0,0.0,1.0,0.0,0.5531914893617021,0,0,0.1452524532768529,0.8547475467231471,True,0.8547475467231471,HIGH,2025,0.4927536231884058
2025-11-12,Qatar,Hong Kong,"West End Park International Cricket Stadium, Doha",Qatar,bat,T20,2025/26,Qatar,1,1,0.5,0.4711538461538461,0.6,0.4,0.2,0.8,0.6666666666666666,0.5,1,0,0.45342389438052294,0.5465761056194771,False,0.5465761056194771,LOW,2025,0.02884615384615391
2025-11-12,Myanmar,Timor-Leste,Udayana Cricket Ground,Myanmar,bat,T20,2025/26,Myanmar,1,1,0.1363636363636363,0.0,0.4,0.0,1.0,0.0,0.1818181818181818,0.0,1,1,0.6669154941114505,0.33308450588854954,True,0.6669154941114505,MEDIUM,2025,0.1363636363636363
2025-11-13,Hong Kong,Qatar,University of Doha for Science and Technology,Qatar,field,T20,2025/26,Hong Kong,1,0,0.4666666666666667,0.5098039215686274,0.2,0.6,0.6666666666666666,0.3333333333333333,0.5,0.8,1,0,0.46406932992112476,0.5359306700788753,False,0.5359306700788753,LOW,2025,0.04313725490196074
2025-11-13,Timor-Leste,Indonesia,Udayana Cricket Ground,Indonesia,field,T20,2025/26,Indonesia,0,0,0.0,0.5,0.0,1.0,0.0,1.0,0.0,0.5625,0,0,0.14251332065348898,0.857486679346511,True,0.857486679346511,HIGH,2025,0.5
2025-11-13,West Indies,New Zealand,"University Oval, Dunedin",New Zealand,field,T20,2025/26,New Zealand,0,0,0.4418604651162791,0.5585585585585585,0.6,0.4,0.3333333333333333,0.6666666666666666,0.5,1.0,0,0,0.4098573148571292,0.5901426851428708,True,0.5901426851428708,LOW,2025,0.11669809344227944
2025-11-13,Myanmar,Indonesia,Udayana Cricket Ground,Myanmar,bat,T20,2025/26,Indonesia,0,1,0.1739130434782608,0.5070422535211268,0.6,1.0,0.0,1.0,0.25,0.5714285714285714,0,0,0.19292117222301192,0.807078827776988,True,0.807078827776988,HIGH,2025,0.33312921004286594
2025-11-14,Myanmar,Timor-Leste,Udayana Cricket Ground,Myanmar,bat,T20,2025/26,Myanmar,1,1,0.1666666666666666,0.0,0.4,0.0,1.0,0.0,0.2307692307692307,0.0,1,1,0.6780752944754721,0.3219247055245279,True,0.6780752944754721,MEDIUM,2025,0.1666666666666666
2025-11-16,United Arab Emirates,Oman,"West End Park International Cricket Stadium, Doha",United Arab Emirates,bat,T20,2025/26,Oman,0,1,0.5689655172413793,0.4893617021276595,0.6,0.8,0.5,0.5,0.6666666666666666,0.6666666666666666,0,0,0.4498998211683442,0.5501001788316557,True,0.5501001788316557,LOW,2025,0.07960381511371983
2025-11-18,Bahrain,Indonesia,Udayana Cricket Ground,Indonesia,field,T20,2025/26,Bahrain,1,0,0.6162790697674418,0.5138888888888888,1.0,1.0,0.8,0.2,0.8,0.58,1,1,0.5211192167620846,0.4788807832379154,True,0.5211192167620846,LOW,2025,0.102390180878553
2025-11-18,Zimbabwe,Pakistan,Rawalpindi Cricket Stadium,Pakistan,field,T20,2025/26,Pakistan,0,0,0.4203821656050955,0.5930232558139535,1.0,0.6,0.15,0.85,0.0,0.5714285714285714,0,0,0.31140688455367865,0.6885931154463214,True,0.6885931154463214,MEDIUM,2025,0.17264109020885804
2025-11-19,Bahrain,Indonesia,Udayana Cricket Ground,Indonesia,field,T20,2025/26,Bahrain,1,0,0.6206896551724138,0.5068493150684932,1.0,0.8,0.8333333333333334,0.1666666666666666,0.8333333333333334,0.5686274509803921,1,1,0.5771900059886548,0.4228099940113452,True,0.5771900059886548,LOW,2025,0.11384034010392063
2025-11-20,Zimbabwe,Sri Lanka,Rawalpindi Cricket Stadium,Sri Lanka,field,T20,2025/26,Zimbabwe,1,0,0.4177215189873418,0.4489795918367347,0.8,0.6,0.25,0.75,0.0,0.5,1,0,0.3444304018926675,0.6555695981073325,False,0.6555695981073325,MEDIUM,2025,0.031258072849392915
2025-11-21,Indonesia,Bahrain,Udayana Cricket Ground,Bahrain,field,T20,2025/26,Bahrain,0,0,0.5,0.625,0.6,1.0,0.1428571428571428,0.8571428571428571,0.5576923076923077,0.8571428571428571,0,0,0.27493903277483456,0.7250609672251654,True,0.7250609672251654,HIGH,2025,0.125
2025-11-22,Sri Lanka,Pakistan,Rawalpindi Cricket Stadium,Sri Lanka,bat,T20,2025/26,Pakistan,0,1,0.4467005076142132,0.5945945945945946,0.4,0.6,0.4166666666666667,0.5833333333333334,0.0,0.625,0,0,0.362009209123739,0.637990790876261,True,0.637990790876261,MEDIUM,2025,0.14789408698038142
2025-11-23,Pakistan,Zimbabwe,Rawalpindi Cricket Stadium,Pakistan,bat,T20,2025/26,Pakistan,1,1,0.5961538461538461,0.4213836477987421,0.8,0.8,0.8571428571428571,0.1428571428571428,0.6666666666666666,0.2,1,1,0.5911119182007782,0.40888808179922176,True,0.5911119182007782,LOW,2025,0.17477019835510404
2025-11-25,Bahrain,Malaysia,"Bayuemas Oval, Kuala Lumpur",Malaysia,field,T20,2025/26,Malaysia,0,0,0.6292134831460674,0.5670103092783505,1.0,0.6,0.7142857142857143,0.2857142857142857,1.0,0.6071428571428571,0,1,0.5990467631664045,0.4009532368335955,False,0.5990467631664045,LOW,2025,0.0622031738677169
2025-11-25,Zimbabwe,Sri Lanka,Rawalpindi Cricket Stadium,Zimbabwe,bat,T20,2025/26,Sri Lanka,0,1,0.41875,0.4444444444444444,0.6,0.2,0.3333333333333333,0.6666666666666666,0.1666666666666666,0.0,0,0,0.4945842754077552,0.5054157245922448,True,0.5054157245922448,LOW,2025,0.02569444444444441
2025-11-27,Sri Lanka,Pakistan,Rawalpindi Cricket Stadium,Pakistan,field,T20,2025/26,Sri Lanka,1,0,0.4472361809045226,0.5977011494252874,0.2,1.0,0.4,0.6,0.3333333333333333,0.7,1,0,0.2998503145240687,0.7001496854759313,False,0.7001496854759313,HIGH,2025,0.1504649685207648
2025-11-27,Ireland,Bangladesh,"Bir Sreshtho Flight Lieutenant Matiur Rahman Stadium, Chattogram",Bangladesh,field,T20,2025/26,Ireland,1,0,0.4586466165413533,0.391304347826087,0.2,0.0,0.4,0.6,0.5,0.0,1,1,0.5856765387921317,0.41432346120786834,True,0.5856765387921317,LOW,2025,0.06734226871526633
2025-11-28,Brazil,Argentina,"St Albans Club, Buenos Aires",Brazil,bat,T20,2025/26,Argentina,0,1,0.3333333333333333,0.4761904761904761,0.2,0.8,0.0,1.0,0.5,0.6666666666666666,0,0,0.2569760730229742,0.7430239269770258,True,0.7430239269770258,HIGH,2025,0.1428571428571428
2025-11-29,Ireland,Bangladesh,"Bir Sreshtho Flight Lieutenant Matiur Rahman Stadium, Chattogram",Ireland,bat,T20,2025/26,Bangladesh,0,1,0.4626865671641791,0.3891891891891892,0.2,0.0,0.5,0.5,1.0,0.0,0,1,0.6623196027821273,0.3376803972178727,False,0.6623196027821273,MEDIUM,2025,0.0734973779749899
2025-11-29,Sri Lanka,Pakistan,Rawalpindi Cricket Stadium,Pakistan,field,T20,2025/26,Pakistan,0,0,0.45,0.5954198473282443,0.4,0.8,0.4230769230769231,0.5769230769230769,0.5,0.6363636363636364,0,0,0.36767270486210907,0.6323272951378909,True,0.6323272951378909,MEDIUM,2025,0.14541984732824426
2025-11-30,Argentina,Brazil,"St Albans Club, Buenos Aires",Brazil,field,T20,2025/26,Argentina,1,0,0.5,0.3,0.8,0.2,1.0,0.0,0.75,0.3333333333333333,1,1,0.7213153514470386,0.2786846485529614,True,0.7213153514470386,HIGH,2025,0.2
2025-11-30,Thailand,Bahrain,"Bayuemas Oval, Kuala Lumpur",Bahrain,field,T20,2025/26,Bahrain,0,0,0.42,0.6222222222222222,0.4,0.8,1.0,0.0,0.3,0.9,0,0,0.463097361408636,0.536902638591364,True,0.536902638591364,LOW,2025,0.20222222222222225
2025-12-02,Ireland,Bangladesh,"Bir Sreshtho Flight Lieutenant Matiur Rahman Stadium, Chattogram",Ireland,bat,T20,2025/26,Bangladesh,0,1,0.4592592592592592,0.3924731182795699,0.2,0.2,0.4285714285714285,0.5714285714285714,0.5,0.2,0,1,0.5421554498761668,0.4578445501238332,False,0.5421554498761668,LOW,2025,0.06678614097968932
2025-12-04,Sierra Leone,Rwanda,"Nigeria Cricket Federation Oval 1, Abuja",Rwanda,field,T20,2025/26,Rwanda,0,0,0.4137931034482758,0.2891566265060241,0.6,0.2,0.3333333333333333,0.6666666666666666,1.0,0.5,0,1,0.5547424303311551,0.4452575696688449,False,0.5547424303311551,LOW,2025,0.12463647694225172
2025-12-04,Nigeria,Zambia,"Nigeria Cricket Federation Oval 1, Abuja",Zambia,field,T20,2025/26,Nigeria,1,0,0.4683544303797468,0.5,0.4,0.5,0.5,0.5,1.0,0.5,1,1,0.5214551210022398,0.4785448789977602,True,0.5214551210022398,LOW,2025,0.03164556962025322
2025-12-05,Nigeria,Sierra Leone,"Nigeria Cricket Federation Oval 1, Abuja",Nigeria,bat,T20,2025/26,Nigeria,1,1,0.475,0.4,0.4,0.4,0.9,0.1,1.0,0.5,1,1,0.6548779047125057,0.34512209528749427,True,0.6548779047125057,MEDIUM,2025,0.07499999999999996
2025-12-05,Zambia,Rwanda,"Nigeria Cricket Federation Oval 1, Abuja",Rwanda,field,T20,2025/26,Rwanda,0,0,0.0,0.2976190476190476,0.0,0.4,0.5,0.5,0.0,1.0,0,0,0.3059869980490557,0.6940130019509443,True,0.6940130019509443,MEDIUM,2025,0.2976190476190476
2025-12-05,Croatia,Spain,La Manga Club Top Ground,Croatia,bat,T20,2025/26,Spain,0,1,0.1739130434782608,0.8055555555555556,0.0,1.0,0.0,1.0,0.5,1.0,0,0,0.1631684696990817,0.8368315303009183,True,0.8368315303009183,HIGH,2025,0.6316425120772948
2025-12-06,Nigeria,Rwanda,"Nigeria Cricket Federation Oval 1, Abuja",Rwanda,field,T20,2025/26,Nigeria,1,0,0.4814814814814814,0.3058823529411765,0.6,0.4,0.8571428571428571,0.1428571428571428,1.0,1.0,1,1,0.6251003227972175,0.3748996772027825,True,0.6251003227972175,MEDIUM,2025,0.1755991285403049
2025-12-06,Zambia,Sierra Leone,"Nigeria Cricket Federation Oval 1, Abuja",Zambia,bat,T20,2025/26,Zambia,1,1,0.0,0.3870967741935484,0.0,0.4,0.5,0.5,0.0,0.3333333333333333,1,0,0.3418351591400518,0.6581648408599482,False,0.6581648408599482,MEDIUM,2025,0.3870967741935484
2025-12-06,Spain,Croatia,La Manga Club Top Ground,Spain,bat,T20,2025/26,Spain,1,1,0.8108108108108109,0.1666666666666666,1.0,0.0,1.0,0.0,1.0,0.0,1,1,0.8482036457140336,0.15179635428596638,True,0.8482036457140336,HIGH,2025,0.6441441441441442
2025-12-06,Croatia,Spain,La Manga Club Top Ground,Spain,field,T20,2025/26,Spain,0,0,0.16,0.8157894736842105,0.0,1.0,0.0,1.0,0.0,1.0,0,0,0.13313374359497646,0.8668662564050236,True,0.8668662564050236,HIGH,2025,0.6557894736842105
2025-12-07,Spain,Croatia,La Manga Club Top Ground,Spain,bat,T20,2025/26,Spain,1,1,0.8205128205128205,0.1538461538461538,1.0,0.0,1.0,0.0,1.0,0.0,1,1,0.850098741938227,0.149901258061773,True,0.850098741938227,HIGH,2025,0.6666666666666667
2025-12-07,Croatia,Spain,La Manga Club Top Ground,Spain,field,T20,2025/26,Spain,0,0,0.1481481481481481,0.825,0.0,1.0,0.0,1.0,0.0,1.0,0,0,0.1313460198952273,0.8686539801047727,True,0.8686539801047727,HIGH,2025,0.6768518518518518
2025-12-07,Sierra Leone,Nigeria,"Nigeria Cricket Federation Oval 1, Abuja",Nigeria,field,T20,2025/26,Nigeria,0,0,0.375,0.4878048780487805,0.2,0.8,0.0909090909090909,0.9090909090909092,0.25,1.0,0,0,0.24217561478540375,0.7578243852145963,True,0.7578243852145963,HIGH,2025,0.11280487804878048
2025-12-07,Zambia,Rwanda,"Nigeria Cricket Federation Oval 1, Abuja",Zambia,bat,T20,2025/26,Rwanda,0,1,0.3333333333333333,0.3023255813953488,0.3333333333333333,0.4,0.0,1.0,0.3333333333333333,0.6666666666666666,0,0,0.32995201402456326,0.6700479859754367,True,0.6700479859754367,MEDIUM,2025,0.031007751937984496
2025-12-08,Nigeria,Zambia,"Nigeria Cricket Federation Oval 1, Abuja",Zambia,field,T20,2025/26,Nigeria,1,0,0.4939759036144578,0.25,0.8,0.25,1.0,0.0,1.0,0.25,1,1,0.7401129489544911,0.2598870510455089,True,0.7401129489544911,HIGH,2025,0.2439759036144578
2025-12-08,Rwanda,Sierra Leone,"Nigeria Cricket Federation Oval 1, Abuja",Sierra Leone,field,T20,2025/26,Rwanda,1,0,0.3103448275862069,0.3636363636363636,0.6,0.2,0.75,0.25,0.75,0.2,1,1,0.6203233749918954,0.3796766250081046,True,0.6203233749918954,MEDIUM,2025,0.053291536050156685
2025-12-09,Rwanda,Nigeria,"Nigeria Cricket Federation Oval 1, Abuja",Nigeria,field,T20,2025/26,Rwanda,1,0,0.3181818181818182,0.5,0.8,1.0,0.125,0.875,0.8,1.0,1,0,0.26121918019216017,0.7387808198078398,False,0.7387808198078398,HIGH,2025,0.18181818181818182
2025-12-09,India,South Africa,"Barabati Stadium, Cuttack",South Africa,field,T20,2025/26,India,1,0,0.6962025316455697,0.541871921182266,0.8,0.2,0.6,0.4,0.0,1.0,1,1,0.5402607395615047,0.45973926043849533,True,0.5402607395615047,LOW,2025,0.15433061046330365
2025-12-09,Sierra Leone,Zambia,"Nigeria Cricket Federation Oval 1, Abuja",Sierra Leone,bat,T20,2025/26,Zambia,0,1,0.3529411764705882,0.2,0.0,0.2,0.0,1.0,0.1666666666666666,0.2,0,0,0.38656644247416055,0.6134335575258394,True,0.6134335575258394,MEDIUM,2025,0.1529411764705882
2025-12-09,Bahrain,Bhutan,Gelephu International Cricket Ground,Bhutan,field,T20,2025/26,Bahrain,1,0,0.6263736263736264,0.3333333333333333,0.8,0.0,1.0,0.0,0.5,0.6,1,1,0.7428132494515801,0.2571867505484199,True,0.7428132494515801,HIGH,2025,0.29304029304029305
2025-12-09,Malaysia,Philippines,"Terdthai Cricket Ground, Bangkok",Philippines,field,T20,2025/26,Malaysia,1,0,0.5714285714285714,0.4242424242424242,0.6,0.8,0.5,0.5,0.5,0.5,1,0,0.44699168207321005,0.55300831792679,False,0.55300831792679,LOW,2025,0.1471861471861472
2025-12-09,Thailand,Indonesia,"Terdthai Cricket Ground, Bangkok",Indonesia,field,T20,2025/26,Indonesia,0,0,0.4117647058823529,0.4933333333333333,0.4,0.4,0.75,0.25,0.625,0.25,0,1,0.5709517492589548,0.42904825074104525,False,0.5709517492589548,LOW,2025,0.08156862745098037
2025-12-10,Indonesia,Malaysia,"Terdthai Cricket Ground, Bangkok",Malaysia,field,T20,2025/26,Malaysia,0,0,0.5,0.5757575757575758,0.4,0.6,0.5,0.5,0.4,1.0,0,0,0.4070057965134909,0.5929942034865091,True,0.5929942034865091,LOW,2025,0.0757575757575758
2025-12-10,Philippines,Singapore,"Terdthai Cricket Ground, Bangkok",Philippines,bat,T20,2025/26,Philippines,1,1,0.4117647058823529,0.360655737704918,0.8,0.2,0.5,0.5,0.0,0.6,1,0,0.49171173828496106,0.5082882617150389,False,0.5082882617150389,LOW,2025,0.05110896817743493
2025-12-11,Zambia,Rwanda,"Nigeria Cricket Federation Oval 1, Abuja",Rwanda,field,T20,2025/26,Zambia,1,0,0.3333333333333333,0.3258426966292135,0.4,0.8,0.0,1.0,0.3333333333333333,0.8333333333333334,1,0,0.24799804936862505,0.752001950631375,False,0.752001950631375,HIGH,2025,0.007490636704119813
2025-12-11,Nigeria,Sierra Leone,"Nigeria Cricket Federation Oval 1, Abuja",Nigeria,bat,T20,2025/26,Nigeria,1,1,0.4941176470588235,0.3428571428571428,0.8,0.0,0.9166666666666666,0.0833333333333333,0.8571428571428571,0.1428571428571428,1,1,0.7548674729751848,0.24513252702481525,True,0.7548674729751848,HIGH,2025,0.1512605042016807
2025-12-11,Philippines,Indonesia,"Terdthai Cricket Ground, Bangkok",Philippines,bat,T20,2025/26,Philippines,1,1,0.4285714285714285,0.4935064935064935,0.8,0.2,0.6363636363636364,0.3636363636363636,0.5,0.3333333333333333,1,1,0.5861150804293411,0.41388491957065887,True,0.5861150804293411,LOW,2025,0.06493506493506501
2025-12-11,South Africa,India,"Maharaja Yadavindra Singh International Cricket Stadium, New Chandigarh",India,field,T20,2025/26,South Africa,1,0,0.5392156862745098,0.6974789915966386,0.2,0.8,0.3870967741935484,0.6129032258064516,0.5,0.5,1,0,0.3739614429918693,0.6260385570081307,False,0.6260385570081307,MEDIUM,2025,0.15826330532212884
2025-12-11,Bahrain,Bhutan,Gelephu International Cricket Ground,Bhutan,field,T20,2025/26,Bahrain,1,0,0.6304347826086957,0.3225806451612903,0.8,0.0,1.0,0.0,1.0,0.5,1,1,0.7858129627503598,0.21418703724964017,True,0.7858129627503598,HIGH,2025,0.30785413744740536
2025-12-11,Singapore,Thailand,"Terdthai Cricket Ground, Bangkok",Thailand,field,T20,2025/26,Singapore,1,0,0.3548387096774194,0.4038461538461538,0.2,0.4,0.75,0.25,0.5,0.5555555555555556,1,1,0.5259750280302455,0.47402497196975446,True,0.5259750280302455,LOW,2025,0.049007444168734426
2025-12-12,Indonesia,Singapore,"Terdthai Cricket Ground, Bangkok",Singapore,field,T20,2025/26,Singapore,0,0,0.4871794871794871,0.365079365079365,0.2,0.4,0.5,0.5,0.2857142857142857,0.5714285714285714,0,0,0.47666192323905526,0.5233380767609448,True,0.5233380767609448,LOW,2025,0.12210012210012211
2025-12-12,Bahrain,Bhutan,Gelephu International Cricket Ground,Bhutan,field,T20,2025/26,Bahrain,1,0,0.6344086021505376,0.3125,0.8,0.0,1.0,0.0,1.0,0.4285714285714285,1,1,0.7903843847886498,0.2096156152113502,True,0.7903843847886498,HIGH,2025,0.3219086021505376
2025-12-12,Rwanda,Sierra Leone,"Nigeria Cricket Federation Oval 1, Abuja",Rwanda,bat,T20,2025/26,Rwanda,1,1,0.3222222222222222,0.3333333333333333,0.6,0.0,0.8,0.2,0.7142857142857143,0.125,1,1,0.6807667507451258,0.3192332492548742,True,0.6807667507451258,MEDIUM,2025,0.011111111111111127
2025-12-12,Thailand,Malaysia,"Terdthai Cricket Ground, Bangkok",Malaysia,field,T20,2025/26,Malaysia,0,0,0.3962264150943396,0.58,0.4,0.6,0.0,1.0,0.5,1.0,0,0,0.27839856223637355,0.7216014377636264,True,0.7216014377636264,HIGH,2025,0.18377358490566037
2025-12-12,Nigeria,Zambia,"Nigeria Cricket Federation Oval 1, Abuja",Nigeria,bat,T20,2025/26,Nigeria,1,1,0.5,0.4285714285714285,0.8,0.6,1.0,0.0,0.875,0.4285714285714285,1,1,0.6469097265052259,0.35309027349477407,True,0.6469097265052259,MEDIUM,2025,0.07142857142857151
2025-12-13,Bhutan,Bahrain,Gelephu International Cricket Ground,Bahrain,field,T20,2025/26,Bahrain,0,0,0.303030303030303,0.6382978723404256,0.0,0.8,0.0,1.0,0.375,1.0,0,0,0.20780220807408603,0.792197791925914,True,0.792197791925914,HIGH,2025,0.3352675693101226
2025-12-13,Zambia,Sierra Leone,"Nigeria Cricket Federation Oval 1, Abuja",Zambia,bat,T20,2025/26,Sierra Leone,0,1,0.375,0.3243243243243243,0.4,0.0,1.0,0.0,0.375,0.1111111111111111,0,1,0.7025196405817508,0.29748035941824924,False,0.7025196405817508,HIGH,2025,0.05067567567567571
2025-12-13,Singapore,Malaysia,"Terdthai Cricket Ground, Bangkok",Singapore,bat,T20,2025/26,Malaysia,0,1,0.375,0.5841584158415841,0.4,0.8,0.25,0.75,0.625,1.0,0,0,0.30542322648710085,0.6945767735128991,True,0.6945767735128991,MEDIUM,2025,0.20915841584158412
2025-12-13,Thailand,Philippines,"Terdthai Cricket Ground, Bangkok",Philippines,field,T20,2025/26,Philippines,0,0,0.3888888888888889,0.4444444444444444,0.2,0.8,0.5,0.5,0.4545454545454545,0.6666666666666666,0,0,0.37317456196224735,0.6268254380377527,True,0.6268254380377527,MEDIUM,2025,0.055555555555555525
2025-12-13,Nigeria,Rwanda,"Nigeria Cricket Federation Oval 1, Abuja",Nigeria,bat,T20,2025/26,Nigeria,1,1,0.5057471264367817,0.3296703296703296,0.8,0.8,0.7777777777777778,0.2222222222222222,0.8888888888888888,0.75,1,1,0.5429437158201017,0.4570562841798983,True,0.5429437158201017,LOW,2025,0.17607679676645205
2025-12-14,Nigeria,Rwanda,"Nigeria Cricket Federation Oval 1, Abuja",Nigeria,bat,T20,2025/26,Nigeria,1,1,0.5113636363636364,0.3260869565217391,0.8,0.6,0.8,0.2,0.9,0.6666666666666666,1,1,0.5982103199796087,0.4017896800203913,True,0.5982103199796087,LOW,2025,0.18527667984189727
2025-12-14,Zambia,Sierra Leone,"Nigeria Cricket Federation Oval 1, Abuja",Sierra Leone,field,T20,2025/26,Zambia,1,0,0.3333333333333333,0.3421052631578947,0.4,0.2,0.6666666666666666,0.3333333333333333,0.3333333333333333,0.2,1,1,0.5605286787544164,0.43947132124558363,True,0.5605286787544164,LOW,2025,0.008771929824561375
2025-12-14,South Africa,India,"Himachal Pradesh Cricket Association Stadium, Dharamsala",India,field,T20,2025/26,India,0,0,0.5414634146341464,0.694560669456067,0.4,0.6,0.40625,0.59375,0.5,1.0,0,0,0.39290661229578705,0.607093387704213,True,0.607093387704213,MEDIUM,2025,0.1530972548219206
2025-12-19,India,South Africa,"Narendra Modi Stadium, Ahmedabad",South Africa,field,T20,2025/26,India,1,0,0.6958333333333333,0.5388349514563107,0.8,0.2,0.6060606060606061,0.3939393939393939,1.0,0.5,1,1,0.6708335466686337,0.3291664533313663,True,0.6708335466686337,MEDIUM,2025,0.15699838187702264
2025-12-23,Indonesia,Cambodia,Udayana Cricket Ground,Indonesia,bat,T20,2025/26,Indonesia,1,1,0.4810126582278481,0.4285714285714285,0.2,0.6,0.4285714285714285,0.5714285714285714,0.5471698113207547,0.5384615384615384,1,0,0.4418851013039983,0.5581148986960017,False,0.5581148986960017,LOW,2025,0.05244122965641962
2025-12-23,Indonesia,Cambodia,Udayana Cricket Ground,Cambodia,field,T20,2025/26,Indonesia,1,0,0.4875,0.4137931034482758,0.4,0.4,0.4666666666666667,0.5333333333333333,0.5555555555555556,0.5,1,1,0.5019896822705863,0.49801031772941373,True,0.5019896822705863,LOW,2025,0.07370689655172419
2025-12-23,Myanmar,Bhutan,Gelephu International Cricket Ground,Bhutan,field,T20,2025/26,Bhutan,0,0,0.2,0.2941176470588235,0.6,0.0,0.0,1.0,0.5,0.3333333333333333,0,0,0.41865141553739016,0.5813485844626098,True,0.5813485844626098,LOW,2025,0.09411764705882347
2025-12-24,Bhutan,Myanmar,Gelephu International Cricket Ground,Myanmar,field,T20,2025/26,Bhutan,1,0,0.3142857142857143,0.1923076923076923,0.2,0.4,1.0,0.0,0.4,0.0,1,1,0.6248391341777141,0.3751608658222859,True,0.6248391341777141,MEDIUM,2025,0.12197802197802199
2025-12-24,Cambodia,Indonesia,Udayana Cricket Ground,Indonesia,field,T20,2025/26,Indonesia,0,0,0.4,0.4938271604938271,0.4,0.4,0.5,0.5,0.4666666666666667,0.5636363636363636,0,0,0.4672319917493892,0.5327680082506108,True,0.5327680082506108,LOW,2025,0.09382716049382706
2025-12-25,Indonesia,Cambodia,Udayana Cricket Ground,Indonesia,bat,T20,2025/26,Indonesia,1,1,0.5,0.3870967741935484,0.6,0.2,0.5294117647058824,0.4705882352941176,0.5714285714285714,0.4375,1,1,0.5814370044344402,0.41856299556555976,True,0.5814370044344402,LOW,2025,0.11290322580645162
2025-12-26,Bhutan,Myanmar,Gelephu International Cricket Ground,Myanmar,field,T20,2025/26,Bhutan,1,0,0.3333333333333333,0.1851851851851851,0.4,0.4,1.0,0.0,0.4545454545454545,0.0,1,1,0.6408191182491869,0.3591808817508131,True,0.6408191182491869,MEDIUM,2025,0.14814814814814822
2025-12-26,Cambodia,Indonesia,Udayana Cricket Ground,Indonesia,field,T20,2025/26,Indonesia,0,0,0.375,0.5060240963855421,0.0,0.8,0.4444444444444444,0.5555555555555556,0.4117647058823529,0.5789473684210527,0,0,0.34723644156789923,0.6527635584321008,True,0.6527635584321008,MEDIUM,2025,0.13102409638554213
2025-12-27,Cambodia,Indonesia,Udayana Cricket Ground,Indonesia,field,T20,2025/26,Indonesia,0,0,0.3529411764705882,0.5176470588235295,0.0,1.0,0.4,0.6,0.3684210526315789,0.5932203389830508,0,0,0.2903265056552539,0.709673494344746,True,0.709673494344746,HIGH,2025,0.16470588235294126
2025-12-27,Cambodia,Indonesia,Udayana Cricket Ground,Cambodia,bat,T20,2025/26,Indonesia,0,1,0.3636363636363636,0.5119047619047619,0.0,1.0,0.4210526315789473,0.5789473684210527,0.3888888888888889,0.5862068965517241,0,0,0.30319869344890304,0.696801306551097,True,0.696801306551097,MEDIUM,2025,0.14826839826839827
2025-12-27,Bhutan,Myanmar,Gelephu International Cricket Ground,Myanmar,field,T20,2025/26,Bhutan,1,0,0.3513513513513513,0.1785714285714285,0.6,0.2,1.0,0.0,0.5,0.0,1,1,0.6924528303098796,0.3075471696901204,True,0.6924528303098796,MEDIUM,2025,0.17277992277992282
2025-12-29,Bhutan,Myanmar,Gelephu International Cricket Ground,Bhutan,bat,T20,2025/26,Bhutan,1,1,0.3684210526315789,0.1724137931034483,0.8,0.2,1.0,0.0,0.5384615384615384,0.0,1,1,0.7085521692508063,0.29144783074919367,True,0.7085521692508063,HIGH,2025,0.19600725952813064
2025-12-29,Cambodia,Indonesia,Udayana Cricket Ground,Indonesia,field,T20,2025/26,Indonesia,0,0,0.3428571428571428,0.5232558139534884,0.0,1.0,0.3809523809523809,0.6190476190476191,0.35,0.6,0,0,0.2819173884739148,0.7180826115260852,True,0.7180826115260852,HIGH,2025,0.1803986710963456
2026-01-07,Sri Lanka,Pakistan,Rangiri Dambulla International Stadium,Pakistan,field,T20,2025/26,Pakistan,0,0,0.4477611940298507,0.596958174904943,0.4,0.8,0.4074074074074074,0.5925925925925926,0.5,0.5,0,0,0.37193322719397015,0.6280667728060298,True,0.6280667728060298,MEDIUM,2026,0.14919698087509226
2026-01-11,Sri Lanka,Pakistan,Rangiri Dambulla International Stadium,Pakistan,field,T20,2025/26,Sri Lanka,1,0,0.4455445544554455,0.5984848484848485,0.4,0.8,0.3928571428571428,0.6071428571428571,0.4285714285714285,1.0,1,0,0.33029568156411315,0.6697043184358868,False,0.6697043184358868,MEDIUM,2026,0.152940294029403
2026-01-21,India,New Zealand,"Vidarbha Cricket Association Stadium, Jamtha, Nagpur",New Zealand,field,T20,2025/26,India,1,0,0.6970954356846473,0.5605381165919282,0.8,0.6,0.5454545454545454,0.4545454545454545,1.0,0.5,1,1,0.5757447113210474,0.42425528867895257,True,0.5757447113210474,LOW,2026,0.13655731909271906
2026-01-23,Italy,Ireland,"7he Sevens Stadium, Dubai",Ireland,field,T20,2025/26,Ireland,0,0,0.6451612903225806,0.4558823529411764,0.8,0.2,0.0,1.0,0.5,0.5,0,0,0.46774869311448264,0.5322513068855174,True,0.5322513068855174,LOW,2026,0.18927893738140422
2026-01-23,New Zealand,India,"Shaheed Veer Narayan Singh International Stadium, Raipur",India,field,T20,2025/26,India,0,0,0.5580357142857143,0.6983471074380165,0.6,0.8,0.4347826086956521,0.5652173913043478,0.5,1.0,0,0,0.3693433352625591,0.630656664737441,True,0.630656664737441,MEDIUM,2026,0.14031139315230223
2026-01-25,New Zealand,India,"Barsapara Cricket Stadium, Guwahati",India,field,T20,2025/26,India,0,0,0.5555555555555556,0.6995884773662552,0.6,0.8,0.4166666666666667,0.5833333333333334,0.5,0.5,0,0,0.3964280149382453,0.6035719850617547,True,0.6035719850617547,MEDIUM,2026,0.1440329218106996
2026-01-25,Ireland,Italy,"7he Sevens Stadium, Dubai",Italy,field,T20,2025/26,Ireland,1,0,0.4598540145985401,0.625,0.4,0.6,1.0,0.0,1.0,0.0,1,1,0.643496193315116,0.356503806684884,True,0.643496193315116,MEDIUM,2026,0.16514598540145992
2026-01-26,Ireland,Italy,"7he Sevens Stadium, Dubai",Italy,field,T20,2025/26,Italy,0,0,0.463768115942029,0.6060606060606061,0.6,0.4,1.0,0.0,1.0,0.0,0,1,0.6889477716423762,0.3110522283576238,False,0.6889477716423762,MEDIUM,2026,0.1422924901185771
2026-01-27,West Indies,South Africa,"Boland Park, Paarl",South Africa,field,T20,2025/26,South Africa,0,0,0.4398148148148148,0.5362318840579711,0.4,0.2,0.5384615384615384,0.4615384615384615,0.5,0.5,0,1,0.5328791639134359,0.4671208360865641,False,0.5328791639134359,LOW,2026,0.09641706924315624
2026-01-28,New Zealand,India,"Dr. Y.S. Rajasekhara Reddy ACA-VDCA Cricket Stadium, Visakhapatnam",India,field,T20,2025/26,New Zealand,1,0,0.5530973451327433,0.7008196721311475,0.4,1.0,0.4,0.6,0.5,1.0,1,0,0.3165192237369626,0.6834807762630374,False,0.6834807762630374,MEDIUM,2026,0.14772232699840415
2026-01-29,Pakistan,Australia,"Gaddafi Stadium, Lahore",Pakistan,bat,T20,2025/26,Pakistan,1,1,0.5962264150943396,0.5845410628019324,0.6,0.6,0.4615384615384615,0.5384615384615384,0.6428571428571429,1.0,1,0,0.4548583527458641,0.5451416472541359,False,0.5451416472541359,LOW,2026,0.011685352292407192
2026-01-29,Ireland,United Arab Emirates,Dubai International Cricket Stadium,Ireland,bat,T20,2025/26,Ireland,1,1,0.460431654676259,0.5641025641025641,0.4,0.4,0.3636363636363636,0.6363636363636364,0.9,0.2142857142857142,1,1,0.5130863441600336,0.4869136558399664,True,0.5130863441600336,LOW,2026,0.10367090942630508
2026-01-29,West Indies,South Africa,"SuperSport Park, Centurion",South Africa,field,T20,2025/26,South Africa,0,0,0.4377880184331797,0.5384615384615384,0.2,0.4,0.5185185185185185,0.4814814814814814,0.5,0.3333333333333333,0,0,0.49012285434158565,0.5098771456584144,True,0.5098771456584144,LOW,2026,0.10067352002835872
2026-01-30,Sri Lanka,England,Pallekele International Cricket Stadium,England,field,T20,2025/26,England,0,0,0.4482758620689655,0.5477386934673367,0.6,0.8,0.2857142857142857,0.7142857142857143,0.5555555555555556,0.3333333333333333,0,0,0.36912094722801875,0.6308790527719812,True,0.6308790527719812,MEDIUM,2026,0.0994628313983712
2026-01-31,Ireland,United Arab Emirates,Dubai International Cricket Stadium,United Arab Emirates,field,T20,2025/26,Ireland,1,0,0.4642857142857143,0.559322033898305,0.6,0.4,0.4166666666666667,0.5833333333333334,0.9090909090909092,0.2,1,1,0.5318017111390463,0.4681982888609537,True,0.5318017111390463,LOW,2026,0.09503631961259074
2026-01-31,India,New Zealand,"Greenfield International Stadium, Thiruvananthapuram",India,bat,T20,2025/26,India,1,1,0.6979591836734694,0.5550660792951542,0.8,0.4,0.5769230769230769,0.4230769230769231,1.0,0.5,1,1,0.628589195321678,0.371410804678322,True,0.628589195321678,MEDIUM,2026,0.14289310437831526
2026-01-31,Pakistan,Australia,"Gaddafi Stadium, Lahore",Pakistan,bat,T20,2025/26,Pakistan,1,1,0.5977443609022557,0.5817307692307693,0.6,0.4,0.4814814814814814,0.5185185185185185,0.6666666666666666,0.5,1,1,0.5390689912983793,0.46093100870162074,True,0.5390689912983793,LOW,2026,0.016013591671486416
2026-01-31,West Indies,South Africa,"The Wanderers Stadium, Johannesburg",South Africa,field,T20,2025/26,West Indies,1,0,0.4357798165137614,0.5406698564593302,0.0,0.6,0.5,0.5,1.0,0.2,1,0,0.49634875548409,0.50365124451591,False,0.50365124451591,LOW,2026,0.10489003994556878
2026-02-01,Sri Lanka,England,Pallekele International Cricket Stadium,England,field,T20,2025/26,England,0,0,0.446078431372549,0.55,0.4,1.0,0.2666666666666666,0.7333333333333333,0.5263157894736842,0.5,0,0,0.3080710828893386,0.6919289171106614,True,0.6919289171106614,MEDIUM,2026,0.10392156862745106
2026-02-01,Pakistan,Australia,"Gaddafi Stadium, Lahore",Pakistan,bat,T20,2025/26,Pakistan,1,1,0.599250936329588,0.5789473684210527,0.8,0.2,0.5,0.5,0.6875,0.3333333333333333,1,1,0.6047494913638674,0.39525050863613265,True,0.6047494913638674,MEDIUM,2026,0.02030356790853538
2026-02-03,England,Sri Lanka,Pallekele International Cricket Stadium,England,bat,T20,2025/26,England,1,1,0.5522388059701493,0.4439024390243902,1.0,0.2,0.75,0.25,0.6,0.5,1,1,0.6520946349125661,0.34790536508743386,True,0.6520946349125661,MEDIUM,2026,0.1083363669457591
2026-02-07,West Indies,Scotland,"Eden Gardens, Kolkata",Scotland,field,T20,2025/26,West Indies,1,0,0.4383561643835616,0.4941176470588235,0.2,0.4,0.0,1.0,0.0,0.5,1,0,0.31008553928865445,0.6899144607113455,False,0.6899144607113455,MEDIUM,2026,0.055761482675261875
2026-02-07,Netherlands,Pakistan,"Sinhalese Sports Club Ground, Colombo",Pakistan,field,T20,2025/26,Pakistan,0,0,0.5277777777777778,0.6007462686567164,0.4,0.8,0.0,1.0,0.5,0.5,0,0,0.29738942252429074,0.7026105774757092,True,0.7026105774757092,HIGH,2026,0.07296849087893864
2026-02-07,India,United States of America,"Wankhede Stadium, Mumbai",United States of America,field,T20,2025/26,India,1,0,0.6991869918699187,0.5833333333333334,0.8,0.8,1.0,0.0,1.0,0.5,1,1,0.6441361302101622,0.35586386978983775,True,0.6441361302101622,MEDIUM,2026,0.11585365853658536
2026-02-08,England,Nepal,"Wankhede Stadium, Mumbai",England,bat,T20,2025/26,England,1,1,0.5544554455445545,0.62,1.0,1.0,0.5,0.5,0.0,0.5,1,0,0.3515058226967969,0.6484941773032031,False,0.6484941773032031,MEDIUM,2026,0.06554455445544549
2026-02-08,Sri Lanka,Ireland,"R Premadasa Stadium, Colombo",Ireland,field,T20,2025/26,Sri Lanka,1,0,0.441747572815534,0.4680851063829787,0.2,0.8,1.0,0.0,0.3333333333333333,0.5,1,1,0.5079408255177114,0.49205917448228864,True,0.5079408255177114,LOW,2026,0.02633753356744467
2026-02-09,Oman,Zimbabwe,"Sinhalese Sports Club Ground, Colombo",Zimbabwe,field,T20,2025/26,Zimbabwe,0,0,0.4947368421052631,0.4161490683229814,0.8,0.4,0.5,0.5,0.5,0.5,0,1,0.5186721202938165,0.4813278797061835,False,0.5186721202938165,LOW,2026,0.07858777378228171
2026-02-09,South Africa,Canada,"Narendra Modi Stadium, Ahmedabad",Canada,field,T20,2025/26,South Africa,1,0,0.5380952380952381,0.5942028985507246,0.4,1.0,0.5,0.5,0.0,0.5,1,0,0.3297291693228678,0.6702708306771322,False,0.6702708306771322,MEDIUM,2026,0.05610766045548654
2026-02-09,Scotland,Italy,"Eden Gardens, Kolkata",Italy,field,T20,2025/26,Scotland,1,0,0.4883720930232558,0.6176470588235294,0.4,0.4,0.5,0.5,0.0,0.5,1,0,0.4347898955564378,0.5652101044435622,False,0.5652101044435622,LOW,2026,0.12927496580027364
2026-02-10,Namibia,Netherlands,"Arun Jaitley Stadium, Delhi",Netherlands,field,T20,2025/26,Netherlands,0,0,0.6097560975609756,0.5229357798165137,0.8,0.4,0.25,0.75,0.5,0.5,0,0,0.47380000700467134,0.5261999929953287,True,0.5261999929953287,LOW,2026,0.08682031774446186
2026-02-10,United Arab Emirates,New Zealand,"MA Chidambaram Stadium, Chepauk, Chennai",United Arab Emirates,bat,T20,2025/26,New Zealand,0,1,0.5546218487394958,0.5526315789473685,0.4,0.2,0.3333333333333333,0.6666666666666666,0.5,0.5,0,1,0.5123679572832143,0.48763204271678573,False,0.5123679572832143,LOW,2026,0.0019902697921273527
2026-02-10,Pakistan,United States of America,"Sinhalese Sports Club Ground, Colombo",United States of America,field,T20,2025/26,Pakistan,1,0,0.6022304832713755,0.5714285714285714,0.8,0.6,0.5,0.5,1.0,0.5,1,1,0.5395581392008886,0.4604418607991114,True,0.5395581392008886,LOW,2026,0.03080191184280412
2026-02-11,Australia,Ireland,"R Premadasa Stadium, Colombo",Australia,bat,T20,2025/26,Australia,1,1,0.5761904761904761,0.4647887323943662,0.0,0.6,1.0,0.0,1.0,0.0,1,1,0.6766469621592134,0.3233530378407866,True,0.6766469621592134,MEDIUM,2026,0.11140174379610995
2026-02-11,West Indies,England,"Wankhede Stadium, Mumbai",England,field,T20,2025/26,West Indies,1,0,0.4409090909090909,0.5566502463054187,0.4,1.0,0.4864864864864865,0.5135135135135135,0.5,0.5,1,0,0.35354339576761845,0.6464566042323816,False,0.6464566042323816,MEDIUM,2026,0.11574115539632779
2026-02-11,Qatar,Bahrain,"West End Park International Cricket Stadium, Doha",Bahrain,field,T20,2025/26,Qatar,1,0,0.5,0.6421052631578947,0.6,1.0,0.6,0.4,0.6875,0.6363636363636364,1,0,0.40201158823673916,0.5979884117632608,False,0.5979884117632608,LOW,2026,0.14210526315789473
2026-02-12,Sri Lanka,Oman,Pallekele International Cricket Stadium,Oman,field,T20,2025/26,Sri Lanka,1,0,0.4444444444444444,0.4895833333333333,0.4,0.6,0.5,0.5,0.4761904761904761,0.5,1,0,0.4422099533841455,0.5577900466158545,False,0.5577900466158545,LOW,2026,0.045138888888888895
2026-02-12,Nepal,Italy,"Wankhede Stadium, Mumbai",Italy,field,T20,2025/26,Italy,0,0,0.6138613861386139,0.6,0.8,0.2,0.5,0.5,0.0,0.5,0,1,0.5223774942133077,0.4776225057866923,False,0.5223774942133077,LOW,2026,0.013861386138613874
2026-02-12,India,Namibia,"Arun Jaitley Stadium, Delhi",Namibia,field,T20,2025/26,India,1,0,0.7004048582995951,0.6024096385542169,0.8,0.6,1.0,0.0,0.5,0.0,1,1,0.6656299277356066,0.3343700722643934,True,0.6656299277356066,MEDIUM,2026,0.09799521974537817
2026-02-13,Qatar,Bahrain,"West End Park International Cricket Stadium, Doha",Bahrain,field,T20,2025/26,Qatar,1,0,0.5094339622641509,0.6354166666666666,0.8,0.8,0.6666666666666666,0.3333333333333333,0.7058823529411765,0.5833333333333334,1,0,0.4746028613308663,0.5253971386691336,False,0.5253971386691336,LOW,2026,0.1259827044025157
2026-02-13,Canada,United Arab Emirates,"Arun Jaitley Stadium, Delhi",Canada,bat,T20,2025/26,United Arab Emirates,0,1,0.5857142857142857,0.55,0.8,0.2,0.0,1.0,0.5,0.5,0,0,0.4479512286172804,0.5520487713827196,True,0.5520487713827196,LOW,2026,0.0357142857142857
2026-02-13,United States of America,Netherlands,"MA Chidambaram Stadium, Chepauk, Chennai",Netherlands,field,T20,2025/26,United States of America,1,0,0.56,0.5272727272727272,0.4,0.4,0.0,1.0,0.5,0.5,1,0,0.3867550905373584,0.6132449094626415,False,0.6132449094626415,MEDIUM,2026,0.03272727272727283
2026-02-13,Zimbabwe,Australia,"R Premadasa Stadium, Colombo",Australia,field,T20,2025/26,Zimbabwe,1,0,0.419753086419753,0.5781990521327014,0.4,0.2,0.3333333333333333,0.6666666666666666,0.3333333333333333,1.0,1,0,0.42113653315912786,0.5788634668408721,False,0.5788634668408721,LOW,2026,0.1584459657129484
2026-02-14,Qatar,Bahrain,"West End Park International Cricket Stadium, Doha",Bahrain,field,T20,2025/26,Bahrain,0,0,0.5185185185185185,0.6288659793814433,0.8,0.6,0.7142857142857143,0.2857142857142857,0.7222222222222222,0.5384615384615384,0,1,0.5365254324831162,0.46347456751688376,False,0.5365254324831162,LOW,2026,0.1103474608629248
2026-02-14,New Zealand,South Africa,"Narendra Modi Stadium, Ahmedabad",South Africa,field,T20,2025/26,South Africa,0,0,0.5545851528384279,0.5402843601895735,0.4,0.6,0.3888888888888889,0.6111111111111112,0.0,0.5,0,0,0.3899659807547538,0.6100340192452463,True,0.6100340192452463,MEDIUM,2026,0.014300792648854421
2026-02-14,Scotland,England,"Eden Gardens, Kolkata",England,field,T20,2025/26,England,0,0,0.4942528735632184,0.553921568627451,0.4,0.8,0.5,0.5,0.5,0.0,0,0,0.4428553741785443,0.5571446258214556,True,0.5571446258214556,LOW,2026,0.05966869506423261
2026-02-14,Ireland,Oman,"Sinhalese Sports Club Ground, Colombo",Oman,field,T20,2025/26,Ireland,1,0,0.4615384615384615,0.4845360824742268,0.4,0.4,0.6666666666666666,0.3333333333333333,0.5,0.0,1,1,0.5675239346946834,0.43247606530531657,True,0.5675239346946834,LOW,2026,0.022997620935765295
2026-02-15,Nepal,West Indies,"Wankhede Stadium, Mumbai",West Indies,field,T20,2025/26,West Indies,0,0,0.6078431372549019,0.4434389140271493,0.6,0.6,0.6666666666666666,0.3333333333333333,0.0,1.0,0,0,0.45404104371399606,0.5459589562860039,True,0.5459589562860039,LOW,2026,0.1644042232277526
2026-02-15,United States of America,Namibia,"MA Chidambaram Stadium, Chepauk, Chennai",United States of America,bat,T20,2025/26,United States of America,1,1,0.5686274509803921,0.5952380952380952,0.6,0.4,1.0,0.0,1.0,0.5,1,1,0.68707644051272,0.31292355948728,True,0.68707644051272,MEDIUM,2026,0.026610644257703098
2026-02-15,Qatar,Bahrain,"West End Park International Cricket Stadium, Doha",Qatar,bat,T20,2025/26,Qatar,1,1,0.509090909090909,0.6326530612244898,0.6,0.6,0.625,0.375,0.6842105263157895,0.5714285714285714,1,1,0.5030567763271768,0.4969432236728232,True,0.5030567763271768,LOW,2026,0.1235621521335808
2026-02-15,India,Pakistan,"R Premadasa Stadium, Colombo",Pakistan,field,T20,2025/26,India,1,0,0.7016129032258065,0.6037037037037037,0.8,1.0,0.8,0.2,0.3333333333333333,0.5,1,0,0.4858750994797886,0.5141249005202114,False,0.5141249005202114,LOW,2026,0.09790919952210275
2026-02-16,Australia,Sri Lanka,Pallekele International Cricket Stadium,Sri Lanka,field,T20,2025/26,Sri Lanka,0,0,0.5754716981132075,0.4471153846153846,0.2,0.4,0.6,0.4,0.25,0.5,0,1,0.5178121295687634,0.48218787043123656,False,0.5178121295687634,LOW,2026,0.12835631349782295
2026-02-16,England,Italy,"Eden Gardens, Kolkata",England,bat,T20,2025/26,England,1,1,0.5560975609756098,0.6111111111111112,0.8,0.4,0.5,0.5,0.5,0.0,1,1,0.5534467065608326,0.4465532934391674,True,0.5534467065608326,LOW,2026,0.055013550135501355
2026-02-17,Scotland,Nepal,"Wankhede Stadium, Mumbai",Nepal,field,T20,2025/26,Nepal,0,0,0.4886363636363636,0.6019417475728155,0.2,0.4,0.5,0.5,0.5,0.0,0,1,0.5148397149841076,0.48516028501589237,False,0.5148397149841076,LOW,2026,0.1133053839364519
2026-02-17,Canada,New Zealand,"MA Chidambaram Stadium, Chepauk, Chennai",Canada,bat,T20,2025/26,New Zealand,0,1,0.5774647887323944,0.5521739130434783,0.6,0.4,0.5,0.5,0.5,1.0,0,0,0.49057644744686535,0.5094235525531347,True,0.5094235525531347,LOW,2026,0.02529087568891608
2026-02-18,Pakistan,Namibia,"Sinhalese Sports Club Ground, Colombo",Pakistan,bat,T20,2025/26,Pakistan,1,1,0.6014760147601476,0.5882352941176471,0.8,0.2,1.0,0.0,1.0,0.5,1,1,0.73416263806751,0.26583736193248997,True,0.73416263806751,HIGH,2026,0.01324072064250048
2026-02-18,India,Netherlands,"Narendra Modi Stadium, Ahmedabad",India,bat,T20,2025/26,India,1,1,0.7028112449799196,0.5225225225225225,0.8,0.2,1.0,0.0,1.0,0.5,1,1,0.7584149808487152,0.24158501915128483,True,0.7584149808487152,HIGH,2026,0.18028872245739713
2026-02-18,United Arab Emirates,South Africa,"Arun Jaitley Stadium, Delhi",South Africa,field,T20,2025/26,South Africa,0,0,0.5537190082644629,0.5424528301886793,0.2,0.8,0.5,0.5,1.0,1.0,0,0,0.43588480277711894,0.5641151972228811,True,0.5641151972228811,LOW,2026,0.011266178075783562
2026-02-19,West Indies,Italy,"Eden Gardens, Kolkata",Italy,field,T20,2025/26,West Indies,1,0,0.4459459459459459,0.5945945945945946,0.8,0.4,0.5,0.5,0.25,0.0,1,0,0.49763264055651735,0.5023673594434827,False,0.5023673594434827,LOW,2026,0.14864864864864874
2026-02-19,Sri Lanka,Zimbabwe,"R Premadasa Stadium, Colombo",Sri Lanka,bat,T20,2025/26,Zimbabwe,0,1,0.4497607655502392,0.4233128834355828,0.6,0.6,0.7,0.3,0.3846153846153846,0.5,0,1,0.5017165868629225,0.49828341313707747,False,0.5017165868629225,LOW,2026,0.026447882114656374
2026-02-20,Oman,Australia,Pallekele International Cricket Stadium,Australia,field,T20,2025/26,Australia,0,0,0.4795918367346938,0.5727699530516432,0.4,0.2,0.0,1.0,0.0,0.2,0,0,0.3744226473323104,0.6255773526676895,True,0.6255773526676895,MEDIUM,2026,0.09317811631694944
2026-02-22,England,Sri Lanka,Pallekele International Cricket Stadium,Sri Lanka,field,T20,2025/26,England,1,0,0.558252427184466,0.4476190476190476,0.8,0.6,0.7647058823529411,0.2352941176470588,0.6666666666666666,0.5217391304347826,1,1,0.572012245534211,0.42798775446578896,True,0.572012245534211,LOW,2026,0.11063337956541841
2026-02-22,South Africa,India,"Narendra Modi Stadium, Ahmedabad",South Africa,bat,T20,2025/26,South Africa,1,1,0.5446009389671361,0.704,0.8,1.0,0.3823529411764705,0.6176470588235294,0.6666666666666666,1.0,1,0,0.3398706235286948,0.6601293764713052,False,0.6601293764713052,MEDIUM,2026,0.15939906103286383
2026-02-23,West Indies,Zimbabwe,"Wankhede Stadium, Mumbai",Zimbabwe,field,T20,2025/26,West Indies,1,0,0.4484304932735426,0.4268292682926829,1.0,0.6,0.75,0.25,1.0,0.5,1,1,0.5836962329816474,0.4163037670183526,True,0.5836962329816474,LOW,2026,0.0216012249808597
2026-02-24,Pakistan,England,Pallekele International Cricket Stadium,Pakistan,bat,T20,2025/26,England,0,1,0.6029411764705882,0.5603864734299517,0.8,0.8,0.3103448275862069,0.6896551724137931,1.0,0.7142857142857143,0,0,0.4402453822816396,0.5597546177183603,True,0.5597546177183603,LOW,2026,0.042554703040636466
2026-02-25,Bhutan,Bahrain,"Terdthai Cricket Ground, Bangkok",Bhutan,bat,T20,2025/26,Bahrain,0,1,0.3846153846153846,0.6262626262626263,1.0,0.4,0.0,1.0,0.1428571428571428,0.5,0,0,0.3247031491436266,0.6752968508563735,True,0.6752968508563735,MEDIUM,2026,0.24164724164724172
2026-02-25,Japan,Thailand,"Terdthai Cricket Ground, Bangkok",Thailand,field,T20,2025/26,Japan,1,0,0.6521739130434783,0.3818181818181818,0.2,0.0,0.6666666666666666,0.3333333333333333,0.4,0.4166666666666667,1,1,0.6601152206920833,0.3398847793079167,True,0.6601152206920833,MEDIUM,2026,0.2703557312252965
2026-02-25,Kuwait,Hong Kong,"Mission Road Ground, Mong Kok, Hong Kong",Hong Kong,field,T20,2025/26,Hong Kong,0,0,0.59375,0.4716981132075472,0.4,0.2,0.5714285714285714,0.4285714285714285,0.5,0.8571428571428571,0,1,0.5619637306878075,0.4380362693121925,False,0.5619637306878075,LOW,2026,0.12205188679245282
2026-02-25,New Zealand,Sri Lanka,"R Premadasa Stadium, Colombo",Sri Lanka,field,T20,2025/26,New Zealand,1,0,0.5541125541125541,0.4454976303317535,0.6,0.6,0.64,0.36,0.5,0.3571428571428571,1,1,0.5279512496407129,0.47204875035928706,True,0.5279512496407129,LOW,2026,0.10861492378080062
2026-02-26,India,Zimbabwe,"MA Chidambaram Stadium, Chepauk, Chennai",Zimbabwe,field,T20,2025/26,India,1,0,0.701195219123506,0.4242424242424242,0.8,0.6,0.7692307692307693,0.2307692307692307,1.0,0.5,1,1,0.6434576808127299,0.3565423191872701,True,0.6434576808127299,MEDIUM,2026,0.2769527948810818
2026-02-26,Thailand,Bhutan,"Terdthai Cricket Ground, Bangkok",Bhutan,field,T20,2025/26,Thailand,1,0,0.375,0.375,0.0,0.8,0.6666666666666666,0.3333333333333333,0.3846153846153846,0.125,1,0,0.43994611274558937,0.5600538872544106,False,0.5600538872544106,LOW,2026,0.0
2026-02-26,Bahrain,Japan,"Terdthai Cricket Ground, Bangkok",Bahrain,bat,T20,2025/26,Japan,0,1,0.63,0.6595744680851063,0.4,0.4,0.5,0.5,1.0,0.5,0,1,0.571854774451439,0.42814522554856105,False,0.571854774451439,LOW,2026,0.02957446808510633
2026-02-26,Hong Kong,Kuwait,"Mission Road Ground, Mong Kok, Hong Kong",Kuwait,field,T20,2025/26,Hong Kong,1,0,0.4766355140186916,0.5846153846153846,0.4,0.2,0.5,0.5,0.8666666666666667,0.4444444444444444,1,1,0.5684762450622656,0.4315237549377344,True,0.5684762450622656,LOW,2026,0.10797987059669306
2026-02-26,West Indies,South Africa,"Narendra Modi Stadium, Ahmedabad",South Africa,field,T20,2025/26,South Africa,0,0,0.4508928571428571,0.5467289719626168,1.0,0.8,0.5172413793103449,0.4827586206896552,0.5,0.75,0,0,0.40518124283205353,0.5948187571679464,True,0.5948187571679464,LOW,2026,0.09583611481975973
2026-02-27,New Zealand,England,"R Premadasa Stadium, Colombo",New Zealand,bat,T20,2025/26,England,0,1,0.5560344827586207,0.5625,0.6,0.8,0.3846153846153846,0.6153846153846154,1.0,0.5,0,0,0.4553822151525917,0.5446177848474083,True,0.5446177848474083,LOW,2026,0.006465517241379337
2026-02-27,Japan,Bhutan,"Terdthai Cricket Ground, Bangkok",Japan,bat,T20,2025/26,Japan,1,1,0.6666666666666666,0.3658536585365853,0.4,0.6,0.5,0.5,0.5714285714285714,0.1111111111111111,1,1,0.5504696807308821,0.4495303192691179,True,0.5504696807308821,LOW,2026,0.3008130081300813
2026-02-27,Bahrain,Thailand,"Terdthai Cricket Ground, Bangkok",Thailand,field,T20,2025/26,Bahrain,1,0,0.6237623762376238,0.3859649122807017,0.4,0.2,0.5,0.5,0.5,0.4285714285714285,1,1,0.5882060064716047,0.4117939935283953,True,0.5882060064716047,LOW,2026,0.23779746395692208
2026-02-28,Pakistan,Sri Lanka,Pallekele International Cricket Stadium,Sri Lanka,field,T20,2025/26,Pakistan,1,0,0.6007326007326007,0.4433962264150943,0.6,0.4,0.5862068965517241,0.4137931034482758,0.6666666666666666,0.5,1,1,0.5751788187336576,0.4248211812663424,True,0.5751788187336576,LOW,2026,0.1573363743175064
2026-02-28,Bhutan,Thailand,"Terdthai Cricket Ground, Bangkok",Bhutan,bat,T20,2025/26,Bhutan,1,1,0.3571428571428571,0.3793103448275862,0.4,0.2,0.2857142857142857,0.7142857142857143,0.1,0.4,1,0,0.4333786864115707,0.5666213135884293,False,0.5666213135884293,LOW,2026,0.022167487684729092
2026-03-01,Zimbabwe,South Africa,"Arun Jaitley Stadium, Delhi",Zimbabwe,bat,T20,2025/26,South Africa,0,1,0.4216867469879518,0.5488372093023256,0.6,1.0,0.0,1.0,0.5,1.0,0,0,0.22954703341439692,0.770452966585603,True,0.770452966585603,HIGH,2026,0.12715046231437382
2026-03-01,Hong Kong,Kuwait,"Mission Road Ground, Mong Kok, Hong Kong",Kuwait,field,T20,2025/26,Kuwait,0,0,0.4814814814814814,0.5757575757575758,0.6,0.0,0.5555555555555556,0.4444444444444444,0.875,0.4,0,1,0.6340134428794416,0.3659865571205584,False,0.6340134428794416,MEDIUM,2026,0.0942760942760944
2026-03-01,West Indies,India,"Eden Gardens, Kolkata",India,field,T20,2025/26,India,0,0,0.4488888888888889,0.7023809523809523,0.8,0.8,0.3448275862068966,0.6551724137931034,0.4,1.0,0,0,0.3196735032815346,0.6803264967184655,True,0.6803264967184655,MEDIUM,2026,0.25349206349206344
2026-03-04,South Africa,New Zealand,"Eden Gardens, Kolkata",New Zealand,field,T20,2025/26,New Zealand,0,0,0.5509259259259259,0.5536480686695279,1.0,0.6,0.631578947368421,0.3684210526315789,0.5,0.0,0,1,0.5509490374500907,0.4490509625499093,False,0.5509490374500907,LOW,2026,0.0027221427436019408
2026-03-05,India,England,"Wankhede Stadium, Mumbai",England,field,T20,2025/26,India,1,0,0.7035573122529645,0.5645933014354066,0.8,1.0,0.5862068965517241,0.4137931034482758,1.0,0.3333333333333333,1,1,0.5148824007970327,0.48511759920296726,True,0.5148824007970327,LOW,2026,0.13896401081755783
2026-03-07,Malaysia,Bahrain,"Bayuemas Oval, Kuala Lumpur",Malaysia,bat,T20,2025/26,Malaysia,1,1,0.5882352941176471,0.6274509803921569,1.0,0.6,0.375,0.625,0.6206896551724138,0.9090909090909092,1,0,0.44292145223422963,0.5570785477657704,False,0.5570785477657704,LOW,2026,0.039215686274509776
2026-03-08,Mexico,Suriname,"Jimmy Powell Oval, Cayman Islands",Suriname,field,T20,2025/26,Mexico,1,0,0.4444444444444444,0.25,0.4,0.4,1.0,0.0,0.5,0.5,1,1,0.6338848303885527,0.3661151696114473,True,0.6338848303885527,MEDIUM,2026,0.19444444444444442
2026-03-08,India,New Zealand,"Narendra Modi Stadium, Ahmedabad",New Zealand,field,T20,2025/26,India,1,0,0.7047244094488189,0.5555555555555556,0.8,0.6,0.5925925925925926,0.4074074074074074,0.75,0.0,1,1,0.5980481139800902,0.40195188601990983,True,0.5980481139800902,LOW,2026,0.1491688538932633
2026-03-08,Argentina,Cayman Islands,"Jimmy Powell Oval, Cayman Islands",Argentina,bat,T20,2025/26,Cayman Islands,0,1,0.5217391304347826,0.4,0.8,0.4,0.0,1.0,0.5,0.2,0,0,0.4248228323751543,0.5751771676248457,True,0.5751771676248457,LOW,2026,0.12173913043478257
2026-03-08,Bahrain,Malaysia,"Bayuemas Oval, Kuala Lumpur",Bahrain,bat,T20,2025/26,Bahrain,1,1,0.6213592233009708,0.5922330097087378,0.4,1.0,0.5555555555555556,0.4444444444444444,0.8333333333333334,0.6333333333333333,1,0,0.43845953222736905,0.561540467772631,False,0.561540467772631,LOW,2026,0.029126213592232997
2026-03-09,Mexico,Cayman Islands,"Jimmy Powell Oval, Cayman Islands",Mexico,bat,T20,2025/26,Cayman Islands,0,1,0.4736842105263157,0.4166666666666667,0.6,0.6,0.0,1.0,1.0,0.3333333333333333,0,0,0.40513860803269697,0.594861391967303,True,0.594861391967303,LOW,2026,0.05701754385964902
2026-03-09,Argentina,Suriname,"Jimmy Powell Oval, Cayman Islands",Argentina,bat,T20,2025/26,Argentina,1,1,0.5,0.2222222222222222,0.6,0.2,1.0,0.0,0.0,0.0,1,1,0.6810601024980039,0.31893989750199614,True,0.6810601024980039,MEDIUM,2026,0.2777777777777778
2026-03-09,Lesotho,Botswana,"Botswana Cricket Association Oval 1, Gaborone",Botswana,field,T20,2025/26,Botswana,0,0,0.1818181818181818,0.3111111111111111,0.2,0.0,0.0,1.0,0.5,0.5,0,0,0.38991383684164743,0.6100861631583525,True,0.6100861631583525,MEDIUM,2026,0.12929292929292932
2026-03-10,Lesotho,Botswana,"Botswana Cricket Association Oval 1, Gaborone",Lesotho,bat,T20,2025/26,Botswana,0,1,0.1666666666666666,0.3260869565217391,0.2,0.2,0.0,1.0,0.0,1.0,0,0,0.27674999672145206,0.7232500032785479,True,0.7232500032785479,HIGH,2026,0.15942028985507248
2026-03-10,Malaysia,Bahrain,"Bayuemas Oval, Kuala Lumpur",Malaysia,bat,T20,2025/26,Bahrain,0,1,0.5865384615384616,0.625,0.8,0.6,0.4,0.6,0.6129032258064516,0.8461538461538461,0,0,0.44642758679293865,0.5535724132070614,True,0.5535724132070614,LOW,2026,0.038461538461538436
2026-03-11,Argentina,Mexico,"Jimmy Powell Oval, Cayman Islands",Mexico,field,T20,2025/26,Argentina,1,0,0.52,0.45,0.8,0.6,1.0,0.0,0.5,0.5,1,1,0.6054763775187075,0.39452362248129247,True,0.6054763775187075,MEDIUM,2026,0.07
2026-03-11,Suriname,Cayman Islands,"Jimmy Powell Oval, Cayman Islands",Cayman Islands,field,T20,2025/26,Cayman Islands,0,0,0.2,0.4324324324324324,0.2,0.8,1.0,0.0,0.0,0.4285714285714285,0,0,0.4216605522749993,0.5783394477250007,True,0.5783394477250007,LOW,2026,0.2324324324324324
2026-03-12,Botswana,Lesotho,"Botswana Cricket Association Oval 1, Gaborone",Botswana,bat,T20,2025/26,Botswana,1,1,0.3404255319148936,0.1538461538461538,0.4,0.2,1.0,0.0,1.0,0.0,1,1,0.73228150389204,0.26771849610795995,True,0.73228150389204,HIGH,2026,0.1865793780687398
2026-03-12,Suriname,Argentina,"Jimmy Powell Oval, Cayman Islands",Suriname,bat,T20,2025/26,Argentina,0,1,0.1818181818181818,0.5384615384615384,0.2,0.8,0.0,1.0,0.0,0.6666666666666666,0,0,0.19105229153015008,0.80894770846985,True,0.80894770846985,HIGH,2026,0.35664335664335667
2026-03-12,Cayman Islands,Mexico,"Jimmy Powell Oval, Cayman Islands",Cayman Islands,bat,T20,2025/26,Cayman Islands,1,1,0.4473684210526316,0.4285714285714285,1.0,0.4,1.0,0.0,0.5,0.3333333333333333,1,1,0.6498981689625718,0.3501018310374282,True,0.6498981689625718,MEDIUM,2026,0.01879699248120309
2026-03-13,Botswana,Lesotho,"Botswana Cricket Association Oval 1, Gaborone",Botswana,bat,T20,2025/26,Botswana,1,1,0.3541666666666667,0.1428571428571428,0.6,0.2,1.0,0.0,1.0,0.0,1,1,0.7405636351230905,0.25943636487690946,True,0.7405636351230905,HIGH,2026,0.2113095238095239
2026-03-14,Cyprus,Austria,Happy Valley Ground 2,Austria,field,T20,2025/26,Cyprus,1,0,0.6129032258064516,0.7413793103448276,1.0,0.8,0.5,0.5,1.0,0.5,1,0,0.489830474367035,0.510169525632965,False,0.510169525632965,LOW,2026,0.128476084538376
2026-03-14,Suriname,Cayman Islands,"Jimmy Powell Oval, Cayman Islands",Suriname,bat,T20,2025/26,Cayman Islands,0,1,0.1666666666666666,0.4615384615384615,0.2,1.0,0.5,0.5,0.0,0.5555555555555556,0,0,0.25779191390358064,0.7422080860964193,True,0.7422080860964193,HIGH,2026,0.29487179487179493
2026-03-14,Argentina,Mexico,"Jimmy Powell Oval, Cayman Islands",Argentina,bat,T20,2025/26,Argentina,1,1,0.5555555555555556,0.4090909090909091,0.8,0.2,1.0,0.0,0.75,0.25,1,1,0.7319905845494661,0.2680094154505339,True,0.7319905845494661,HIGH,2026,0.14646464646464646
2026-03-15,Argentina,Cayman Islands,"Jimmy Powell Oval, Cayman Islands",Argentina,bat,T20,2025/26,Cayman Islands,0,1,0.5714285714285714,0.475,0.8,1.0,0.0,1.0,0.8,0.6,0,0,0.3154311655799948,0.6845688344200052,True,0.6845688344200052,MEDIUM,2026,0.09642857142857142
2026-03-15,Botswana,Lesotho,"Botswana Cricket Association Oval 1, Gaborone",Botswana,bat,T20,2025/26,Botswana,1,1,0.3673469387755102,0.1333333333333333,0.8,0.0,1.0,0.0,1.0,0.0,1,1,0.7789037954991188,0.2210962045008812,True,0.7789037954991188,HIGH,2026,0.23401360544217692
2026-03-15,New Zealand,South Africa,"Bay Oval, Mount Maunganui",New Zealand,bat,T20,2025/26,South Africa,0,1,0.5531914893617021,0.5483870967741935,0.6,0.8,0.4,0.6,0.5714285714285714,0.5,0,0,0.41695049355447156,0.5830495064455284,True,0.5830495064455284,LOW,2026,0.0048043925875086435
2026-03-15,Mexico,Suriname,"Jimmy Powell Oval, Cayman Islands",Suriname,field,T20,2025/26,Suriname,0,0,0.391304347826087,0.1538461538461538,0.2,0.0,1.0,0.0,0.2,0.0,0,1,0.7025198704361283,0.2974801295638717,False,0.7025198704361283,HIGH,2026,0.23745819397993317
2026-03-16,Cyprus,Austria,Happy Valley Ground 2,Cyprus,bat,T20,2025/26,Austria,0,1,0.625,0.7288135593220338,1.0,0.6,1.0,0.0,1.0,0.0,0,1,0.6917401082402904,0.3082598917597096,False,0.6917401082402904,MEDIUM,2026,0.10381355932203384
2026-03-17,New Zealand,South Africa,"Seddon Park, Hamilton",South Africa,field,T20,2025/26,New Zealand,1,0,0.5508474576271186,0.5504587155963303,0.4,0.8,0.3809523809523809,0.6190476190476191,1.0,0.5,1,0,0.4440657553217499,0.55593424467825,False,0.55593424467825,LOW,2026,0.0003887420307883138
2026-03-20,South Africa,New Zealand,"Eden Park, Auckland",New Zealand,field,T20,2025/26,New Zealand,0,0,0.547945205479452,0.5527426160337553,0.6,0.4,0.5909090909090909,0.4090909090909091,0.5,0.3333333333333333,0,1,0.547227563050451,0.45277243694954905,False,0.547227563050451,LOW,2026,0.004797410554303272
2026-03-22,South Africa,New Zealand,"Sky Stadium, Wellington",South Africa,bat,T20,2025/26,South Africa,1,1,0.5454545454545454,0.5546218487394958,0.4,0.6,0.5652173913043478,0.4347826086956521,0.5,0.5,1,0,0.48455529180041446,0.5154447081995855,False,0.5154447081995855,LOW,2026,0.009167303284950412
2026-03-24,Eswatini,St Helena,"Achimota Senior Secondary School A Field, Accra",Eswatini,bat,T20,2025/26,Eswatini,1,1,0.4615384615384615,0.25,0.8,0.2,1.0,0.0,0.5,0.5,1,1,0.6901852295052383,0.3098147704947617,True,0.6901852295052383,MEDIUM,2026,0.2115384615384615
2026-03-24,Malawi,Tanzania,"Achimota Senior Secondary School A Field, Accra",Tanzania,field,T20,2025/26,Tanzania,0,0,0.3888888888888889,0.5671641791044776,0.4,0.4,0.0,1.0,0.5,0.0,0,0,0.3743092888105871,0.6256907111894129,True,0.6256907111894129,MEDIUM,2026,0.1782752902155887
2026-03-24,Seychelles,Ghana,"Achimota Senior Secondary School B Field, Accra",Ghana,field,T20,2025/26,Ghana,0,0,0.1666666666666666,0.3513513513513513,0.0,0.6,0.0,1.0,0.5,0.0,0,0,0.29452438880102344,0.7054756111989766,True,0.7054756111989766,HIGH,2026,0.1846846846846847
2026-03-25,St Helena,Seychelles,"Achimota Senior Secondary School A Field, Accra",Seychelles,field,T20,2025/26,Seychelles,0,0,0.2222222222222222,0.1538461538461538,0.2,0.0,0.5,0.5,0.0,0.5,0,0,0.49007861146260645,0.5099213885373935,True,0.5099213885373935,LOW,2026,0.06837606837606841
2026-03-25,South Africa,New Zealand,"Hagley Oval, Christchurch",New Zealand,field,T20,2025/26,South Africa,1,0,0.5475113122171946,0.5523012552301255,0.4,0.4,0.5833333333333334,0.4166666666666667,0.5,0.5555555555555556,1,1,0.5241029051190776,0.47589709488092236,True,0.5241029051190776,LOW,2026,0.004789943012930897
2026-03-25,Malawi,Ghana,"Achimota Senior Secondary School A Field, Accra",Ghana,field,T20,2025/26,Ghana,0,0,0.3783783783783784,0.3684210526315789,0.4,0.6,0.5,0.5,0.0,0.0,0,0,0.42305689390639967,0.5769431060936003,True,0.5769431060936003,LOW,2026,0.009957325746799472
2026-03-25,Tanzania,Eswatini,"Achimota Senior Secondary School B Field, Accra",Eswatini,field,T20,2025/26,Tanzania,1,0,0.5735294117647058,0.5,0.4,0.8,1.0,0.0,0.5,0.5,1,1,0.561057760398552,0.43894223960144796,True,0.561057760398552,LOW,2026,0.07352941176470584
2026-03-27,Eswatini,Malawi,"Achimota Senior Secondary School B Field, Accra",Eswatini,bat,T20,2025/26,Malawi,0,1,0.4666666666666667,0.3684210526315789,0.8,0.2,0.5,0.5,0.0,0.5,0,1,0.5116832430647407,0.48831675693525933,False,0.5116832430647407,LOW,2026,0.09824561403508775
2026-03-27,St Helena,Ghana,"Achimota Senior Secondary School A Field, Accra",Ghana,field,T20,2025/26,Ghana,0,0,0.2,0.3846153846153846,0.2,0.8,0.5,0.5,0.0,0.5,0,0,0.3043098919703029,0.6956901080296971,True,0.6956901080296971,MEDIUM,2026,0.18461538461538457
2026-03-27,Tanzania,Seychelles,"Achimota Senior Secondary School B Field, Accra",Tanzania,bat,T20,2025/26,Tanzania,1,1,0.5797101449275363,0.2142857142857142,0.4,0.2,0.5,0.5,0.6666666666666666,0.0,1,1,0.6410106878816281,0.35898931211837193,True,0.6410106878816281,MEDIUM,2026,0.36542443064182206
2026-03-28,Tanzania,St Helena,"Achimota Senior Secondary School B Field, Accra",Tanzania,bat,T20,2025/26,Tanzania,1,1,0.5857142857142857,0.1818181818181818,0.6,0.2,0.5,0.5,0.75,0.5,1,1,0.6273119222683584,0.3726880777316416,True,0.6273119222683584,MEDIUM,2026,0.403896103896104
2026-03-28,Ghana,Eswatini,"Achimota Senior Secondary School B Field, Accra",Ghana,bat,T20,2025/26,Ghana,1,1,0.4,0.4375,0.8,0.6,0.5,0.5,0.3333333333333333,0.0,1,0,0.4716993514724001,0.5283006485275998,False,0.5283006485275998,LOW,2026,0.03749999999999998
2026-03-28,Seychelles,Malawi,"Achimota Senior Secondary School A Field, Accra",Malawi,field,T20,2025/26,Malawi,0,0,0.2,0.3846153846153846,0.2,0.4,0.0,1.0,1.0,0.0,0,0,0.38805327853148996,0.61194672146851,True,0.61194672146851,MEDIUM,2026,0.18461538461538457
2026-04-02,Mexico,Costa Rica,"Reforma Athletic Club, Naucalpan",Mexico,bat,T20,2026,Mexico,1,1,0.375,0.25,0.0,0.2,0.8,0.2,0.5,0.5,1,1,0.6014003012888027,0.39859969871119727,True,0.6014003012888027,MEDIUM,2026,0.125
2026-04-03,Costa Rica,Brazil,"Reforma Athletic Club, Naucalpan",Costa Rica,bat,T20,2026,Brazil,0,1,0.2222222222222222,0.2727272727272727,0.2,0.0,0.5,0.5,0.0,0.5,0,0,0.4828191404943061,0.5171808595056939,True,0.5171808595056939,LOW,2026,0.0505050505050505
2026-04-03,Mexico,Brazil,"Reforma Athletic Club, Naucalpan",Brazil,field,T20,2026,Mexico,1,0,0.4,0.3333333333333333,0.2,0.2,0.5,0.5,1.0,1.0,1,1,0.5433041170965099,0.45669588290349006,True,0.5433041170965099,LOW,2026,0.06666666666666671
2026-04-04,Costa Rica,Mexico,"Reforma Athletic Club, Naucalpan",Costa Rica,bat,T20,2026,Mexico,0,1,0.1818181818181818,0.4230769230769231,0.2,0.4,0.1666666666666666,0.8333333333333334,0.0,1.0,0,0,0.27256478596675127,0.7274352140332487,True,0.7274352140332487,HIGH,2026,0.24125874125874128
2026-04-04,Brazil,Costa Rica,"Reforma Athletic Club, Naucalpan",Costa Rica,field,T20,2026,Brazil,1,0,0.3076923076923077,0.2,0.2,0.2,1.0,0.0,0.5,0.0,1,1,0.6704183709569808,0.32958162904301924,True,0.6704183709569808,MEDIUM,2026,0.1076923076923077
2026-04-05,Norway,France,Santarem Cricket Ground,Norway,bat,T20,2026,Norway,1,1,0.5348837209302325,0.46875,0.8,0.2,0.5,0.5,0.3333333333333333,0.5,1,1,0.5530357827499948,0.44696421725000524,True,0.5530357827499948,LOW,2026,0.06613372093023251
2026-04-05,France,Portugal,Santarem Cricket Ground,France,bat,T20,2026,Portugal,0,1,0.4545454545454545,0.7,0.2,0.8,0.5,0.5,0.0,0.8333333333333334,0,0,0.3176644383755328,0.6823355616244672,True,0.6823355616244672,MEDIUM,2026,0.24545454545454548
2026-04-05,Mexico,Brazil,"Reforma Athletic Club, Naucalpan",Mexico,bat,T20,2026,Brazil,0,1,0.4444444444444444,0.3571428571428571,0.6,0.4,0.6666666666666666,0.3333333333333333,1.0,0.6666666666666666,0,1,0.5908004070198806,0.40919959298011943,False,0.5908004070198806,LOW,2026,0.08730158730158732
2026-04-06,Portugal,Norway,Santarem Cricket Ground,Portugal,bat,T20,2026,Portugal,1,1,0.7096774193548387,0.5454545454545454,0.8,0.8,0.6666666666666666,0.3333333333333333,0.8571428571428571,0.5,1,1,0.5590680749762872,0.4409319250237128,True,0.5590680749762872,LOW,2026,0.16422287390029333
2026-04-06,Portugal,France,Santarem Cricket Ground,Portugal,bat,T20,2026,Portugal,1,1,0.71875,0.4411764705882353,0.8,0.2,1.0,0.0,0.875,0.0,1,1,0.7819088468796959,0.21809115312030414,True,0.7819088468796959,HIGH,2026,0.2775735294117647
2026-04-07,France,Norway,Santarem Cricket Ground,Norway,field,T20,2026,France,1,0,0.4285714285714285,0.5333333333333333,0.2,0.6,0.4,0.6,0.0,0.4,1,0,0.3638991349732486,0.6361008650267514,False,0.6361008650267514,MEDIUM,2026,0.10476190476190483
2026-04-07,Indonesia,Sweden,Udayana Cricket Ground,Sweden,field,T20,2026,Sweden,0,0,0.5287356321839081,0.3928571428571428,1.0,0.2,0.5,0.5,0.6065573770491803,0.5,0,1,0.5878206239187824,0.4121793760812176,False,0.5878206239187824,LOW,2026,0.13587848932676527
2026-04-07,Indonesia,Sweden,Udayana Cricket Ground,Indonesia,bat,T20,2026,Sweden,0,1,0.5227272727272727,0.4137931034482758,0.8,0.4,0.0,1.0,0.5967741935483871,1.0,0,0,0.3809019093514712,0.6190980906485288,True,0.6190980906485288,MEDIUM,2026,0.1089341692789969
2026-04-08,Portugal,France,Santarem Cricket Ground,Portugal,bat,T20,2026,France,0,1,0.7272727272727273,0.4444444444444444,0.8,0.4,1.0,0.0,0.8888888888888888,0.25,0,1,0.7413394387133047,0.25866056128669535,False,0.7413394387133047,HIGH,2026,0.2828282828282829
2026-04-08,Portugal,Norway,Santarem Cricket Ground,Portugal,bat,T20,2026,Portugal,1,1,0.7058823529411765,0.5217391304347826,0.6,0.6,0.75,0.25,0.8,0.3333333333333333,1,1,0.6210838008563734,0.3789161991436266,True,0.6210838008563734,MEDIUM,2026,0.18414322250639392
2026-04-09,Indonesia,Sweden,Udayana Cricket Ground,Sweden,field,T20,2026,Sweden,0,0,0.5111111111111111,0.4516129032258064,0.4,0.8,0.0,1.0,0.578125,1.0,0,0,0.28428455558830834,0.7157154444116917,True,0.7157154444116917,HIGH,2026,0.05949820788530469
2026-04-09,Portugal,France,Santarem Cricket Ground,France,field,T20,2026,Portugal,1,0,0.7142857142857143,0.4594594594594595,0.8,0.4,0.6666666666666666,0.3333333333333333,0.8181818181818182,0.4,1,1,0.6473608922194022,0.3526391077805978,True,0.6473608922194022,MEDIUM,2026,0.2548262548262548
2026-04-09,Norway,France,Santarem Cricket Ground,Norway,bat,T20,2026,France,0,1,0.5106382978723404,0.4473684210526316,0.4,0.4,0.5,0.5,0.2857142857142857,0.3333333333333333,0,1,0.5011924938213251,0.49880750617867486,False,0.5011924938213251,LOW,2026,0.0632698768197088
2026-04-09,Sweden,Indonesia,Udayana Cricket Ground,Sweden,bat,T20,2026,Sweden,1,1,0.4333333333333333,0.5168539325842697,0.6,0.6,1.0,0.0,1.0,0.5873015873015873,1,1,0.6193933920779799,0.38060660792202006,True,0.6193933920779799,MEDIUM,2026,0.08352059925093641
2026-04-11,Indonesia,Sweden,Udayana Cricket Ground,Sweden,field,T20,2026,Sweden,0,0,0.5,0.4848484848484848,0.0,1.0,0.0,1.0,0.5606060606060606,1.0,0,0,0.2364228488098269,0.7635771511901731,True,0.7635771511901731,HIGH,2026,0.015151515151515194
2026-04-11,Sweden,Indonesia,Udayana Cricket Ground,Sweden,bat,T20,2026,Sweden,1,1,0.46875,0.5054945054945055,1.0,0.2,1.0,0.0,1.0,0.5692307692307692,1,1,0.7148147270993446,0.28518527290065543,True,0.7148147270993446,HIGH,2026,0.036744505494505475
2026-04-13,Sweden,Indonesia,Udayana Cricket Ground,Sweden,bat,T20,2026,Sweden,1,1,0.5,0.4946236559139785,1.0,0.0,1.0,0.0,1.0,0.5522388059701493,1,1,0.7555168781577762,0.24448312184222376,True,0.7555168781577762,HIGH,2026,0.005376344086021501
2026-04-13,Sweden,Indonesia,Udayana Cricket Ground,Sweden,bat,T20,2026,Indonesia,0,1,0.5142857142857142,0.4893617021276595,1.0,0.0,1.0,0.0,1.0,0.5441176470588235,0,1,0.7589602622007902,0.24103973779920984,False,0.7589602622007902,HIGH,2026,0.02492401215805473
2026-04-15,Namibia,Scotland,"Namibia Cricket Ground, Windhoek",Namibia,bat,T20,2026,Scotland,0,1,0.5813953488372093,0.4831460674157303,0.2,0.2,0.75,0.25,1.0,0.5,0,1,0.6698879491454102,0.33011205085458983,False,0.6698879491454102,MEDIUM,2026,0.09824928142147904
2026-04-17,Scotland,Namibia,"Namibia Cricket Ground, Windhoek",Namibia,field,T20,2026,Scotland,1,0,0.4888888888888889,0.5747126436781609,0.4,0.0,0.4,0.6,1.0,0.8,1,1,0.5784165905613813,0.4215834094386187,True,0.5784165905613813,LOW,2026,0.08582375478927201
2026-04-18,Scotland,Namibia,"Namibia Cricket Ground, Windhoek",Scotland,bat,T20,2026,Namibia,0,1,0.4945054945054945,0.5681818181818182,0.6,0.0,0.5,0.5,1.0,0.6666666666666666,0,1,0.6234404149278362,0.3765595850721638,False,0.6234404149278362,MEDIUM,2026,0.07367632367632371
2026-04-20,Nepal,United Arab Emirates,"Tribhuvan University International Cricket Ground, Kirtipur",Nepal,bat,T20,2026,United Arab Emirates,0,1,0.6057692307692307,0.5491803278688525,0.4,0.2,0.5454545454545454,0.4545454545454545,0.6842105263157895,1.0,0,1,0.5641297746284292,0.43587022537157083,False,0.5641297746284292,LOW,2026,0.05658890290037821
2026-04-21,United Arab Emirates,Nepal,"Tribhuvan University International Cricket Ground, Kirtipur",Nepal,field,T20,2026,Nepal,0,0,0.5528455284552846,0.6,0.4,0.2,0.5,0.5,1.0,0.65,0,1,0.5854844172839475,0.4145155827160525,False,0.5854844172839475,LOW,2026,0.047154471544715415
2026-04-27,New Zealand,Bangladesh,"Bir Sreshtho Flight Lieutenant Matiur Rahman Stadium, Chattogram",Bangladesh,field,T20,2026,Bangladesh,0,0,0.55,0.3957219251336898,0.4,0.4,0.7894736842105263,0.2105263157894736,0.5,0.3333333333333333,0,1,0.6059422102468995,0.39405778975310046,False,0.6059422102468995,MEDIUM,2026,0.15427807486631023
2026-05-01,Austria,Germany,Bayer Uerdingen Cricket Ground,Germany,field,T20,2026,Germany,0,0,0.7333333333333333,0.5892857142857143,0.8,0.4,0.2,0.8,0.75,0.8,0,0,0.49098899400001117,0.5090110059999888,True,0.5090110059999888,LOW,2026,0.14404761904761898
2026-05-01,Germany,Austria,Bayer Uerdingen Cricket Ground,Austria,field,T20,2026,Germany,1,0,0.5964912280701754,0.7213114754098361,0.6,0.6,0.8333333333333334,0.1666666666666666,0.8125,0.6,1,1,0.576065524150796,0.42393447584920396,True,0.576065524150796,LOW,2026,0.12482024733966068
2026-05-01,Indonesia,Malaysia,"Bayuemas Oval, Kuala Lumpur",Malaysia,field,T20,2026,Malaysia,0,0,0.4947368421052631,0.580952380952381,0.2,0.6,0.0,1.0,0.5,0.59375,0,0,0.31717760837565395,0.6828223916243461,True,0.6828223916243461,MEDIUM,2026,0.08621553884711791
2026-05-02,Bangladesh,New Zealand,"Shere Bangla National Stadium, Mirpur",New Zealand,field,T20,2026,New Zealand,0,0,0.3989361702127659,0.5477178423236515,0.6,0.4,0.25,0.75,0.6153846153846154,0.4,0,0,0.4308203211430351,0.569179678856965,True,0.569179678856965,LOW,2026,0.1487816721108856
2026-05-02,Isle of Man,Guernsey,"King George V Sports Ground, Castel",Guernsey,field,T20,2026,Guernsey,0,0,0.5263157894736842,0.5151515151515151,0.4,0.0,0.0,1.0,0.5,0.5,0,0,0.4618899341871258,0.5381100658128741,True,0.5381100658128741,LOW,2026,0.011164274322169043
2026-05-02,Malaysia,Indonesia,"Bayuemas Oval, Kuala Lumpur",Indonesia,field,T20,2026,Malaysia,1,0,0.5849056603773585,0.4895833333333333,0.6,0.2,1.0,0.0,0.6060606060606061,0.0,1,1,0.7254020016910699,0.27459799830893006,True,0.7254020016910699,HIGH,2026,0.09532232704402516
2026-05-02,Germany,Austria,Bayer Uerdingen Cricket Ground,Germany,bat,T20,2026,Austria,0,1,0.603448275862069,0.7096774193548387,0.6,0.4,0.8571428571428571,0.1428571428571428,0.8235294117647058,0.5,0,1,0.636441802524165,0.36355819747583495,False,0.636441802524165,MEDIUM,2026,0.1062291434927698
2026-05-03,Guernsey,Isle of Man,"King George V Sports Ground, Castel",Isle of Man,field,T20,2026,Guernsey,1,0,0.5294117647058824,0.5,0.2,0.4,1.0,0.0,0.5714285714285714,0.0,1,1,0.663554767340422,0.33644523265957804,True,0.663554767340422,MEDIUM,2026,0.02941176470588236
2026-05-03,Austria,Germany,Bayer Uerdingen Cricket Ground,Austria,bat,T20,2026,Germany,0,1,0.7142857142857143,0.5932203389830508,0.4,0.6,0.25,0.75,0.5714285714285714,0.7777777777777778,0,0,0.4320411053631258,0.5679588946368742,True,0.5679588946368742,LOW,2026,0.12106537530266348
2026-05-04,Malaysia,Indonesia,"Bayuemas Oval, Kuala Lumpur",Malaysia,bat,T20,2026,Malaysia,1,1,0.5887850467289719,0.4845360824742268,0.6,0.2,1.0,0.0,0.6176470588235294,0.0,1,1,0.7308472045293418,0.2691527954706582,True,0.7308472045293418,HIGH,2026,0.10424896425474511
2026-05-05,Indonesia,Malaysia,"Bayuemas Oval, Kuala Lumpur",Indonesia,bat,T20,2026,Malaysia,0,1,0.4795918367346938,0.5925925925925926,0.2,0.6,0.0,1.0,0.0,0.6285714285714286,0,0,0.2723098111266303,0.7276901888733698,True,0.7276901888733698,HIGH,2026,0.11300075585789876
2026-05-07,Malta,Gibraltar,Marsa Sports Club,Gibraltar,field,T20,2026,Malta,1,0,0.4090909090909091,0.3191489361702128,0.4,0.6,0.75,0.25,0.5161290322580645,0.1111111111111111,1,1,0.5436308354530277,0.4563691645469723,True,0.5436308354530277,LOW,2026,0.08994197292069633
2026-05-07,Malta,Gibraltar,Marsa Sports Club,Malta,bat,T20,2026,Malta,1,1,0.417910447761194,0.3125,0.6,0.4,0.7777777777777778,0.2222222222222222,0.53125,0.1,1,1,0.6068861150012549,0.3931138849987451,True,0.6068861150012549,MEDIUM,2026,0.10541044776119401
2026-05-08,Indonesia,Philippines,Sano International Cricket Ground,Philippines,field,T20,2026,Indonesia,1,0,0.4747474747474747,0.4594594594594595,0.2,0.8,0.3333333333333333,0.6666666666666666,0.6666666666666666,0.5,1,0,0.38330711816510926,0.6166928818348907,False,0.6166928818348907,MEDIUM,2026,0.015288015288015211
2026-05-08,South Korea,Cook Islands,"Korogi Sports Park, Nisshin",Cook Islands,field,T20,2026,Cook Islands,0,0,0.1176470588235294,0.5,0.2,0.2,0.5,0.5,0.5,0.5,0,0,0.43913070637618407,0.560869293623816,True,0.560869293623816,LOW,2026,0.3823529411764706
2026-05-08,Vanuatu,Fiji,"Korogi Sports Park, Nisshin",Vanuatu,bat,T20,2026,Vanuatu,1,1,0.3870967741935484,0.5454545454545454,0.2,0.6,0.6666666666666666,0.3333333333333333,0.5,0.5,1,0,0.4650922408289219,0.534907759171078,False,0.534907759171078,LOW,2026,0.15835777126099704
2026-05-08,Cyprus,Finland,Happy Valley Ground,Cyprus,bat,T20,2026,Finland,0,1,0.6060606060606061,0.4482758620689655,0.8,0.6,0.0,1.0,0.5,0.5,0,0,0.3806714485863887,0.6193285514136113,True,0.6193285514136113,MEDIUM,2026,0.15778474399164055
2026-05-08,Malta,Gibraltar,Marsa Sports Club,Malta,bat,T20,2026,Malta,1,1,0.4264705882352941,0.3061224489795918,0.8,0.2,0.8,0.2,0.5454545454545454,0.0909090909090909,1,1,0.6614262554202575,0.33857374457974254,True,0.6614262554202575,MEDIUM,2026,0.12034813925570231
2026-05-08,Cyprus,Finland,Happy Valley Ground,Cyprus,bat,T20,2026,Cyprus,1,1,0.5882352941176471,0.4666666666666667,0.6,0.8,0.0,1.0,0.4615384615384615,1.0,1,0,0.2979595682028769,0.7020404317971232,False,0.7020404317971232,HIGH,2026,0.1215686274509804
2026-05-08,Romania,Bulgaria,"Moara Vlasiei Cricket Ground, Ilfov County",Romania,bat,T20,2026,Romania,1,1,0.6037735849056604,0.3478260869565217,0.4,0.2,0.8571428571428571,0.1428571428571428,0.5909090909090909,0.0,1,1,0.7080431594914892,0.2919568405085108,True,0.7080431594914892,HIGH,2026,0.2559474979491387
2026-05-08,Gibraltar,Malta,Marsa Sports Club,Gibraltar,bat,T20,2026,Malta,0,1,0.3,0.4347826086956521,0.2,0.8,0.1818181818181818,0.8181818181818182,0.0833333333333333,0.5588235294117647,0,0,0.2622098138255769,0.7377901861744232,True,0.7377901861744232,HIGH,2026,0.13478260869565212
2026-05-09,Finland,Cyprus,Happy Valley Ground,Finland,bat,T20,2026,Finland,1,1,0.46875,0.5833333333333334,0.6,0.4,0.75,0.25,0.6666666666666666,0.4666666666666667,1,1,0.5764215657093688,0.42357843429063124,True,0.5764215657093688,LOW,2026,0.11458333333333337
2026-05-09,Japan,Vanuatu,"Korogi Sports Park, Nisshin",Japan,bat,T20,2026,Japan,1,1,0.673469387755102,0.40625,0.6,0.2,0.5,0.5,0.5,1.0,1,1,0.5707528710608173,0.4292471289391827,True,0.5707528710608173,LOW,2026,0.267219387755102
2026-05-09,Papua New Guinea,South Korea,"Korogi Sports Park, Nisshin",Papua New Guinea,bat,T20,2026,Papua New Guinea,1,1,0.5087719298245614,0.1111111111111111,0.2,0.2,0.5,0.5,0.5,0.0,1,1,0.6119012899112891,0.3880987100887109,True,0.6119012899112891,MEDIUM,2026,0.3976608187134503
2026-05-09,Indonesia,Samoa,Sano International Cricket Ground,Samoa,field,T20,2026,Samoa,0,0,0.48,0.217391304347826,0.2,0.2,0.5,0.5,0.7142857142857143,0.5,0,1,0.5791585974468598,0.4208414025531402,False,0.5791585974468598,LOW,2026,0.262608695652174
2026-05-09,Romania,Bulgaria,"Moara Vlasiei Cricket Ground, Ilfov County",Romania,bat,T20,2026,Romania,1,1,0.6111111111111112,0.3404255319148936,0.4,0.0,0.875,0.125,0.6086956521739131,0.0,1,1,0.7484783962786672,0.2515216037213328,True,0.7484783962786672,HIGH,2026,0.27068557919621755
2026-05-09,Gibraltar,Malta,Marsa Sports Club,Gibraltar,bat,T20,2026,Malta,0,1,0.2941176470588235,0.4428571428571428,0.0,1.0,0.1666666666666666,0.8333333333333334,0.0769230769230769,0.5714285714285714,0,0,0.22124259843448196,0.7787574015655181,True,0.7787574015655181,HIGH,2026,0.1487394957983193
2026-05-09,Finland,Cyprus,Happy Valley Ground,Finland,bat,T20,2026,Finland,1,1,0.4516129032258064,0.6,0.6,0.6,0.6666666666666666,0.3333333333333333,0.5,0.5,1,0,0.4883652253662697,0.5116347746337303,False,0.5116347746337303,LOW,2026,0.1483870967741936
2026-05-09,Romania,Bulgaria,"Moara Vlasiei Cricket Ground, Ilfov County",Romania,bat,T20,2026,Romania,1,1,0.6181818181818182,0.3333333333333333,0.4,0.0,0.8888888888888888,0.1111111111111111,0.625,0.0,1,1,0.7542174395458461,0.24578256045415392,True,0.7542174395458461,HIGH,2026,0.28484848484848485
2026-05-10,Romania,Bulgaria,"Moara Vlasiei Cricket Ground, Ilfov County",Romania,bat,T20,2026,Romania,1,1,0.625,0.3265306122448979,0.6,0.0,0.9,0.1,0.64,0.0,1,1,0.7636344474053257,0.2363655525946743,True,0.7636344474053257,HIGH,2026,0.2984693877551021
2026-05-10,Papua New Guinea,Cook Islands,"Korogi Sports Park, Nisshin",Papua New Guinea,bat,T20,2026,Papua New Guinea,1,1,0.5172413793103449,0.5294117647058824,0.4,0.2,0.5,0.5,1.0,1.0,1,1,0.5641746350356199,0.43582536496438007,True,0.5641746350356199,LOW,2026,0.012170385395537497
2026-05-10,Fiji,Japan,"Korogi Sports Park, Nisshin",Fiji,bat,T20,2026,Japan,0,1,0.5,0.68,0.6,0.8,0.5,0.5,0.0,1.0,0,0,0.33023948081390614,0.6697605191860938,True,0.6697605191860938,MEDIUM,2026,0.18000000000000005
2026-05-10,Samoa,Philippines,Sano International Cricket Ground,Samoa,bat,T20,2026,Samoa,1,1,0.25,0.4473684210526316,0.2,0.6,0.5,0.5,1.0,0.0,1,0,0.4822380347060283,0.5177619652939718,False,0.5177619652939718,LOW,2026,0.19736842105263158
2026-05-12,Philippines,South Korea,Sano International Cricket Ground 2,Philippines,bat,T20,2026,Philippines,1,1,0.4358974358974359,0.1052631578947368,0.6,0.2,0.8333333333333334,0.1666666666666666,0.5,0.5,1,1,0.6539560345818711,0.3460439654181289,True,0.6539560345818711,MEDIUM,2026,0.3306342780026991
2026-05-12,Japan,Indonesia,Sano International Cricket Ground,Japan,bat,T20,2026,Japan,1,1,0.6862745098039216,0.4752475247524752,1.0,0.2,0.7142857142857143,0.2857142857142857,0.8125,0.625,1,1,0.6831278087032007,0.31687219129679933,True,0.6831278087032007,MEDIUM,2026,0.21102698505144635
2026-05-12,Vanuatu,Samoa,Sano International Cricket Ground,Vanuatu,bat,T20,2026,Samoa,0,1,0.3939393939393939,0.28,0.2,0.4,0.5,0.5,0.5,1.0,0,0,0.4582098000251956,0.5417901999748044,True,0.5417901999748044,LOW,2026,0.1139393939393939
2026-05-13,Fiji,South Korea,Sano International Cricket Ground 2,Fiji,bat,T20,2026,South Korea,0,1,0.4615384615384615,0.1,0.4,0.2,0.5,0.5,0.5,0.0,0,1,0.6073529496927464,0.39264705030725355,False,0.6073529496927464,MEDIUM,2026,0.3615384615384615
2026-05-13,Cook Islands,Vanuatu,Sano International Cricket Ground,Cook Islands,bat,T20,2026,Cook Islands,1,1,0.5,0.3823529411764705,0.2,0.2,0.75,0.25,0.2,0.0,1,1,0.6163971510498975,0.38360284895010255,True,0.6163971510498975,MEDIUM,2026,0.1176470588235295
2026-05-13,Samoa,Papua New Guinea,Sano International Cricket Ground,Samoa,bat,T20,2026,Papua New Guinea,0,1,0.3076923076923077,0.5254237288135594,0.6,0.6,1.0,0.0,1.0,0.5,0,1,0.5938793100564145,0.4061206899435855,False,0.5938793100564145,LOW,2026,0.21773142112125166
2026-05-14,Fiji,Philippines,Sano International Cricket Ground 2,Fiji,bat,T20,2026,Philippines,0,1,0.4285714285714285,0.45,0.4,0.6,0.5,0.5,0.0,1.0,0,0,0.36673547856061406,0.6332645214393859,True,0.6332645214393859,MEDIUM,2026,0.02142857142857152
2026-05-14,Japan,Cook Islands,Sano International Cricket Ground,Japan,bat,T20,2026,Cook Islands,0,1,0.6923076923076923,0.5263157894736842,1.0,0.4,1.0,0.0,0.8235294117647058,0.3333333333333333,0,1,0.7233224235935787,0.2766775764064213,False,0.7233224235935787,HIGH,2026,0.1659919028340081
2026-05-14,Papua New Guinea,Indonesia,Sano International Cricket Ground,Papua New Guinea,bat,T20,2026,Papua New Guinea,1,1,0.5333333333333333,0.4705882352941176,0.6,0.2,0.5,0.5,1.0,0.5555555555555556,1,1,0.6088973214440287,0.39110267855597125,True,0.6088973214440287,MEDIUM,2026,0.06274509803921574
2026-05-16,Philippines,South Korea,Sano International Cricket Ground 2,Philippines,bat,T20,2026,South Korea,0,1,0.4634146341463415,0.1428571428571428,0.6,0.2,0.8571428571428571,0.1428571428571428,1.0,0.5,0,1,0.7063766593613843,0.2936233406386157,False,0.7063766593613843,HIGH,2026,0.3205574912891987
2026-05-16,Malta,Austria,Happy Valley Ground 2,Austria,field,T20,2026,Austria,0,0,0.4507042253521127,0.703125,1.0,0.4,0.0,1.0,0.5,0.5,0,0,0.36208546247662043,0.6379145375233796,True,0.6379145375233796,MEDIUM,2026,0.2524207746478873
2026-05-16,Switzerland,Jersey,Happy Valley Ground,Switzerland,bat,T20,2026,Jersey,0,1,0.6428571428571429,0.6590909090909091,0.8,0.8,0.0,1.0,0.5,0.5,0,0,0.33186906715562825,0.6681309328443717,True,0.6681309328443717,MEDIUM,2026,0.016233766233766156
2026-05-16,Cyprus,France,Happy Valley Ground,Cyprus,bat,T20,2026,France,0,1,0.5675675675675675,0.4615384615384615,0.2,0.6,0.5,0.5,0.4375,0.5,0,0,0.47007199007224715,0.5299280099277528,True,0.5299280099277528,LOW,2026,0.10602910602910603
2026-05-16,Guernsey,Sweden,Happy Valley Ground 2,Sweden,field,T20,2026,Guernsey,1,0,0.5428571428571428,0.5,0.4,0.8,0.5,0.5,0.5,0.5,1,0,0.4266375802876483,0.5733624197123517,False,0.5733624197123517,LOW,2026,0.042857142857142816
2026-05-16,Samoa,Japan,Sano International Cricket Ground,Samoa,bat,T20,2026,Japan,0,1,0.2962962962962963,0.6792452830188679,0.6,0.8,0.0,1.0,0.75,0.7777777777777778,0,0,0.25784131769956575,0.7421586823004342,True,0.7421586823004342,HIGH,2026,0.3829489867225716
2026-05-16,Vanuatu,Indonesia,Sano International Cricket Ground,Indonesia,field,T20,2026,Vanuatu,1,0,0.3714285714285714,0.4660194174757281,0.2,0.2,0.5,0.5,0.0,0.5,1,0,0.4556335776193478,0.5443664223806521,False,0.5443664223806521,LOW,2026,0.09459084604715673
2026-05-17,Jersey,Cyprus,Happy Valley Ground 2,Jersey,bat,T20,2026,Jersey,1,1,0.6666666666666666,0.5526315789473685,0.8,0.2,0.5,0.5,0.5,0.8571428571428571,1,1,0.5707266453258113,0.4292733546741887,True,0.5707266453258113,LOW,2026,0.11403508771929816
2026-05-17,Cook Islands,Indonesia,Sano International Cricket Ground,Indonesia,field,T20,2026,Cook Islands,1,0,0.55,0.4615384615384615,0.6,0.2,0.5,0.5,0.4285714285714285,0.4545454545454545,1,1,0.559923461330538,0.44007653866946195,True,0.559923461330538,LOW,2026,0.08846153846153854
2026-05-17,Slovenia,Austria,Happy Valley Ground,Slovenia,bat,T20,2026,Austria,0,1,0.0666666666666666,0.7076923076923077,0.0,0.4,0.0,1.0,0.5,0.5,0,0,0.2567249891962995,0.7432750108037005,True,0.7432750108037005,HIGH,2026,0.6410256410256412
2026-05-17,Papua New Guinea,Vanuatu,Sano International Cricket Ground,Papua New Guinea,bat,T20,2026,Papua New Guinea,1,1,0.5409836065573771,0.3888888888888889,0.8,0.4,1.0,0.0,1.0,0.3333333333333333,1,1,0.7126110022308948,0.2873889977691052,True,0.7126110022308948,HIGH,2026,0.1520947176684882
2026-05-17,Malta,Guernsey,Happy Valley Ground,Guernsey,field,T20,2026,Guernsey,0,0,0.4444444444444444,0.5555555555555556,0.8,0.6,0.0,1.0,0.5,0.5,0,0,0.3298283491407463,0.6701716508592537,True,0.6701716508592537,MEDIUM,2026,0.11111111111111116
2026-05-17,Fiji,South Korea,Sano International Cricket Ground 2,South Korea,field,T20,2026,South Korea,0,0,0.4,0.1818181818181818,0.2,0.4,0.0,1.0,0.0,0.6666666666666666,0,0,0.31794038466393637,0.6820596153360636,True,0.6820596153360636,MEDIUM,2026,0.21818181818181823
2026-05-17,France,Croatia,Happy Valley Ground 2,France,bat,T20,2026,France,1,1,0.475,0.1428571428571428,0.8,0.0,0.5,0.5,0.5,0.5,1,1,0.6259722690466181,0.37402773095338193,True,0.6259722690466181,MEDIUM,2026,0.3321428571428572
2026-05-18,Japan,Papua New Guinea,Sano International Cricket Ground,Japan,bat,T20,2026,Japan,1,1,0.6851851851851852,0.5483870967741935,0.8,1.0,0.0,1.0,0.7894736842105263,1.0,1,0,0.3097978791659145,0.6902021208340855,False,0.6902021208340855,MEDIUM,2026,0.13679808841099173
2026-05-18,Cook Islands,Samoa,Sano International Cricket Ground,Samoa,field,T20,2026,Samoa,0,0,0.5714285714285714,0.2857142857142857,0.8,0.6,1.0,0.0,0.5,0.6,0,1,0.626393399411801,0.37360660058819894,False,0.626393399411801,MEDIUM,2026,0.2857142857142857
2026-05-19,Guernsey,Austria,Happy Valley Ground 2,Austria,field,T20,2026,Guernsey,1,0,0.5675675675675675,0.7121212121212122,0.8,0.6,0.0,1.0,1.0,0.6666666666666666,1,0,0.38076702102801335,0.6192329789719866,False,0.6192329789719866,MEDIUM,2026,0.1445536445536446
2026-05-19,Slovenia,Sweden,Happy Valley Ground 2,Slovenia,bat,T20,2026,Sweden,0,1,0.0625,0.4864864864864865,0.0,0.6,0.0,1.0,0.5,0.0,0,0,0.2661033883060771,0.733896611693923,True,0.733896611693923,HIGH,2026,0.4239864864864865
2026-05-19,France,Jersey,Happy Valley Ground,Jersey,field,T20,2026,Jersey,0,0,0.4878048780487805,0.6739130434782609,0.8,0.8,0.5,0.5,1.0,1.0,0,0,0.4250494461443791,0.5749505538556209,True,0.5749505538556209,LOW,2026,0.1861081654294804
2026-05-19,Croatia,Switzerland,Happy Valley Ground,Croatia,bat,T20,2026,Croatia,1,1,0.1379310344827586,0.6206896551724138,0.0,0.6,0.0,1.0,0.5,0.0,1,0,0.27093617717099167,0.7290638228290083,False,0.7290638228290083,HIGH,2026,0.48275862068965525
2026-05-20,Slovenia,Guernsey,Happy Valley Ground,Slovenia,bat,T20,2026,Guernsey,0,1,0.0588235294117647,0.5789473684210527,0.0,1.0,0.0,1.0,0.0,1.0,0,0,0.13381274721353983,0.8661872527864601,True,0.8661872527864601,HIGH,2026,0.5201238390092879
2026-05-20,Switzerland,Cyprus,Happy Valley Ground 2,Cyprus,field,T20,2026,Switzerland,1,0,0.6,0.5384615384615384,0.6,0.2,0.5,0.5,0.5,0.75,1,1,0.5524251166041864,0.44757488339581364,True,0.5524251166041864,LOW,2026,0.06153846153846154
2026-05-20,Sweden,Malta,Happy Valley Ground,Malta,field,T20,2026,Malta,0,0,0.5,0.4383561643835616,0.6,0.6,0.5,0.5,0.5,0.0,0,1,0.5035668197123717,0.4964331802876283,False,0.5035668197123717,LOW,2026,0.06164383561643838
2026-05-20,Jersey,Croatia,Happy Valley Ground 2,Croatia,field,T20,2026,Jersey,1,0,0.6808510638297872,0.1666666666666666,1.0,0.2,0.5,0.5,1.0,0.0,1,1,0.7095306163773981,0.2904693836226019,True,0.7095306163773981,HIGH,2026,0.5141843971631206
2026-05-22,Austria,Sweden,Happy Valley Ground 2,Sweden,field,T20,2026,Sweden,0,0,0.7014925373134329,0.4871794871794871,0.6,0.4,1.0,0.0,0.5,0.5,0,1,0.677513449738784,0.322486550261216,False,0.677513449738784,MEDIUM,2026,0.21431305013394575
2026-05-22,Croatia,Cyprus,Happy Valley Ground,Cyprus,field,T20,2026,Croatia,1,0,0.1612903225806451,0.525,0.2,0.0,0.0,1.0,1.0,0.4117647058823529,1,0,0.41983900019562653,0.5801609998043735,False,0.5801609998043735,LOW,2026,0.3637096774193549
2026-05-22,Slovenia,Malta,Happy Valley Ground 2,Slovenia,bat,T20,2026,Malta,0,1,0.0555555555555555,0.4459459459459459,0.0,0.6,0.5,0.5,0.0,0.0,0,0,0.33189203142045365,0.6681079685795464,True,0.6681079685795464,MEDIUM,2026,0.39039039039039036
2026-05-22,France,Switzerland,Happy Valley Ground,France,bat,T20,2026,France,1,1,0.4761904761904761,0.6129032258064516,0.6,0.6,0.0,1.0,0.5,0.0,1,0,0.3611460350727596,0.6388539649272404,False,0.6388539649272404,MEDIUM,2026,0.13671274961597552
2026-05-23,Cameroon,Rwanda,"Botswana Cricket Association Oval 1, Gaborone",Rwanda,field,T20,2026,Rwanda,0,0,0.1333333333333333,0.3225806451612903,0.4,0.4,0.5,0.5,0.5,0.5,0,0,0.4244439869118495,0.5755560130881505,True,0.5755560130881505,LOW,2026,0.189247311827957
2026-05-23,France,Sweden,Happy Valley Ground 2,Sweden,field,T20,2026,Sweden,0,0,0.4883720930232558,0.5,0.8,0.4,1.0,0.0,1.0,0.6666666666666666,0,1,0.6691036550739312,0.3308963449260688,False,0.6691036550739312,MEDIUM,2026,0.011627906976744207
2026-05-23,Malta,Switzerland,Happy Valley Ground,Switzerland,field,T20,2026,Switzerland,0,0,0.4533333333333333,0.59375,0.6,0.4,0.25,0.75,0.5,0.0,0,0,0.45530803033940503,0.544691969660595,True,0.544691969660595,LOW,2026,0.1404166666666667
2026-05-23,Croatia,Austria,Happy Valley Ground,Croatia,bat,T20,2026,Austria,0,1,0.1875,0.6911764705882353,0.4,0.4,0.5,0.5,1.0,1.0,0,0,0.4236902767080321,0.5763097232919678,True,0.5763097232919678,LOW,2026,0.5036764705882353
2026-05-23,Guernsey,Jersey,Happy Valley Ground 2,Guernsey,bat,T20,2026,Jersey,0,1,0.5897435897435898,0.6875,1.0,1.0,0.25,0.75,1.0,1.0,0,0,0.35746281477802133,0.6425371852219787,True,0.6425371852219787,MEDIUM,2026,0.09775641025641024
2026-05-23,Kenya,Mali,"Botswana Cricket Association Oval 2, Gaborone",Kenya,bat,T20,2026,Kenya,1,1,0.532608695652174,0.0,0.4,0.0,1.0,0.0,0.5,0.5,1,1,0.7483032282194471,0.25169677178055294,True,0.7483032282194471,HIGH,2026,0.532608695652174
2026-05-23,Botswana,Sierra Leone,"Botswana Cricket Association Oval 1, Gaborone",Sierra Leone,field,T20,2026,Botswana,1,0,0.38,0.3333333333333333,1.0,0.2,1.0,0.0,1.0,0.5,1,1,0.7104141556534124,0.28958584434658763,True,0.7104141556534124,HIGH,2026,0.04666666666666669
2026-05-24,Rwanda,Ivory Coast,"Botswana Cricket Association Oval 1, Gaborone",Rwanda,bat,T20,2026,Rwanda,1,1,0.3297872340425531,0.0,0.4,0.0,0.5,0.5,1.0,0.5,1,1,0.640538621455845,0.35946137854415505,True,0.640538621455845,MEDIUM,2026,0.3297872340425531
2026-05-24,Sierra Leone,Cameroon,"Botswana Cricket Association Oval 2, Gaborone",Cameroon,field,T20,2026,Cameroon,0,0,0.325,0.125,0.2,0.4,1.0,0.0,0.5,0.5,0,1,0.611028154546367,0.38897184545363295,False,0.611028154546367,MEDIUM,2026,0.2
2026-05-24,Mali,Botswana,"Botswana Cricket Association Oval 1, Gaborone",Mali,bat,T20,2026,Botswana,0,1,0.0,0.392156862745098,0.0,1.0,0.0,1.0,0.5,1.0,0,0,0.16092405995549489,0.8390759400445051,True,0.8390759400445051,HIGH,2026,0.392156862745098
2026-05-25,Ivory Coast,Mali,"Botswana Cricket Association Oval 2, Gaborone",Mali,field,T20,2026,Mali,0,0,0.0,0.0,0.0,0.0,0.5,0.5,0.5,0.0,0,1,0.5274267483420331,0.47257325165796693,False,0.5274267483420331,LOW,2026,0.0
2026-05-25,Botswana,Cameroon,"Botswana Cricket Association Oval 2, Gaborone",Botswana,bat,T20,2026,Botswana,1,1,0.4038461538461538,0.1764705882352941,1.0,0.4,1.0,0.0,0.5,1.0,1,1,0.6202031734457429,0.37979682655425706,True,0.6202031734457429,MEDIUM,2026,0.2273755656108597
2026-05-25,Kenya,Rwanda,"Botswana Cricket Association Oval 1, Gaborone",Kenya,bat,T20,2026,Rwanda,0,1,0.5376344086021505,0.3368421052631579,0.6,0.6,1.0,0.0,0.5,1.0,0,1,0.5857066252188513,0.4142933747811487,False,0.5857066252188513,LOW,2026,0.20079230333899262
2026-05-26,Mali,Rwanda,"Botswana Cricket Association Oval 2, Gaborone",Rwanda,field,T20,2026,Rwanda,0,0,0.0833333333333333,0.34375,0.2,0.6,0.0,1.0,0.5,0.5,0,0,0.25602711190621413,0.7439728880937859,True,0.7439728880937859,HIGH,2026,0.2604166666666667
2026-05-26,Kenya,Sierra Leone,"Botswana Cricket Association Oval 1, Gaborone",Sierra Leone,field,T20,2026,Kenya,1,0,0.5319148936170213,0.3170731707317073,0.6,0.2,0.5,0.5,0.0,0.0,1,1,0.5566315986732474,0.4433684013267526,True,0.5566315986732474,LOW,2026,0.21484172288531395
2026-05-26,Cameroon,Ivory Coast,"Botswana Cricket Association Oval 2, Gaborone",Cameroon,bat,T20,2026,Cameroon,1,1,0.1666666666666666,0.0,0.4,0.0,0.5,0.5,0.5,0.0,1,1,0.585332312341133,0.41466768765886697,True,0.585332312341133,LOW,2026,0.1666666666666666
2026-05-28,Botswana,Ivory Coast,"Botswana Cricket Association Oval 1, Gaborone",Botswana,bat,T20,2026,Botswana,1,1,0.4150943396226415,0.0,1.0,0.0,1.0,0.0,1.0,0.0,1,1,0.7995917011994448,0.20040829880055522,True,0.7995917011994448,HIGH,2026,0.4150943396226415
2026-05-28,Sierra Leone,Rwanda,"Botswana Cricket Association Oval 2, Gaborone",Rwanda,field,T20,2026,Rwanda,0,0,0.3095238095238095,0.3505154639175257,0.2,0.8,0.1666666666666666,0.8333333333333334,0.0,1.0,0,0,0.23528507165498794,0.7647149283450121,True,0.7647149283450121,HIGH,2026,0.040991654393716215
2026-05-28,Cameroon,Kenya,"Botswana Cricket Association Oval 1, Gaborone",Kenya,field,T20,2026,Kenya,0,0,0.2105263157894736,0.5368421052631579,0.6,0.6,0.0,1.0,0.0,0.5,0,0,0.2373719536020834,0.7626280463979166,True,0.7626280463979166,HIGH,2026,0.32631578947368434
2026-05-29,Cameroon,Mali,"Botswana Cricket Association Oval 1, Gaborone",Cameroon,bat,T20,2026,Cameroon,1,1,0.2,0.0769230769230769,0.4,0.2,1.0,0.0,0.0,0.0,1,1,0.6191924778217278,0.3808075221782722,True,0.6191924778217278,MEDIUM,2026,0.12307692307692311
2026-05-29,Ivory Coast,Sierra Leone,"Botswana Cricket Association Oval 2, Gaborone",Ivory Coast,bat,T20,2026,Sierra Leone,0,1,0.0,0.3023255813953488,0.0,0.0,0.0,1.0,0.0,0.0,0,0,0.33096459361952496,0.6690354063804751,True,0.6690354063804751,MEDIUM,2026,0.3023255813953488
2026-05-29,Kenya,Botswana,"Botswana Cricket Association Oval 2, Gaborone",Kenya,bat,T20,2026,Kenya,1,1,0.5416666666666666,0.4259259259259259,0.8,1.0,0.75,0.25,1.0,1.0,1,0,0.4878600192696893,0.5121399807303106,False,0.5121399807303106,LOW,2026,0.11574074074074076
2026-05-30,Rwanda,Botswana,"Botswana Cricket Association Oval 1, Gaborone",Rwanda,bat,T20,2026,Rwanda,1,1,0.3571428571428571,0.4181818181818181,1.0,0.8,0.8333333333333334,0.1666666666666666,1.0,1.0,1,1,0.5114084290262388,0.48859157097376116,True,0.5114084290262388,LOW,2026,0.061038961038961004
2026-05-30,Ivory Coast,Kenya,"Botswana Cricket Association Oval 2, Gaborone",Kenya,field,T20,2026,Kenya,0,0,0.0,0.5463917525773195,0.0,0.8,0.5,0.5,0.0,1.0,0,0,0.22220992291049116,0.7777900770895089,True,0.7777900770895089,HIGH,2026,0.5463917525773195
2026-05-30,Mali,Sierra Leone,"Botswana Cricket Association Oval 1, Gaborone",Mali,bat,T20,2026,Sierra Leone,0,1,0.0714285714285714,0.3181818181818182,0.2,0.2,0.5,0.5,0.0,0.0,0,0,0.43242766362555396,0.567572336374446,True,0.567572336374446,LOW,2026,0.24675324675324678
2026-05-31,Nepal,China,Singapore National Cricket Ground,China,field,T20,2026,Nepal,1,0,0.6037735849056604,0.1111111111111111,0.4,0.0,0.5,0.5,0.5,0.5,1,1,0.6438130256892538,0.3561869743107462,True,0.6438130256892538,MEDIUM,2026,0.49266247379454925
2026-06-01,Oman,Singapore,Singapore National Cricket Ground,Singapore,field,T20,2026,Oman,1,0,0.4747474747474747,0.3692307692307692,0.2,0.4,1.0,0.0,0.5,0.2222222222222222,1,1,0.6421466617199082,0.3578533382800918,True,0.6421466617199082,MEDIUM,2026,0.1055167055167055
2026-06-01,Bahrain,Hong Kong,Singapore National Cricket Ground,Hong Kong,field,T20,2026,Hong Kong,0,0,0.6285714285714286,0.4770642201834862,0.6,0.6,0.75,0.25,1.0,0.5714285714285714,0,1,0.6065394427574764,0.3934605572425236,False,0.6065394427574764,MEDIUM,2026,0.15150720838794235
2026-06-02,Mozambique,Lesotho,Malkerns Country Club oval,Lesotho,field,T20,2026,Mozambique,1,0,0.3809523809523809,0.125,0.4,0.0,0.5,0.5,0.0,0.5,1,1,0.5391469088201074,0.4608530911798926,True,0.5391469088201074,LOW,2026,0.2559523809523809
2026-06-02,China,Malaysia,Singapore National Cricket Ground,Malaysia,field,T20,2026,Malaysia,0,0,0.1,0.5963302752293578,0.0,0.8,0.0,1.0,0.0,1.0,0,0,0.157006324430065,0.842993675569935,True,0.842993675569935,HIGH,2026,0.4963302752293578
2026-06-03,Eswatini,Mozambique,Malkerns Country Club oval,Eswatini,bat,T20,2026,Mozambique,0,1,0.4117647058823529,0.4090909090909091,0.4,0.4,0.75,0.25,1.0,0.25,0,1,0.6196350332025817,0.38036496679741827,False,0.6196350332025817,MEDIUM,2026,0.0026737967914438054
2026-06-03,Singapore,Hong Kong,Singapore National Cricket Ground,Singapore,bat,T20,2026,Hong Kong,0,1,0.3636363636363636,0.4818181818181818,0.4,0.8,0.1666666666666666,0.8333333333333334,0.2,0.625,0,0,0.27896216920766337,0.7210378307923366,True,0.7210378307923366,HIGH,2026,0.11818181818181822
2026-06-03,Oman,Bahrain,Singapore National Cricket Ground,Bahrain,field,T20,2026,Oman,1,0,0.48,0.6226415094339622,0.2,0.6,0.6666666666666666,0.3333333333333333,1.0,0.75,1,1,0.5108141371764036,0.48918586282359644,True,0.5108141371764036,LOW,2026,0.14264150943396225
2026-06-04,Nepal,Malaysia,Singapore National Cricket Ground,Malaysia,field,T20,2026,Nepal,1,0,0.6074766355140186,0.6,0.6,1.0,1.0,0.0,1.0,1.0,1,1,0.5410184148958842,0.4589815851041158,True,0.5410184148958842,LOW,2026,0.00747663551401867
2026-06-04,Lesotho,Eswatini,Malkerns Country Club oval,Lesotho,bat,T20,2026,Eswatini,0,1,0.1176470588235294,0.3888888888888889,0.0,0.2,0.5,0.5,0.0,0.75,0,0,0.3819893080777433,0.6180106919222568,True,0.6180106919222568,MEDIUM,2026,0.2712418300653595
2026-06-04,Mozambique,Lesotho,Malkerns Country Club oval,Lesotho,field,T20,2026,Mozambique,1,0,0.4347826086956521,0.1111111111111111,0.4,0.0,1.0,0.0,0.4,0.0,1,1,0.7361232327181397,0.26387676728186027,True,0.7361232327181397,HIGH,2026,0.323671497584541
2026-06-05,Bahrain,Singapore,Singapore National Cricket Ground,Singapore,field,T20,2026,Bahrain,1,0,0.616822429906542,0.3582089552238806,0.4,0.4,1.0,0.0,0.6,0.1818181818181818,1,1,0.691951494499232,0.308048505500768,True,0.691951494499232,MEDIUM,2026,0.25861347468266144
2026-06-05,Hong Kong,Oman,Singapore National Cricket Ground,Oman,field,T20,2026,Hong Kong,1,0,0.4864864864864865,0.4851485148514851,0.8,0.4,0.125,0.875,0.6666666666666666,1.0,1,0,0.398672839962288,0.601327160037712,False,0.601327160037712,MEDIUM,2026,0.0013379716350014337
2026-06-06,Mozambique,Lesotho,Malkerns Country Club oval,Mozambique,bat,T20,2026,Mozambique,1,1,0.44,0.1052631578947368,0.6,0.0,1.0,0.0,0.4285714285714285,0.0,1,1,0.7477217369406222,0.25227826305937784,True,0.7477217369406222,HIGH,2026,0.3347368421052632
2026-06-06,Mozambique,Eswatini,Malkerns Country Club oval,Mozambique,bat,T20,2026,Eswatini,0,1,0.4583333333333333,0.4210526315789473,0.6,0.2,0.4,0.6,0.5,0.8,0,1,0.5033776773276881,0.4966223226723119,False,0.5033776773276881,LOW,2026,0.037280701754386025
2026-06-07,Mozambique,Eswatini,Malkerns Country Club oval,Mozambique,bat,T20,2026,Eswatini,0,1,0.4615384615384615,0.45,0.8,0.4,0.3333333333333333,0.6666666666666666,0.5,0.8333333333333334,0,0,0.4462429449312089,0.5537570550687911,True,0.5537570550687911,LOW,2026,0.011538461538461497
2026-06-07,Lesotho,Eswatini,Malkerns Country Club oval,Lesotho,bat,T20,2026,Lesotho,1,1,0.1,0.4761904761904761,0.0,0.6,0.0,1.0,0.0,0.8571428571428571,1,0,0.19630108380311367,0.8036989161968864,False,0.8036989161968864,HIGH,2026,0.3761904761904761
2026-06-07,Malaysia,Hong Kong,Singapore National Cricket Ground,Hong Kong,field,T20,2026,Hong Kong,0,0,0.5945945945945946,0.4910714285714285,0.8,0.8,0.5789473684210527,0.4210526315789473,0.8888888888888888,0.7,0,0,0.49845615013982,0.5015438498601801,True,0.5015438498601801,LOW,2026,0.10352316602316614
2026-06-07,Oman,Nepal,Singapore National Cricket Ground,Oman,bat,T20,2026,Nepal,0,1,0.4803921568627451,0.6111111111111112,0.4,0.8,0.25,0.75,0.6666666666666666,1.0,0,0,0.3300020715681827,0.6699979284318174,True,0.6699979284318174,MEDIUM,2026,0.13071895424836605
2026-06-08,Hong Kong,Nepal,Singapore National Cricket Ground,Nepal,field,T20,2026,Nepal,0,0,0.495575221238938,0.6146788990825688,0.8,0.8,0.5,0.5,0.7272727272727273,1.0,0,0,0.40554313252754154,0.5944568674724584,True,0.5944568674724584,LOW,2026,0.1191036778436308
2026-06-08,Oman,Malaysia,Singapore National Cricket Ground,Malaysia,field,T20,2026,Malaysia,0,0,0.4757281553398058,0.5892857142857143,0.4,0.6,1.0,0.0,0.5,0.8,0,1,0.5495704308403364,0.4504295691596636,False,0.5495704308403364,LOW,2026,0.11355755894590852
2026-06-11,Norway,Sweden,"Botkyrka Cricket Center, Stockholm",Sweden,field,T20,2026,Sweden,0,0,0.5,0.5121951219512195,0.2,0.6,1.0,0.0,0.6666666666666666,0.0,0,1,0.6258813129407632,0.3741186870592368,False,0.6258813129407632,MEDIUM,2026,0.012195121951219523
2026-06-11,Austria,Finland,"Botkyrka Cricket Center, Stockholm",Austria,bat,T20,2026,Finland,0,1,0.6956521739130435,0.4848484848484848,0.6,0.8,0.5,0.5,1.0,0.5,0,1,0.5275544123250218,0.47244558767497824,False,0.5275544123250218,LOW,2026,0.21080368906455865
2026-06-11,Sri Lanka,West Indies,"Sabina Park, Kingston, Jamaica",Sri Lanka,bat,T20,2026,West Indies,0,1,0.4413145539906103,0.4469026548672566,0.2,0.6,0.5555555555555556,0.4444444444444444,0.5,0.5,0,0,0.46006095402546787,0.5399390459745321,True,0.5399390459745321,LOW,2026,0.005588100876646296
2026-06-12,Norway,Austria,"Botkyrka Cricket Center, Stockholm",Austria,field,T20,2026,Norway,1,0,0.4897959183673469,0.6857142857142857,0.0,0.4,0.25,0.75,0.5,0.75,1,0,0.38805516241771904,0.6119448375822809,False,0.6119448375822809,MEDIUM,2026,0.1959183673469388
2026-06-12,Sweden,Finland,"Botkyrka Cricket Center, Stockholm",Finland,field,T20,2026,Finland,0,0,0.5238095238095238,0.5,0.8,0.8,0.5,0.5,0.25,1.0,0,0,0.3766203051462674,0.6233796948537327,True,0.6233796948537327,MEDIUM,2026,0.023809523809523836
2026-06-13,Sri Lanka,West Indies,"Sabina Park, Kingston, Jamaica",West Indies,field,T20,2026,Sri Lanka,1,0,0.4392523364485981,0.4493392070484581,0.0,0.6,0.5263157894736842,0.4736842105263157,0.0,0.5555555555555556,1,0,0.3886021148218292,0.6113978851781707,False,0.6113978851781707,MEDIUM,2026,0.010086870599859965
2026-06-13,Finland,Norway,"Botkyrka Cricket Center, Stockholm",Norway,field,T20,2026,Finland,1,0,0.5142857142857142,0.5,0.8,0.2,0.3333333333333333,0.6666666666666666,1.0,0.6,1,1,0.5590977504052921,0.4409022495947079,True,0.5590977504052921,LOW,2026,0.014285714285714235
2026-06-13,Sweden,Austria,"Botkyrka Cricket Center, Stockholm",Austria,field,T20,2026,Sweden,1,0,0.5116279069767442,0.676056338028169,0.6,0.2,0.25,0.75,0.2,0.6,1,0,0.4332269525728551,0.5667730474271448,False,0.5667730474271448,LOW,2026,0.1644284310514248
2026-06-14,Sri Lanka,West Indies,"Sabina Park, Kingston, Jamaica",West Indies,field,T20,2026,West Indies,0,0,0.4418604651162791,0.4473684210526316,0.2,0.4,0.55,0.45,0.5,0.5,0,0,0.4966406799805433,0.5033593200194567,True,0.5033593200194567,LOW,2026,0.005507955936352504
2026-06-14,Finland,Sweden,"Botkyrka Cricket Center, Stockholm",Sweden,field,T20,2026,Sweden,0,0,0.5277777777777778,0.5227272727272727,1.0,0.8,0.5714285714285714,0.4285714285714285,1.0,0.3333333333333333,0,1,0.5189299362621671,0.4810700637378329,False,0.5189299362621671,LOW,2026,0.005050505050505083
2026-06-14,Norway,Austria,"Botkyrka Cricket Center, Stockholm",Norway,bat,T20,2026,Austria,0,1,0.4901960784313725,0.6666666666666666,0.2,0.2,0.4,0.6,0.5,0.5,0,0,0.49589185281945575,0.5041081471805442,True,0.5041081471805442,LOW,2026,0.17647058823529416
2026-06-17,Bangladesh,Australia,"Bir Sreshtho Flight Lieutenant Matiur Rahman Stadium, Chattogram",Bangladesh,bat,T20,2026,Australia,0,1,0.3968253968253968,0.5747663551401869,0.6,0.4,0.3636363636363636,0.6363636363636364,0.4285714285714285,0.5,0,0,0.43495795867426246,0.5650420413257375,True,0.5650420413257375,LOW,2026,0.17794095831479012
2026-06-18,Denmark,Germany,"Svanholm Park, Brondby",Denmark,bat,T20,2026,Germany,0,1,0.4358974358974359,0.6,0.6,0.8,0.0,1.0,0.5454545454545454,0.5,0,0,0.2905464120273962,0.7094535879726038,True,0.7094535879726038,HIGH,2026,0.16410256410256407
2026-06-18,Nigeria,Hong Kong,"Namibia Cricket Ground, Windhoek",Hong Kong,field,T20,2026,Hong Kong,0,0,0.5168539325842697,0.4912280701754385,0.8,0.8,0.0,1.0,0.5,0.5,0,0,0.31442353671257633,0.6855764632874237,True,0.6855764632874237,MEDIUM,2026,0.02562586240883119
2026-06-19,Germany,Denmark,"Svanholm Park, Brondby",Germany,bat,T20,2026,Denmark,0,1,0.6065573770491803,0.425,0.8,0.4,1.0,0.0,1.0,0.5,0,1,0.7140740924781327,0.2859259075218673,False,0.7140740924781327,HIGH,2026,0.18155737704918035
2026-06-19,Germany,Denmark,"Svanholm Park, Brondby",Germany,bat,T20,2026,Denmark,0,1,0.5967741935483871,0.4390243902439024,0.6,0.6,0.8333333333333334,0.1666666666666666,0.5,0.5384615384615384,0,1,0.5799075674506983,0.42009243254930173,False,0.5799075674506983,LOW,2026,0.15774980330448474
2026-06-19,Hong Kong,Namibia,"Namibia Cricket Ground, Windhoek",Namibia,field,T20,2026,Namibia,0,0,0.4956521739130435,0.5730337078651685,0.8,0.2,0.5,0.5,1.0,0.7142857142857143,0,1,0.5815725834795473,0.4184274165204527,False,0.5815725834795473,LOW,2026,0.07738153395212499
2026-06-19,Australia,Bangladesh,"Bir Sreshtho Flight Lieutenant Matiur Rahman Stadium, Chattogram",Australia,bat,T20,2026,Australia,1,1,0.5767441860465117,0.3947368421052631,0.6,0.6,0.6666666666666666,0.3333333333333333,1.0,0.375,1,1,0.5980764030510455,0.4019235969489545,True,0.5980764030510455,LOW,2026,0.18200734394124857
2026-06-19,Romania,Switzerland,"Moara Vlasiei Cricket Ground, Ilfov County",Romania,bat,T20,2026,Switzerland,0,1,0.631578947368421,0.6176470588235294,0.8,0.6,0.0,1.0,0.6538461538461539,1.0,0,0,0.35439990586453646,0.6456000941354636,True,0.6456000941354636,MEDIUM,2026,0.01393188854489158
2026-06-19,Hungary,Switzerland,"Moara Vlasiei Cricket Ground, Ilfov County",Switzerland,field,T20,2026,Switzerland,0,0,0.4722222222222222,0.6060606060606061,0.4,0.4,0.5,0.5,0.4285714285714285,0.5,0,0,0.47511792361630945,0.5248820763836906,True,0.5248820763836906,LOW,2026,0.13383838383838387
2026-06-19,Belgium,Romania,"Moara Vlasiei Cricket Ground, Ilfov County",Belgium,bat,T20,2026,Belgium,1,1,0.5714285714285714,0.6206896551724138,0.0,0.8,0.5,0.5,0.6666666666666666,0.6296296296296297,1,0,0.4224478522989168,0.5775521477010832,False,0.5775521477010832,LOW,2026,0.049261083743842415
2026-06-20,Belgium,Switzerland,"Moara Vlasiei Cricket Ground, Ilfov County",Switzerland,field,T20,2026,Belgium,1,0,0.5833333333333334,0.6285714285714286,0.2,0.8,1.0,0.0,0.75,1.0,1,1,0.5366662856493886,0.46333371435061144,True,0.5366662856493886,LOW,2026,0.04523809523809519
2026-06-20,Belgium,Hungary,"Moara Vlasiei Cricket Ground, Ilfov County",Belgium,bat,T20,2026,Belgium,1,1,0.5945945945945946,0.4594594594594595,0.4,0.2,1.0,0.0,0.8,0.375,1,1,0.7235662716699424,0.27643372833005764,True,0.7235662716699424,HIGH,2026,0.13513513513513514
2026-06-20,Hungary,Romania,"Moara Vlasiei Cricket Ground, Ilfov County",Romania,field,T20,2026,Romania,0,0,0.4473684210526316,0.6101694915254238,0.2,0.6,0.2,0.8,0.3333333333333333,0.6071428571428571,0,0,0.3332144377046056,0.6667855622953944,True,0.6667855622953944,MEDIUM,2026,0.1628010704727922
2026-06-20,Germany,Denmark,"Svanholm Park, Brondby",Denmark,field,T20,2026,Denmark,0,0,0.5873015873015873,0.4523809523809524,0.4,0.6,0.7142857142857143,0.2857142857142857,0.3333333333333333,0.5714285714285714,0,1,0.5169777372990224,0.4830222627009776,False,0.5169777372990224,LOW,2026,0.13492063492063494
2026-06-20,Namibia,Nigeria,"Namibia Cricket Ground, Windhoek",Namibia,bat,T20,2026,Namibia,1,1,0.5777777777777777,0.5111111111111111,0.4,0.8,0.6666666666666666,0.3333333333333333,0.75,0.0,1,1,0.5400165927113534,0.4599834072886466,True,0.5400165927113534,LOW,2026,0.06666666666666665
2026-06-21,Nigeria,Hong Kong,"Namibia Cricket Ground, Windhoek",Hong Kong,field,T20,2026,Hong Kong,0,0,0.5054945054945055,0.4913793103448275,0.6,0.6,0.0,1.0,0.0,0.5,0,0,0.2993371676612424,0.7006628323387576,True,0.7006628323387576,HIGH,2026,0.014115195149677962
2026-06-21,Belgium,Hungary,"Moara Vlasiei Cricket Ground, Ilfov County",Belgium,bat,T20,2026,Belgium,1,1,0.6153846153846154,0.4358974358974359,0.8,0.0,1.0,0.0,0.8571428571428571,0.3,1,1,0.7779822097216006,0.2220177902783994,True,0.7779822097216006,HIGH,2026,0.17948717948717952
2026-06-21,Bangladesh,Australia,"Bir Sreshtho Flight Lieutenant Matiur Rahman Stadium, Chattogram",Bangladesh,bat,T20,2026,Australia,0,1,0.3926701570680628,0.5787037037037037,0.4,0.6,0.3076923076923077,0.6923076923076923,0.3333333333333333,1.0,0,0,0.3334273376650524,0.6665726623349476,True,0.6665726623349476,MEDIUM,2026,0.18603354663564092
2026-06-21,Belgium,Romania,"Moara Vlasiei Cricket Ground, Ilfov County",Belgium,bat,T20,2026,Belgium,1,1,0.6052631578947368,0.6166666666666667,0.6,0.6,1.0,0.0,0.8333333333333334,0.6206896551724138,1,1,0.6331443828992306,0.3668556171007694,True,0.6331443828992306,MEDIUM,2026,0.01140350877192986
2026-06-21,Romania,Switzerland,"Moara Vlasiei Cricket Ground, Ilfov County",Switzerland,field,T20,2026,Romania,1,0,0.6065573770491803,0.6111111111111112,0.4,0.6,0.0,1.0,0.6,0.6666666666666666,1,0,0.34985838969435595,0.6501416103056441,False,0.6501416103056441,MEDIUM,2026,0.004553734061930825
2026-06-22,Singapore,Uzbekistan,Singapore National Cricket Ground,Uzbekistan,field,T20,2026,Singapore,1,0,0.3529411764705882,0.5,0.2,0.5,0.5,0.5,0.1666666666666666,0.5,1,0,0.4024685209994728,0.5975314790005273,False,0.5975314790005273,LOW,2026,0.1470588235294118
2026-06-22,Belize,Bermuda,"White Hill Field, Sandys Parish",Bermuda,field,T20,2026,Bermuda,0,0,0.25,0.6888888888888889,0.4,0.6,0.0,1.0,0.5,1.0,0,0,0.24180729639056658,0.7581927036094334,True,0.7581927036094334,HIGH,2026,0.4388888888888889
2026-06-22,Namibia,Hong Kong,"Namibia Cricket Ground, Windhoek",Namibia,bat,T20,2026,Namibia,1,1,0.5824175824175825,0.4957264957264957,0.6,0.6,1.0,0.0,0.7777777777777778,0.6666666666666666,1,1,0.6304544052554998,0.3695455947445002,True,0.6304544052554998,MEDIUM,2026,0.08669108669108677
2026-06-22,Panama,Brazil,"White Hill Field, Sandys Parish",Brazil,field,T20,2026,Panama,1,0,0.3181818181818182,0.4,0.8,0.6,0.0,1.0,0.0,0.5,1,0,0.27277640614262877,0.7272235938573712,False,0.7272235938573712,HIGH,2026,0.08181818181818185
2026-06-23,Namibia,Nigeria,"Namibia Cricket Ground, Windhoek",Namibia,bat,T20,2026,Namibia,1,1,0.5869565217391305,0.5,0.8,0.4,0.75,0.25,0.8,0.0,1,1,0.6606201240455943,0.33937987595440566,True,0.6606201240455943,MEDIUM,2026,0.08695652173913049
2026-06-23,Singapore,Thailand,Singapore National Cricket Ground,Singapore,bat,T20,2026,Singapore,1,1,0.3623188405797101,0.3728813559322034,0.2,0.2,0.8,0.2,0.2307692307692307,0.5,1,1,0.5660435925313378,0.43395640746866215,True,0.5660435925313378,LOW,2026,0.010562515352493307
2026-06-23,Indonesia,Uzbekistan,Singapore National Cricket Ground,Uzbekistan,field,T20,2026,Indonesia,1,0,0.4571428571428571,0.0,0.0,0.0,0.5,0.5,0.5,0.0,1,1,0.6395422810133767,0.36045771898662327,True,0.6395422810133767,MEDIUM,2026,0.4571428571428571
2026-06-24,Bahamas,Panama,"White Hill Field, Sandys Parish",Panama,field,T20,2026,Panama,0,0,0.2857142857142857,0.3478260869565217,0.0,1.0,0.6666666666666666,0.3333333333333333,0.5,0.3333333333333333,0,0,0.37754601385282,0.6224539861471801,True,0.6224539861471801,MEDIUM,2026,0.062111801242235976
2026-06-24,Brazil,Belize,"White Hill Field, Sandys Parish",Brazil,bat,T20,2026,Belize,0,1,0.375,0.2307692307692307,0.6,0.4,0.0,1.0,0.0,0.0,0,0,0.3635156448955483,0.6364843551044517,True,0.6364843551044517,MEDIUM,2026,0.1442307692307693
2026-06-25,Panama,Bermuda,"White Hill Field, Sandys Parish",Panama,bat,T20,2026,Bermuda,0,1,0.375,0.6956521739130435,1.0,0.8,0.0,1.0,0.5,1.0,0,0,0.2502756338077936,0.7497243661922064,True,0.7497243661922064,HIGH,2026,0.32065217391304346
2026-06-25,Singapore,Indonesia,Singapore National Cricket Ground,Indonesia,field,T20,2026,Singapore,1,0,0.3714285714285714,0.4622641509433962,0.4,0.2,1.0,0.0,0.2857142857142857,1.0,1,1,0.5837586006542538,0.4162413993457462,True,0.5837586006542538,LOW,2026,0.0908355795148248
2026-06-25,Brazil,Bahamas,"White Hill Field, Sandys Parish",Bahamas,field,T20,2026,Bahamas,0,0,0.3529411764705882,0.2758620689655172,0.4,0.0,0.0,1.0,0.0,0.0,0,0,0.4246722166858891,0.5753277833141108,True,0.5753277833141108,LOW,2026,0.07707910750507102
2026-06-25,Uzbekistan,Thailand,Singapore National Cricket Ground,Thailand,field,T20,2026,Thailand,0,0,0.0,0.3666666666666666,0.0,0.2,0.5,0.5,0.0,0.0,0,0,0.4002270036545107,0.5997729963454893,True,0.5997729963454893,LOW,2026,0.3666666666666666
2026-06-26,Ireland,India,"Civil Service Cricket Club, Stormont, Belfast",India,field,T20,2026,Ireland,1,0,0.4652777777777778,0.7058823529411765,0.6,0.8,0.0,1.0,0.0,0.5,1,0,0.2417661498616777,0.7582338501383223,False,0.7582338501383223,HIGH,2026,0.24060457516339873
2026-06-26,Czech Republic,Luxembourg,"Scott Page Field, Vinor",Luxembourg,field,T20,2026,Luxembourg,0,0,0.4571428571428571,0.3414634146341463,0.4,0.2,0.75,0.25,0.3846153846153846,0.375,0,1,0.6052384973727907,0.3947615026272093,False,0.6052384973727907,MEDIUM,2026,0.11567944250871076
2026-06-26,Thailand,Singapore,Singapore National Cricket Ground,Thailand,bat,T20,2026,Singapore,0,1,0.3770491803278688,0.380281690140845,0.4,0.6,0.1666666666666666,0.8333333333333334,0.5,0.3333333333333333,0,0,0.37138995950946213,0.6286100404905379,True,0.6286100404905379,MEDIUM,2026,0.003232509812976181
2026-06-26,Indonesia,Uzbekistan,Singapore National Cricket Ground,Indonesia,bat,T20,2026,Indonesia,1,1,0.4579439252336448,0.0,0.2,0.0,1.0,0.0,0.5,0.0,1,1,0.7550105470991741,0.24498945290082585,True,0.7550105470991741,HIGH,2026,0.4579439252336448
2026-06-26,Serbia,Luxembourg,"Scott Page Field, Vinor",Luxembourg,field,T20,2026,Luxembourg,0,0,0.28125,0.325,0.2,0.2,0.5,0.5,0.5,0.2857142857142857,0,1,0.5118003033442957,0.4881996966557043,False,0.5118003033442957,LOW,2026,0.04375000000000001
2026-06-27,Hungary,Austria,"GB Oval, Szodliget",Hungary,bat,T20,2026,Austria,0,1,0.425,0.6712328767123288,0.0,0.4,0.2,0.8,0.7777777777777778,1.0,0,0,0.37646473305339173,0.6235352669466083,True,0.6235352669466083,MEDIUM,2026,0.2462328767123288
2026-06-27,Bahamas,Belize,"White Hill Field, Sandys Parish",Belize,field,T20,2026,Bahamas,1,0,0.3,0.2857142857142857,0.2,0.6,1.0,0.0,0.5,0.5,1,1,0.5486697035748463,0.45133029642515365,True,0.5486697035748463,LOW,2026,0.01428571428571429
2026-06-27,Serbia,Luxembourg,"Scott Page Field, Vinor",Serbia,bat,T20,2026,Luxembourg,0,1,0.2727272727272727,0.3571428571428571,0.0,0.4,0.0,1.0,0.0,0.4444444444444444,0,0,0.28757755407708774,0.7124224459229123,True,0.7124224459229123,HIGH,2026,0.08441558441558439
2026-06-27,Bermuda,Brazil,"White Hill Field, Sandys Parish",Bermuda,bat,T20,2026,Bermuda,1,1,0.7021276595744681,0.3333333333333333,0.8,0.4,1.0,0.0,1.0,0.0,1,1,0.7656197051830319,0.2343802948169681,True,0.7656197051830319,HIGH,2026,0.3687943262411348
2026-06-28,Czech Republic,Luxembourg,"Scott Page Field, Vinor",Luxembourg,field,T20,2026,Czech Republic,1,0,0.4444444444444444,0.3720930232558139,0.4,0.6,0.6,0.4,0.3571428571428571,0.5,1,0,0.46672597077344263,0.5332740292265574,False,0.5332740292265574,LOW,2026,0.07235142118863053
2026-06-28,Hungary,Austria,"GB Oval, Szodliget",Hungary,bat,T20,2026,Austria,0,1,0.4146341463414634,0.6756756756756757,0.0,0.4,0.1666666666666666,0.8333333333333334,0.7,1.0,0,0,0.35835841146941605,0.641641588530584,True,0.641641588530584,MEDIUM,2026,0.26104152933421226
2026-06-28,Austria,Hungary,"GB Oval, Szodliget",Austria,bat,T20,2026,Austria,1,1,0.68,0.4047619047619047,0.6,0.0,0.8571428571428571,0.1428571428571428,1.0,0.6363636363636364,1,1,0.755459786490849,0.244540213509151,True,0.755459786490849,HIGH,2026,0.27523809523809534
2026-06-28,Ireland,India,"Civil Service Cricket Club, Stormont, Belfast",India,field,T20,2026,Ireland,1,0,0.4689655172413793,0.703125,0.6,0.8,0.1111111111111111,0.8888888888888888,0.1666666666666666,0.0,1,0,0.3055826191363815,0.6944173808636185,False,0.6944173808636185,MEDIUM,2026,0.2341594827586207
2026-07-01,Portugal,Sweden,"Botkyrka Cricket Center, Stockholm",Sweden,field,T20,2026,Portugal,1,0,0.7297297297297297,0.5217391304347826,0.8,0.6,1.0,0.0,1.0,0.375,1,1,0.700783963998704,0.299216036001296,True,0.700783963998704,HIGH,2026,0.20799059929494712
2026-07-01,Sweden,Portugal,"Botkyrka Cricket Center, Stockholm",Sweden,bat,T20,2026,Portugal,0,1,0.5333333333333333,0.7222222222222222,0.8,0.8,0.5,0.5,0.4285714285714285,0.5,0,0,0.41232073709255995,0.5876792629074401,True,0.5876792629074401,LOW,2026,0.18888888888888888
2026-07-03,Portugal,Finland,Kerava National Cricket Ground,Finland,field,T20,2026,Portugal,1,0,0.7368421052631579,0.5135135135135135,0.8,0.8,0.5,0.5,0.5,0.4,1,0,0.49302668720163945,0.5069733127983606,False,0.5069733127983606,LOW,2026,0.22332859174964437
2026-07-04,India,England,"Old Trafford, Manchester",India,bat,T20,2026,England,0,1,0.7003891050583657,0.5619047619047619,0.6,0.8,0.6,0.4,0.5,1.0,0,0,0.46194112730399595,0.538058872696004,True,0.538058872696004,LOW,2026,0.1384843431536038
2026-07-04,Portugal,Finland,Kerava National Cricket Ground,Finland,field,T20,2026,Portugal,1,0,0.7435897435897436,0.5,1.0,0.6,1.0,0.0,1.0,0.3636363636363636,1,1,0.7111704949611857,0.2888295050388143,True,0.7111704949611857,HIGH,2026,0.2435897435897436
2026-07-07,England,India,"Trent Bridge, Nottingham",India,field,T20,2026,England,1,0,0.5639810426540285,0.6976744186046512,0.8,0.4,0.4193548387096774,0.5806451612903226,0.3333333333333333,0.0,1,1,0.5055190221127092,0.49448097788729084,True,0.5055190221127092,LOW,2026,0.1336933759506227
2026-07-08,Serbia,Romania,Koge Cricket Club,Romania,field,T20,2026,Romania,0,0,0.2647058823529412,0.6129032258064516,0.0,0.4,0.0,1.0,0.5,0.5,0,0,0.30100942261185376,0.6989905773881462,True,0.6989905773881462,MEDIUM,2026,0.34819734345351044
2026-07-08,Gibraltar,Belgium,Koge Cricket Club,Belgium,field,T20,2026,Belgium,0,0,0.2884615384615384,0.625,0.0,1.0,0.0,1.0,0.5,0.5,0,0,0.20921826053654766,0.7907817394634523,True,0.7907817394634523,HIGH,2026,0.3365384615384616
2026-07-08,Denmark,Estonia,"Svanholm Park, Brondby",Estonia,field,T20,2026,Denmark,1,0,0.4651162790697674,0.3793103448275862,0.8,0.2,0.5,0.5,0.6,0.5,1,1,0.5667314127095895,0.4332685872904105,True,0.5667314127095895,LOW,2026,0.08580593424218119
2026-07-09,India,England,"County Ground, Bristol",India,bat,T20,2026,England,0,1,0.694980694980695,0.5660377358490566,0.2,0.8,0.5625,0.4375,0.5,1.0,0,0,0.43860263089956686,0.5613973691004331,True,0.5613973691004331,LOW,2026,0.12894295913163845
2026-07-09,Denmark,Turkey,Koge Cricket Club,Turkey,field,T20,2026,Denmark,1,0,0.4772727272727273,0.1333333333333333,0.8,0.2,0.5,0.5,0.5,0.5,1,1,0.5830260008786562,0.4169739991213438,True,0.5830260008786562,LOW,2026,0.343939393939394
2026-07-09,Estonia,Norway,Koge Cricket Club,Norway,field,T20,2026,Norway,0,0,0.3666666666666666,0.4807692307692308,0.0,0.2,0.0,1.0,0.5,1.0,0,0,0.3417961807863182,0.6582038192136819,True,0.6582038192136819,MEDIUM,2026,0.1141025641025642
2026-07-10,Belgium,Serbia,"Svanholm Park, Brondby",Serbia,field,T20,2026,Belgium,1,0,0.6341463414634146,0.2571428571428571,1.0,0.0,1.0,0.0,0.5,0.5,1,1,0.7594553663878133,0.2405446336121867,True,0.7594553663878133,HIGH,2026,0.3770034843205575
2026-07-10,Hungary,Estonia,Koge Cricket Club,Hungary,bat,T20,2026,Hungary,1,1,0.3953488372093023,0.3548387096774194,0.0,0.0,0.5,0.5,0.5,0.0,1,1,0.596386770579535,0.40361322942046496,True,0.596386770579535,LOW,2026,0.040510127531882933
2026-07-10,Turkey,Norway,Koge Cricket Club,Norway,field,T20,2026,Norway,0,0,0.125,0.490566037735849,0.2,0.4,0.5,0.5,0.0,1.0,0,0,0.3225012900639418,0.6774987099360582,True,0.6774987099360582,MEDIUM,2026,0.365566037735849
2026-07-10,Gibraltar,Romania,"Svanholm Park, Brondby",Romania,field,T20,2026,Romania,0,0,0.2830188679245283,0.6190476190476191,0.0,0.6,0.5,0.5,0.5,0.5,0,0,0.38102063206711834,0.6189793679328817,True,0.6189793679328817,MEDIUM,2026,0.3360287511230908
2026-07-11,England,India,"The Rose Bowl, Southampton",India,field,T20,2026,England,1,0,0.568075117370892,0.6923076923076923,0.8,0.0,0.4545454545454545,0.5454545454545454,0.4,1.0,1,1,0.5391183449708812,0.4608816550291188,True,0.5391183449708812,LOW,2026,0.12423257493680029
2026-07-12,Serbia,Gibraltar,Koge Cricket Club,Gibraltar,field,T20,2026,Gibraltar,0,0,0.25,0.2777777777777778,0.0,0.0,0.0,1.0,0.0,0.0,0,0,0.3875252874579438,0.6124747125420562,True,0.6124747125420562,MEDIUM,2026,0.02777777777777779
2026-07-12,Hungary,Turkey,"Svanholm Park, Brondby",Hungary,bat,T20,2026,Hungary,1,1,0.4090909090909091,0.1176470588235294,0.2,0.2,0.5,0.5,0.5,0.5,1,1,0.55368450194131,0.44631549805869,True,0.55368450194131,LOW,2026,0.29144385026737973
2026-07-12,Belgium,Romania,Koge Cricket Club,Romania,field,T20,2026,Romania,0,0,0.6428571428571429,0.625,1.0,0.8,1.0,0.0,1.0,1.0,0,1,0.6007247615159471,0.3992752384840529,False,0.6007247615159471,MEDIUM,2026,0.017857142857142905
2026-07-12,Denmark,Norway,"Svanholm Park, Brondby",Norway,field,T20,2026,Denmark,1,0,0.4888888888888889,0.5,1.0,0.6,0.6666666666666666,0.3333333333333333,0.625,0.0,1,1,0.5619439344719768,0.43805606552802323,True,0.5619439344719768,LOW,2026,0.011111111111111127
2026-07-13,Turkey,Estonia,"Svanholm Park, Brondby",Turkey,bat,T20,2026,Estonia,0,1,0.1111111111111111,0.34375,0.2,0.0,0.5,0.5,0.0,0.0,0,0,0.4818217815417338,0.5181782184582662,True,0.5181782184582662,LOW,2026,0.2326388888888889
2026-07-13,Denmark,Hungary,"Svanholm Park, Brondby",Denmark,bat,T20,2026,Denmark,1,1,0.5,0.4222222222222222,1.0,0.4,0.5,0.5,0.6470588235294118,1.0,1,1,0.5107199296615363,0.48928007033846366,True,0.5107199296615363,LOW,2026,0.07777777777777778
2026-07-14,Denmark,Romania,"Svanholm Park, Brondby",Romania,field,T20,2026,Denmark,1,0,0.5106382978723404,0.6307692307692307,1.0,0.8,0.5,0.5,0.6666666666666666,1.0,1,0,0.4076780820337562,0.5923219179662438,False,0.5923219179662438,LOW,2026,0.12013093289689036
2026-07-14,Hungary,Belgium,"Svanholm Park, Brondby",Hungary,bat,T20,2026,Belgium,0,1,0.4130434782608695,0.627906976744186,0.4,0.8,0.0,1.0,0.5,1.0,0,0,0.24864729860617302,0.751352701393827,True,0.751352701393827,HIGH,2026,0.21486349848331654
2026-07-14,Norway,Gibraltar,Koge Cricket Club,Norway,bat,T20,2026,Norway,1,1,0.4909090909090909,0.2909090909090909,0.4,0.2,1.0,0.0,1.0,0.5,1,1,0.7250596676727745,0.2749403323272255,True,0.7250596676727745,HIGH,2026,0.2
2026-07-14,Serbia,Estonia,Koge Cricket Club,Serbia,bat,T20,2026,Estonia,0,1,0.2432432432432432,0.3636363636363636,0.0,0.2,0.5,0.5,0.0,0.0,0,0,0.4651097340587575,0.5348902659412424,True,0.5348902659412424,LOW,2026,0.12039312039312039
2026-07-15,Zimbabwe,Bangladesh,"Queens Sports Club, Bulawayo",Bangladesh,field,T20,2026,Zimbabwe,1,0,0.4191616766467065,0.390625,0.4,0.2,0.3333333333333333,0.6666666666666666,0.625,0.5,1,1,0.5021959308221192,0.4978040691778808,True,0.5021959308221192,LOW,2026,0.028536676646706505
2026-07-17,Bangladesh,Zimbabwe,"Queens Sports Club, Bulawayo",Zimbabwe,field,T20,2026,Bangladesh,1,0,0.38860103626943,0.4226190476190476,0.0,0.4,0.64,0.36,0.0,0.6470588235294118,1,0,0.44168148133384344,0.5583185186661566,False,0.5583185186661566,LOW,2026,0.03401801134961763
2026-07-19,Zimbabwe,Bangladesh,"Queens Sports Club, Bulawayo",Zimbabwe,bat,T20,2026,Bangladesh,0,1,0.4201183431952662,0.3917525773195876,0.2,0.2,0.3461538461538461,0.6538461538461539,0.6111111111111112,0.5,0,1,0.5022867186843404,0.4977132813156596,False,0.5022867186843404,LOW,2026,0.028365765875678572
2026-07-23,Zimbabwe,India,Harare Sports Club,India,field,T20,2026,India,0,0,0.4176470588235294,0.6896551724137931,0.2,0.0,0.2142857142857142,0.7857142857142857,0.320754716981132,0.75,0,0,0.4310810882137711,0.5689189117862289,True,0.5689189117862289,LOW,2026,0.2720081135902637
2026-07-25,France,Romania,"Moara Vlasiei Cricket Ground, Ilfov County",France,bat,T20,2026,Romania,0,1,0.4772727272727273,0.6212121212121212,0.6,0.8,1.0,0.0,0.0,0.6129032258064516,0,0,0.4769939541861002,0.5230060458138999,True,0.5230060458138999,LOW,2026,0.14393939393939392
2026-07-25,Austria,Turkey,"Moara Vlasiei Cricket Ground, Ilfov County",Turkey,field,T20,2026,Austria,1,0,0.6842105263157895,0.1052631578947368,0.8,0.2,0.5,0.5,0.8333333333333334,0.5,1,1,0.666349384152392,0.333650615847608,True,0.666349384152392,MEDIUM,2026,0.5789473684210527
2026-07-25,India,Zimbabwe,Harare Sports Club,Zimbabwe,field,T20,2026,India,1,0,0.6908396946564885,0.4152046783625731,0.2,0.2,0.8,0.2,0.7692307692307693,0.3148148148148148,1,1,0.6974980812996999,0.3025019187003001,True,0.6974980812996999,MEDIUM,2026,0.27563501629391546
2026-07-26,Turkey,Romania,"Moara Vlasiei Cricket Ground, Ilfov County",Turkey,bat,T20,2026,Romania,0,1,0.1,0.6268656716417911,0.0,0.8,0.0,1.0,0.0,0.625,0,0,0.17172139300478706,0.8282786069952129,True,0.8282786069952129,HIGH,2026,0.5268656716417911
2026-07-26,India,Zimbabwe,Harare Sports Club,India,bat,T20,2026,India,1,1,0.6920152091254753,0.4127906976744186,0.4,0.2,0.8125,0.1875,0.7857142857142857,0.3090909090909091,1,1,0.7109393112168495,0.2890606887831505,True,0.7109393112168495,HIGH,2026,0.2792245114510567
2026-07-26,Romania,Austria,"Moara Vlasiei Cricket Ground, Ilfov County",Austria,field,T20,2026,Austria,0,0,0.6323529411764706,0.6883116883116883,0.8,1.0,0.3333333333333333,0.6666666666666666,0.6363636363636364,0.8571428571428571,0,0,0.35224904923132855,0.6477509507686714,True,0.6477509507686714,MEDIUM,2026,0.05595874713521776
2026-07-27,France,Turkey,"Moara Vlasiei Cricket Ground, Ilfov County",France,bat,T20,2026,France,1,1,0.4666666666666667,0.0952380952380952,0.4,0.0,1.0,0.0,0.0,0.0,1,1,0.7146966801526672,0.2853033198473328,True,0.7146966801526672,HIGH,2026,0.37142857142857144
2026-07-27,Israel,Romania,"Moara Vlasiei Cricket Ground, Ilfov County",Romania,field,T20,2026,Romania,0,0,0.375,0.6231884057971014,0.4,0.6,0.0,1.0,0.5,0.6176470588235294,0,0,0.29182485397207525,0.7081751460279248,True,0.7081751460279248,HIGH,2026,0.24818840579710144
2026-07-28,Israel,Austria,"Moara Vlasiei Cricket Ground, Ilfov County",Israel,bat,T20,2026,Austria,0,1,0.3,0.6835443037974683,0.4,0.8,0.0,1.0,0.0,0.7777777777777778,0,0,0.20017504424406454,0.7998249557559355,True,0.7998249557559355,HIGH,2026,0.38354430379746834
2026-07-28,Turkey,Israel,"Moara Vlasiei Cricket Ground, Ilfov County",Israel,field,T20,2026,Turkey,1,0,0.0909090909090909,0.3333333333333333,0.0,0.4,0.5,0.5,0.0,0.0,1,0,0.3850185966316538,0.6149814033683463,False,0.6149814033683463,MEDIUM,2026,0.24242424242424243
2026-07-28,France,Austria,"Moara Vlasiei Cricket Ground, Ilfov County",France,bat,T20,2026,France,1,1,0.4782608695652174,0.6923076923076923,0.4,1.0,0.0,1.0,0.2,0.875,1,0,0.2105423147573149,0.7894576852426851,False,0.7894576852426851,HIGH,2026,0.21404682274247488
2026-07-29,Turkey,France,"Moara Vlasiei Cricket Ground, Ilfov County",Turkey,bat,T20,2026,France,0,1,0.1304347826086956,0.4893617021276595,0.2,0.6,0.0,1.0,0.25,0.3333333333333333,0,0,0.24697027984903142,0.7530297201509686,True,0.7530297201509686,HIGH,2026,0.35892691951896394
2026-07-29,Israel,France,"Moara Vlasiei Cricket Ground, Ilfov County",Israel,bat,T20,2026,France,0,1,0.2727272727272727,0.5,0.2,0.6,0.5,0.5,0.0,0.4285714285714285,0,0,0.3560577831512349,0.6439422168487652,True,0.6439422168487652,MEDIUM,2026,0.2272727272727273
2026-07-30,Austria,Romania,"Moara Vlasiei Cricket Ground, Ilfov County",Romania,field,T20,2026,Romania,0,0,0.6875,0.6285714285714286,0.8,0.6,0.7142857142857143,0.2857142857142857,0.8,0.6285714285714286,0,1,0.5805390155322636,0.4194609844677364,False,0.5805390155322636,LOW,2026,0.05892857142857144
2026-07-30,France,Romania,"Moara Vlasiei Cricket Ground, Ilfov County",France,bat,T20,2026,France,1,1,0.5102040816326531,0.6338028169014085,0.8,0.8,0.5,0.5,0.5,0.6388888888888888,1,0,0.4128099152888995,0.5871900847111005,False,0.5871900847111005,LOW,2026,0.12359873526875542
2026-07-31,Bahrain,Kenya,"Gymkhana Club Ground, Nairobi",Bahrain,bat,T20,2026,Bahrain,1,1,0.6203703703703703,0.5510204081632653,0.6,0.8,0.5,0.5,0.5,0.5,1,0,0.45132541007288723,0.5486745899271128,False,0.5486745899271128,LOW,2026,0.0693499622071051
2026-08-01,Bahrain,Kenya,"Gymkhana Club Ground, Nairobi",Kenya,field,T20,2026,Kenya,0,0,0.6238532110091743,0.5454545454545454,0.6,0.8,1.0,0.0,1.0,0.4705882352941176,0,1,0.6260092773761049,0.3739907226238951,False,0.6260092773761049,MEDIUM,2026,0.07839866555462893
2026-08-06,Mexico,Panama,"Los Pinos Polo Club 1, Cundinamarca",Panama,field,T20,2026,Panama,0,0,0.4285714285714285,0.36,0.6,0.8,0.0,1.0,0.5,0.5,0,0,0.3009464346003474,0.6990535653996526,True,0.6990535653996526,MEDIUM,2026,0.0685714285714285
2026-08-07,Panama,Brazil,"Los Pinos Polo Club 1, Cundinamarca",Brazil,field,T20,2026,Brazil,0,0,0.3846153846153846,0.3157894736842105,0.8,0.2,0.5,0.5,1.0,0.5,0,1,0.5925300408287707,0.4074699591712293,False,0.5925300408287707,LOW,2026,0.06882591093117407
2026-08-08,Peru,Panama,"Los Pinos Polo Club 2, Cundinamarca",Panama,field,T20,2026,Panama,0,0,0.5,0.3703703703703703,0.5,0.6,0.5,0.5,0.5,0.5,0,0,0.47306921225071946,0.5269307877492806,True,0.5269307877492806,LOW,2026,0.1296296296296297
2026-08-08,Brazil,Mexico,"Los Pinos Polo Club 1, Cundinamarca",Mexico,field,T20,2026,Brazil,1,0,0.35,0.4137931034482758,0.2,0.6,0.5,0.5,1.0,0.0,1,1,0.5066009959996782,0.4933990040003218,True,0.5066009959996782,LOW,2026,0.06379310344827582
2026-08-08,Mexico,Peru,"Los Pinos Polo Club 1, Cundinamarca",Mexico,bat,T20,2026,Mexico,1,1,0.4,0.0,0.4,0.0,0.5,0.5,0.0,0.5,1,1,0.5600714009296206,0.4399285990703794,True,0.5600714009296206,LOW,2026,0.4
2026-08-09,Brazil,Panama,"Los Pinos Polo Club 1, Cundinamarca",Panama,field,T20,2026,Brazil,1,0,0.3809523809523809,0.3928571428571428,0.4,0.6,0.6666666666666666,0.3333333333333333,1.0,0.5,1,1,0.5310148699770136,0.46898513002298636,True,0.5310148699770136,LOW,2026,0.011904761904761918
2026-08-11,Malawi,Zambia,"TCA Oval, Blantyre",Zambia,field,T20,2026,Malawi,1,0,0.4,0.4,0.6,0.6,0.5,0.5,0.125,0.5,1,0,0.41066043074952596,0.589339569250474,False,0.589339569250474,LOW,2026,0.0
2026-08-11,Zambia,Rwanda,"TCA Oval, Blantyre",Rwanda,field,T20,2026,Rwanda,0,0,0.3636363636363636,0.3636363636363636,0.4,1.0,0.3333333333333333,0.6666666666666666,0.0,1.0,0,0,0.24912359125839872,0.7508764087416013,True,0.7508764087416013,HIGH,2026,0.0
2026-08-11,Germany,Finland,Kerava National Cricket Ground,Germany,bat,T20,2026,Germany,1,1,0.578125,0.4871794871794871,0.4,0.4,0.5,0.5,0.5,0.3333333333333333,1,1,0.5362172657941525,0.4637827342058475,True,0.5362172657941525,LOW,2026,0.09094551282051289
2026-08-12,Zambia,Rwanda,"TCA Oval, Blantyre",Zambia,bat,T20,2026,Zambia,1,1,0.3333333333333333,0.37,0.2,1.0,0.25,0.75,0.0,1.0,1,0,0.2263464580455799,0.7736535419544202,False,0.7736535419544202,HIGH,2026,0.03666666666666668
2026-08-12,Malawi,Rwanda,"TCA Oval, Blantyre",Rwanda,field,T20,2026,Rwanda,0,0,0.4146341463414634,0.3663366336633663,0.6,0.8,0.4444444444444444,0.5555555555555556,0.2222222222222222,0.8,0,0,0.35412351064182074,0.6458764893581792,True,0.6458764893581792,MEDIUM,2026,0.04829751267809712
2026-08-14,Portugal,Israel,Tikkurila Cricket Ground,Israel,field,T20,2026,Portugal,1,0,0.75,0.25,1.0,0.2,0.0,1.0,0.5,0.5,1,1,0.520291726668345,0.479708273331655,True,0.520291726668345,LOW,2026,0.5
2026-08-14,Malawi,Rwanda,"TCA Oval, Blantyre",Rwanda,field,T20,2026,Malawi,1,0,0.4047619047619047,0.3725490196078431,0.6,0.8,0.4,0.6,0.2,0.8333333333333334,1,0,0.3369685245522169,0.6630314754477831,False,0.6630314754477831,MEDIUM,2026,0.03221288515406162
2026-08-14,Finland,Spain,Kerava National Cricket Ground,Spain,field,T20,2026,Spain,0,0,0.475,0.8292682926829268,0.2,1.0,0.0,1.0,0.3076923076923077,0.5,0,0,0.21868832410816982,0.7813116758918301,True,0.7813116758918301,HIGH,2026,0.3542682926829268
2026-08-14,Luxembourg,Isle of Man,Kerava National Cricket Ground,Isle of Man,field,T20,2026,Isle of Man,0,0,0.3636363636363636,0.4761904761904761,0.6,0.2,0.0,1.0,0.5,0.75,0,0,0.37400589039033055,0.6259941096096695,True,0.6259941096096695,MEDIUM,2026,0.11255411255411252
2026-08-14,Germany,Czech Republic,Tikkurila Cricket Ground,Germany,bat,T20,2026,Germany,1,1,0.5846153846153846,0.4594594594594595,0.4,0.4,0.5,0.5,0.5,1.0,1,0,0.4952272425667212,0.5047727574332788,False,0.5047727574332788,LOW,2026,0.12515592515592516
2026-08-15,Finland,Bulgaria,Tikkurila Cricket Ground,Bulgaria,field,T20,2026,Finland,1,0,0.4634146341463415,0.32,0.0,0.0,1.0,0.0,1.0,0.3333333333333333,1,1,0.7462906504860607,0.2537093495139393,True,0.7462906504860607,HIGH,2026,0.14341463414634148
2026-08-15,Germany,Portugal,Kerava National Cricket Ground,Portugal,field,T20,2026,Portugal,0,0,0.5909090909090909,0.7560975609756098,0.4,1.0,0.5,0.5,1.0,1.0,0,0,0.3900430613321654,0.6099569386678346,True,0.6099569386678346,MEDIUM,2026,0.16518847006651882
2026-08-15,Zambia,Malawi,"TCA Oval, Blantyre",Zambia,bat,T20,2026,Zambia,1,1,0.4285714285714285,0.4186046511627907,0.6,0.8,0.0,1.0,0.5,0.2727272727272727,1,0,0.3128837906580272,0.6871162093419728,False,0.6871162093419728,MEDIUM,2026,0.009966777408637773
2026-08-15,Isle of Man,Spain,Tikkurila Cricket Ground,Spain,field,T20,2026,Spain,0,0,0.5,0.8333333333333334,0.4,1.0,0.0,1.0,1.0,0.5,0,0,0.28029913072139384,0.7197008692786062,True,0.7197008692786062,HIGH,2026,0.33333333333333337
2026-08-15,Greece,Czech Republic,Kerava National Cricket Ground,Greece,bat,T20,2026,Czech Republic,0,1,0.1111111111111111,0.4473684210526316,0.0,0.4,0.0,1.0,0.0,0.5,0,0,0.24581246118020134,0.7541875388197987,True,0.7541875388197987,HIGH,2026,0.3362573099415205
2026-08-15,Rwanda,Zambia,"TCA Oval, Blantyre",Zambia,field,T20,2026,Zambia,0,0,0.3689320388349514,0.3846153846153846,0.6,0.4,0.6,0.4,0.7142857142857143,0.3333333333333333,0,1,0.5422815600733818,0.4577184399266182,False,0.5422815600733818,LOW,2026,0.015683345780433178
2026-08-16,Malawi,Rwanda,"TCA Oval, Blantyre",Malawi,bat,T20,2026,Rwanda,0,1,0.4090909090909091,0.3653846153846153,0.6,0.4,0.4545454545454545,0.5454545454545454,0.25,0.625,0,0,0.45454086296634044,0.5454591370336596,True,0.5454591370336596,LOW,2026,0.04370629370629381
2026-08-17,Israel,Germany,Kerava National Cricket Ground,Israel,bat,T20,2026,Germany,0,1,0.2307692307692307,0.582089552238806,0.0,0.4,0.5,0.5,0.5,0.5,0,0,0.4162569352388667,0.5837430647611332,True,0.5837430647611332,LOW,2026,0.35132032146957526
2026-08-17,Isle of Man,Bulgaria,Tikkurila Cricket Ground,Bulgaria,field,T20,2026,Isle of Man,1,0,0.4782608695652174,0.3137254901960784,0.2,0.0,0.5,0.5,0.5,0.25,1,1,0.6058553099037962,0.3941446900962038,True,0.6058553099037962,MEDIUM,2026,0.16453537936913898
2026-08-17,Greece,Portugal,Kerava National Cricket Ground,Portugal,field,T20,2026,Portugal,0,0,0.1,0.7619047619047619,0.0,1.0,0.5,0.5,0.0,1.0,0,0,0.19724482935496138,0.8027551706450387,True,0.8027551706450387,HIGH,2026,0.6619047619047619
2026-08-17,Spain,Luxembourg,Tikkurila Cricket Ground,Luxembourg,field,T20,2026,Spain,1,0,0.8372093023255814,0.3555555555555555,1.0,0.6,0.5,0.5,1.0,0.6666666666666666,1,1,0.612874545329638,0.38712545467036197,True,0.612874545329638,MEDIUM,2026,0.4816537467700259
2026-08-18,Finland,Luxembourg,Tikkurila Cricket Ground,Finland,bat,T20,2026,Finland,1,1,0.4761904761904761,0.3478260869565217,0.2,0.4,0.5,0.5,1.0,0.5,1,1,0.5571223420042577,0.4428776579957423,True,0.5571223420042577,LOW,2026,0.12836438923395443
2026-08-18,Greece,Germany,Kerava National Cricket Ground,Germany,field,T20,2026,Germany,0,0,0.0909090909090909,0.5882352941176471,0.0,0.6,0.5,0.5,0.0,0.6666666666666666,0,0,0.2855255303568011,0.7144744696431988,True,0.7144744696431988,HIGH,2026,0.4973262032085562
2026-08-18,Bulgaria,Spain,Tikkurila Cricket Ground,Bulgaria,bat,T20,2026,Spain,0,1,0.3076923076923077,0.8409090909090909,0.0,1.0,0.5,0.5,0.2,1.0,0,0,0.24505748033269553,0.7549425196673045,True,0.7549425196673045,HIGH,2026,0.5332167832167832
2026-08-18,Czech Republic,Israel,Kerava National Cricket Ground,Czech Republic,bat,T20,2026,Israel,0,1,0.4615384615384615,0.2142857142857142,0.4,0.0,0.5,0.5,0.6666666666666666,0.0,0,1,0.6522119488075986,0.3477880511924014,False,0.6522119488075986,MEDIUM,2026,0.24725274725274732
2026-08-20,Bulgaria,Luxembourg,Kerava National Cricket Ground,Luxembourg,field,T20,2026,Bulgaria,1,0,0.3018867924528302,0.3404255319148936,0.0,0.2,0.0,1.0,0.0,0.3333333333333333,1,0,0.3342684758496855,0.6657315241503146,False,0.6657315241503146,MEDIUM,2026,0.03853873946206343
2026-08-20,Israel,Greece,Tikkurila Cricket Ground,Greece,field,T20,2026,Israel,1,0,0.2666666666666666,0.0833333333333333,0.2,0.0,0.5,0.5,0.0,0.0,1,1,0.5420935876185052,0.45790641238149477,True,0.5420935876185052,LOW,2026,0.1833333333333333
2026-08-20,Portugal,Czech Republic,Tikkurila Cricket Ground,Portugal,bat,T20,2026,Portugal,1,1,0.7674418604651163,0.45,1.0,0.4,0.5,0.5,1.0,0.6666666666666666,1,1,0.631325139089517,0.36867486091048296,True,0.631325139089517,MEDIUM,2026,0.3174418604651163
2026-08-21,Israel,Isle of Man,Tikkurila Cricket Ground,Isle of Man,field,T20,2026,Isle of Man,0,0,0.3125,0.5,0.4,0.4,0.5,0.5,0.5,0.6666666666666666,0,0,0.441063867774098,0.558936132225902,True,0.558936132225902,LOW,2026,0.1875
2026-08-21,Bulgaria,Czech Republic,Tikkurila Cricket Ground,Czech Republic,field,T20,2026,Czech Republic,0,0,0.3148148148148148,0.4390243902439024,0.2,0.4,0.0,1.0,0.1666666666666666,0.5,0,0,0.3024227922880093,0.6975772077119907,True,0.6975772077119907,MEDIUM,2026,0.12420957542908756
2026-08-21,Germany,Finland,Kerava National Cricket Ground,Germany,bat,T20,2026,Germany,1,1,0.5942028985507246,0.4883720930232558,0.8,0.4,1.0,0.0,0.75,0.2857142857142857,1,1,0.6973492351530364,0.3026507648469636,True,0.6973492351530364,MEDIUM,2026,0.10583080552746882
2026-08-21,Portugal,Spain,Kerava National Cricket Ground,Spain,field,T20,2026,Portugal,1,0,0.7727272727272727,0.8444444444444444,1.0,1.0,0.0,1.0,1.0,1.0,1,0,0.3244519116392856,0.6755480883607143,False,0.6755480883607143,MEDIUM,2026,0.07171717171717173
2026-08-28,Namibia,South Africa,"Namibia Cricket Ground, Windhoek",South Africa,field,T20,2026,Namibia,1,0,0.5913978494623656,0.5495495495495496,1.0,0.6,1.0,0.0,0.8181818181818182,0.0,1,1,0.679726692285163,0.320273307714837,True,0.679726692285163,MEDIUM,2026,0.04184829991281602
2026-08-29,Zimbabwe,South Africa,"Namibia Cricket Ground, Windhoek",Zimbabwe,bat,T20,2026,South Africa,0,1,0.4104046242774566,0.547085201793722,0.0,0.4,0.0,1.0,0.5,0.0,0,0,0.3737250784475893,0.6262749215524107,True,0.6262749215524107,MEDIUM,2026,0.1366805775162654
2026-08-31,Zimbabwe,Namibia,"Namibia Cricket Ground, Windhoek",Namibia,field,T20,2026,Zimbabwe,1,0,0.4080459770114942,0.5957446808510638,0.0,1.0,0.5294117647058824,0.4705882352941176,0.0,0.8333333333333334,1,0,0.27855935269370263,0.7214406473062973,False,0.7214406473062973,HIGH,2026,0.1876987038395696
2026-09-01,South Africa,Zimbabwe,"Namibia Cricket Ground, Windhoek",South Africa,bat,T20,2026,South Africa,1,1,0.5491071428571429,0.4114285714285714,0.6,0.2,1.0,0.0,0.3333333333333333,0.5,1,1,0.6758963108823433,0.32410368911765675,True,0.6758963108823433,MEDIUM,2026,0.13767857142857148
2026-09-03,Namibia,Zimbabwe,"Namibia Cricket Ground, Windhoek",Zimbabwe,field,T20,2026,Zimbabwe,0,0,0.5894736842105263,0.4090909090909091,0.8,0.2,0.4444444444444444,0.5555555555555556,0.7692307692307693,0.3333333333333333,0,1,0.6084470402789056,0.3915529597210944,False,0.6084470402789056,MEDIUM,2026,0.18038277511961714
2026-09-04,South Africa,Namibia,"Namibia Cricket Ground, Windhoek",Namibia,field,T20,2026,South Africa,1,0,0.5511111111111111,0.5833333333333334,0.8,0.6,0.0,1.0,0.5,0.7142857142857143,1,0,0.3385236806890289,0.6614763193109712,False,0.6614763193109712,MEDIUM,2026,0.03222222222222226
2026-09-06,South Africa,Zimbabwe,"Namibia Cricket Ground, Windhoek",South Africa,bat,T20,2026,South Africa,1,1,0.5530973451327433,0.4124293785310734,0.8,0.4,1.0,0.0,0.6,0.5,1,1,0.6688356694079535,0.33116433059204653,True,0.6688356694079535,MEDIUM,2026,0.1406679666016699
2026-09-08,Rwanda,Botswana,"Gahanga B Ground, Rwanda",Botswana,field,T20,2026,Rwanda,1,0,0.3714285714285714,0.4107142857142857,0.4,0.6,0.8571428571428571,0.1428571428571428,0.5,0.5,1,1,0.5245288908140956,0.4754711091859044,True,0.5245288908140956,LOW,2026,0.03928571428571431
2026-09-08,Kenya,Sierra Leone,"Gahanga B Ground, Rwanda",Kenya,bat,T20,2026,Kenya,1,1,0.55,0.3333333333333333,0.8,0.4,1.0,0.0,0.5,0.5,1,1,0.6658818370090517,0.3341181629909483,True,0.6658818370090517,MEDIUM,2026,0.21666666666666673
2026-09-09,Rwanda,Kenya,"Gahanga B Ground, Rwanda",Rwanda,bat,T20,2026,Kenya,0,1,0.3773584905660377,0.5544554455445545,0.6,0.8,0.1111111111111111,0.8888888888888888,1.0,1.0,0,0,0.31602588613371835,0.6839741138662816,True,0.6839741138662816,MEDIUM,2026,0.1770969549785168
2026-09-09,Uganda,Sierra Leone,"Gahanga B Ground, Rwanda",Uganda,bat,T20,2026,Uganda,1,1,0.7941176470588235,0.3260869565217391,0.6,0.4,0.5,0.5,0.5,0.0,1,1,0.6322017652768601,0.3677982347231399,True,0.6322017652768601,MEDIUM,2026,0.4680306905370844
